[2025-11-15T21:26:04.781+0000] {processor.py:161} INFO - Started process (PID=168) to work on /opt/airflow/dags/pipeline_label_studio.py
[2025-11-15T21:26:04.796+0000] {processor.py:830} INFO - Processing file /opt/airflow/dags/pipeline_label_studio.py for tasks to queue
[2025-11-15T21:26:04.804+0000] {logging_mixin.py:188} INFO - [2025-11-15T21:26:04.803+0000] {dagbag.py:545} INFO - Filling up the DagBag from /opt/airflow/dags/pipeline_label_studio.py
[2025-11-15T21:26:04.889+0000] {processor.py:840} INFO - DAG(s) 'etl_label_studio' retrieved from /opt/airflow/dags/pipeline_label_studio.py
[2025-11-15T21:26:05.020+0000] {logging_mixin.py:188} INFO - [2025-11-15T21:26:05.020+0000] {dag.py:3089} INFO - Sync 1 DAGs
[2025-11-15T21:26:05.124+0000] {logging_mixin.py:188} INFO - [2025-11-15T21:26:05.124+0000] {dag.py:3947} INFO - Setting next_dagrun for etl_label_studio to 2025-11-14 03:00:00+00:00, run_after=2025-11-15 03:00:00+00:00
[2025-11-15T21:26:05.162+0000] {processor.py:183} INFO - Processing /opt/airflow/dags/pipeline_label_studio.py took 0.399 seconds
[2025-11-15T21:26:05.273+0000] {processor.py:161} INFO - Started process (PID=165) to work on /opt/airflow/dags/pipeline_label_studio.py
[2025-11-15T21:26:05.275+0000] {processor.py:830} INFO - Processing file /opt/airflow/dags/pipeline_label_studio.py for tasks to queue
[2025-11-15T21:26:05.279+0000] {logging_mixin.py:188} INFO - [2025-11-15T21:26:05.278+0000] {dagbag.py:545} INFO - Filling up the DagBag from /opt/airflow/dags/pipeline_label_studio.py
[2025-11-15T21:26:05.303+0000] {processor.py:840} INFO - DAG(s) 'etl_label_studio' retrieved from /opt/airflow/dags/pipeline_label_studio.py
[2025-11-15T21:26:05.369+0000] {logging_mixin.py:188} INFO - [2025-11-15T21:26:05.368+0000] {dag.py:3089} INFO - Sync 1 DAGs
[2025-11-15T21:26:05.412+0000] {logging_mixin.py:188} INFO - [2025-11-15T21:26:05.412+0000] {dag.py:3947} INFO - Setting next_dagrun for etl_label_studio to 2025-11-14 03:00:00+00:00, run_after=2025-11-15 03:00:00+00:00
[2025-11-15T21:26:05.444+0000] {processor.py:183} INFO - Processing /opt/airflow/dags/pipeline_label_studio.py took 0.188 seconds
[2025-11-15T21:26:35.449+0000] {processor.py:161} INFO - Started process (PID=216) to work on /opt/airflow/dags/pipeline_label_studio.py
[2025-11-15T21:26:35.453+0000] {processor.py:830} INFO - Processing file /opt/airflow/dags/pipeline_label_studio.py for tasks to queue
[2025-11-15T21:26:35.456+0000] {logging_mixin.py:188} INFO - [2025-11-15T21:26:35.455+0000] {dagbag.py:545} INFO - Filling up the DagBag from /opt/airflow/dags/pipeline_label_studio.py
[2025-11-15T21:26:35.471+0000] {processor.py:840} INFO - DAG(s) 'etl_label_studio' retrieved from /opt/airflow/dags/pipeline_label_studio.py
[2025-11-15T21:26:35.570+0000] {processor.py:161} INFO - Started process (PID=176) to work on /opt/airflow/dags/pipeline_label_studio.py
[2025-11-15T21:26:35.571+0000] {processor.py:830} INFO - Processing file /opt/airflow/dags/pipeline_label_studio.py for tasks to queue
[2025-11-15T21:26:35.574+0000] {logging_mixin.py:188} INFO - [2025-11-15T21:26:35.574+0000] {dagbag.py:545} INFO - Filling up the DagBag from /opt/airflow/dags/pipeline_label_studio.py
[2025-11-15T21:26:35.578+0000] {logging_mixin.py:188} INFO - [2025-11-15T21:26:35.577+0000] {dag.py:3089} INFO - Sync 1 DAGs
[2025-11-15T21:26:35.590+0000] {processor.py:840} INFO - DAG(s) 'etl_label_studio' retrieved from /opt/airflow/dags/pipeline_label_studio.py
[2025-11-15T21:26:35.603+0000] {logging_mixin.py:188} INFO - [2025-11-15T21:26:35.602+0000] {dag.py:3947} INFO - Setting next_dagrun for etl_label_studio to 2025-11-14 03:00:00+00:00, run_after=2025-11-15 03:00:00+00:00
[2025-11-15T21:26:35.621+0000] {processor.py:183} INFO - Processing /opt/airflow/dags/pipeline_label_studio.py took 0.180 seconds
[2025-11-15T21:26:35.629+0000] {logging_mixin.py:188} INFO - [2025-11-15T21:26:35.628+0000] {dag.py:3089} INFO - Sync 1 DAGs
[2025-11-15T21:26:35.654+0000] {logging_mixin.py:188} INFO - [2025-11-15T21:26:35.654+0000] {dag.py:3947} INFO - Setting next_dagrun for etl_label_studio to 2025-11-14 03:00:00+00:00, run_after=2025-11-15 03:00:00+00:00
[2025-11-15T21:26:35.675+0000] {processor.py:183} INFO - Processing /opt/airflow/dags/pipeline_label_studio.py took 0.112 seconds
[2025-11-15T21:27:05.942+0000] {processor.py:161} INFO - Started process (PID=226) to work on /opt/airflow/dags/pipeline_label_studio.py
[2025-11-15T21:27:05.943+0000] {processor.py:830} INFO - Processing file /opt/airflow/dags/pipeline_label_studio.py for tasks to queue
[2025-11-15T21:27:05.947+0000] {logging_mixin.py:188} INFO - [2025-11-15T21:27:05.947+0000] {dagbag.py:545} INFO - Filling up the DagBag from /opt/airflow/dags/pipeline_label_studio.py
[2025-11-15T21:27:05.965+0000] {processor.py:161} INFO - Started process (PID=186) to work on /opt/airflow/dags/pipeline_label_studio.py
[2025-11-15T21:27:05.966+0000] {processor.py:830} INFO - Processing file /opt/airflow/dags/pipeline_label_studio.py for tasks to queue
[2025-11-15T21:27:05.969+0000] {processor.py:840} INFO - DAG(s) 'etl_label_studio' retrieved from /opt/airflow/dags/pipeline_label_studio.py
[2025-11-15T21:27:05.970+0000] {logging_mixin.py:188} INFO - [2025-11-15T21:27:05.969+0000] {dagbag.py:545} INFO - Filling up the DagBag from /opt/airflow/dags/pipeline_label_studio.py
[2025-11-15T21:27:05.989+0000] {processor.py:840} INFO - DAG(s) 'etl_label_studio' retrieved from /opt/airflow/dags/pipeline_label_studio.py
[2025-11-15T21:27:06.010+0000] {logging_mixin.py:188} INFO - [2025-11-15T21:27:06.010+0000] {dag.py:3089} INFO - Sync 1 DAGs
[2025-11-15T21:27:06.024+0000] {logging_mixin.py:188} INFO - [2025-11-15T21:27:06.024+0000] {dag.py:3089} INFO - Sync 1 DAGs
[2025-11-15T21:27:06.032+0000] {logging_mixin.py:188} INFO - [2025-11-15T21:27:06.032+0000] {dag.py:3947} INFO - Setting next_dagrun for etl_label_studio to 2025-11-14 03:00:00+00:00, run_after=2025-11-15 03:00:00+00:00
[2025-11-15T21:27:06.051+0000] {processor.py:183} INFO - Processing /opt/airflow/dags/pipeline_label_studio.py took 0.118 seconds
[2025-11-15T21:27:06.059+0000] {logging_mixin.py:188} INFO - [2025-11-15T21:27:06.059+0000] {dag.py:3947} INFO - Setting next_dagrun for etl_label_studio to 2025-11-14 03:00:00+00:00, run_after=2025-11-15 03:00:00+00:00
[2025-11-15T21:27:06.072+0000] {processor.py:183} INFO - Processing /opt/airflow/dags/pipeline_label_studio.py took 0.118 seconds
[2025-11-15T21:27:36.261+0000] {processor.py:161} INFO - Started process (PID=196) to work on /opt/airflow/dags/pipeline_label_studio.py
[2025-11-15T21:27:36.261+0000] {processor.py:161} INFO - Started process (PID=236) to work on /opt/airflow/dags/pipeline_label_studio.py
[2025-11-15T21:27:36.262+0000] {processor.py:830} INFO - Processing file /opt/airflow/dags/pipeline_label_studio.py for tasks to queue
[2025-11-15T21:27:36.263+0000] {processor.py:830} INFO - Processing file /opt/airflow/dags/pipeline_label_studio.py for tasks to queue
[2025-11-15T21:27:36.266+0000] {logging_mixin.py:188} INFO - [2025-11-15T21:27:36.266+0000] {dagbag.py:545} INFO - Filling up the DagBag from /opt/airflow/dags/pipeline_label_studio.py
[2025-11-15T21:27:36.268+0000] {logging_mixin.py:188} INFO - [2025-11-15T21:27:36.267+0000] {dagbag.py:545} INFO - Filling up the DagBag from /opt/airflow/dags/pipeline_label_studio.py
[2025-11-15T21:27:36.283+0000] {processor.py:840} INFO - DAG(s) 'etl_label_studio' retrieved from /opt/airflow/dags/pipeline_label_studio.py
[2025-11-15T21:27:36.289+0000] {processor.py:840} INFO - DAG(s) 'etl_label_studio' retrieved from /opt/airflow/dags/pipeline_label_studio.py
[2025-11-15T21:27:36.325+0000] {logging_mixin.py:188} INFO - [2025-11-15T21:27:36.325+0000] {dag.py:3089} INFO - Sync 1 DAGs
[2025-11-15T21:27:36.325+0000] {logging_mixin.py:188} INFO - [2025-11-15T21:27:36.325+0000] {dag.py:3089} INFO - Sync 1 DAGs
[2025-11-15T21:27:36.352+0000] {logging_mixin.py:188} INFO - [2025-11-15T21:27:36.352+0000] {dag.py:3947} INFO - Setting next_dagrun for etl_label_studio to 2025-11-14 03:00:00+00:00, run_after=2025-11-15 03:00:00+00:00
[2025-11-15T21:27:36.367+0000] {processor.py:183} INFO - Processing /opt/airflow/dags/pipeline_label_studio.py took 0.113 seconds
[2025-11-15T21:27:36.374+0000] {logging_mixin.py:188} INFO - [2025-11-15T21:27:36.374+0000] {dag.py:3947} INFO - Setting next_dagrun for etl_label_studio to 2025-11-14 03:00:00+00:00, run_after=2025-11-15 03:00:00+00:00
[2025-11-15T21:27:36.388+0000] {processor.py:183} INFO - Processing /opt/airflow/dags/pipeline_label_studio.py took 0.134 seconds
[2025-11-15T21:28:06.595+0000] {processor.py:161} INFO - Started process (PID=206) to work on /opt/airflow/dags/pipeline_label_studio.py
[2025-11-15T21:28:06.595+0000] {processor.py:161} INFO - Started process (PID=246) to work on /opt/airflow/dags/pipeline_label_studio.py
[2025-11-15T21:28:06.634+0000] {processor.py:830} INFO - Processing file /opt/airflow/dags/pipeline_label_studio.py for tasks to queue
[2025-11-15T21:28:06.634+0000] {processor.py:830} INFO - Processing file /opt/airflow/dags/pipeline_label_studio.py for tasks to queue
[2025-11-15T21:28:06.642+0000] {logging_mixin.py:188} INFO - [2025-11-15T21:28:06.640+0000] {dagbag.py:545} INFO - Filling up the DagBag from /opt/airflow/dags/pipeline_label_studio.py
[2025-11-15T21:28:06.642+0000] {logging_mixin.py:188} INFO - [2025-11-15T21:28:06.641+0000] {dagbag.py:545} INFO - Filling up the DagBag from /opt/airflow/dags/pipeline_label_studio.py
[2025-11-15T21:28:06.664+0000] {processor.py:840} INFO - DAG(s) 'etl_label_studio' retrieved from /opt/airflow/dags/pipeline_label_studio.py
[2025-11-15T21:28:06.664+0000] {processor.py:840} INFO - DAG(s) 'etl_label_studio' retrieved from /opt/airflow/dags/pipeline_label_studio.py
[2025-11-15T21:28:06.707+0000] {logging_mixin.py:188} INFO - [2025-11-15T21:28:06.707+0000] {dag.py:3089} INFO - Sync 1 DAGs
[2025-11-15T21:28:06.707+0000] {logging_mixin.py:188} INFO - [2025-11-15T21:28:06.707+0000] {dag.py:3089} INFO - Sync 1 DAGs
[2025-11-15T21:28:06.737+0000] {logging_mixin.py:188} INFO - [2025-11-15T21:28:06.737+0000] {dag.py:3947} INFO - Setting next_dagrun for etl_label_studio to 2025-11-14 03:00:00+00:00, run_after=2025-11-15 03:00:00+00:00
[2025-11-15T21:28:06.755+0000] {processor.py:183} INFO - Processing /opt/airflow/dags/pipeline_label_studio.py took 0.169 seconds
[2025-11-15T21:28:06.760+0000] {logging_mixin.py:188} INFO - [2025-11-15T21:28:06.760+0000] {dag.py:3947} INFO - Setting next_dagrun for etl_label_studio to 2025-11-14 03:00:00+00:00, run_after=2025-11-15 03:00:00+00:00
[2025-11-15T21:28:06.775+0000] {processor.py:183} INFO - Processing /opt/airflow/dags/pipeline_label_studio.py took 0.189 seconds
[2025-11-15T21:28:36.881+0000] {processor.py:161} INFO - Started process (PID=256) to work on /opt/airflow/dags/pipeline_label_studio.py
[2025-11-15T21:28:36.882+0000] {processor.py:161} INFO - Started process (PID=216) to work on /opt/airflow/dags/pipeline_label_studio.py
[2025-11-15T21:28:36.923+0000] {processor.py:830} INFO - Processing file /opt/airflow/dags/pipeline_label_studio.py for tasks to queue
[2025-11-15T21:28:36.923+0000] {processor.py:830} INFO - Processing file /opt/airflow/dags/pipeline_label_studio.py for tasks to queue
[2025-11-15T21:28:36.926+0000] {logging_mixin.py:188} INFO - [2025-11-15T21:28:36.925+0000] {dagbag.py:545} INFO - Filling up the DagBag from /opt/airflow/dags/pipeline_label_studio.py
[2025-11-15T21:28:36.926+0000] {logging_mixin.py:188} INFO - [2025-11-15T21:28:36.926+0000] {dagbag.py:545} INFO - Filling up the DagBag from /opt/airflow/dags/pipeline_label_studio.py
[2025-11-15T21:28:36.945+0000] {processor.py:840} INFO - DAG(s) 'etl_label_studio' retrieved from /opt/airflow/dags/pipeline_label_studio.py
[2025-11-15T21:28:36.945+0000] {processor.py:840} INFO - DAG(s) 'etl_label_studio' retrieved from /opt/airflow/dags/pipeline_label_studio.py
[2025-11-15T21:28:36.980+0000] {logging_mixin.py:188} INFO - [2025-11-15T21:28:36.979+0000] {dag.py:3089} INFO - Sync 1 DAGs
[2025-11-15T21:28:36.980+0000] {logging_mixin.py:188} INFO - [2025-11-15T21:28:36.980+0000] {dag.py:3089} INFO - Sync 1 DAGs
[2025-11-15T21:28:37.002+0000] {logging_mixin.py:188} INFO - [2025-11-15T21:28:37.002+0000] {dag.py:3947} INFO - Setting next_dagrun for etl_label_studio to 2025-11-14 03:00:00+00:00, run_after=2025-11-15 03:00:00+00:00
[2025-11-15T21:28:37.018+0000] {processor.py:183} INFO - Processing /opt/airflow/dags/pipeline_label_studio.py took 0.144 seconds
[2025-11-15T21:28:37.023+0000] {logging_mixin.py:188} INFO - [2025-11-15T21:28:37.023+0000] {dag.py:3947} INFO - Setting next_dagrun for etl_label_studio to 2025-11-14 03:00:00+00:00, run_after=2025-11-15 03:00:00+00:00
[2025-11-15T21:28:37.038+0000] {processor.py:183} INFO - Processing /opt/airflow/dags/pipeline_label_studio.py took 0.165 seconds
[2025-11-15T21:29:07.224+0000] {processor.py:161} INFO - Started process (PID=266) to work on /opt/airflow/dags/pipeline_label_studio.py
[2025-11-15T21:29:07.224+0000] {processor.py:161} INFO - Started process (PID=226) to work on /opt/airflow/dags/pipeline_label_studio.py
[2025-11-15T21:29:07.226+0000] {processor.py:830} INFO - Processing file /opt/airflow/dags/pipeline_label_studio.py for tasks to queue
[2025-11-15T21:29:07.226+0000] {processor.py:830} INFO - Processing file /opt/airflow/dags/pipeline_label_studio.py for tasks to queue
[2025-11-15T21:29:07.230+0000] {logging_mixin.py:188} INFO - [2025-11-15T21:29:07.229+0000] {dagbag.py:545} INFO - Filling up the DagBag from /opt/airflow/dags/pipeline_label_studio.py
[2025-11-15T21:29:07.231+0000] {logging_mixin.py:188} INFO - [2025-11-15T21:29:07.230+0000] {dagbag.py:545} INFO - Filling up the DagBag from /opt/airflow/dags/pipeline_label_studio.py
[2025-11-15T21:29:07.249+0000] {processor.py:840} INFO - DAG(s) 'etl_label_studio' retrieved from /opt/airflow/dags/pipeline_label_studio.py
[2025-11-15T21:29:07.249+0000] {processor.py:840} INFO - DAG(s) 'etl_label_studio' retrieved from /opt/airflow/dags/pipeline_label_studio.py
[2025-11-15T21:29:07.283+0000] {logging_mixin.py:188} INFO - [2025-11-15T21:29:07.283+0000] {dag.py:3089} INFO - Sync 1 DAGs
[2025-11-15T21:29:07.283+0000] {logging_mixin.py:188} INFO - [2025-11-15T21:29:07.283+0000] {dag.py:3089} INFO - Sync 1 DAGs
[2025-11-15T21:29:07.305+0000] {logging_mixin.py:188} INFO - [2025-11-15T21:29:07.305+0000] {dag.py:3947} INFO - Setting next_dagrun for etl_label_studio to 2025-11-14 03:00:00+00:00, run_after=2025-11-15 03:00:00+00:00
[2025-11-15T21:29:07.321+0000] {processor.py:183} INFO - Processing /opt/airflow/dags/pipeline_label_studio.py took 0.104 seconds
[2025-11-15T21:29:07.326+0000] {logging_mixin.py:188} INFO - [2025-11-15T21:29:07.326+0000] {dag.py:3947} INFO - Setting next_dagrun for etl_label_studio to 2025-11-14 03:00:00+00:00, run_after=2025-11-15 03:00:00+00:00
[2025-11-15T21:29:07.339+0000] {processor.py:183} INFO - Processing /opt/airflow/dags/pipeline_label_studio.py took 0.122 seconds
[2025-11-15T21:29:37.538+0000] {processor.py:161} INFO - Started process (PID=276) to work on /opt/airflow/dags/pipeline_label_studio.py
[2025-11-15T21:29:37.539+0000] {processor.py:161} INFO - Started process (PID=236) to work on /opt/airflow/dags/pipeline_label_studio.py
[2025-11-15T21:29:37.544+0000] {processor.py:830} INFO - Processing file /opt/airflow/dags/pipeline_label_studio.py for tasks to queue
[2025-11-15T21:29:37.544+0000] {processor.py:830} INFO - Processing file /opt/airflow/dags/pipeline_label_studio.py for tasks to queue
[2025-11-15T21:29:37.547+0000] {logging_mixin.py:188} INFO - [2025-11-15T21:29:37.547+0000] {dagbag.py:545} INFO - Filling up the DagBag from /opt/airflow/dags/pipeline_label_studio.py
[2025-11-15T21:29:37.547+0000] {logging_mixin.py:188} INFO - [2025-11-15T21:29:37.547+0000] {dagbag.py:545} INFO - Filling up the DagBag from /opt/airflow/dags/pipeline_label_studio.py
[2025-11-15T21:29:37.568+0000] {processor.py:840} INFO - DAG(s) 'etl_label_studio' retrieved from /opt/airflow/dags/pipeline_label_studio.py
[2025-11-15T21:29:37.569+0000] {processor.py:840} INFO - DAG(s) 'etl_label_studio' retrieved from /opt/airflow/dags/pipeline_label_studio.py
[2025-11-15T21:29:37.620+0000] {logging_mixin.py:188} INFO - [2025-11-15T21:29:37.619+0000] {dag.py:3089} INFO - Sync 1 DAGs
[2025-11-15T21:29:37.620+0000] {logging_mixin.py:188} INFO - [2025-11-15T21:29:37.620+0000] {dag.py:3089} INFO - Sync 1 DAGs
[2025-11-15T21:29:37.646+0000] {logging_mixin.py:188} INFO - [2025-11-15T21:29:37.645+0000] {dag.py:3947} INFO - Setting next_dagrun for etl_label_studio to 2025-11-14 03:00:00+00:00, run_after=2025-11-15 03:00:00+00:00
[2025-11-15T21:29:37.666+0000] {processor.py:183} INFO - Processing /opt/airflow/dags/pipeline_label_studio.py took 0.141 seconds
[2025-11-15T21:29:37.671+0000] {logging_mixin.py:188} INFO - [2025-11-15T21:29:37.671+0000] {dag.py:3947} INFO - Setting next_dagrun for etl_label_studio to 2025-11-14 03:00:00+00:00, run_after=2025-11-15 03:00:00+00:00
[2025-11-15T21:29:37.686+0000] {processor.py:183} INFO - Processing /opt/airflow/dags/pipeline_label_studio.py took 0.169 seconds
[2025-11-15T21:30:07.993+0000] {processor.py:161} INFO - Started process (PID=246) to work on /opt/airflow/dags/pipeline_label_studio.py
[2025-11-15T21:30:07.993+0000] {processor.py:161} INFO - Started process (PID=286) to work on /opt/airflow/dags/pipeline_label_studio.py
[2025-11-15T21:30:08.041+0000] {processor.py:830} INFO - Processing file /opt/airflow/dags/pipeline_label_studio.py for tasks to queue
[2025-11-15T21:30:08.041+0000] {processor.py:830} INFO - Processing file /opt/airflow/dags/pipeline_label_studio.py for tasks to queue
[2025-11-15T21:30:08.049+0000] {logging_mixin.py:188} INFO - [2025-11-15T21:30:08.045+0000] {dagbag.py:545} INFO - Filling up the DagBag from /opt/airflow/dags/pipeline_label_studio.py
[2025-11-15T21:30:08.049+0000] {logging_mixin.py:188} INFO - [2025-11-15T21:30:08.046+0000] {dagbag.py:545} INFO - Filling up the DagBag from /opt/airflow/dags/pipeline_label_studio.py
[2025-11-15T21:30:08.084+0000] {processor.py:840} INFO - DAG(s) 'etl_label_studio' retrieved from /opt/airflow/dags/pipeline_label_studio.py
[2025-11-15T21:30:08.084+0000] {processor.py:840} INFO - DAG(s) 'etl_label_studio' retrieved from /opt/airflow/dags/pipeline_label_studio.py
[2025-11-15T21:30:08.158+0000] {logging_mixin.py:188} INFO - [2025-11-15T21:30:08.158+0000] {dag.py:3089} INFO - Sync 1 DAGs
[2025-11-15T21:30:08.158+0000] {logging_mixin.py:188} INFO - [2025-11-15T21:30:08.158+0000] {dag.py:3089} INFO - Sync 1 DAGs
[2025-11-15T21:30:08.203+0000] {logging_mixin.py:188} INFO - [2025-11-15T21:30:08.203+0000] {dag.py:3947} INFO - Setting next_dagrun for etl_label_studio to 2025-11-14 03:00:00+00:00, run_after=2025-11-15 03:00:00+00:00
[2025-11-15T21:30:08.232+0000] {processor.py:183} INFO - Processing /opt/airflow/dags/pipeline_label_studio.py took 0.254 seconds
[2025-11-15T21:30:08.240+0000] {logging_mixin.py:188} INFO - [2025-11-15T21:30:08.240+0000] {dag.py:3947} INFO - Setting next_dagrun for etl_label_studio to 2025-11-14 03:00:00+00:00, run_after=2025-11-15 03:00:00+00:00
[2025-11-15T21:30:08.257+0000] {processor.py:183} INFO - Processing /opt/airflow/dags/pipeline_label_studio.py took 0.280 seconds
[2025-11-15T21:30:38.493+0000] {processor.py:161} INFO - Started process (PID=296) to work on /opt/airflow/dags/pipeline_label_studio.py
[2025-11-15T21:30:38.496+0000] {processor.py:161} INFO - Started process (PID=256) to work on /opt/airflow/dags/pipeline_label_studio.py
[2025-11-15T21:30:38.498+0000] {processor.py:830} INFO - Processing file /opt/airflow/dags/pipeline_label_studio.py for tasks to queue
[2025-11-15T21:30:38.498+0000] {processor.py:830} INFO - Processing file /opt/airflow/dags/pipeline_label_studio.py for tasks to queue
[2025-11-15T21:30:38.501+0000] {logging_mixin.py:188} INFO - [2025-11-15T21:30:38.500+0000] {dagbag.py:545} INFO - Filling up the DagBag from /opt/airflow/dags/pipeline_label_studio.py
[2025-11-15T21:30:38.501+0000] {logging_mixin.py:188} INFO - [2025-11-15T21:30:38.500+0000] {dagbag.py:545} INFO - Filling up the DagBag from /opt/airflow/dags/pipeline_label_studio.py
[2025-11-15T21:30:38.522+0000] {processor.py:840} INFO - DAG(s) 'etl_label_studio' retrieved from /opt/airflow/dags/pipeline_label_studio.py
[2025-11-15T21:30:38.522+0000] {processor.py:840} INFO - DAG(s) 'etl_label_studio' retrieved from /opt/airflow/dags/pipeline_label_studio.py
[2025-11-15T21:30:38.562+0000] {logging_mixin.py:188} INFO - [2025-11-15T21:30:38.561+0000] {dag.py:3089} INFO - Sync 1 DAGs
[2025-11-15T21:30:38.562+0000] {logging_mixin.py:188} INFO - [2025-11-15T21:30:38.561+0000] {dag.py:3089} INFO - Sync 1 DAGs
[2025-11-15T21:30:38.584+0000] {logging_mixin.py:188} INFO - [2025-11-15T21:30:38.584+0000] {dag.py:3947} INFO - Setting next_dagrun for etl_label_studio to 2025-11-14 03:00:00+00:00, run_after=2025-11-15 03:00:00+00:00
[2025-11-15T21:30:38.599+0000] {processor.py:183} INFO - Processing /opt/airflow/dags/pipeline_label_studio.py took 0.111 seconds
[2025-11-15T21:30:38.602+0000] {logging_mixin.py:188} INFO - [2025-11-15T21:30:38.602+0000] {dag.py:3947} INFO - Setting next_dagrun for etl_label_studio to 2025-11-14 03:00:00+00:00, run_after=2025-11-15 03:00:00+00:00
[2025-11-15T21:30:38.621+0000] {processor.py:183} INFO - Processing /opt/airflow/dags/pipeline_label_studio.py took 0.138 seconds
[2025-11-15T21:31:08.921+0000] {processor.py:161} INFO - Started process (PID=306) to work on /opt/airflow/dags/pipeline_label_studio.py
[2025-11-15T21:31:08.923+0000] {processor.py:161} INFO - Started process (PID=266) to work on /opt/airflow/dags/pipeline_label_studio.py
[2025-11-15T21:31:08.923+0000] {processor.py:830} INFO - Processing file /opt/airflow/dags/pipeline_label_studio.py for tasks to queue
[2025-11-15T21:31:08.927+0000] {logging_mixin.py:188} INFO - [2025-11-15T21:31:08.926+0000] {dagbag.py:545} INFO - Filling up the DagBag from /opt/airflow/dags/pipeline_label_studio.py
[2025-11-15T21:31:08.926+0000] {processor.py:830} INFO - Processing file /opt/airflow/dags/pipeline_label_studio.py for tasks to queue
[2025-11-15T21:31:08.928+0000] {logging_mixin.py:188} INFO - [2025-11-15T21:31:08.928+0000] {dagbag.py:545} INFO - Filling up the DagBag from /opt/airflow/dags/pipeline_label_studio.py
[2025-11-15T21:31:08.948+0000] {processor.py:840} INFO - DAG(s) 'etl_label_studio' retrieved from /opt/airflow/dags/pipeline_label_studio.py
[2025-11-15T21:31:08.952+0000] {processor.py:840} INFO - DAG(s) 'etl_label_studio' retrieved from /opt/airflow/dags/pipeline_label_studio.py
[2025-11-15T21:31:08.990+0000] {logging_mixin.py:188} INFO - [2025-11-15T21:31:08.990+0000] {dag.py:3089} INFO - Sync 1 DAGs
[2025-11-15T21:31:08.990+0000] {logging_mixin.py:188} INFO - [2025-11-15T21:31:08.990+0000] {dag.py:3089} INFO - Sync 1 DAGs
[2025-11-15T21:31:09.017+0000] {logging_mixin.py:188} INFO - [2025-11-15T21:31:09.016+0000] {dag.py:3947} INFO - Setting next_dagrun for etl_label_studio to 2025-11-14 03:00:00+00:00, run_after=2025-11-15 03:00:00+00:00
[2025-11-15T21:31:09.039+0000] {processor.py:183} INFO - Processing /opt/airflow/dags/pipeline_label_studio.py took 0.128 seconds
[2025-11-15T21:31:09.044+0000] {logging_mixin.py:188} INFO - [2025-11-15T21:31:09.043+0000] {dag.py:3947} INFO - Setting next_dagrun for etl_label_studio to 2025-11-14 03:00:00+00:00, run_after=2025-11-15 03:00:00+00:00
[2025-11-15T21:31:09.059+0000] {processor.py:183} INFO - Processing /opt/airflow/dags/pipeline_label_studio.py took 0.147 seconds
[2025-11-15T21:31:39.355+0000] {processor.py:161} INFO - Started process (PID=276) to work on /opt/airflow/dags/pipeline_label_studio.py
[2025-11-15T21:31:39.355+0000] {processor.py:161} INFO - Started process (PID=316) to work on /opt/airflow/dags/pipeline_label_studio.py
[2025-11-15T21:31:39.356+0000] {processor.py:830} INFO - Processing file /opt/airflow/dags/pipeline_label_studio.py for tasks to queue
[2025-11-15T21:31:39.356+0000] {processor.py:830} INFO - Processing file /opt/airflow/dags/pipeline_label_studio.py for tasks to queue
[2025-11-15T21:31:39.361+0000] {logging_mixin.py:188} INFO - [2025-11-15T21:31:39.360+0000] {dagbag.py:545} INFO - Filling up the DagBag from /opt/airflow/dags/pipeline_label_studio.py
[2025-11-15T21:31:39.361+0000] {logging_mixin.py:188} INFO - [2025-11-15T21:31:39.360+0000] {dagbag.py:545} INFO - Filling up the DagBag from /opt/airflow/dags/pipeline_label_studio.py
[2025-11-15T21:31:39.378+0000] {processor.py:840} INFO - DAG(s) 'etl_label_studio' retrieved from /opt/airflow/dags/pipeline_label_studio.py
[2025-11-15T21:31:39.378+0000] {processor.py:840} INFO - DAG(s) 'etl_label_studio' retrieved from /opt/airflow/dags/pipeline_label_studio.py
[2025-11-15T21:31:39.416+0000] {logging_mixin.py:188} INFO - [2025-11-15T21:31:39.415+0000] {dag.py:3089} INFO - Sync 1 DAGs
[2025-11-15T21:31:39.416+0000] {logging_mixin.py:188} INFO - [2025-11-15T21:31:39.416+0000] {dag.py:3089} INFO - Sync 1 DAGs
[2025-11-15T21:31:39.439+0000] {logging_mixin.py:188} INFO - [2025-11-15T21:31:39.439+0000] {dag.py:3947} INFO - Setting next_dagrun for etl_label_studio to 2025-11-14 03:00:00+00:00, run_after=2025-11-15 03:00:00+00:00
[2025-11-15T21:31:39.456+0000] {processor.py:183} INFO - Processing /opt/airflow/dags/pipeline_label_studio.py took 0.110 seconds
[2025-11-15T21:31:39.462+0000] {logging_mixin.py:188} INFO - [2025-11-15T21:31:39.461+0000] {dag.py:3947} INFO - Setting next_dagrun for etl_label_studio to 2025-11-14 03:00:00+00:00, run_after=2025-11-15 03:00:00+00:00
[2025-11-15T21:31:39.478+0000] {processor.py:183} INFO - Processing /opt/airflow/dags/pipeline_label_studio.py took 0.132 seconds
[2025-11-15T21:32:09.645+0000] {processor.py:161} INFO - Started process (PID=326) to work on /opt/airflow/dags/pipeline_label_studio.py
[2025-11-15T21:32:09.645+0000] {processor.py:161} INFO - Started process (PID=286) to work on /opt/airflow/dags/pipeline_label_studio.py
[2025-11-15T21:32:09.649+0000] {processor.py:830} INFO - Processing file /opt/airflow/dags/pipeline_label_studio.py for tasks to queue
[2025-11-15T21:32:09.649+0000] {processor.py:830} INFO - Processing file /opt/airflow/dags/pipeline_label_studio.py for tasks to queue
[2025-11-15T21:32:09.652+0000] {logging_mixin.py:188} INFO - [2025-11-15T21:32:09.651+0000] {dagbag.py:545} INFO - Filling up the DagBag from /opt/airflow/dags/pipeline_label_studio.py
[2025-11-15T21:32:09.652+0000] {logging_mixin.py:188} INFO - [2025-11-15T21:32:09.651+0000] {dagbag.py:545} INFO - Filling up the DagBag from /opt/airflow/dags/pipeline_label_studio.py
[2025-11-15T21:32:09.673+0000] {processor.py:840} INFO - DAG(s) 'etl_label_studio' retrieved from /opt/airflow/dags/pipeline_label_studio.py
[2025-11-15T21:32:09.673+0000] {processor.py:840} INFO - DAG(s) 'etl_label_studio' retrieved from /opt/airflow/dags/pipeline_label_studio.py
[2025-11-15T21:32:09.721+0000] {logging_mixin.py:188} INFO - [2025-11-15T21:32:09.720+0000] {dag.py:3089} INFO - Sync 1 DAGs
[2025-11-15T21:32:09.721+0000] {logging_mixin.py:188} INFO - [2025-11-15T21:32:09.720+0000] {dag.py:3089} INFO - Sync 1 DAGs
[2025-11-15T21:32:09.747+0000] {logging_mixin.py:188} INFO - [2025-11-15T21:32:09.747+0000] {dag.py:3947} INFO - Setting next_dagrun for etl_label_studio to 2025-11-14 03:00:00+00:00, run_after=2025-11-15 03:00:00+00:00
[2025-11-15T21:32:09.764+0000] {processor.py:183} INFO - Processing /opt/airflow/dags/pipeline_label_studio.py took 0.128 seconds
[2025-11-15T21:32:09.771+0000] {logging_mixin.py:188} INFO - [2025-11-15T21:32:09.771+0000] {dag.py:3947} INFO - Setting next_dagrun for etl_label_studio to 2025-11-14 03:00:00+00:00, run_after=2025-11-15 03:00:00+00:00
[2025-11-15T21:32:09.787+0000] {processor.py:183} INFO - Processing /opt/airflow/dags/pipeline_label_studio.py took 0.152 seconds
[2025-11-15T21:32:39.943+0000] {processor.py:161} INFO - Started process (PID=336) to work on /opt/airflow/dags/pipeline_label_studio.py
[2025-11-15T21:32:39.947+0000] {processor.py:830} INFO - Processing file /opt/airflow/dags/pipeline_label_studio.py for tasks to queue
[2025-11-15T21:32:39.951+0000] {logging_mixin.py:188} INFO - [2025-11-15T21:32:39.950+0000] {dagbag.py:545} INFO - Filling up the DagBag from /opt/airflow/dags/pipeline_label_studio.py
[2025-11-15T21:32:39.976+0000] {processor.py:161} INFO - Started process (PID=296) to work on /opt/airflow/dags/pipeline_label_studio.py
[2025-11-15T21:32:39.977+0000] {processor.py:830} INFO - Processing file /opt/airflow/dags/pipeline_label_studio.py for tasks to queue
[2025-11-15T21:32:39.981+0000] {logging_mixin.py:188} INFO - [2025-11-15T21:32:39.980+0000] {dagbag.py:545} INFO - Filling up the DagBag from /opt/airflow/dags/pipeline_label_studio.py
[2025-11-15T21:32:39.998+0000] {processor.py:840} INFO - DAG(s) 'etl_label_studio' retrieved from /opt/airflow/dags/pipeline_label_studio.py
[2025-11-15T21:32:40.019+0000] {processor.py:840} INFO - DAG(s) 'etl_label_studio' retrieved from /opt/airflow/dags/pipeline_label_studio.py
[2025-11-15T21:32:40.061+0000] {logging_mixin.py:188} INFO - [2025-11-15T21:32:40.060+0000] {dag.py:3089} INFO - Sync 1 DAGs
[2025-11-15T21:32:40.110+0000] {logging_mixin.py:188} INFO - [2025-11-15T21:32:40.109+0000] {dag.py:3089} INFO - Sync 1 DAGs
[2025-11-15T21:32:40.136+0000] {logging_mixin.py:188} INFO - [2025-11-15T21:32:40.135+0000] {dag.py:3947} INFO - Setting next_dagrun for etl_label_studio to 2025-11-14 03:00:00+00:00, run_after=2025-11-15 03:00:00+00:00
[2025-11-15T21:32:40.166+0000] {processor.py:183} INFO - Processing /opt/airflow/dags/pipeline_label_studio.py took 0.237 seconds
[2025-11-15T21:32:40.173+0000] {logging_mixin.py:188} INFO - [2025-11-15T21:32:40.173+0000] {dag.py:3947} INFO - Setting next_dagrun for etl_label_studio to 2025-11-14 03:00:00+00:00, run_after=2025-11-15 03:00:00+00:00
[2025-11-15T21:32:40.199+0000] {processor.py:183} INFO - Processing /opt/airflow/dags/pipeline_label_studio.py took 0.246 seconds
[2025-11-15T21:33:10.281+0000] {processor.py:161} INFO - Started process (PID=306) to work on /opt/airflow/dags/pipeline_label_studio.py
[2025-11-15T21:33:10.286+0000] {processor.py:830} INFO - Processing file /opt/airflow/dags/pipeline_label_studio.py for tasks to queue
[2025-11-15T21:33:10.288+0000] {logging_mixin.py:188} INFO - [2025-11-15T21:33:10.288+0000] {dagbag.py:545} INFO - Filling up the DagBag from /opt/airflow/dags/pipeline_label_studio.py
[2025-11-15T21:33:10.322+0000] {processor.py:840} INFO - DAG(s) 'etl_label_studio' retrieved from /opt/airflow/dags/pipeline_label_studio.py
[2025-11-15T21:33:10.347+0000] {processor.py:161} INFO - Started process (PID=346) to work on /opt/airflow/dags/pipeline_label_studio.py
[2025-11-15T21:33:10.348+0000] {processor.py:830} INFO - Processing file /opt/airflow/dags/pipeline_label_studio.py for tasks to queue
[2025-11-15T21:33:10.357+0000] {logging_mixin.py:188} INFO - [2025-11-15T21:33:10.355+0000] {dagbag.py:545} INFO - Filling up the DagBag from /opt/airflow/dags/pipeline_label_studio.py
[2025-11-15T21:33:10.387+0000] {logging_mixin.py:188} INFO - [2025-11-15T21:33:10.387+0000] {dag.py:3089} INFO - Sync 1 DAGs
[2025-11-15T21:33:10.388+0000] {processor.py:840} INFO - DAG(s) 'etl_label_studio' retrieved from /opt/airflow/dags/pipeline_label_studio.py
[2025-11-15T21:33:10.427+0000] {logging_mixin.py:188} INFO - [2025-11-15T21:33:10.426+0000] {dag.py:3947} INFO - Setting next_dagrun for etl_label_studio to 2025-11-14 03:00:00+00:00, run_after=2025-11-15 03:00:00+00:00
[2025-11-15T21:33:10.433+0000] {logging_mixin.py:188} INFO - [2025-11-15T21:33:10.433+0000] {dag.py:3089} INFO - Sync 1 DAGs
[2025-11-15T21:33:10.448+0000] {processor.py:183} INFO - Processing /opt/airflow/dags/pipeline_label_studio.py took 0.177 seconds
[2025-11-15T21:33:10.460+0000] {logging_mixin.py:188} INFO - [2025-11-15T21:33:10.460+0000] {dag.py:3947} INFO - Setting next_dagrun for etl_label_studio to 2025-11-14 03:00:00+00:00, run_after=2025-11-15 03:00:00+00:00
[2025-11-15T21:33:10.477+0000] {processor.py:183} INFO - Processing /opt/airflow/dags/pipeline_label_studio.py took 0.141 seconds
[2025-11-15T21:33:40.689+0000] {processor.py:161} INFO - Started process (PID=356) to work on /opt/airflow/dags/pipeline_label_studio.py
[2025-11-15T21:33:40.689+0000] {processor.py:161} INFO - Started process (PID=316) to work on /opt/airflow/dags/pipeline_label_studio.py
[2025-11-15T21:33:40.690+0000] {processor.py:830} INFO - Processing file /opt/airflow/dags/pipeline_label_studio.py for tasks to queue
[2025-11-15T21:33:40.690+0000] {processor.py:830} INFO - Processing file /opt/airflow/dags/pipeline_label_studio.py for tasks to queue
[2025-11-15T21:33:40.693+0000] {logging_mixin.py:188} INFO - [2025-11-15T21:33:40.692+0000] {dagbag.py:545} INFO - Filling up the DagBag from /opt/airflow/dags/pipeline_label_studio.py
[2025-11-15T21:33:40.693+0000] {logging_mixin.py:188} INFO - [2025-11-15T21:33:40.693+0000] {dagbag.py:545} INFO - Filling up the DagBag from /opt/airflow/dags/pipeline_label_studio.py
[2025-11-15T21:33:40.713+0000] {processor.py:840} INFO - DAG(s) 'etl_label_studio' retrieved from /opt/airflow/dags/pipeline_label_studio.py
[2025-11-15T21:33:40.713+0000] {processor.py:840} INFO - DAG(s) 'etl_label_studio' retrieved from /opt/airflow/dags/pipeline_label_studio.py
[2025-11-15T21:33:40.747+0000] {logging_mixin.py:188} INFO - [2025-11-15T21:33:40.747+0000] {dag.py:3089} INFO - Sync 1 DAGs
[2025-11-15T21:33:40.747+0000] {logging_mixin.py:188} INFO - [2025-11-15T21:33:40.747+0000] {dag.py:3089} INFO - Sync 1 DAGs
[2025-11-15T21:33:40.770+0000] {logging_mixin.py:188} INFO - [2025-11-15T21:33:40.769+0000] {dag.py:3947} INFO - Setting next_dagrun for etl_label_studio to 2025-11-14 03:00:00+00:00, run_after=2025-11-15 03:00:00+00:00
[2025-11-15T21:33:40.784+0000] {processor.py:183} INFO - Processing /opt/airflow/dags/pipeline_label_studio.py took 0.102 seconds
[2025-11-15T21:33:40.790+0000] {logging_mixin.py:188} INFO - [2025-11-15T21:33:40.789+0000] {dag.py:3947} INFO - Setting next_dagrun for etl_label_studio to 2025-11-14 03:00:00+00:00, run_after=2025-11-15 03:00:00+00:00
[2025-11-15T21:33:40.803+0000] {processor.py:183} INFO - Processing /opt/airflow/dags/pipeline_label_studio.py took 0.121 seconds
[2025-11-15T21:34:11.023+0000] {processor.py:161} INFO - Started process (PID=326) to work on /opt/airflow/dags/pipeline_label_studio.py
[2025-11-15T21:34:11.038+0000] {processor.py:161} INFO - Started process (PID=366) to work on /opt/airflow/dags/pipeline_label_studio.py
[2025-11-15T21:34:11.065+0000] {processor.py:830} INFO - Processing file /opt/airflow/dags/pipeline_label_studio.py for tasks to queue
[2025-11-15T21:34:11.065+0000] {processor.py:830} INFO - Processing file /opt/airflow/dags/pipeline_label_studio.py for tasks to queue
[2025-11-15T21:34:11.068+0000] {logging_mixin.py:188} INFO - [2025-11-15T21:34:11.068+0000] {dagbag.py:545} INFO - Filling up the DagBag from /opt/airflow/dags/pipeline_label_studio.py
[2025-11-15T21:34:11.068+0000] {logging_mixin.py:188} INFO - [2025-11-15T21:34:11.068+0000] {dagbag.py:545} INFO - Filling up the DagBag from /opt/airflow/dags/pipeline_label_studio.py
[2025-11-15T21:34:11.101+0000] {processor.py:840} INFO - DAG(s) 'etl_label_studio' retrieved from /opt/airflow/dags/pipeline_label_studio.py
[2025-11-15T21:34:11.101+0000] {processor.py:840} INFO - DAG(s) 'etl_label_studio' retrieved from /opt/airflow/dags/pipeline_label_studio.py
[2025-11-15T21:34:11.150+0000] {logging_mixin.py:188} INFO - [2025-11-15T21:34:11.150+0000] {dag.py:3089} INFO - Sync 1 DAGs
[2025-11-15T21:34:11.150+0000] {logging_mixin.py:188} INFO - [2025-11-15T21:34:11.150+0000] {dag.py:3089} INFO - Sync 1 DAGs
[2025-11-15T21:34:11.177+0000] {logging_mixin.py:188} INFO - [2025-11-15T21:34:11.177+0000] {dag.py:3947} INFO - Setting next_dagrun for etl_label_studio to 2025-11-14 03:00:00+00:00, run_after=2025-11-15 03:00:00+00:00
[2025-11-15T21:34:11.193+0000] {processor.py:183} INFO - Processing /opt/airflow/dags/pipeline_label_studio.py took 0.171 seconds
[2025-11-15T21:34:11.197+0000] {logging_mixin.py:188} INFO - [2025-11-15T21:34:11.197+0000] {dag.py:3947} INFO - Setting next_dagrun for etl_label_studio to 2025-11-14 03:00:00+00:00, run_after=2025-11-15 03:00:00+00:00
[2025-11-15T21:34:11.212+0000] {processor.py:183} INFO - Processing /opt/airflow/dags/pipeline_label_studio.py took 0.203 seconds
[2025-11-15T21:34:41.326+0000] {processor.py:161} INFO - Started process (PID=336) to work on /opt/airflow/dags/pipeline_label_studio.py
[2025-11-15T21:34:41.329+0000] {processor.py:161} INFO - Started process (PID=376) to work on /opt/airflow/dags/pipeline_label_studio.py
[2025-11-15T21:34:41.365+0000] {processor.py:830} INFO - Processing file /opt/airflow/dags/pipeline_label_studio.py for tasks to queue
[2025-11-15T21:34:41.365+0000] {processor.py:830} INFO - Processing file /opt/airflow/dags/pipeline_label_studio.py for tasks to queue
[2025-11-15T21:34:41.369+0000] {logging_mixin.py:188} INFO - [2025-11-15T21:34:41.369+0000] {dagbag.py:545} INFO - Filling up the DagBag from /opt/airflow/dags/pipeline_label_studio.py
[2025-11-15T21:34:41.370+0000] {logging_mixin.py:188} INFO - [2025-11-15T21:34:41.369+0000] {dagbag.py:545} INFO - Filling up the DagBag from /opt/airflow/dags/pipeline_label_studio.py
[2025-11-15T21:34:41.395+0000] {processor.py:840} INFO - DAG(s) 'etl_label_studio' retrieved from /opt/airflow/dags/pipeline_label_studio.py
[2025-11-15T21:34:41.395+0000] {processor.py:840} INFO - DAG(s) 'etl_label_studio' retrieved from /opt/airflow/dags/pipeline_label_studio.py
[2025-11-15T21:34:41.444+0000] {logging_mixin.py:188} INFO - [2025-11-15T21:34:41.443+0000] {dag.py:3089} INFO - Sync 1 DAGs
[2025-11-15T21:34:41.444+0000] {logging_mixin.py:188} INFO - [2025-11-15T21:34:41.444+0000] {dag.py:3089} INFO - Sync 1 DAGs
[2025-11-15T21:34:41.476+0000] {logging_mixin.py:188} INFO - [2025-11-15T21:34:41.476+0000] {dag.py:3947} INFO - Setting next_dagrun for etl_label_studio to 2025-11-14 03:00:00+00:00, run_after=2025-11-15 03:00:00+00:00
[2025-11-15T21:34:41.499+0000] {processor.py:183} INFO - Processing /opt/airflow/dags/pipeline_label_studio.py took 0.188 seconds
[2025-11-15T21:34:41.502+0000] {logging_mixin.py:188} INFO - [2025-11-15T21:34:41.502+0000] {dag.py:3947} INFO - Setting next_dagrun for etl_label_studio to 2025-11-14 03:00:00+00:00, run_after=2025-11-15 03:00:00+00:00
[2025-11-15T21:34:41.517+0000] {processor.py:183} INFO - Processing /opt/airflow/dags/pipeline_label_studio.py took 0.206 seconds
[2025-11-15T21:35:11.793+0000] {processor.py:161} INFO - Started process (PID=386) to work on /opt/airflow/dags/pipeline_label_studio.py
[2025-11-15T21:35:11.795+0000] {processor.py:161} INFO - Started process (PID=346) to work on /opt/airflow/dags/pipeline_label_studio.py
[2025-11-15T21:35:11.840+0000] {processor.py:830} INFO - Processing file /opt/airflow/dags/pipeline_label_studio.py for tasks to queue
[2025-11-15T21:35:11.839+0000] {processor.py:830} INFO - Processing file /opt/airflow/dags/pipeline_label_studio.py for tasks to queue
[2025-11-15T21:35:11.849+0000] {logging_mixin.py:188} INFO - [2025-11-15T21:35:11.849+0000] {dagbag.py:545} INFO - Filling up the DagBag from /opt/airflow/dags/pipeline_label_studio.py
[2025-11-15T21:35:11.850+0000] {logging_mixin.py:188} INFO - [2025-11-15T21:35:11.849+0000] {dagbag.py:545} INFO - Filling up the DagBag from /opt/airflow/dags/pipeline_label_studio.py
[2025-11-15T21:35:11.879+0000] {processor.py:840} INFO - DAG(s) 'etl_label_studio' retrieved from /opt/airflow/dags/pipeline_label_studio.py
[2025-11-15T21:35:11.879+0000] {processor.py:840} INFO - DAG(s) 'etl_label_studio' retrieved from /opt/airflow/dags/pipeline_label_studio.py
[2025-11-15T21:35:11.932+0000] {logging_mixin.py:188} INFO - [2025-11-15T21:35:11.931+0000] {dag.py:3089} INFO - Sync 1 DAGs
[2025-11-15T21:35:11.933+0000] {logging_mixin.py:188} INFO - [2025-11-15T21:35:11.933+0000] {dag.py:3089} INFO - Sync 1 DAGs
[2025-11-15T21:35:11.959+0000] {logging_mixin.py:188} INFO - [2025-11-15T21:35:11.959+0000] {dag.py:3947} INFO - Setting next_dagrun for etl_label_studio to 2025-11-14 03:00:00+00:00, run_after=2025-11-15 03:00:00+00:00
[2025-11-15T21:35:11.985+0000] {processor.py:183} INFO - Processing /opt/airflow/dags/pipeline_label_studio.py took 0.204 seconds
[2025-11-15T21:35:11.987+0000] {logging_mixin.py:188} INFO - [2025-11-15T21:35:11.987+0000] {dag.py:3947} INFO - Setting next_dagrun for etl_label_studio to 2025-11-14 03:00:00+00:00, run_after=2025-11-15 03:00:00+00:00
[2025-11-15T21:35:12.008+0000] {processor.py:183} INFO - Processing /opt/airflow/dags/pipeline_label_studio.py took 0.226 seconds
[2025-11-15T21:35:42.294+0000] {processor.py:161} INFO - Started process (PID=396) to work on /opt/airflow/dags/pipeline_label_studio.py
[2025-11-15T21:35:42.298+0000] {processor.py:830} INFO - Processing file /opt/airflow/dags/pipeline_label_studio.py for tasks to queue
[2025-11-15T21:35:42.303+0000] {logging_mixin.py:188} INFO - [2025-11-15T21:35:42.302+0000] {dagbag.py:545} INFO - Filling up the DagBag from /opt/airflow/dags/pipeline_label_studio.py
[2025-11-15T21:35:42.312+0000] {processor.py:161} INFO - Started process (PID=356) to work on /opt/airflow/dags/pipeline_label_studio.py
[2025-11-15T21:35:42.316+0000] {processor.py:830} INFO - Processing file /opt/airflow/dags/pipeline_label_studio.py for tasks to queue
[2025-11-15T21:35:42.322+0000] {logging_mixin.py:188} INFO - [2025-11-15T21:35:42.321+0000] {dagbag.py:545} INFO - Filling up the DagBag from /opt/airflow/dags/pipeline_label_studio.py
[2025-11-15T21:35:42.347+0000] {processor.py:840} INFO - DAG(s) 'etl_label_studio' retrieved from /opt/airflow/dags/pipeline_label_studio.py
[2025-11-15T21:35:42.366+0000] {processor.py:840} INFO - DAG(s) 'etl_label_studio' retrieved from /opt/airflow/dags/pipeline_label_studio.py
[2025-11-15T21:35:42.411+0000] {logging_mixin.py:188} INFO - [2025-11-15T21:35:42.411+0000] {dag.py:3089} INFO - Sync 1 DAGs
[2025-11-15T21:35:42.417+0000] {logging_mixin.py:188} INFO - [2025-11-15T21:35:42.417+0000] {dag.py:3089} INFO - Sync 1 DAGs
[2025-11-15T21:35:42.442+0000] {logging_mixin.py:188} INFO - [2025-11-15T21:35:42.441+0000] {dag.py:3947} INFO - Setting next_dagrun for etl_label_studio to 2025-11-14 03:00:00+00:00, run_after=2025-11-15 03:00:00+00:00
[2025-11-15T21:35:42.464+0000] {processor.py:183} INFO - Processing /opt/airflow/dags/pipeline_label_studio.py took 0.184 seconds
[2025-11-15T21:35:42.476+0000] {logging_mixin.py:188} INFO - [2025-11-15T21:35:42.476+0000] {dag.py:3947} INFO - Setting next_dagrun for etl_label_studio to 2025-11-14 03:00:00+00:00, run_after=2025-11-15 03:00:00+00:00
[2025-11-15T21:35:42.493+0000] {processor.py:183} INFO - Processing /opt/airflow/dags/pipeline_label_studio.py took 0.195 seconds
[2025-11-15T21:36:12.828+0000] {processor.py:161} INFO - Started process (PID=366) to work on /opt/airflow/dags/pipeline_label_studio.py
[2025-11-15T21:36:12.829+0000] {processor.py:161} INFO - Started process (PID=406) to work on /opt/airflow/dags/pipeline_label_studio.py
[2025-11-15T21:36:12.835+0000] {processor.py:830} INFO - Processing file /opt/airflow/dags/pipeline_label_studio.py for tasks to queue
[2025-11-15T21:36:12.835+0000] {processor.py:830} INFO - Processing file /opt/airflow/dags/pipeline_label_studio.py for tasks to queue
[2025-11-15T21:36:12.838+0000] {logging_mixin.py:188} INFO - [2025-11-15T21:36:12.838+0000] {dagbag.py:545} INFO - Filling up the DagBag from /opt/airflow/dags/pipeline_label_studio.py
[2025-11-15T21:36:12.839+0000] {logging_mixin.py:188} INFO - [2025-11-15T21:36:12.838+0000] {dagbag.py:545} INFO - Filling up the DagBag from /opt/airflow/dags/pipeline_label_studio.py
[2025-11-15T21:36:12.865+0000] {processor.py:840} INFO - DAG(s) 'etl_label_studio' retrieved from /opt/airflow/dags/pipeline_label_studio.py
[2025-11-15T21:36:12.867+0000] {processor.py:840} INFO - DAG(s) 'etl_label_studio' retrieved from /opt/airflow/dags/pipeline_label_studio.py
[2025-11-15T21:36:12.919+0000] {logging_mixin.py:188} INFO - [2025-11-15T21:36:12.919+0000] {dag.py:3089} INFO - Sync 1 DAGs
[2025-11-15T21:36:12.920+0000] {logging_mixin.py:188} INFO - [2025-11-15T21:36:12.920+0000] {dag.py:3089} INFO - Sync 1 DAGs
[2025-11-15T21:36:12.944+0000] {logging_mixin.py:188} INFO - [2025-11-15T21:36:12.944+0000] {dag.py:3947} INFO - Setting next_dagrun for etl_label_studio to 2025-11-14 03:00:00+00:00, run_after=2025-11-15 03:00:00+00:00
[2025-11-15T21:36:12.960+0000] {processor.py:183} INFO - Processing /opt/airflow/dags/pipeline_label_studio.py took 0.153 seconds
[2025-11-15T21:36:12.968+0000] {logging_mixin.py:188} INFO - [2025-11-15T21:36:12.968+0000] {dag.py:3947} INFO - Setting next_dagrun for etl_label_studio to 2025-11-14 03:00:00+00:00, run_after=2025-11-15 03:00:00+00:00
[2025-11-15T21:36:12.983+0000] {processor.py:183} INFO - Processing /opt/airflow/dags/pipeline_label_studio.py took 0.172 seconds
[2025-11-15T21:36:43.119+0000] {processor.py:161} INFO - Started process (PID=376) to work on /opt/airflow/dags/pipeline_label_studio.py
[2025-11-15T21:36:43.121+0000] {processor.py:161} INFO - Started process (PID=416) to work on /opt/airflow/dags/pipeline_label_studio.py
[2025-11-15T21:36:43.121+0000] {processor.py:830} INFO - Processing file /opt/airflow/dags/pipeline_label_studio.py for tasks to queue
[2025-11-15T21:36:43.125+0000] {logging_mixin.py:188} INFO - [2025-11-15T21:36:43.125+0000] {dagbag.py:545} INFO - Filling up the DagBag from /opt/airflow/dags/pipeline_label_studio.py
[2025-11-15T21:36:43.124+0000] {processor.py:830} INFO - Processing file /opt/airflow/dags/pipeline_label_studio.py for tasks to queue
[2025-11-15T21:36:43.129+0000] {logging_mixin.py:188} INFO - [2025-11-15T21:36:43.128+0000] {dagbag.py:545} INFO - Filling up the DagBag from /opt/airflow/dags/pipeline_label_studio.py
[2025-11-15T21:36:43.149+0000] {processor.py:840} INFO - DAG(s) 'etl_label_studio' retrieved from /opt/airflow/dags/pipeline_label_studio.py
[2025-11-15T21:36:43.153+0000] {processor.py:840} INFO - DAG(s) 'etl_label_studio' retrieved from /opt/airflow/dags/pipeline_label_studio.py
[2025-11-15T21:36:43.206+0000] {logging_mixin.py:188} INFO - [2025-11-15T21:36:43.205+0000] {dag.py:3089} INFO - Sync 1 DAGs
[2025-11-15T21:36:43.207+0000] {logging_mixin.py:188} INFO - [2025-11-15T21:36:43.207+0000] {dag.py:3089} INFO - Sync 1 DAGs
[2025-11-15T21:36:43.246+0000] {logging_mixin.py:188} INFO - [2025-11-15T21:36:43.246+0000] {dag.py:3947} INFO - Setting next_dagrun for etl_label_studio to 2025-11-14 03:00:00+00:00, run_after=2025-11-15 03:00:00+00:00
[2025-11-15T21:36:43.264+0000] {processor.py:183} INFO - Processing /opt/airflow/dags/pipeline_label_studio.py took 0.157 seconds
[2025-11-15T21:36:43.271+0000] {logging_mixin.py:188} INFO - [2025-11-15T21:36:43.271+0000] {dag.py:3947} INFO - Setting next_dagrun for etl_label_studio to 2025-11-14 03:00:00+00:00, run_after=2025-11-15 03:00:00+00:00
[2025-11-15T21:36:43.288+0000] {processor.py:183} INFO - Processing /opt/airflow/dags/pipeline_label_studio.py took 0.180 seconds
[2025-11-15T21:37:13.514+0000] {processor.py:161} INFO - Started process (PID=426) to work on /opt/airflow/dags/pipeline_label_studio.py
[2025-11-15T21:37:13.515+0000] {processor.py:161} INFO - Started process (PID=386) to work on /opt/airflow/dags/pipeline_label_studio.py
[2025-11-15T21:37:13.518+0000] {processor.py:830} INFO - Processing file /opt/airflow/dags/pipeline_label_studio.py for tasks to queue
[2025-11-15T21:37:13.522+0000] {logging_mixin.py:188} INFO - [2025-11-15T21:37:13.521+0000] {dagbag.py:545} INFO - Filling up the DagBag from /opt/airflow/dags/pipeline_label_studio.py
[2025-11-15T21:37:13.521+0000] {processor.py:830} INFO - Processing file /opt/airflow/dags/pipeline_label_studio.py for tasks to queue
[2025-11-15T21:37:13.524+0000] {logging_mixin.py:188} INFO - [2025-11-15T21:37:13.524+0000] {dagbag.py:545} INFO - Filling up the DagBag from /opt/airflow/dags/pipeline_label_studio.py
[2025-11-15T21:37:13.542+0000] {processor.py:840} INFO - DAG(s) 'etl_label_studio' retrieved from /opt/airflow/dags/pipeline_label_studio.py
[2025-11-15T21:37:13.547+0000] {processor.py:840} INFO - DAG(s) 'etl_label_studio' retrieved from /opt/airflow/dags/pipeline_label_studio.py
[2025-11-15T21:37:13.583+0000] {logging_mixin.py:188} INFO - [2025-11-15T21:37:13.583+0000] {dag.py:3089} INFO - Sync 1 DAGs
[2025-11-15T21:37:13.589+0000] {logging_mixin.py:188} INFO - [2025-11-15T21:37:13.588+0000] {dag.py:3089} INFO - Sync 1 DAGs
[2025-11-15T21:37:13.614+0000] {logging_mixin.py:188} INFO - [2025-11-15T21:37:13.614+0000] {dag.py:3947} INFO - Setting next_dagrun for etl_label_studio to 2025-11-14 03:00:00+00:00, run_after=2025-11-15 03:00:00+00:00
[2025-11-15T21:37:13.630+0000] {processor.py:183} INFO - Processing /opt/airflow/dags/pipeline_label_studio.py took 0.125 seconds
[2025-11-15T21:37:13.636+0000] {logging_mixin.py:188} INFO - [2025-11-15T21:37:13.635+0000] {dag.py:3947} INFO - Setting next_dagrun for etl_label_studio to 2025-11-14 03:00:00+00:00, run_after=2025-11-15 03:00:00+00:00
[2025-11-15T21:37:13.649+0000] {processor.py:183} INFO - Processing /opt/airflow/dags/pipeline_label_studio.py took 0.145 seconds
[2025-11-15T21:37:43.821+0000] {processor.py:161} INFO - Started process (PID=396) to work on /opt/airflow/dags/pipeline_label_studio.py
[2025-11-15T21:37:43.821+0000] {processor.py:161} INFO - Started process (PID=436) to work on /opt/airflow/dags/pipeline_label_studio.py
[2025-11-15T21:37:43.860+0000] {processor.py:830} INFO - Processing file /opt/airflow/dags/pipeline_label_studio.py for tasks to queue
[2025-11-15T21:37:43.860+0000] {processor.py:830} INFO - Processing file /opt/airflow/dags/pipeline_label_studio.py for tasks to queue
[2025-11-15T21:37:43.864+0000] {logging_mixin.py:188} INFO - [2025-11-15T21:37:43.863+0000] {dagbag.py:545} INFO - Filling up the DagBag from /opt/airflow/dags/pipeline_label_studio.py
[2025-11-15T21:37:43.866+0000] {logging_mixin.py:188} INFO - [2025-11-15T21:37:43.864+0000] {dagbag.py:545} INFO - Filling up the DagBag from /opt/airflow/dags/pipeline_label_studio.py
[2025-11-15T21:37:43.899+0000] {processor.py:840} INFO - DAG(s) 'etl_label_studio' retrieved from /opt/airflow/dags/pipeline_label_studio.py
[2025-11-15T21:37:43.902+0000] {processor.py:840} INFO - DAG(s) 'etl_label_studio' retrieved from /opt/airflow/dags/pipeline_label_studio.py
[2025-11-15T21:37:43.957+0000] {logging_mixin.py:188} INFO - [2025-11-15T21:37:43.957+0000] {dag.py:3089} INFO - Sync 1 DAGs
[2025-11-15T21:37:43.958+0000] {logging_mixin.py:188} INFO - [2025-11-15T21:37:43.957+0000] {dag.py:3089} INFO - Sync 1 DAGs
[2025-11-15T21:37:43.990+0000] {logging_mixin.py:188} INFO - [2025-11-15T21:37:43.989+0000] {dag.py:3947} INFO - Setting next_dagrun for etl_label_studio to 2025-11-14 03:00:00+00:00, run_after=2025-11-15 03:00:00+00:00
[2025-11-15T21:37:44.010+0000] {processor.py:183} INFO - Processing /opt/airflow/dags/pipeline_label_studio.py took 0.207 seconds
[2025-11-15T21:37:44.014+0000] {logging_mixin.py:188} INFO - [2025-11-15T21:37:44.013+0000] {dag.py:3947} INFO - Setting next_dagrun for etl_label_studio to 2025-11-14 03:00:00+00:00, run_after=2025-11-15 03:00:00+00:00
[2025-11-15T21:37:44.034+0000] {processor.py:183} INFO - Processing /opt/airflow/dags/pipeline_label_studio.py took 0.231 seconds
[2025-11-15T21:38:14.355+0000] {processor.py:161} INFO - Started process (PID=446) to work on /opt/airflow/dags/pipeline_label_studio.py
[2025-11-15T21:38:14.357+0000] {processor.py:161} INFO - Started process (PID=406) to work on /opt/airflow/dags/pipeline_label_studio.py
[2025-11-15T21:38:14.356+0000] {processor.py:830} INFO - Processing file /opt/airflow/dags/pipeline_label_studio.py for tasks to queue
[2025-11-15T21:38:14.358+0000] {processor.py:830} INFO - Processing file /opt/airflow/dags/pipeline_label_studio.py for tasks to queue
[2025-11-15T21:38:14.363+0000] {logging_mixin.py:188} INFO - [2025-11-15T21:38:14.363+0000] {dagbag.py:545} INFO - Filling up the DagBag from /opt/airflow/dags/pipeline_label_studio.py
[2025-11-15T21:38:14.363+0000] {logging_mixin.py:188} INFO - [2025-11-15T21:38:14.363+0000] {dagbag.py:545} INFO - Filling up the DagBag from /opt/airflow/dags/pipeline_label_studio.py
[2025-11-15T21:38:14.382+0000] {processor.py:840} INFO - DAG(s) 'etl_label_studio' retrieved from /opt/airflow/dags/pipeline_label_studio.py
[2025-11-15T21:38:14.382+0000] {processor.py:840} INFO - DAG(s) 'etl_label_studio' retrieved from /opt/airflow/dags/pipeline_label_studio.py
[2025-11-15T21:38:14.420+0000] {logging_mixin.py:188} INFO - [2025-11-15T21:38:14.420+0000] {dag.py:3089} INFO - Sync 1 DAGs
[2025-11-15T21:38:14.421+0000] {logging_mixin.py:188} INFO - [2025-11-15T21:38:14.421+0000] {dag.py:3089} INFO - Sync 1 DAGs
[2025-11-15T21:38:14.450+0000] {logging_mixin.py:188} INFO - [2025-11-15T21:38:14.450+0000] {dag.py:3947} INFO - Setting next_dagrun for etl_label_studio to 2025-11-14 03:00:00+00:00, run_after=2025-11-15 03:00:00+00:00
[2025-11-15T21:38:14.477+0000] {logging_mixin.py:188} INFO - [2025-11-15T21:38:14.476+0000] {dag.py:3947} INFO - Setting next_dagrun for etl_label_studio to 2025-11-14 03:00:00+00:00, run_after=2025-11-15 03:00:00+00:00
[2025-11-15T21:38:14.480+0000] {processor.py:183} INFO - Processing /opt/airflow/dags/pipeline_label_studio.py took 0.134 seconds
[2025-11-15T21:38:14.497+0000] {processor.py:183} INFO - Processing /opt/airflow/dags/pipeline_label_studio.py took 0.153 seconds
[2025-11-15T21:38:44.647+0000] {processor.py:161} INFO - Started process (PID=416) to work on /opt/airflow/dags/pipeline_label_studio.py
[2025-11-15T21:38:44.652+0000] {processor.py:161} INFO - Started process (PID=456) to work on /opt/airflow/dags/pipeline_label_studio.py
[2025-11-15T21:38:44.653+0000] {processor.py:830} INFO - Processing file /opt/airflow/dags/pipeline_label_studio.py for tasks to queue
[2025-11-15T21:38:44.655+0000] {processor.py:830} INFO - Processing file /opt/airflow/dags/pipeline_label_studio.py for tasks to queue
[2025-11-15T21:38:44.661+0000] {logging_mixin.py:188} INFO - [2025-11-15T21:38:44.661+0000] {dagbag.py:545} INFO - Filling up the DagBag from /opt/airflow/dags/pipeline_label_studio.py
[2025-11-15T21:38:44.663+0000] {logging_mixin.py:188} INFO - [2025-11-15T21:38:44.662+0000] {dagbag.py:545} INFO - Filling up the DagBag from /opt/airflow/dags/pipeline_label_studio.py
[2025-11-15T21:38:44.700+0000] {processor.py:840} INFO - DAG(s) 'etl_label_studio' retrieved from /opt/airflow/dags/pipeline_label_studio.py
[2025-11-15T21:38:44.701+0000] {processor.py:840} INFO - DAG(s) 'etl_label_studio' retrieved from /opt/airflow/dags/pipeline_label_studio.py
[2025-11-15T21:38:44.760+0000] {logging_mixin.py:188} INFO - [2025-11-15T21:38:44.760+0000] {dag.py:3089} INFO - Sync 1 DAGs
[2025-11-15T21:38:44.760+0000] {logging_mixin.py:188} INFO - [2025-11-15T21:38:44.760+0000] {dag.py:3089} INFO - Sync 1 DAGs
[2025-11-15T21:38:44.785+0000] {logging_mixin.py:188} INFO - [2025-11-15T21:38:44.785+0000] {dag.py:3947} INFO - Setting next_dagrun for etl_label_studio to 2025-11-14 03:00:00+00:00, run_after=2025-11-15 03:00:00+00:00
[2025-11-15T21:38:44.806+0000] {processor.py:183} INFO - Processing /opt/airflow/dags/pipeline_label_studio.py took 0.178 seconds
[2025-11-15T21:38:44.813+0000] {logging_mixin.py:188} INFO - [2025-11-15T21:38:44.813+0000] {dag.py:3947} INFO - Setting next_dagrun for etl_label_studio to 2025-11-14 03:00:00+00:00, run_after=2025-11-15 03:00:00+00:00
[2025-11-15T21:38:44.830+0000] {processor.py:183} INFO - Processing /opt/airflow/dags/pipeline_label_studio.py took 0.202 seconds
[2025-11-15T21:39:14.940+0000] {processor.py:161} INFO - Started process (PID=426) to work on /opt/airflow/dags/pipeline_label_studio.py
[2025-11-15T21:39:14.944+0000] {processor.py:830} INFO - Processing file /opt/airflow/dags/pipeline_label_studio.py for tasks to queue
[2025-11-15T21:39:14.948+0000] {logging_mixin.py:188} INFO - [2025-11-15T21:39:14.947+0000] {dagbag.py:545} INFO - Filling up the DagBag from /opt/airflow/dags/pipeline_label_studio.py
[2025-11-15T21:39:14.987+0000] {processor.py:840} INFO - DAG(s) 'etl_label_studio' retrieved from /opt/airflow/dags/pipeline_label_studio.py
[2025-11-15T21:39:15.009+0000] {processor.py:161} INFO - Started process (PID=466) to work on /opt/airflow/dags/pipeline_label_studio.py
[2025-11-15T21:39:15.010+0000] {processor.py:830} INFO - Processing file /opt/airflow/dags/pipeline_label_studio.py for tasks to queue
[2025-11-15T21:39:15.018+0000] {logging_mixin.py:188} INFO - [2025-11-15T21:39:15.016+0000] {dagbag.py:545} INFO - Filling up the DagBag from /opt/airflow/dags/pipeline_label_studio.py
[2025-11-15T21:39:15.097+0000] {processor.py:840} INFO - DAG(s) 'etl_label_studio' retrieved from /opt/airflow/dags/pipeline_label_studio.py
[2025-11-15T21:39:15.098+0000] {logging_mixin.py:188} INFO - [2025-11-15T21:39:15.098+0000] {dag.py:3089} INFO - Sync 1 DAGs
[2025-11-15T21:39:15.130+0000] {logging_mixin.py:188} INFO - [2025-11-15T21:39:15.130+0000] {dag.py:3947} INFO - Setting next_dagrun for etl_label_studio to 2025-11-14 03:00:00+00:00, run_after=2025-11-15 03:00:00+00:00
[2025-11-15T21:39:15.142+0000] {logging_mixin.py:188} INFO - [2025-11-15T21:39:15.141+0000] {dag.py:3089} INFO - Sync 1 DAGs
[2025-11-15T21:39:15.152+0000] {processor.py:183} INFO - Processing /opt/airflow/dags/pipeline_label_studio.py took 0.224 seconds
[2025-11-15T21:39:15.168+0000] {logging_mixin.py:188} INFO - [2025-11-15T21:39:15.168+0000] {dag.py:3947} INFO - Setting next_dagrun for etl_label_studio to 2025-11-14 03:00:00+00:00, run_after=2025-11-15 03:00:00+00:00
[2025-11-15T21:39:15.182+0000] {processor.py:183} INFO - Processing /opt/airflow/dags/pipeline_label_studio.py took 0.188 seconds
[2025-11-15T21:39:45.318+0000] {processor.py:161} INFO - Started process (PID=476) to work on /opt/airflow/dags/pipeline_label_studio.py
[2025-11-15T21:39:45.329+0000] {processor.py:161} INFO - Started process (PID=436) to work on /opt/airflow/dags/pipeline_label_studio.py
[2025-11-15T21:39:45.367+0000] {processor.py:830} INFO - Processing file /opt/airflow/dags/pipeline_label_studio.py for tasks to queue
[2025-11-15T21:39:45.368+0000] {processor.py:830} INFO - Processing file /opt/airflow/dags/pipeline_label_studio.py for tasks to queue
[2025-11-15T21:39:45.373+0000] {logging_mixin.py:188} INFO - [2025-11-15T21:39:45.372+0000] {dagbag.py:545} INFO - Filling up the DagBag from /opt/airflow/dags/pipeline_label_studio.py
[2025-11-15T21:39:45.373+0000] {logging_mixin.py:188} INFO - [2025-11-15T21:39:45.372+0000] {dagbag.py:545} INFO - Filling up the DagBag from /opt/airflow/dags/pipeline_label_studio.py
[2025-11-15T21:39:45.406+0000] {processor.py:840} INFO - DAG(s) 'etl_label_studio' retrieved from /opt/airflow/dags/pipeline_label_studio.py
[2025-11-15T21:39:45.406+0000] {processor.py:840} INFO - DAG(s) 'etl_label_studio' retrieved from /opt/airflow/dags/pipeline_label_studio.py
[2025-11-15T21:39:45.454+0000] {logging_mixin.py:188} INFO - [2025-11-15T21:39:45.454+0000] {dag.py:3089} INFO - Sync 1 DAGs
[2025-11-15T21:39:45.454+0000] {logging_mixin.py:188} INFO - [2025-11-15T21:39:45.454+0000] {dag.py:3089} INFO - Sync 1 DAGs
[2025-11-15T21:39:45.484+0000] {logging_mixin.py:188} INFO - [2025-11-15T21:39:45.484+0000] {dag.py:3947} INFO - Setting next_dagrun for etl_label_studio to 2025-11-14 03:00:00+00:00, run_after=2025-11-15 03:00:00+00:00
[2025-11-15T21:39:45.500+0000] {processor.py:183} INFO - Processing /opt/airflow/dags/pipeline_label_studio.py took 0.199 seconds
[2025-11-15T21:39:45.505+0000] {logging_mixin.py:188} INFO - [2025-11-15T21:39:45.504+0000] {dag.py:3947} INFO - Setting next_dagrun for etl_label_studio to 2025-11-14 03:00:00+00:00, run_after=2025-11-15 03:00:00+00:00
[2025-11-15T21:39:45.519+0000] {processor.py:183} INFO - Processing /opt/airflow/dags/pipeline_label_studio.py took 0.226 seconds
[2025-11-15T21:40:15.814+0000] {processor.py:161} INFO - Started process (PID=486) to work on /opt/airflow/dags/pipeline_label_studio.py
[2025-11-15T21:40:15.817+0000] {processor.py:161} INFO - Started process (PID=446) to work on /opt/airflow/dags/pipeline_label_studio.py
[2025-11-15T21:40:15.847+0000] {processor.py:830} INFO - Processing file /opt/airflow/dags/pipeline_label_studio.py for tasks to queue
[2025-11-15T21:40:15.847+0000] {processor.py:830} INFO - Processing file /opt/airflow/dags/pipeline_label_studio.py for tasks to queue
[2025-11-15T21:40:15.853+0000] {logging_mixin.py:188} INFO - [2025-11-15T21:40:15.853+0000] {dagbag.py:545} INFO - Filling up the DagBag from /opt/airflow/dags/pipeline_label_studio.py
[2025-11-15T21:40:15.853+0000] {logging_mixin.py:188} INFO - [2025-11-15T21:40:15.853+0000] {dagbag.py:545} INFO - Filling up the DagBag from /opt/airflow/dags/pipeline_label_studio.py
[2025-11-15T21:40:15.881+0000] {processor.py:840} INFO - DAG(s) 'etl_label_studio' retrieved from /opt/airflow/dags/pipeline_label_studio.py
[2025-11-15T21:40:15.881+0000] {processor.py:840} INFO - DAG(s) 'etl_label_studio' retrieved from /opt/airflow/dags/pipeline_label_studio.py
[2025-11-15T21:40:15.944+0000] {logging_mixin.py:188} INFO - [2025-11-15T21:40:15.944+0000] {dag.py:3089} INFO - Sync 1 DAGs
[2025-11-15T21:40:15.945+0000] {logging_mixin.py:188} INFO - [2025-11-15T21:40:15.944+0000] {dag.py:3089} INFO - Sync 1 DAGs
[2025-11-15T21:40:15.975+0000] {logging_mixin.py:188} INFO - [2025-11-15T21:40:15.975+0000] {dag.py:3947} INFO - Setting next_dagrun for etl_label_studio to 2025-11-14 03:00:00+00:00, run_after=2025-11-15 03:00:00+00:00
[2025-11-15T21:40:15.993+0000] {processor.py:183} INFO - Processing /opt/airflow/dags/pipeline_label_studio.py took 0.189 seconds
[2025-11-15T21:40:15.996+0000] {logging_mixin.py:188} INFO - [2025-11-15T21:40:15.996+0000] {dag.py:3947} INFO - Setting next_dagrun for etl_label_studio to 2025-11-14 03:00:00+00:00, run_after=2025-11-15 03:00:00+00:00
[2025-11-15T21:40:16.011+0000] {processor.py:183} INFO - Processing /opt/airflow/dags/pipeline_label_studio.py took 0.210 seconds
[2025-11-15T21:40:46.306+0000] {processor.py:161} INFO - Started process (PID=496) to work on /opt/airflow/dags/pipeline_label_studio.py
[2025-11-15T21:40:46.306+0000] {processor.py:161} INFO - Started process (PID=456) to work on /opt/airflow/dags/pipeline_label_studio.py
[2025-11-15T21:40:46.307+0000] {processor.py:830} INFO - Processing file /opt/airflow/dags/pipeline_label_studio.py for tasks to queue
[2025-11-15T21:40:46.311+0000] {logging_mixin.py:188} INFO - [2025-11-15T21:40:46.310+0000] {dagbag.py:545} INFO - Filling up the DagBag from /opt/airflow/dags/pipeline_label_studio.py
[2025-11-15T21:40:46.310+0000] {processor.py:830} INFO - Processing file /opt/airflow/dags/pipeline_label_studio.py for tasks to queue
[2025-11-15T21:40:46.313+0000] {logging_mixin.py:188} INFO - [2025-11-15T21:40:46.312+0000] {dagbag.py:545} INFO - Filling up the DagBag from /opt/airflow/dags/pipeline_label_studio.py
[2025-11-15T21:40:46.333+0000] {processor.py:840} INFO - DAG(s) 'etl_label_studio' retrieved from /opt/airflow/dags/pipeline_label_studio.py
[2025-11-15T21:40:46.334+0000] {processor.py:840} INFO - DAG(s) 'etl_label_studio' retrieved from /opt/airflow/dags/pipeline_label_studio.py
[2025-11-15T21:40:46.372+0000] {logging_mixin.py:188} INFO - [2025-11-15T21:40:46.372+0000] {dag.py:3089} INFO - Sync 1 DAGs
[2025-11-15T21:40:46.372+0000] {logging_mixin.py:188} INFO - [2025-11-15T21:40:46.372+0000] {dag.py:3089} INFO - Sync 1 DAGs
[2025-11-15T21:40:46.399+0000] {logging_mixin.py:188} INFO - [2025-11-15T21:40:46.399+0000] {dag.py:3947} INFO - Setting next_dagrun for etl_label_studio to 2025-11-14 03:00:00+00:00, run_after=2025-11-15 03:00:00+00:00
[2025-11-15T21:40:46.415+0000] {processor.py:183} INFO - Processing /opt/airflow/dags/pipeline_label_studio.py took 0.118 seconds
[2025-11-15T21:40:46.421+0000] {logging_mixin.py:188} INFO - [2025-11-15T21:40:46.421+0000] {dag.py:3947} INFO - Setting next_dagrun for etl_label_studio to 2025-11-14 03:00:00+00:00, run_after=2025-11-15 03:00:00+00:00
[2025-11-15T21:40:46.436+0000] {processor.py:183} INFO - Processing /opt/airflow/dags/pipeline_label_studio.py took 0.139 seconds
[2025-11-15T21:41:16.642+0000] {processor.py:161} INFO - Started process (PID=466) to work on /opt/airflow/dags/pipeline_label_studio.py
[2025-11-15T21:41:16.643+0000] {processor.py:161} INFO - Started process (PID=506) to work on /opt/airflow/dags/pipeline_label_studio.py
[2025-11-15T21:41:16.647+0000] {processor.py:830} INFO - Processing file /opt/airflow/dags/pipeline_label_studio.py for tasks to queue
[2025-11-15T21:41:16.647+0000] {processor.py:830} INFO - Processing file /opt/airflow/dags/pipeline_label_studio.py for tasks to queue
[2025-11-15T21:41:16.651+0000] {logging_mixin.py:188} INFO - [2025-11-15T21:41:16.650+0000] {dagbag.py:545} INFO - Filling up the DagBag from /opt/airflow/dags/pipeline_label_studio.py
[2025-11-15T21:41:16.651+0000] {logging_mixin.py:188} INFO - [2025-11-15T21:41:16.650+0000] {dagbag.py:545} INFO - Filling up the DagBag from /opt/airflow/dags/pipeline_label_studio.py
[2025-11-15T21:41:16.670+0000] {processor.py:840} INFO - DAG(s) 'etl_label_studio' retrieved from /opt/airflow/dags/pipeline_label_studio.py
[2025-11-15T21:41:16.674+0000] {processor.py:840} INFO - DAG(s) 'etl_label_studio' retrieved from /opt/airflow/dags/pipeline_label_studio.py
[2025-11-15T21:41:16.723+0000] {logging_mixin.py:188} INFO - [2025-11-15T21:41:16.723+0000] {dag.py:3089} INFO - Sync 1 DAGs
[2025-11-15T21:41:16.723+0000] {logging_mixin.py:188} INFO - [2025-11-15T21:41:16.723+0000] {dag.py:3089} INFO - Sync 1 DAGs
[2025-11-15T21:41:16.750+0000] {logging_mixin.py:188} INFO - [2025-11-15T21:41:16.750+0000] {dag.py:3947} INFO - Setting next_dagrun for etl_label_studio to 2025-11-14 03:00:00+00:00, run_after=2025-11-15 03:00:00+00:00
[2025-11-15T21:41:16.769+0000] {processor.py:183} INFO - Processing /opt/airflow/dags/pipeline_label_studio.py took 0.137 seconds
[2025-11-15T21:41:16.773+0000] {logging_mixin.py:188} INFO - [2025-11-15T21:41:16.773+0000] {dag.py:3947} INFO - Setting next_dagrun for etl_label_studio to 2025-11-14 03:00:00+00:00, run_after=2025-11-15 03:00:00+00:00
[2025-11-15T21:41:16.791+0000] {processor.py:183} INFO - Processing /opt/airflow/dags/pipeline_label_studio.py took 0.158 seconds
[2025-11-15T21:41:46.944+0000] {processor.py:161} INFO - Started process (PID=476) to work on /opt/airflow/dags/pipeline_label_studio.py
[2025-11-15T21:41:46.945+0000] {processor.py:161} INFO - Started process (PID=516) to work on /opt/airflow/dags/pipeline_label_studio.py
[2025-11-15T21:41:46.975+0000] {processor.py:830} INFO - Processing file /opt/airflow/dags/pipeline_label_studio.py for tasks to queue
[2025-11-15T21:41:46.979+0000] {processor.py:830} INFO - Processing file /opt/airflow/dags/pipeline_label_studio.py for tasks to queue
[2025-11-15T21:41:46.995+0000] {logging_mixin.py:188} INFO - [2025-11-15T21:41:46.994+0000] {dagbag.py:545} INFO - Filling up the DagBag from /opt/airflow/dags/pipeline_label_studio.py
[2025-11-15T21:41:46.997+0000] {logging_mixin.py:188} INFO - [2025-11-15T21:41:46.996+0000] {dagbag.py:545} INFO - Filling up the DagBag from /opt/airflow/dags/pipeline_label_studio.py
[2025-11-15T21:41:47.027+0000] {processor.py:840} INFO - DAG(s) 'etl_label_studio' retrieved from /opt/airflow/dags/pipeline_label_studio.py
[2025-11-15T21:41:47.028+0000] {processor.py:840} INFO - DAG(s) 'etl_label_studio' retrieved from /opt/airflow/dags/pipeline_label_studio.py
[2025-11-15T21:41:47.093+0000] {logging_mixin.py:188} INFO - [2025-11-15T21:41:47.093+0000] {dag.py:3089} INFO - Sync 1 DAGs
[2025-11-15T21:41:47.093+0000] {logging_mixin.py:188} INFO - [2025-11-15T21:41:47.093+0000] {dag.py:3089} INFO - Sync 1 DAGs
[2025-11-15T21:41:47.123+0000] {logging_mixin.py:188} INFO - [2025-11-15T21:41:47.123+0000] {dag.py:3947} INFO - Setting next_dagrun for etl_label_studio to 2025-11-14 03:00:00+00:00, run_after=2025-11-15 03:00:00+00:00
[2025-11-15T21:41:47.143+0000] {processor.py:183} INFO - Processing /opt/airflow/dags/pipeline_label_studio.py took 0.218 seconds
[2025-11-15T21:41:47.148+0000] {logging_mixin.py:188} INFO - [2025-11-15T21:41:47.147+0000] {dag.py:3947} INFO - Setting next_dagrun for etl_label_studio to 2025-11-14 03:00:00+00:00, run_after=2025-11-15 03:00:00+00:00
[2025-11-15T21:41:47.167+0000] {processor.py:183} INFO - Processing /opt/airflow/dags/pipeline_label_studio.py took 0.244 seconds
[2025-11-15T21:42:17.279+0000] {processor.py:161} INFO - Started process (PID=486) to work on /opt/airflow/dags/pipeline_label_studio.py
[2025-11-15T21:42:17.279+0000] {processor.py:161} INFO - Started process (PID=526) to work on /opt/airflow/dags/pipeline_label_studio.py
[2025-11-15T21:42:17.283+0000] {processor.py:830} INFO - Processing file /opt/airflow/dags/pipeline_label_studio.py for tasks to queue
[2025-11-15T21:42:17.284+0000] {processor.py:830} INFO - Processing file /opt/airflow/dags/pipeline_label_studio.py for tasks to queue
[2025-11-15T21:42:17.287+0000] {logging_mixin.py:188} INFO - [2025-11-15T21:42:17.286+0000] {dagbag.py:545} INFO - Filling up the DagBag from /opt/airflow/dags/pipeline_label_studio.py
[2025-11-15T21:42:17.287+0000] {logging_mixin.py:188} INFO - [2025-11-15T21:42:17.286+0000] {dagbag.py:545} INFO - Filling up the DagBag from /opt/airflow/dags/pipeline_label_studio.py
[2025-11-15T21:42:17.309+0000] {processor.py:840} INFO - DAG(s) 'etl_label_studio' retrieved from /opt/airflow/dags/pipeline_label_studio.py
[2025-11-15T21:42:17.309+0000] {processor.py:840} INFO - DAG(s) 'etl_label_studio' retrieved from /opt/airflow/dags/pipeline_label_studio.py
[2025-11-15T21:42:17.347+0000] {logging_mixin.py:188} INFO - [2025-11-15T21:42:17.347+0000] {dag.py:3089} INFO - Sync 1 DAGs
[2025-11-15T21:42:17.349+0000] {logging_mixin.py:188} INFO - [2025-11-15T21:42:17.349+0000] {dag.py:3089} INFO - Sync 1 DAGs
[2025-11-15T21:42:17.373+0000] {logging_mixin.py:188} INFO - [2025-11-15T21:42:17.373+0000] {dag.py:3947} INFO - Setting next_dagrun for etl_label_studio to 2025-11-14 03:00:00+00:00, run_after=2025-11-15 03:00:00+00:00
[2025-11-15T21:42:17.393+0000] {processor.py:183} INFO - Processing /opt/airflow/dags/pipeline_label_studio.py took 0.123 seconds
[2025-11-15T21:42:17.394+0000] {logging_mixin.py:188} INFO - [2025-11-15T21:42:17.394+0000] {dag.py:3947} INFO - Setting next_dagrun for etl_label_studio to 2025-11-14 03:00:00+00:00, run_after=2025-11-15 03:00:00+00:00
[2025-11-15T21:42:17.409+0000] {processor.py:183} INFO - Processing /opt/airflow/dags/pipeline_label_studio.py took 0.139 seconds
[2025-11-15T21:42:47.675+0000] {processor.py:161} INFO - Started process (PID=496) to work on /opt/airflow/dags/pipeline_label_studio.py
[2025-11-15T21:42:47.675+0000] {processor.py:161} INFO - Started process (PID=536) to work on /opt/airflow/dags/pipeline_label_studio.py
[2025-11-15T21:42:47.679+0000] {processor.py:830} INFO - Processing file /opt/airflow/dags/pipeline_label_studio.py for tasks to queue
[2025-11-15T21:42:47.679+0000] {processor.py:830} INFO - Processing file /opt/airflow/dags/pipeline_label_studio.py for tasks to queue
[2025-11-15T21:42:47.682+0000] {logging_mixin.py:188} INFO - [2025-11-15T21:42:47.681+0000] {dagbag.py:545} INFO - Filling up the DagBag from /opt/airflow/dags/pipeline_label_studio.py
[2025-11-15T21:42:47.682+0000] {logging_mixin.py:188} INFO - [2025-11-15T21:42:47.682+0000] {dagbag.py:545} INFO - Filling up the DagBag from /opt/airflow/dags/pipeline_label_studio.py
[2025-11-15T21:42:47.702+0000] {processor.py:840} INFO - DAG(s) 'etl_label_studio' retrieved from /opt/airflow/dags/pipeline_label_studio.py
[2025-11-15T21:42:47.703+0000] {processor.py:840} INFO - DAG(s) 'etl_label_studio' retrieved from /opt/airflow/dags/pipeline_label_studio.py
[2025-11-15T21:42:47.749+0000] {logging_mixin.py:188} INFO - [2025-11-15T21:42:47.749+0000] {dag.py:3089} INFO - Sync 1 DAGs
[2025-11-15T21:42:47.749+0000] {logging_mixin.py:188} INFO - [2025-11-15T21:42:47.749+0000] {dag.py:3089} INFO - Sync 1 DAGs
[2025-11-15T21:42:47.775+0000] {logging_mixin.py:188} INFO - [2025-11-15T21:42:47.775+0000] {dag.py:3947} INFO - Setting next_dagrun for etl_label_studio to 2025-11-14 03:00:00+00:00, run_after=2025-11-15 03:00:00+00:00
[2025-11-15T21:42:47.797+0000] {processor.py:183} INFO - Processing /opt/airflow/dags/pipeline_label_studio.py took 0.131 seconds
[2025-11-15T21:42:47.803+0000] {logging_mixin.py:188} INFO - [2025-11-15T21:42:47.803+0000] {dag.py:3947} INFO - Setting next_dagrun for etl_label_studio to 2025-11-14 03:00:00+00:00, run_after=2025-11-15 03:00:00+00:00
[2025-11-15T21:42:47.818+0000] {processor.py:183} INFO - Processing /opt/airflow/dags/pipeline_label_studio.py took 0.152 seconds
[2025-11-15T21:43:18.007+0000] {processor.py:161} INFO - Started process (PID=546) to work on /opt/airflow/dags/pipeline_label_studio.py
[2025-11-15T21:43:18.008+0000] {processor.py:161} INFO - Started process (PID=506) to work on /opt/airflow/dags/pipeline_label_studio.py
[2025-11-15T21:43:18.012+0000] {processor.py:830} INFO - Processing file /opt/airflow/dags/pipeline_label_studio.py for tasks to queue
[2025-11-15T21:43:18.013+0000] {processor.py:830} INFO - Processing file /opt/airflow/dags/pipeline_label_studio.py for tasks to queue
[2025-11-15T21:43:18.022+0000] {logging_mixin.py:188} INFO - [2025-11-15T21:43:18.021+0000] {dagbag.py:545} INFO - Filling up the DagBag from /opt/airflow/dags/pipeline_label_studio.py
[2025-11-15T21:43:18.022+0000] {logging_mixin.py:188} INFO - [2025-11-15T21:43:18.021+0000] {dagbag.py:545} INFO - Filling up the DagBag from /opt/airflow/dags/pipeline_label_studio.py
[2025-11-15T21:43:18.062+0000] {processor.py:840} INFO - DAG(s) 'etl_label_studio' retrieved from /opt/airflow/dags/pipeline_label_studio.py
[2025-11-15T21:43:18.062+0000] {processor.py:840} INFO - DAG(s) 'etl_label_studio' retrieved from /opt/airflow/dags/pipeline_label_studio.py
[2025-11-15T21:43:18.114+0000] {logging_mixin.py:188} INFO - [2025-11-15T21:43:18.114+0000] {dag.py:3089} INFO - Sync 1 DAGs
[2025-11-15T21:43:18.115+0000] {logging_mixin.py:188} INFO - [2025-11-15T21:43:18.114+0000] {dag.py:3089} INFO - Sync 1 DAGs
[2025-11-15T21:43:18.142+0000] {logging_mixin.py:188} INFO - [2025-11-15T21:43:18.142+0000] {dag.py:3947} INFO - Setting next_dagrun for etl_label_studio to 2025-11-14 03:00:00+00:00, run_after=2025-11-15 03:00:00+00:00
[2025-11-15T21:43:18.161+0000] {processor.py:183} INFO - Processing /opt/airflow/dags/pipeline_label_studio.py took 0.168 seconds
[2025-11-15T21:43:18.167+0000] {logging_mixin.py:188} INFO - [2025-11-15T21:43:18.166+0000] {dag.py:3947} INFO - Setting next_dagrun for etl_label_studio to 2025-11-14 03:00:00+00:00, run_after=2025-11-15 03:00:00+00:00
[2025-11-15T21:43:18.184+0000] {processor.py:183} INFO - Processing /opt/airflow/dags/pipeline_label_studio.py took 0.193 seconds
[2025-11-15T21:43:48.336+0000] {processor.py:161} INFO - Started process (PID=516) to work on /opt/airflow/dags/pipeline_label_studio.py
[2025-11-15T21:43:48.337+0000] {processor.py:161} INFO - Started process (PID=556) to work on /opt/airflow/dags/pipeline_label_studio.py
[2025-11-15T21:43:48.338+0000] {processor.py:830} INFO - Processing file /opt/airflow/dags/pipeline_label_studio.py for tasks to queue
[2025-11-15T21:43:48.340+0000] {processor.py:830} INFO - Processing file /opt/airflow/dags/pipeline_label_studio.py for tasks to queue
[2025-11-15T21:43:48.343+0000] {logging_mixin.py:188} INFO - [2025-11-15T21:43:48.343+0000] {dagbag.py:545} INFO - Filling up the DagBag from /opt/airflow/dags/pipeline_label_studio.py
[2025-11-15T21:43:48.345+0000] {logging_mixin.py:188} INFO - [2025-11-15T21:43:48.344+0000] {dagbag.py:545} INFO - Filling up the DagBag from /opt/airflow/dags/pipeline_label_studio.py
[2025-11-15T21:43:48.363+0000] {processor.py:840} INFO - DAG(s) 'etl_label_studio' retrieved from /opt/airflow/dags/pipeline_label_studio.py
[2025-11-15T21:43:48.369+0000] {processor.py:840} INFO - DAG(s) 'etl_label_studio' retrieved from /opt/airflow/dags/pipeline_label_studio.py
[2025-11-15T21:43:48.400+0000] {logging_mixin.py:188} INFO - [2025-11-15T21:43:48.400+0000] {dag.py:3089} INFO - Sync 1 DAGs
[2025-11-15T21:43:48.403+0000] {logging_mixin.py:188} INFO - [2025-11-15T21:43:48.403+0000] {dag.py:3089} INFO - Sync 1 DAGs
[2025-11-15T21:43:48.426+0000] {logging_mixin.py:188} INFO - [2025-11-15T21:43:48.425+0000] {dag.py:3947} INFO - Setting next_dagrun for etl_label_studio to 2025-11-14 03:00:00+00:00, run_after=2025-11-15 03:00:00+00:00
[2025-11-15T21:43:48.441+0000] {processor.py:183} INFO - Processing /opt/airflow/dags/pipeline_label_studio.py took 0.114 seconds
[2025-11-15T21:43:48.447+0000] {logging_mixin.py:188} INFO - [2025-11-15T21:43:48.447+0000] {dag.py:3947} INFO - Setting next_dagrun for etl_label_studio to 2025-11-14 03:00:00+00:00, run_after=2025-11-15 03:00:00+00:00
[2025-11-15T21:43:48.462+0000] {processor.py:183} INFO - Processing /opt/airflow/dags/pipeline_label_studio.py took 0.135 seconds
[2025-11-15T21:44:18.743+0000] {processor.py:161} INFO - Started process (PID=526) to work on /opt/airflow/dags/pipeline_label_studio.py
[2025-11-15T21:44:18.743+0000] {processor.py:161} INFO - Started process (PID=566) to work on /opt/airflow/dags/pipeline_label_studio.py
[2025-11-15T21:44:18.747+0000] {processor.py:830} INFO - Processing file /opt/airflow/dags/pipeline_label_studio.py for tasks to queue
[2025-11-15T21:44:18.747+0000] {processor.py:830} INFO - Processing file /opt/airflow/dags/pipeline_label_studio.py for tasks to queue
[2025-11-15T21:44:18.749+0000] {logging_mixin.py:188} INFO - [2025-11-15T21:44:18.749+0000] {dagbag.py:545} INFO - Filling up the DagBag from /opt/airflow/dags/pipeline_label_studio.py
[2025-11-15T21:44:18.750+0000] {logging_mixin.py:188} INFO - [2025-11-15T21:44:18.750+0000] {dagbag.py:545} INFO - Filling up the DagBag from /opt/airflow/dags/pipeline_label_studio.py
[2025-11-15T21:44:18.770+0000] {processor.py:840} INFO - DAG(s) 'etl_label_studio' retrieved from /opt/airflow/dags/pipeline_label_studio.py
[2025-11-15T21:44:18.771+0000] {processor.py:840} INFO - DAG(s) 'etl_label_studio' retrieved from /opt/airflow/dags/pipeline_label_studio.py
[2025-11-15T21:44:18.808+0000] {logging_mixin.py:188} INFO - [2025-11-15T21:44:18.808+0000] {dag.py:3089} INFO - Sync 1 DAGs
[2025-11-15T21:44:18.808+0000] {logging_mixin.py:188} INFO - [2025-11-15T21:44:18.808+0000] {dag.py:3089} INFO - Sync 1 DAGs
[2025-11-15T21:44:18.831+0000] {logging_mixin.py:188} INFO - [2025-11-15T21:44:18.831+0000] {dag.py:3947} INFO - Setting next_dagrun for etl_label_studio to 2025-11-14 03:00:00+00:00, run_after=2025-11-15 03:00:00+00:00
[2025-11-15T21:44:18.847+0000] {processor.py:183} INFO - Processing /opt/airflow/dags/pipeline_label_studio.py took 0.114 seconds
[2025-11-15T21:44:18.852+0000] {logging_mixin.py:188} INFO - [2025-11-15T21:44:18.852+0000] {dag.py:3947} INFO - Setting next_dagrun for etl_label_studio to 2025-11-14 03:00:00+00:00, run_after=2025-11-15 03:00:00+00:00
[2025-11-15T21:44:18.866+0000] {processor.py:183} INFO - Processing /opt/airflow/dags/pipeline_label_studio.py took 0.134 seconds
[2025-11-15T21:44:49.049+0000] {processor.py:161} INFO - Started process (PID=536) to work on /opt/airflow/dags/pipeline_label_studio.py
[2025-11-15T21:44:49.050+0000] {processor.py:161} INFO - Started process (PID=576) to work on /opt/airflow/dags/pipeline_label_studio.py
[2025-11-15T21:44:49.053+0000] {processor.py:830} INFO - Processing file /opt/airflow/dags/pipeline_label_studio.py for tasks to queue
[2025-11-15T21:44:49.053+0000] {processor.py:830} INFO - Processing file /opt/airflow/dags/pipeline_label_studio.py for tasks to queue
[2025-11-15T21:44:49.056+0000] {logging_mixin.py:188} INFO - [2025-11-15T21:44:49.055+0000] {dagbag.py:545} INFO - Filling up the DagBag from /opt/airflow/dags/pipeline_label_studio.py
[2025-11-15T21:44:49.056+0000] {logging_mixin.py:188} INFO - [2025-11-15T21:44:49.055+0000] {dagbag.py:545} INFO - Filling up the DagBag from /opt/airflow/dags/pipeline_label_studio.py
[2025-11-15T21:44:49.075+0000] {processor.py:840} INFO - DAG(s) 'etl_label_studio' retrieved from /opt/airflow/dags/pipeline_label_studio.py
[2025-11-15T21:44:49.075+0000] {processor.py:840} INFO - DAG(s) 'etl_label_studio' retrieved from /opt/airflow/dags/pipeline_label_studio.py
[2025-11-15T21:44:49.113+0000] {logging_mixin.py:188} INFO - [2025-11-15T21:44:49.113+0000] {dag.py:3089} INFO - Sync 1 DAGs
[2025-11-15T21:44:49.113+0000] {logging_mixin.py:188} INFO - [2025-11-15T21:44:49.113+0000] {dag.py:3089} INFO - Sync 1 DAGs
[2025-11-15T21:44:49.136+0000] {logging_mixin.py:188} INFO - [2025-11-15T21:44:49.136+0000] {dag.py:3947} INFO - Setting next_dagrun for etl_label_studio to 2025-11-14 03:00:00+00:00, run_after=2025-11-15 03:00:00+00:00
[2025-11-15T21:44:49.151+0000] {processor.py:183} INFO - Processing /opt/airflow/dags/pipeline_label_studio.py took 0.108 seconds
[2025-11-15T21:44:49.157+0000] {logging_mixin.py:188} INFO - [2025-11-15T21:44:49.157+0000] {dag.py:3947} INFO - Setting next_dagrun for etl_label_studio to 2025-11-14 03:00:00+00:00, run_after=2025-11-15 03:00:00+00:00
[2025-11-15T21:44:49.171+0000] {processor.py:183} INFO - Processing /opt/airflow/dags/pipeline_label_studio.py took 0.130 seconds
[2025-11-15T21:45:19.355+0000] {processor.py:161} INFO - Started process (PID=586) to work on /opt/airflow/dags/pipeline_label_studio.py
[2025-11-15T21:45:19.357+0000] {processor.py:161} INFO - Started process (PID=546) to work on /opt/airflow/dags/pipeline_label_studio.py
[2025-11-15T21:45:19.360+0000] {processor.py:830} INFO - Processing file /opt/airflow/dags/pipeline_label_studio.py for tasks to queue
[2025-11-15T21:45:19.360+0000] {processor.py:830} INFO - Processing file /opt/airflow/dags/pipeline_label_studio.py for tasks to queue
[2025-11-15T21:45:19.364+0000] {logging_mixin.py:188} INFO - [2025-11-15T21:45:19.363+0000] {dagbag.py:545} INFO - Filling up the DagBag from /opt/airflow/dags/pipeline_label_studio.py
[2025-11-15T21:45:19.364+0000] {logging_mixin.py:188} INFO - [2025-11-15T21:45:19.363+0000] {dagbag.py:545} INFO - Filling up the DagBag from /opt/airflow/dags/pipeline_label_studio.py
[2025-11-15T21:45:19.387+0000] {processor.py:840} INFO - DAG(s) 'etl_label_studio' retrieved from /opt/airflow/dags/pipeline_label_studio.py
[2025-11-15T21:45:19.388+0000] {processor.py:840} INFO - DAG(s) 'etl_label_studio' retrieved from /opt/airflow/dags/pipeline_label_studio.py
[2025-11-15T21:45:19.436+0000] {logging_mixin.py:188} INFO - [2025-11-15T21:45:19.436+0000] {dag.py:3089} INFO - Sync 1 DAGs
[2025-11-15T21:45:19.437+0000] {logging_mixin.py:188} INFO - [2025-11-15T21:45:19.437+0000] {dag.py:3089} INFO - Sync 1 DAGs
[2025-11-15T21:45:19.463+0000] {logging_mixin.py:188} INFO - [2025-11-15T21:45:19.463+0000] {dag.py:3947} INFO - Setting next_dagrun for etl_label_studio to 2025-11-14 03:00:00+00:00, run_after=2025-11-15 03:00:00+00:00
[2025-11-15T21:45:19.480+0000] {processor.py:183} INFO - Processing /opt/airflow/dags/pipeline_label_studio.py took 0.134 seconds
[2025-11-15T21:45:19.484+0000] {logging_mixin.py:188} INFO - [2025-11-15T21:45:19.484+0000] {dag.py:3947} INFO - Setting next_dagrun for etl_label_studio to 2025-11-14 03:00:00+00:00, run_after=2025-11-15 03:00:00+00:00
[2025-11-15T21:45:19.498+0000] {processor.py:183} INFO - Processing /opt/airflow/dags/pipeline_label_studio.py took 0.157 seconds
[2025-11-15T21:45:49.680+0000] {processor.py:161} INFO - Started process (PID=556) to work on /opt/airflow/dags/pipeline_label_studio.py
[2025-11-15T21:45:49.682+0000] {processor.py:161} INFO - Started process (PID=596) to work on /opt/airflow/dags/pipeline_label_studio.py
[2025-11-15T21:45:49.682+0000] {processor.py:830} INFO - Processing file /opt/airflow/dags/pipeline_label_studio.py for tasks to queue
[2025-11-15T21:45:49.716+0000] {logging_mixin.py:188} INFO - [2025-11-15T21:45:49.715+0000] {dagbag.py:545} INFO - Filling up the DagBag from /opt/airflow/dags/pipeline_label_studio.py
[2025-11-15T21:45:49.715+0000] {processor.py:830} INFO - Processing file /opt/airflow/dags/pipeline_label_studio.py for tasks to queue
[2025-11-15T21:45:49.718+0000] {logging_mixin.py:188} INFO - [2025-11-15T21:45:49.718+0000] {dagbag.py:545} INFO - Filling up the DagBag from /opt/airflow/dags/pipeline_label_studio.py
[2025-11-15T21:45:49.753+0000] {processor.py:840} INFO - DAG(s) 'etl_label_studio' retrieved from /opt/airflow/dags/pipeline_label_studio.py
[2025-11-15T21:45:49.753+0000] {processor.py:840} INFO - DAG(s) 'etl_label_studio' retrieved from /opt/airflow/dags/pipeline_label_studio.py
[2025-11-15T21:45:49.810+0000] {logging_mixin.py:188} INFO - [2025-11-15T21:45:49.809+0000] {dag.py:3089} INFO - Sync 1 DAGs
[2025-11-15T21:45:49.810+0000] {logging_mixin.py:188} INFO - [2025-11-15T21:45:49.810+0000] {dag.py:3089} INFO - Sync 1 DAGs
[2025-11-15T21:45:49.837+0000] {logging_mixin.py:188} INFO - [2025-11-15T21:45:49.836+0000] {dag.py:3947} INFO - Setting next_dagrun for etl_label_studio to 2025-11-14 03:00:00+00:00, run_after=2025-11-15 03:00:00+00:00
[2025-11-15T21:45:49.861+0000] {processor.py:183} INFO - Processing /opt/airflow/dags/pipeline_label_studio.py took 0.191 seconds
[2025-11-15T21:45:49.867+0000] {logging_mixin.py:188} INFO - [2025-11-15T21:45:49.867+0000] {dag.py:3947} INFO - Setting next_dagrun for etl_label_studio to 2025-11-14 03:00:00+00:00, run_after=2025-11-15 03:00:00+00:00
[2025-11-15T21:45:49.889+0000] {processor.py:183} INFO - Processing /opt/airflow/dags/pipeline_label_studio.py took 0.218 seconds
[2025-11-15T21:46:20.049+0000] {processor.py:161} INFO - Started process (PID=566) to work on /opt/airflow/dags/pipeline_label_studio.py
[2025-11-15T21:46:20.051+0000] {processor.py:161} INFO - Started process (PID=606) to work on /opt/airflow/dags/pipeline_label_studio.py
[2025-11-15T21:46:20.051+0000] {processor.py:830} INFO - Processing file /opt/airflow/dags/pipeline_label_studio.py for tasks to queue
[2025-11-15T21:46:20.057+0000] {logging_mixin.py:188} INFO - [2025-11-15T21:46:20.056+0000] {dagbag.py:545} INFO - Filling up the DagBag from /opt/airflow/dags/pipeline_label_studio.py
[2025-11-15T21:46:20.056+0000] {processor.py:830} INFO - Processing file /opt/airflow/dags/pipeline_label_studio.py for tasks to queue
[2025-11-15T21:46:20.061+0000] {logging_mixin.py:188} INFO - [2025-11-15T21:46:20.060+0000] {dagbag.py:545} INFO - Filling up the DagBag from /opt/airflow/dags/pipeline_label_studio.py
[2025-11-15T21:46:20.104+0000] {processor.py:840} INFO - DAG(s) 'etl_label_studio' retrieved from /opt/airflow/dags/pipeline_label_studio.py
[2025-11-15T21:46:20.109+0000] {processor.py:840} INFO - DAG(s) 'etl_label_studio' retrieved from /opt/airflow/dags/pipeline_label_studio.py
[2025-11-15T21:46:20.163+0000] {logging_mixin.py:188} INFO - [2025-11-15T21:46:20.162+0000] {dag.py:3089} INFO - Sync 1 DAGs
[2025-11-15T21:46:20.163+0000] {logging_mixin.py:188} INFO - [2025-11-15T21:46:20.163+0000] {dag.py:3089} INFO - Sync 1 DAGs
[2025-11-15T21:46:20.187+0000] {logging_mixin.py:188} INFO - [2025-11-15T21:46:20.187+0000] {dag.py:3947} INFO - Setting next_dagrun for etl_label_studio to 2025-11-14 03:00:00+00:00, run_after=2025-11-15 03:00:00+00:00
[2025-11-15T21:46:20.205+0000] {processor.py:183} INFO - Processing /opt/airflow/dags/pipeline_label_studio.py took 0.167 seconds
[2025-11-15T21:46:20.210+0000] {logging_mixin.py:188} INFO - [2025-11-15T21:46:20.209+0000] {dag.py:3947} INFO - Setting next_dagrun for etl_label_studio to 2025-11-14 03:00:00+00:00, run_after=2025-11-15 03:00:00+00:00
[2025-11-15T21:46:20.225+0000] {processor.py:183} INFO - Processing /opt/airflow/dags/pipeline_label_studio.py took 0.184 seconds
[2025-11-15T21:46:50.388+0000] {processor.py:161} INFO - Started process (PID=616) to work on /opt/airflow/dags/pipeline_label_studio.py
[2025-11-15T21:46:50.391+0000] {processor.py:830} INFO - Processing file /opt/airflow/dags/pipeline_label_studio.py for tasks to queue
[2025-11-15T21:46:50.396+0000] {logging_mixin.py:188} INFO - [2025-11-15T21:46:50.395+0000] {dagbag.py:545} INFO - Filling up the DagBag from /opt/airflow/dags/pipeline_label_studio.py
[2025-11-15T21:46:50.407+0000] {processor.py:161} INFO - Started process (PID=576) to work on /opt/airflow/dags/pipeline_label_studio.py
[2025-11-15T21:46:50.408+0000] {processor.py:830} INFO - Processing file /opt/airflow/dags/pipeline_label_studio.py for tasks to queue
[2025-11-15T21:46:50.412+0000] {logging_mixin.py:188} INFO - [2025-11-15T21:46:50.412+0000] {dagbag.py:545} INFO - Filling up the DagBag from /opt/airflow/dags/pipeline_label_studio.py
[2025-11-15T21:46:50.424+0000] {processor.py:840} INFO - DAG(s) 'etl_label_studio' retrieved from /opt/airflow/dags/pipeline_label_studio.py
[2025-11-15T21:46:50.433+0000] {processor.py:840} INFO - DAG(s) 'etl_label_studio' retrieved from /opt/airflow/dags/pipeline_label_studio.py
[2025-11-15T21:46:50.467+0000] {logging_mixin.py:188} INFO - [2025-11-15T21:46:50.467+0000] {dag.py:3089} INFO - Sync 1 DAGs
[2025-11-15T21:46:50.472+0000] {logging_mixin.py:188} INFO - [2025-11-15T21:46:50.472+0000] {dag.py:3089} INFO - Sync 1 DAGs
[2025-11-15T21:46:50.495+0000] {logging_mixin.py:188} INFO - [2025-11-15T21:46:50.495+0000] {dag.py:3947} INFO - Setting next_dagrun for etl_label_studio to 2025-11-14 03:00:00+00:00, run_after=2025-11-15 03:00:00+00:00
[2025-11-15T21:46:50.513+0000] {processor.py:183} INFO - Processing /opt/airflow/dags/pipeline_label_studio.py took 0.136 seconds
[2025-11-15T21:46:50.520+0000] {logging_mixin.py:188} INFO - [2025-11-15T21:46:50.519+0000] {dag.py:3947} INFO - Setting next_dagrun for etl_label_studio to 2025-11-14 03:00:00+00:00, run_after=2025-11-15 03:00:00+00:00
[2025-11-15T21:46:50.535+0000] {processor.py:183} INFO - Processing /opt/airflow/dags/pipeline_label_studio.py took 0.144 seconds
[2025-11-15T21:47:20.704+0000] {processor.py:161} INFO - Started process (PID=586) to work on /opt/airflow/dags/pipeline_label_studio.py
[2025-11-15T21:47:20.706+0000] {processor.py:830} INFO - Processing file /opt/airflow/dags/pipeline_label_studio.py for tasks to queue
[2025-11-15T21:47:20.707+0000] {logging_mixin.py:188} INFO - [2025-11-15T21:47:20.707+0000] {dagbag.py:545} INFO - Filling up the DagBag from /opt/airflow/dags/pipeline_label_studio.py
[2025-11-15T21:47:20.714+0000] {processor.py:161} INFO - Started process (PID=626) to work on /opt/airflow/dags/pipeline_label_studio.py
[2025-11-15T21:47:20.715+0000] {processor.py:830} INFO - Processing file /opt/airflow/dags/pipeline_label_studio.py for tasks to queue
[2025-11-15T21:47:20.718+0000] {logging_mixin.py:188} INFO - [2025-11-15T21:47:20.718+0000] {dagbag.py:545} INFO - Filling up the DagBag from /opt/airflow/dags/pipeline_label_studio.py
[2025-11-15T21:47:20.721+0000] {processor.py:840} INFO - DAG(s) 'etl_label_studio' retrieved from /opt/airflow/dags/pipeline_label_studio.py
[2025-11-15T21:47:20.728+0000] {processor.py:840} INFO - DAG(s) 'etl_label_studio' retrieved from /opt/airflow/dags/pipeline_label_studio.py
[2025-11-15T21:47:20.748+0000] {logging_mixin.py:188} INFO - [2025-11-15T21:47:20.748+0000] {dag.py:3089} INFO - Sync 1 DAGs
[2025-11-15T21:47:20.756+0000] {logging_mixin.py:188} INFO - [2025-11-15T21:47:20.756+0000] {dag.py:3089} INFO - Sync 1 DAGs
[2025-11-15T21:47:20.771+0000] {logging_mixin.py:188} INFO - [2025-11-15T21:47:20.771+0000] {dag.py:3947} INFO - Setting next_dagrun for etl_label_studio to 2025-11-14 03:00:00+00:00, run_after=2025-11-15 03:00:00+00:00
[2025-11-15T21:47:20.789+0000] {processor.py:183} INFO - Processing /opt/airflow/dags/pipeline_label_studio.py took 0.090 seconds
[2025-11-15T21:47:20.793+0000] {logging_mixin.py:188} INFO - [2025-11-15T21:47:20.793+0000] {dag.py:3947} INFO - Setting next_dagrun for etl_label_studio to 2025-11-14 03:00:00+00:00, run_after=2025-11-15 03:00:00+00:00
[2025-11-15T21:47:20.805+0000] {processor.py:183} INFO - Processing /opt/airflow/dags/pipeline_label_studio.py took 0.098 seconds
[2025-11-15T21:47:51.030+0000] {processor.py:161} INFO - Started process (PID=636) to work on /opt/airflow/dags/pipeline_label_studio.py
[2025-11-15T21:47:51.034+0000] {processor.py:830} INFO - Processing file /opt/airflow/dags/pipeline_label_studio.py for tasks to queue
[2025-11-15T21:47:51.037+0000] {logging_mixin.py:188} INFO - [2025-11-15T21:47:51.037+0000] {dagbag.py:545} INFO - Filling up the DagBag from /opt/airflow/dags/pipeline_label_studio.py
[2025-11-15T21:47:51.058+0000] {processor.py:840} INFO - DAG(s) 'etl_label_studio' retrieved from /opt/airflow/dags/pipeline_label_studio.py
[2025-11-15T21:47:51.074+0000] {processor.py:161} INFO - Started process (PID=596) to work on /opt/airflow/dags/pipeline_label_studio.py
[2025-11-15T21:47:51.075+0000] {processor.py:830} INFO - Processing file /opt/airflow/dags/pipeline_label_studio.py for tasks to queue
[2025-11-15T21:47:51.078+0000] {logging_mixin.py:188} INFO - [2025-11-15T21:47:51.077+0000] {dagbag.py:545} INFO - Filling up the DagBag from /opt/airflow/dags/pipeline_label_studio.py
[2025-11-15T21:47:51.104+0000] {processor.py:840} INFO - DAG(s) 'etl_label_studio' retrieved from /opt/airflow/dags/pipeline_label_studio.py
[2025-11-15T21:47:51.119+0000] {logging_mixin.py:188} INFO - [2025-11-15T21:47:51.118+0000] {dag.py:3089} INFO - Sync 1 DAGs
[2025-11-15T21:47:51.146+0000] {logging_mixin.py:188} INFO - [2025-11-15T21:47:51.146+0000] {dag.py:3947} INFO - Setting next_dagrun for etl_label_studio to 2025-11-14 03:00:00+00:00, run_after=2025-11-15 03:00:00+00:00
[2025-11-15T21:47:51.147+0000] {logging_mixin.py:188} INFO - [2025-11-15T21:47:51.147+0000] {dag.py:3089} INFO - Sync 1 DAGs
[2025-11-15T21:47:51.167+0000] {processor.py:183} INFO - Processing /opt/airflow/dags/pipeline_label_studio.py took 0.144 seconds
[2025-11-15T21:47:51.173+0000] {logging_mixin.py:188} INFO - [2025-11-15T21:47:51.172+0000] {dag.py:3947} INFO - Setting next_dagrun for etl_label_studio to 2025-11-14 03:00:00+00:00, run_after=2025-11-15 03:00:00+00:00
[2025-11-15T21:47:51.194+0000] {processor.py:183} INFO - Processing /opt/airflow/dags/pipeline_label_studio.py took 0.135 seconds
[2025-11-15T21:48:21.317+0000] {processor.py:161} INFO - Started process (PID=646) to work on /opt/airflow/dags/pipeline_label_studio.py
[2025-11-15T21:48:21.322+0000] {processor.py:830} INFO - Processing file /opt/airflow/dags/pipeline_label_studio.py for tasks to queue
[2025-11-15T21:48:21.326+0000] {logging_mixin.py:188} INFO - [2025-11-15T21:48:21.325+0000] {dagbag.py:545} INFO - Filling up the DagBag from /opt/airflow/dags/pipeline_label_studio.py
[2025-11-15T21:48:21.339+0000] {processor.py:161} INFO - Started process (PID=606) to work on /opt/airflow/dags/pipeline_label_studio.py
[2025-11-15T21:48:21.342+0000] {processor.py:830} INFO - Processing file /opt/airflow/dags/pipeline_label_studio.py for tasks to queue
[2025-11-15T21:48:21.346+0000] {logging_mixin.py:188} INFO - [2025-11-15T21:48:21.345+0000] {dagbag.py:545} INFO - Filling up the DagBag from /opt/airflow/dags/pipeline_label_studio.py
[2025-11-15T21:48:21.348+0000] {processor.py:840} INFO - DAG(s) 'etl_label_studio' retrieved from /opt/airflow/dags/pipeline_label_studio.py
[2025-11-15T21:48:21.373+0000] {processor.py:840} INFO - DAG(s) 'etl_label_studio' retrieved from /opt/airflow/dags/pipeline_label_studio.py
[2025-11-15T21:48:21.404+0000] {logging_mixin.py:188} INFO - [2025-11-15T21:48:21.404+0000] {dag.py:3089} INFO - Sync 1 DAGs
[2025-11-15T21:48:21.416+0000] {logging_mixin.py:188} INFO - [2025-11-15T21:48:21.415+0000] {dag.py:3089} INFO - Sync 1 DAGs
[2025-11-15T21:48:21.432+0000] {logging_mixin.py:188} INFO - [2025-11-15T21:48:21.432+0000] {dag.py:3947} INFO - Setting next_dagrun for etl_label_studio to 2025-11-14 03:00:00+00:00, run_after=2025-11-15 03:00:00+00:00
[2025-11-15T21:48:21.452+0000] {processor.py:183} INFO - Processing /opt/airflow/dags/pipeline_label_studio.py took 0.142 seconds
[2025-11-15T21:48:21.457+0000] {logging_mixin.py:188} INFO - [2025-11-15T21:48:21.457+0000] {dag.py:3947} INFO - Setting next_dagrun for etl_label_studio to 2025-11-14 03:00:00+00:00, run_after=2025-11-15 03:00:00+00:00
[2025-11-15T21:48:21.471+0000] {processor.py:183} INFO - Processing /opt/airflow/dags/pipeline_label_studio.py took 0.142 seconds
[2025-11-15T21:48:51.687+0000] {processor.py:161} INFO - Started process (PID=616) to work on /opt/airflow/dags/pipeline_label_studio.py
[2025-11-15T21:48:51.687+0000] {processor.py:161} INFO - Started process (PID=656) to work on /opt/airflow/dags/pipeline_label_studio.py
[2025-11-15T21:48:51.690+0000] {processor.py:830} INFO - Processing file /opt/airflow/dags/pipeline_label_studio.py for tasks to queue
[2025-11-15T21:48:51.690+0000] {processor.py:830} INFO - Processing file /opt/airflow/dags/pipeline_label_studio.py for tasks to queue
[2025-11-15T21:48:51.692+0000] {logging_mixin.py:188} INFO - [2025-11-15T21:48:51.691+0000] {dagbag.py:545} INFO - Filling up the DagBag from /opt/airflow/dags/pipeline_label_studio.py
[2025-11-15T21:48:51.693+0000] {logging_mixin.py:188} INFO - [2025-11-15T21:48:51.692+0000] {dagbag.py:545} INFO - Filling up the DagBag from /opt/airflow/dags/pipeline_label_studio.py
[2025-11-15T21:48:51.747+0000] {processor.py:840} INFO - DAG(s) 'etl_label_studio' retrieved from /opt/airflow/dags/pipeline_label_studio.py
[2025-11-15T21:48:51.752+0000] {processor.py:840} INFO - DAG(s) 'etl_label_studio' retrieved from /opt/airflow/dags/pipeline_label_studio.py
[2025-11-15T21:48:51.783+0000] {logging_mixin.py:188} INFO - [2025-11-15T21:48:51.782+0000] {dag.py:3089} INFO - Sync 1 DAGs
[2025-11-15T21:48:51.784+0000] {logging_mixin.py:188} INFO - [2025-11-15T21:48:51.784+0000] {dag.py:3089} INFO - Sync 1 DAGs
[2025-11-15T21:48:51.802+0000] {logging_mixin.py:188} INFO - [2025-11-15T21:48:51.802+0000] {dag.py:3947} INFO - Setting next_dagrun for etl_label_studio to 2025-11-14 03:00:00+00:00, run_after=2025-11-15 03:00:00+00:00
[2025-11-15T21:48:51.824+0000] {processor.py:183} INFO - Processing /opt/airflow/dags/pipeline_label_studio.py took 0.145 seconds
[2025-11-15T21:48:51.827+0000] {logging_mixin.py:188} INFO - [2025-11-15T21:48:51.826+0000] {dag.py:3947} INFO - Setting next_dagrun for etl_label_studio to 2025-11-14 03:00:00+00:00, run_after=2025-11-15 03:00:00+00:00
[2025-11-15T21:48:51.846+0000] {processor.py:183} INFO - Processing /opt/airflow/dags/pipeline_label_studio.py took 0.166 seconds
[2025-11-15T21:49:21.974+0000] {processor.py:161} INFO - Started process (PID=666) to work on /opt/airflow/dags/pipeline_label_studio.py
[2025-11-15T21:49:21.974+0000] {processor.py:161} INFO - Started process (PID=626) to work on /opt/airflow/dags/pipeline_label_studio.py
[2025-11-15T21:49:21.978+0000] {processor.py:830} INFO - Processing file /opt/airflow/dags/pipeline_label_studio.py for tasks to queue
[2025-11-15T21:49:21.978+0000] {processor.py:830} INFO - Processing file /opt/airflow/dags/pipeline_label_studio.py for tasks to queue
[2025-11-15T21:49:21.982+0000] {logging_mixin.py:188} INFO - [2025-11-15T21:49:21.982+0000] {dagbag.py:545} INFO - Filling up the DagBag from /opt/airflow/dags/pipeline_label_studio.py
[2025-11-15T21:49:21.983+0000] {logging_mixin.py:188} INFO - [2025-11-15T21:49:21.982+0000] {dagbag.py:545} INFO - Filling up the DagBag from /opt/airflow/dags/pipeline_label_studio.py
[2025-11-15T21:49:22.003+0000] {processor.py:840} INFO - DAG(s) 'etl_label_studio' retrieved from /opt/airflow/dags/pipeline_label_studio.py
[2025-11-15T21:49:22.003+0000] {processor.py:840} INFO - DAG(s) 'etl_label_studio' retrieved from /opt/airflow/dags/pipeline_label_studio.py
[2025-11-15T21:49:22.047+0000] {logging_mixin.py:188} INFO - [2025-11-15T21:49:22.047+0000] {dag.py:3089} INFO - Sync 1 DAGs
[2025-11-15T21:49:22.048+0000] {logging_mixin.py:188} INFO - [2025-11-15T21:49:22.047+0000] {dag.py:3089} INFO - Sync 1 DAGs
[2025-11-15T21:49:22.081+0000] {logging_mixin.py:188} INFO - [2025-11-15T21:49:22.081+0000] {dag.py:3947} INFO - Setting next_dagrun for etl_label_studio to 2025-11-14 03:00:00+00:00, run_after=2025-11-15 03:00:00+00:00
[2025-11-15T21:49:22.107+0000] {processor.py:183} INFO - Processing /opt/airflow/dags/pipeline_label_studio.py took 0.145 seconds
[2025-11-15T21:49:22.109+0000] {logging_mixin.py:188} INFO - [2025-11-15T21:49:22.109+0000] {dag.py:3947} INFO - Setting next_dagrun for etl_label_studio to 2025-11-14 03:00:00+00:00, run_after=2025-11-15 03:00:00+00:00
[2025-11-15T21:49:22.137+0000] {processor.py:183} INFO - Processing /opt/airflow/dags/pipeline_label_studio.py took 0.175 seconds
[2025-11-15T21:49:52.337+0000] {processor.py:161} INFO - Started process (PID=636) to work on /opt/airflow/dags/pipeline_label_studio.py
[2025-11-15T21:49:52.337+0000] {processor.py:830} INFO - Processing file /opt/airflow/dags/pipeline_label_studio.py for tasks to queue
[2025-11-15T21:49:52.340+0000] {logging_mixin.py:188} INFO - [2025-11-15T21:49:52.339+0000] {dagbag.py:545} INFO - Filling up the DagBag from /opt/airflow/dags/pipeline_label_studio.py
[2025-11-15T21:49:52.354+0000] {processor.py:840} INFO - DAG(s) 'etl_label_studio' retrieved from /opt/airflow/dags/pipeline_label_studio.py
[2025-11-15T21:49:52.367+0000] {processor.py:161} INFO - Started process (PID=676) to work on /opt/airflow/dags/pipeline_label_studio.py
[2025-11-15T21:49:52.368+0000] {processor.py:830} INFO - Processing file /opt/airflow/dags/pipeline_label_studio.py for tasks to queue
[2025-11-15T21:49:52.373+0000] {logging_mixin.py:188} INFO - [2025-11-15T21:49:52.372+0000] {dagbag.py:545} INFO - Filling up the DagBag from /opt/airflow/dags/pipeline_label_studio.py
[2025-11-15T21:49:52.386+0000] {processor.py:840} INFO - DAG(s) 'etl_label_studio' retrieved from /opt/airflow/dags/pipeline_label_studio.py
[2025-11-15T21:49:52.391+0000] {logging_mixin.py:188} INFO - [2025-11-15T21:49:52.391+0000] {dag.py:3089} INFO - Sync 1 DAGs
[2025-11-15T21:49:52.415+0000] {logging_mixin.py:188} INFO - [2025-11-15T21:49:52.415+0000] {dag.py:3089} INFO - Sync 1 DAGs
[2025-11-15T21:49:52.420+0000] {logging_mixin.py:188} INFO - [2025-11-15T21:49:52.420+0000] {dag.py:3947} INFO - Setting next_dagrun for etl_label_studio to 2025-11-14 03:00:00+00:00, run_after=2025-11-15 03:00:00+00:00
[2025-11-15T21:49:52.435+0000] {processor.py:183} INFO - Processing /opt/airflow/dags/pipeline_label_studio.py took 0.104 seconds
[2025-11-15T21:49:52.440+0000] {logging_mixin.py:188} INFO - [2025-11-15T21:49:52.440+0000] {dag.py:3947} INFO - Setting next_dagrun for etl_label_studio to 2025-11-14 03:00:00+00:00, run_after=2025-11-15 03:00:00+00:00
[2025-11-15T21:49:52.452+0000] {processor.py:183} INFO - Processing /opt/airflow/dags/pipeline_label_studio.py took 0.093 seconds
[2025-11-15T21:50:22.702+0000] {processor.py:161} INFO - Started process (PID=686) to work on /opt/airflow/dags/pipeline_label_studio.py
[2025-11-15T21:50:22.704+0000] {processor.py:161} INFO - Started process (PID=646) to work on /opt/airflow/dags/pipeline_label_studio.py
[2025-11-15T21:50:22.707+0000] {processor.py:830} INFO - Processing file /opt/airflow/dags/pipeline_label_studio.py for tasks to queue
[2025-11-15T21:50:22.707+0000] {processor.py:830} INFO - Processing file /opt/airflow/dags/pipeline_label_studio.py for tasks to queue
[2025-11-15T21:50:22.711+0000] {logging_mixin.py:188} INFO - [2025-11-15T21:50:22.711+0000] {dagbag.py:545} INFO - Filling up the DagBag from /opt/airflow/dags/pipeline_label_studio.py
[2025-11-15T21:50:22.712+0000] {logging_mixin.py:188} INFO - [2025-11-15T21:50:22.711+0000] {dagbag.py:545} INFO - Filling up the DagBag from /opt/airflow/dags/pipeline_label_studio.py
[2025-11-15T21:50:22.741+0000] {processor.py:840} INFO - DAG(s) 'etl_label_studio' retrieved from /opt/airflow/dags/pipeline_label_studio.py
[2025-11-15T21:50:22.743+0000] {processor.py:840} INFO - DAG(s) 'etl_label_studio' retrieved from /opt/airflow/dags/pipeline_label_studio.py
[2025-11-15T21:50:22.789+0000] {logging_mixin.py:188} INFO - [2025-11-15T21:50:22.789+0000] {dag.py:3089} INFO - Sync 1 DAGs
[2025-11-15T21:50:22.790+0000] {logging_mixin.py:188} INFO - [2025-11-15T21:50:22.790+0000] {dag.py:3089} INFO - Sync 1 DAGs
[2025-11-15T21:50:22.822+0000] {logging_mixin.py:188} INFO - [2025-11-15T21:50:22.821+0000] {dag.py:3947} INFO - Setting next_dagrun for etl_label_studio to 2025-11-14 03:00:00+00:00, run_after=2025-11-15 03:00:00+00:00
[2025-11-15T21:50:22.851+0000] {processor.py:183} INFO - Processing /opt/airflow/dags/pipeline_label_studio.py took 0.161 seconds
[2025-11-15T21:50:22.855+0000] {logging_mixin.py:188} INFO - [2025-11-15T21:50:22.855+0000] {dag.py:3947} INFO - Setting next_dagrun for etl_label_studio to 2025-11-14 03:00:00+00:00, run_after=2025-11-15 03:00:00+00:00
[2025-11-15T21:50:22.869+0000] {processor.py:183} INFO - Processing /opt/airflow/dags/pipeline_label_studio.py took 0.179 seconds
[2025-11-15T21:50:52.999+0000] {processor.py:161} INFO - Started process (PID=656) to work on /opt/airflow/dags/pipeline_label_studio.py
[2025-11-15T21:50:53.000+0000] {processor.py:830} INFO - Processing file /opt/airflow/dags/pipeline_label_studio.py for tasks to queue
[2025-11-15T21:50:53.006+0000] {logging_mixin.py:188} INFO - [2025-11-15T21:50:53.005+0000] {dagbag.py:545} INFO - Filling up the DagBag from /opt/airflow/dags/pipeline_label_studio.py
[2025-11-15T21:50:53.024+0000] {processor.py:840} INFO - DAG(s) 'etl_label_studio' retrieved from /opt/airflow/dags/pipeline_label_studio.py
[2025-11-15T21:50:53.064+0000] {logging_mixin.py:188} INFO - [2025-11-15T21:50:53.063+0000] {dag.py:3089} INFO - Sync 1 DAGs
[2025-11-15T21:50:53.089+0000] {logging_mixin.py:188} INFO - [2025-11-15T21:50:53.089+0000] {dag.py:3947} INFO - Setting next_dagrun for etl_label_studio to 2025-11-14 03:00:00+00:00, run_after=2025-11-15 03:00:00+00:00
[2025-11-15T21:50:53.106+0000] {processor.py:183} INFO - Processing /opt/airflow/dags/pipeline_label_studio.py took 0.115 seconds
[2025-11-15T21:50:53.147+0000] {processor.py:161} INFO - Started process (PID=696) to work on /opt/airflow/dags/pipeline_label_studio.py
[2025-11-15T21:50:53.148+0000] {processor.py:830} INFO - Processing file /opt/airflow/dags/pipeline_label_studio.py for tasks to queue
[2025-11-15T21:50:53.150+0000] {logging_mixin.py:188} INFO - [2025-11-15T21:50:53.150+0000] {dagbag.py:545} INFO - Filling up the DagBag from /opt/airflow/dags/pipeline_label_studio.py
[2025-11-15T21:50:53.163+0000] {processor.py:840} INFO - DAG(s) 'etl_label_studio' retrieved from /opt/airflow/dags/pipeline_label_studio.py
[2025-11-15T21:50:53.195+0000] {logging_mixin.py:188} INFO - [2025-11-15T21:50:53.195+0000] {dag.py:3089} INFO - Sync 1 DAGs
[2025-11-15T21:50:53.220+0000] {logging_mixin.py:188} INFO - [2025-11-15T21:50:53.220+0000] {dag.py:3947} INFO - Setting next_dagrun for etl_label_studio to 2025-11-14 03:00:00+00:00, run_after=2025-11-15 03:00:00+00:00
[2025-11-15T21:50:53.236+0000] {processor.py:183} INFO - Processing /opt/airflow/dags/pipeline_label_studio.py took 0.095 seconds
[2025-11-15T21:51:23.369+0000] {processor.py:161} INFO - Started process (PID=666) to work on /opt/airflow/dags/pipeline_label_studio.py
[2025-11-15T21:51:23.370+0000] {processor.py:830} INFO - Processing file /opt/airflow/dags/pipeline_label_studio.py for tasks to queue
[2025-11-15T21:51:23.372+0000] {logging_mixin.py:188} INFO - [2025-11-15T21:51:23.372+0000] {dagbag.py:545} INFO - Filling up the DagBag from /opt/airflow/dags/pipeline_label_studio.py
[2025-11-15T21:51:23.384+0000] {processor.py:840} INFO - DAG(s) 'etl_label_studio' retrieved from /opt/airflow/dags/pipeline_label_studio.py
[2025-11-15T21:51:23.416+0000] {logging_mixin.py:188} INFO - [2025-11-15T21:51:23.415+0000] {dag.py:3089} INFO - Sync 1 DAGs
[2025-11-15T21:51:23.435+0000] {logging_mixin.py:188} INFO - [2025-11-15T21:51:23.435+0000] {dag.py:3947} INFO - Setting next_dagrun for etl_label_studio to 2025-11-14 03:00:00+00:00, run_after=2025-11-15 03:00:00+00:00
[2025-11-15T21:51:23.449+0000] {processor.py:183} INFO - Processing /opt/airflow/dags/pipeline_label_studio.py took 0.087 seconds
[2025-11-15T21:51:23.549+0000] {processor.py:161} INFO - Started process (PID=706) to work on /opt/airflow/dags/pipeline_label_studio.py
[2025-11-15T21:51:23.550+0000] {processor.py:830} INFO - Processing file /opt/airflow/dags/pipeline_label_studio.py for tasks to queue
[2025-11-15T21:51:23.551+0000] {logging_mixin.py:188} INFO - [2025-11-15T21:51:23.551+0000] {dagbag.py:545} INFO - Filling up the DagBag from /opt/airflow/dags/pipeline_label_studio.py
[2025-11-15T21:51:23.564+0000] {processor.py:840} INFO - DAG(s) 'etl_label_studio' retrieved from /opt/airflow/dags/pipeline_label_studio.py
[2025-11-15T21:51:23.594+0000] {logging_mixin.py:188} INFO - [2025-11-15T21:51:23.594+0000] {dag.py:3089} INFO - Sync 1 DAGs
[2025-11-15T21:51:23.614+0000] {logging_mixin.py:188} INFO - [2025-11-15T21:51:23.614+0000] {dag.py:3947} INFO - Setting next_dagrun for etl_label_studio to 2025-11-14 03:00:00+00:00, run_after=2025-11-15 03:00:00+00:00
[2025-11-15T21:51:23.628+0000] {processor.py:183} INFO - Processing /opt/airflow/dags/pipeline_label_studio.py took 0.084 seconds
[2025-11-15T21:51:53.695+0000] {processor.py:161} INFO - Started process (PID=676) to work on /opt/airflow/dags/pipeline_label_studio.py
[2025-11-15T21:51:53.696+0000] {processor.py:830} INFO - Processing file /opt/airflow/dags/pipeline_label_studio.py for tasks to queue
[2025-11-15T21:51:53.700+0000] {logging_mixin.py:188} INFO - [2025-11-15T21:51:53.700+0000] {dagbag.py:545} INFO - Filling up the DagBag from /opt/airflow/dags/pipeline_label_studio.py
[2025-11-15T21:51:53.727+0000] {processor.py:840} INFO - DAG(s) 'etl_label_studio' retrieved from /opt/airflow/dags/pipeline_label_studio.py
[2025-11-15T21:51:53.767+0000] {logging_mixin.py:188} INFO - [2025-11-15T21:51:53.767+0000] {dag.py:3089} INFO - Sync 1 DAGs
[2025-11-15T21:51:53.795+0000] {logging_mixin.py:188} INFO - [2025-11-15T21:51:53.795+0000] {dag.py:3947} INFO - Setting next_dagrun for etl_label_studio to 2025-11-14 03:00:00+00:00, run_after=2025-11-15 03:00:00+00:00
[2025-11-15T21:51:53.822+0000] {processor.py:183} INFO - Processing /opt/airflow/dags/pipeline_label_studio.py took 0.140 seconds
[2025-11-15T21:51:53.830+0000] {processor.py:161} INFO - Started process (PID=716) to work on /opt/airflow/dags/pipeline_label_studio.py
[2025-11-15T21:51:53.831+0000] {processor.py:830} INFO - Processing file /opt/airflow/dags/pipeline_label_studio.py for tasks to queue
[2025-11-15T21:51:53.833+0000] {logging_mixin.py:188} INFO - [2025-11-15T21:51:53.833+0000] {dagbag.py:545} INFO - Filling up the DagBag from /opt/airflow/dags/pipeline_label_studio.py
[2025-11-15T21:51:53.857+0000] {processor.py:840} INFO - DAG(s) 'etl_label_studio' retrieved from /opt/airflow/dags/pipeline_label_studio.py
[2025-11-15T21:51:53.893+0000] {logging_mixin.py:188} INFO - [2025-11-15T21:51:53.893+0000] {dag.py:3089} INFO - Sync 1 DAGs
[2025-11-15T21:51:53.918+0000] {logging_mixin.py:188} INFO - [2025-11-15T21:51:53.917+0000] {dag.py:3947} INFO - Setting next_dagrun for etl_label_studio to 2025-11-14 03:00:00+00:00, run_after=2025-11-15 03:00:00+00:00
[2025-11-15T21:51:53.938+0000] {processor.py:183} INFO - Processing /opt/airflow/dags/pipeline_label_studio.py took 0.118 seconds
[2025-11-15T21:52:23.993+0000] {processor.py:161} INFO - Started process (PID=686) to work on /opt/airflow/dags/pipeline_label_studio.py
[2025-11-15T21:52:23.994+0000] {processor.py:830} INFO - Processing file /opt/airflow/dags/pipeline_label_studio.py for tasks to queue
[2025-11-15T21:52:23.997+0000] {logging_mixin.py:188} INFO - [2025-11-15T21:52:23.997+0000] {dagbag.py:545} INFO - Filling up the DagBag from /opt/airflow/dags/pipeline_label_studio.py
[2025-11-15T21:52:24.014+0000] {processor.py:840} INFO - DAG(s) 'etl_label_studio' retrieved from /opt/airflow/dags/pipeline_label_studio.py
[2025-11-15T21:52:24.054+0000] {logging_mixin.py:188} INFO - [2025-11-15T21:52:24.054+0000] {dag.py:3089} INFO - Sync 1 DAGs
[2025-11-15T21:52:24.079+0000] {logging_mixin.py:188} INFO - [2025-11-15T21:52:24.079+0000] {dag.py:3947} INFO - Setting next_dagrun for etl_label_studio to 2025-11-14 03:00:00+00:00, run_after=2025-11-15 03:00:00+00:00
[2025-11-15T21:52:24.097+0000] {processor.py:183} INFO - Processing /opt/airflow/dags/pipeline_label_studio.py took 0.113 seconds
[2025-11-15T21:52:24.176+0000] {processor.py:161} INFO - Started process (PID=726) to work on /opt/airflow/dags/pipeline_label_studio.py
[2025-11-15T21:52:24.177+0000] {processor.py:830} INFO - Processing file /opt/airflow/dags/pipeline_label_studio.py for tasks to queue
[2025-11-15T21:52:24.179+0000] {logging_mixin.py:188} INFO - [2025-11-15T21:52:24.179+0000] {dagbag.py:545} INFO - Filling up the DagBag from /opt/airflow/dags/pipeline_label_studio.py
[2025-11-15T21:52:24.189+0000] {processor.py:840} INFO - DAG(s) 'etl_label_studio' retrieved from /opt/airflow/dags/pipeline_label_studio.py
[2025-11-15T21:52:24.214+0000] {logging_mixin.py:188} INFO - [2025-11-15T21:52:24.214+0000] {dag.py:3089} INFO - Sync 1 DAGs
[2025-11-15T21:52:24.235+0000] {logging_mixin.py:188} INFO - [2025-11-15T21:52:24.235+0000] {dag.py:3947} INFO - Setting next_dagrun for etl_label_studio to 2025-11-14 03:00:00+00:00, run_after=2025-11-15 03:00:00+00:00
[2025-11-15T21:52:24.249+0000] {processor.py:183} INFO - Processing /opt/airflow/dags/pipeline_label_studio.py took 0.079 seconds
[2025-11-15T21:52:54.306+0000] {processor.py:161} INFO - Started process (PID=696) to work on /opt/airflow/dags/pipeline_label_studio.py
[2025-11-15T21:52:54.308+0000] {processor.py:830} INFO - Processing file /opt/airflow/dags/pipeline_label_studio.py for tasks to queue
[2025-11-15T21:52:54.355+0000] {logging_mixin.py:188} INFO - [2025-11-15T21:52:54.355+0000] {dagbag.py:545} INFO - Filling up the DagBag from /opt/airflow/dags/pipeline_label_studio.py
[2025-11-15T21:52:54.366+0000] {processor.py:840} INFO - DAG(s) 'etl_label_studio' retrieved from /opt/airflow/dags/pipeline_label_studio.py
[2025-11-15T21:52:54.400+0000] {logging_mixin.py:188} INFO - [2025-11-15T21:52:54.399+0000] {dag.py:3089} INFO - Sync 1 DAGs
[2025-11-15T21:52:54.420+0000] {processor.py:161} INFO - Started process (PID=736) to work on /opt/airflow/dags/pipeline_label_studio.py
[2025-11-15T21:52:54.422+0000] {processor.py:830} INFO - Processing file /opt/airflow/dags/pipeline_label_studio.py for tasks to queue
[2025-11-15T21:52:54.424+0000] {logging_mixin.py:188} INFO - [2025-11-15T21:52:54.423+0000] {dagbag.py:545} INFO - Filling up the DagBag from /opt/airflow/dags/pipeline_label_studio.py
[2025-11-15T21:52:54.430+0000] {logging_mixin.py:188} INFO - [2025-11-15T21:52:54.430+0000] {dag.py:3947} INFO - Setting next_dagrun for etl_label_studio to 2025-11-14 03:00:00+00:00, run_after=2025-11-15 03:00:00+00:00
[2025-11-15T21:52:54.441+0000] {processor.py:840} INFO - DAG(s) 'etl_label_studio' retrieved from /opt/airflow/dags/pipeline_label_studio.py
[2025-11-15T21:52:54.449+0000] {processor.py:183} INFO - Processing /opt/airflow/dags/pipeline_label_studio.py took 0.149 seconds
[2025-11-15T21:52:54.477+0000] {logging_mixin.py:188} INFO - [2025-11-15T21:52:54.477+0000] {dag.py:3089} INFO - Sync 1 DAGs
[2025-11-15T21:52:54.501+0000] {logging_mixin.py:188} INFO - [2025-11-15T21:52:54.500+0000] {dag.py:3947} INFO - Setting next_dagrun for etl_label_studio to 2025-11-14 03:00:00+00:00, run_after=2025-11-15 03:00:00+00:00
[2025-11-15T21:52:54.519+0000] {processor.py:183} INFO - Processing /opt/airflow/dags/pipeline_label_studio.py took 0.104 seconds
[2025-11-15T21:53:24.564+0000] {processor.py:161} INFO - Started process (PID=706) to work on /opt/airflow/dags/pipeline_label_studio.py
[2025-11-15T21:53:24.567+0000] {processor.py:830} INFO - Processing file /opt/airflow/dags/pipeline_label_studio.py for tasks to queue
[2025-11-15T21:53:24.570+0000] {logging_mixin.py:188} INFO - [2025-11-15T21:53:24.569+0000] {dagbag.py:545} INFO - Filling up the DagBag from /opt/airflow/dags/pipeline_label_studio.py
[2025-11-15T21:53:24.586+0000] {processor.py:840} INFO - DAG(s) 'etl_label_studio' retrieved from /opt/airflow/dags/pipeline_label_studio.py
[2025-11-15T21:53:24.618+0000] {logging_mixin.py:188} INFO - [2025-11-15T21:53:24.618+0000] {dag.py:3089} INFO - Sync 1 DAGs
[2025-11-15T21:53:24.641+0000] {logging_mixin.py:188} INFO - [2025-11-15T21:53:24.641+0000] {dag.py:3947} INFO - Setting next_dagrun for etl_label_studio to 2025-11-14 03:00:00+00:00, run_after=2025-11-15 03:00:00+00:00
[2025-11-15T21:53:24.655+0000] {processor.py:183} INFO - Processing /opt/airflow/dags/pipeline_label_studio.py took 0.097 seconds
[2025-11-15T21:53:24.737+0000] {processor.py:161} INFO - Started process (PID=746) to work on /opt/airflow/dags/pipeline_label_studio.py
[2025-11-15T21:53:24.740+0000] {processor.py:830} INFO - Processing file /opt/airflow/dags/pipeline_label_studio.py for tasks to queue
[2025-11-15T21:53:24.742+0000] {logging_mixin.py:188} INFO - [2025-11-15T21:53:24.742+0000] {dagbag.py:545} INFO - Filling up the DagBag from /opt/airflow/dags/pipeline_label_studio.py
[2025-11-15T21:53:24.754+0000] {processor.py:840} INFO - DAG(s) 'etl_label_studio' retrieved from /opt/airflow/dags/pipeline_label_studio.py
[2025-11-15T21:53:24.777+0000] {logging_mixin.py:188} INFO - [2025-11-15T21:53:24.777+0000] {dag.py:3089} INFO - Sync 1 DAGs
[2025-11-15T21:53:24.799+0000] {logging_mixin.py:188} INFO - [2025-11-15T21:53:24.799+0000] {dag.py:3947} INFO - Setting next_dagrun for etl_label_studio to 2025-11-14 03:00:00+00:00, run_after=2025-11-15 03:00:00+00:00
[2025-11-15T21:53:24.812+0000] {processor.py:183} INFO - Processing /opt/airflow/dags/pipeline_label_studio.py took 0.081 seconds
[2025-11-15T21:53:54.939+0000] {processor.py:161} INFO - Started process (PID=716) to work on /opt/airflow/dags/pipeline_label_studio.py
[2025-11-15T21:53:54.944+0000] {processor.py:830} INFO - Processing file /opt/airflow/dags/pipeline_label_studio.py for tasks to queue
[2025-11-15T21:53:54.947+0000] {logging_mixin.py:188} INFO - [2025-11-15T21:53:54.946+0000] {dagbag.py:545} INFO - Filling up the DagBag from /opt/airflow/dags/pipeline_label_studio.py
[2025-11-15T21:53:54.989+0000] {processor.py:840} INFO - DAG(s) 'etl_label_studio' retrieved from /opt/airflow/dags/pipeline_label_studio.py
[2025-11-15T21:53:55.032+0000] {logging_mixin.py:188} INFO - [2025-11-15T21:53:55.032+0000] {dag.py:3089} INFO - Sync 1 DAGs
[2025-11-15T21:53:55.071+0000] {logging_mixin.py:188} INFO - [2025-11-15T21:53:55.071+0000] {dag.py:3947} INFO - Setting next_dagrun for etl_label_studio to 2025-11-14 03:00:00+00:00, run_after=2025-11-15 03:00:00+00:00
[2025-11-15T21:53:55.090+0000] {processor.py:183} INFO - Processing /opt/airflow/dags/pipeline_label_studio.py took 0.163 seconds
[2025-11-15T21:53:55.138+0000] {processor.py:161} INFO - Started process (PID=756) to work on /opt/airflow/dags/pipeline_label_studio.py
[2025-11-15T21:53:55.139+0000] {processor.py:830} INFO - Processing file /opt/airflow/dags/pipeline_label_studio.py for tasks to queue
[2025-11-15T21:53:55.141+0000] {logging_mixin.py:188} INFO - [2025-11-15T21:53:55.140+0000] {dagbag.py:545} INFO - Filling up the DagBag from /opt/airflow/dags/pipeline_label_studio.py
[2025-11-15T21:53:55.159+0000] {processor.py:840} INFO - DAG(s) 'etl_label_studio' retrieved from /opt/airflow/dags/pipeline_label_studio.py
[2025-11-15T21:53:55.200+0000] {logging_mixin.py:188} INFO - [2025-11-15T21:53:55.199+0000] {dag.py:3089} INFO - Sync 1 DAGs
[2025-11-15T21:53:55.220+0000] {logging_mixin.py:188} INFO - [2025-11-15T21:53:55.220+0000] {dag.py:3947} INFO - Setting next_dagrun for etl_label_studio to 2025-11-14 03:00:00+00:00, run_after=2025-11-15 03:00:00+00:00
[2025-11-15T21:53:55.235+0000] {processor.py:183} INFO - Processing /opt/airflow/dags/pipeline_label_studio.py took 0.103 seconds
[2025-11-15T21:54:25.336+0000] {processor.py:161} INFO - Started process (PID=726) to work on /opt/airflow/dags/pipeline_label_studio.py
[2025-11-15T21:54:25.341+0000] {processor.py:830} INFO - Processing file /opt/airflow/dags/pipeline_label_studio.py for tasks to queue
[2025-11-15T21:54:25.345+0000] {logging_mixin.py:188} INFO - [2025-11-15T21:54:25.344+0000] {dagbag.py:545} INFO - Filling up the DagBag from /opt/airflow/dags/pipeline_label_studio.py
[2025-11-15T21:54:25.380+0000] {processor.py:840} INFO - DAG(s) 'etl_label_studio' retrieved from /opt/airflow/dags/pipeline_label_studio.py
[2025-11-15T21:54:25.444+0000] {logging_mixin.py:188} INFO - [2025-11-15T21:54:25.444+0000] {dag.py:3089} INFO - Sync 1 DAGs
[2025-11-15T21:54:25.476+0000] {logging_mixin.py:188} INFO - [2025-11-15T21:54:25.476+0000] {dag.py:3947} INFO - Setting next_dagrun for etl_label_studio to 2025-11-14 03:00:00+00:00, run_after=2025-11-15 03:00:00+00:00
[2025-11-15T21:54:25.492+0000] {processor.py:183} INFO - Processing /opt/airflow/dags/pipeline_label_studio.py took 0.172 seconds
[2025-11-15T21:54:25.579+0000] {processor.py:161} INFO - Started process (PID=766) to work on /opt/airflow/dags/pipeline_label_studio.py
[2025-11-15T21:54:25.580+0000] {processor.py:830} INFO - Processing file /opt/airflow/dags/pipeline_label_studio.py for tasks to queue
[2025-11-15T21:54:25.582+0000] {logging_mixin.py:188} INFO - [2025-11-15T21:54:25.582+0000] {dagbag.py:545} INFO - Filling up the DagBag from /opt/airflow/dags/pipeline_label_studio.py
[2025-11-15T21:54:25.610+0000] {processor.py:840} INFO - DAG(s) 'etl_label_studio' retrieved from /opt/airflow/dags/pipeline_label_studio.py
[2025-11-15T21:54:25.643+0000] {logging_mixin.py:188} INFO - [2025-11-15T21:54:25.643+0000] {dag.py:3089} INFO - Sync 1 DAGs
[2025-11-15T21:54:25.663+0000] {logging_mixin.py:188} INFO - [2025-11-15T21:54:25.663+0000] {dag.py:3947} INFO - Setting next_dagrun for etl_label_studio to 2025-11-14 03:00:00+00:00, run_after=2025-11-15 03:00:00+00:00
[2025-11-15T21:54:25.680+0000] {processor.py:183} INFO - Processing /opt/airflow/dags/pipeline_label_studio.py took 0.111 seconds
[2025-11-15T21:54:55.672+0000] {processor.py:161} INFO - Started process (PID=736) to work on /opt/airflow/dags/pipeline_label_studio.py
[2025-11-15T21:54:55.677+0000] {processor.py:830} INFO - Processing file /opt/airflow/dags/pipeline_label_studio.py for tasks to queue
[2025-11-15T21:54:55.684+0000] {logging_mixin.py:188} INFO - [2025-11-15T21:54:55.683+0000] {dagbag.py:545} INFO - Filling up the DagBag from /opt/airflow/dags/pipeline_label_studio.py
[2025-11-15T21:54:55.709+0000] {processor.py:840} INFO - DAG(s) 'etl_label_studio' retrieved from /opt/airflow/dags/pipeline_label_studio.py
[2025-11-15T21:54:55.775+0000] {logging_mixin.py:188} INFO - [2025-11-15T21:54:55.775+0000] {dag.py:3089} INFO - Sync 1 DAGs
[2025-11-15T21:54:55.809+0000] {logging_mixin.py:188} INFO - [2025-11-15T21:54:55.809+0000] {dag.py:3947} INFO - Setting next_dagrun for etl_label_studio to 2025-11-14 03:00:00+00:00, run_after=2025-11-15 03:00:00+00:00
[2025-11-15T21:54:55.829+0000] {processor.py:183} INFO - Processing /opt/airflow/dags/pipeline_label_studio.py took 0.166 seconds
[2025-11-15T21:54:55.892+0000] {processor.py:161} INFO - Started process (PID=776) to work on /opt/airflow/dags/pipeline_label_studio.py
[2025-11-15T21:54:55.895+0000] {processor.py:830} INFO - Processing file /opt/airflow/dags/pipeline_label_studio.py for tasks to queue
[2025-11-15T21:54:55.898+0000] {logging_mixin.py:188} INFO - [2025-11-15T21:54:55.898+0000] {dagbag.py:545} INFO - Filling up the DagBag from /opt/airflow/dags/pipeline_label_studio.py
[2025-11-15T21:54:55.914+0000] {processor.py:840} INFO - DAG(s) 'etl_label_studio' retrieved from /opt/airflow/dags/pipeline_label_studio.py
[2025-11-15T21:54:55.950+0000] {logging_mixin.py:188} INFO - [2025-11-15T21:54:55.949+0000] {dag.py:3089} INFO - Sync 1 DAGs
[2025-11-15T21:54:55.985+0000] {logging_mixin.py:188} INFO - [2025-11-15T21:54:55.985+0000] {dag.py:3947} INFO - Setting next_dagrun for etl_label_studio to 2025-11-14 03:00:00+00:00, run_after=2025-11-15 03:00:00+00:00
[2025-11-15T21:54:56.000+0000] {processor.py:183} INFO - Processing /opt/airflow/dags/pipeline_label_studio.py took 0.118 seconds
[2025-11-15T21:55:26.182+0000] {processor.py:161} INFO - Started process (PID=746) to work on /opt/airflow/dags/pipeline_label_studio.py
[2025-11-15T21:55:26.187+0000] {processor.py:830} INFO - Processing file /opt/airflow/dags/pipeline_label_studio.py for tasks to queue
[2025-11-15T21:55:26.191+0000] {logging_mixin.py:188} INFO - [2025-11-15T21:55:26.189+0000] {dagbag.py:545} INFO - Filling up the DagBag from /opt/airflow/dags/pipeline_label_studio.py
[2025-11-15T21:55:26.215+0000] {processor.py:161} INFO - Started process (PID=786) to work on /opt/airflow/dags/pipeline_label_studio.py
[2025-11-15T21:55:26.218+0000] {processor.py:830} INFO - Processing file /opt/airflow/dags/pipeline_label_studio.py for tasks to queue
[2025-11-15T21:55:26.222+0000] {logging_mixin.py:188} INFO - [2025-11-15T21:55:26.222+0000] {dagbag.py:545} INFO - Filling up the DagBag from /opt/airflow/dags/pipeline_label_studio.py
[2025-11-15T21:55:26.225+0000] {processor.py:840} INFO - DAG(s) 'etl_label_studio' retrieved from /opt/airflow/dags/pipeline_label_studio.py
[2025-11-15T21:55:26.250+0000] {processor.py:840} INFO - DAG(s) 'etl_label_studio' retrieved from /opt/airflow/dags/pipeline_label_studio.py
[2025-11-15T21:55:26.277+0000] {logging_mixin.py:188} INFO - [2025-11-15T21:55:26.277+0000] {dag.py:3089} INFO - Sync 1 DAGs
[2025-11-15T21:55:26.293+0000] {logging_mixin.py:188} INFO - [2025-11-15T21:55:26.293+0000] {dag.py:3089} INFO - Sync 1 DAGs
[2025-11-15T21:55:26.310+0000] {logging_mixin.py:188} INFO - [2025-11-15T21:55:26.310+0000] {dag.py:3947} INFO - Setting next_dagrun for etl_label_studio to 2025-11-14 03:00:00+00:00, run_after=2025-11-15 03:00:00+00:00
[2025-11-15T21:55:26.329+0000] {processor.py:183} INFO - Processing /opt/airflow/dags/pipeline_label_studio.py took 0.160 seconds
[2025-11-15T21:55:26.334+0000] {logging_mixin.py:188} INFO - [2025-11-15T21:55:26.334+0000] {dag.py:3947} INFO - Setting next_dagrun for etl_label_studio to 2025-11-14 03:00:00+00:00, run_after=2025-11-15 03:00:00+00:00
[2025-11-15T21:55:26.350+0000] {processor.py:183} INFO - Processing /opt/airflow/dags/pipeline_label_studio.py took 0.155 seconds
[2025-11-15T21:55:56.477+0000] {processor.py:161} INFO - Started process (PID=756) to work on /opt/airflow/dags/pipeline_label_studio.py
[2025-11-15T21:55:56.482+0000] {processor.py:830} INFO - Processing file /opt/airflow/dags/pipeline_label_studio.py for tasks to queue
[2025-11-15T21:55:56.486+0000] {logging_mixin.py:188} INFO - [2025-11-15T21:55:56.485+0000] {dagbag.py:545} INFO - Filling up the DagBag from /opt/airflow/dags/pipeline_label_studio.py
[2025-11-15T21:55:56.486+0000] {processor.py:161} INFO - Started process (PID=796) to work on /opt/airflow/dags/pipeline_label_studio.py
[2025-11-15T21:55:56.488+0000] {processor.py:830} INFO - Processing file /opt/airflow/dags/pipeline_label_studio.py for tasks to queue
[2025-11-15T21:55:56.495+0000] {logging_mixin.py:188} INFO - [2025-11-15T21:55:56.493+0000] {dagbag.py:545} INFO - Filling up the DagBag from /opt/airflow/dags/pipeline_label_studio.py
[2025-11-15T21:55:56.509+0000] {processor.py:840} INFO - DAG(s) 'etl_label_studio' retrieved from /opt/airflow/dags/pipeline_label_studio.py
[2025-11-15T21:55:56.521+0000] {processor.py:840} INFO - DAG(s) 'etl_label_studio' retrieved from /opt/airflow/dags/pipeline_label_studio.py
[2025-11-15T21:55:56.579+0000] {logging_mixin.py:188} INFO - [2025-11-15T21:55:56.578+0000] {dag.py:3089} INFO - Sync 1 DAGs
[2025-11-15T21:55:56.583+0000] {logging_mixin.py:188} INFO - [2025-11-15T21:55:56.583+0000] {dag.py:3089} INFO - Sync 1 DAGs
[2025-11-15T21:55:56.632+0000] {logging_mixin.py:188} INFO - [2025-11-15T21:55:56.631+0000] {dag.py:3947} INFO - Setting next_dagrun for etl_label_studio to 2025-11-14 03:00:00+00:00, run_after=2025-11-15 03:00:00+00:00
[2025-11-15T21:55:56.655+0000] {processor.py:183} INFO - Processing /opt/airflow/dags/pipeline_label_studio.py took 0.187 seconds
[2025-11-15T21:55:56.660+0000] {logging_mixin.py:188} INFO - [2025-11-15T21:55:56.660+0000] {dag.py:3947} INFO - Setting next_dagrun for etl_label_studio to 2025-11-14 03:00:00+00:00, run_after=2025-11-15 03:00:00+00:00
[2025-11-15T21:55:56.683+0000] {processor.py:183} INFO - Processing /opt/airflow/dags/pipeline_label_studio.py took 0.207 seconds
[2025-11-15T21:56:26.923+0000] {processor.py:161} INFO - Started process (PID=766) to work on /opt/airflow/dags/pipeline_label_studio.py
[2025-11-15T21:56:26.928+0000] {processor.py:830} INFO - Processing file /opt/airflow/dags/pipeline_label_studio.py for tasks to queue
[2025-11-15T21:56:26.933+0000] {logging_mixin.py:188} INFO - [2025-11-15T21:56:26.932+0000] {dagbag.py:545} INFO - Filling up the DagBag from /opt/airflow/dags/pipeline_label_studio.py
[2025-11-15T21:56:26.965+0000] {processor.py:840} INFO - DAG(s) 'etl_label_studio' retrieved from /opt/airflow/dags/pipeline_label_studio.py
[2025-11-15T21:56:27.080+0000] {processor.py:161} INFO - Started process (PID=806) to work on /opt/airflow/dags/pipeline_label_studio.py
[2025-11-15T21:56:27.082+0000] {processor.py:830} INFO - Processing file /opt/airflow/dags/pipeline_label_studio.py for tasks to queue
[2025-11-15T21:56:27.091+0000] {logging_mixin.py:188} INFO - [2025-11-15T21:56:27.090+0000] {dagbag.py:545} INFO - Filling up the DagBag from /opt/airflow/dags/pipeline_label_studio.py
[2025-11-15T21:56:27.104+0000] {logging_mixin.py:188} INFO - [2025-11-15T21:56:27.104+0000] {dag.py:3089} INFO - Sync 1 DAGs
[2025-11-15T21:56:27.128+0000] {processor.py:840} INFO - DAG(s) 'etl_label_studio' retrieved from /opt/airflow/dags/pipeline_label_studio.py
[2025-11-15T21:56:27.146+0000] {logging_mixin.py:188} INFO - [2025-11-15T21:56:27.146+0000] {dag.py:3947} INFO - Setting next_dagrun for etl_label_studio to 2025-11-14 03:00:00+00:00, run_after=2025-11-15 03:00:00+00:00
[2025-11-15T21:56:27.169+0000] {processor.py:183} INFO - Processing /opt/airflow/dags/pipeline_label_studio.py took 0.258 seconds
[2025-11-15T21:56:27.183+0000] {logging_mixin.py:188} INFO - [2025-11-15T21:56:27.183+0000] {dag.py:3089} INFO - Sync 1 DAGs
[2025-11-15T21:56:27.208+0000] {logging_mixin.py:188} INFO - [2025-11-15T21:56:27.208+0000] {dag.py:3947} INFO - Setting next_dagrun for etl_label_studio to 2025-11-14 03:00:00+00:00, run_after=2025-11-15 03:00:00+00:00
[2025-11-15T21:56:27.226+0000] {processor.py:183} INFO - Processing /opt/airflow/dags/pipeline_label_studio.py took 0.184 seconds
[2025-11-15T21:56:57.330+0000] {processor.py:161} INFO - Started process (PID=816) to work on /opt/airflow/dags/pipeline_label_studio.py
[2025-11-15T21:56:57.335+0000] {processor.py:830} INFO - Processing file /opt/airflow/dags/pipeline_label_studio.py for tasks to queue
[2025-11-15T21:56:57.338+0000] {logging_mixin.py:188} INFO - [2025-11-15T21:56:57.337+0000] {dagbag.py:545} INFO - Filling up the DagBag from /opt/airflow/dags/pipeline_label_studio.py
[2025-11-15T21:56:57.355+0000] {processor.py:840} INFO - DAG(s) 'etl_label_studio' retrieved from /opt/airflow/dags/pipeline_label_studio.py
[2025-11-15T21:56:57.392+0000] {logging_mixin.py:188} INFO - [2025-11-15T21:56:57.392+0000] {dag.py:3089} INFO - Sync 1 DAGs
[2025-11-15T21:56:57.430+0000] {logging_mixin.py:188} INFO - [2025-11-15T21:56:57.430+0000] {dag.py:3947} INFO - Setting next_dagrun for etl_label_studio to 2025-11-14 03:00:00+00:00, run_after=2025-11-15 03:00:00+00:00
[2025-11-15T21:56:57.443+0000] {processor.py:161} INFO - Started process (PID=776) to work on /opt/airflow/dags/pipeline_label_studio.py
[2025-11-15T21:56:57.445+0000] {processor.py:830} INFO - Processing file /opt/airflow/dags/pipeline_label_studio.py for tasks to queue
[2025-11-15T21:56:57.452+0000] {logging_mixin.py:188} INFO - [2025-11-15T21:56:57.451+0000] {dagbag.py:545} INFO - Filling up the DagBag from /opt/airflow/dags/pipeline_label_studio.py
[2025-11-15T21:56:57.456+0000] {processor.py:183} INFO - Processing /opt/airflow/dags/pipeline_label_studio.py took 0.132 seconds
[2025-11-15T21:56:57.470+0000] {processor.py:840} INFO - DAG(s) 'etl_label_studio' retrieved from /opt/airflow/dags/pipeline_label_studio.py
[2025-11-15T21:56:57.503+0000] {logging_mixin.py:188} INFO - [2025-11-15T21:56:57.503+0000] {dag.py:3089} INFO - Sync 1 DAGs
[2025-11-15T21:56:57.535+0000] {logging_mixin.py:188} INFO - [2025-11-15T21:56:57.534+0000] {dag.py:3947} INFO - Setting next_dagrun for etl_label_studio to 2025-11-14 03:00:00+00:00, run_after=2025-11-15 03:00:00+00:00
[2025-11-15T21:56:57.555+0000] {processor.py:183} INFO - Processing /opt/airflow/dags/pipeline_label_studio.py took 0.121 seconds
[2025-11-15T21:57:27.745+0000] {processor.py:161} INFO - Started process (PID=826) to work on /opt/airflow/dags/pipeline_label_studio.py
[2025-11-15T21:57:27.745+0000] {processor.py:161} INFO - Started process (PID=786) to work on /opt/airflow/dags/pipeline_label_studio.py
[2025-11-15T21:57:27.749+0000] {processor.py:830} INFO - Processing file /opt/airflow/dags/pipeline_label_studio.py for tasks to queue
[2025-11-15T21:57:27.749+0000] {processor.py:830} INFO - Processing file /opt/airflow/dags/pipeline_label_studio.py for tasks to queue
[2025-11-15T21:57:27.751+0000] {logging_mixin.py:188} INFO - [2025-11-15T21:57:27.751+0000] {dagbag.py:545} INFO - Filling up the DagBag from /opt/airflow/dags/pipeline_label_studio.py
[2025-11-15T21:57:27.751+0000] {logging_mixin.py:188} INFO - [2025-11-15T21:57:27.751+0000] {dagbag.py:545} INFO - Filling up the DagBag from /opt/airflow/dags/pipeline_label_studio.py
[2025-11-15T21:57:27.771+0000] {processor.py:840} INFO - DAG(s) 'etl_label_studio' retrieved from /opt/airflow/dags/pipeline_label_studio.py
[2025-11-15T21:57:27.771+0000] {processor.py:840} INFO - DAG(s) 'etl_label_studio' retrieved from /opt/airflow/dags/pipeline_label_studio.py
[2025-11-15T21:57:27.819+0000] {logging_mixin.py:188} INFO - [2025-11-15T21:57:27.818+0000] {dag.py:3089} INFO - Sync 1 DAGs
[2025-11-15T21:57:27.819+0000] {logging_mixin.py:188} INFO - [2025-11-15T21:57:27.819+0000] {dag.py:3089} INFO - Sync 1 DAGs
[2025-11-15T21:57:27.847+0000] {logging_mixin.py:188} INFO - [2025-11-15T21:57:27.847+0000] {dag.py:3947} INFO - Setting next_dagrun for etl_label_studio to 2025-11-14 03:00:00+00:00, run_after=2025-11-15 03:00:00+00:00
[2025-11-15T21:57:27.867+0000] {processor.py:183} INFO - Processing /opt/airflow/dags/pipeline_label_studio.py took 0.130 seconds
[2025-11-15T21:57:27.868+0000] {logging_mixin.py:188} INFO - [2025-11-15T21:57:27.867+0000] {dag.py:3947} INFO - Setting next_dagrun for etl_label_studio to 2025-11-14 03:00:00+00:00, run_after=2025-11-15 03:00:00+00:00
[2025-11-15T21:57:27.883+0000] {processor.py:183} INFO - Processing /opt/airflow/dags/pipeline_label_studio.py took 0.145 seconds
[2025-11-15T21:57:58.261+0000] {processor.py:161} INFO - Started process (PID=796) to work on /opt/airflow/dags/pipeline_label_studio.py
[2025-11-15T21:57:58.262+0000] {processor.py:161} INFO - Started process (PID=836) to work on /opt/airflow/dags/pipeline_label_studio.py
[2025-11-15T21:57:58.304+0000] {processor.py:830} INFO - Processing file /opt/airflow/dags/pipeline_label_studio.py for tasks to queue
[2025-11-15T21:57:58.304+0000] {processor.py:830} INFO - Processing file /opt/airflow/dags/pipeline_label_studio.py for tasks to queue
[2025-11-15T21:57:58.316+0000] {logging_mixin.py:188} INFO - [2025-11-15T21:57:58.315+0000] {dagbag.py:545} INFO - Filling up the DagBag from /opt/airflow/dags/pipeline_label_studio.py
[2025-11-15T21:57:58.317+0000] {logging_mixin.py:188} INFO - [2025-11-15T21:57:58.316+0000] {dagbag.py:545} INFO - Filling up the DagBag from /opt/airflow/dags/pipeline_label_studio.py
[2025-11-15T21:57:58.357+0000] {processor.py:840} INFO - DAG(s) 'etl_label_studio' retrieved from /opt/airflow/dags/pipeline_label_studio.py
[2025-11-15T21:57:58.358+0000] {processor.py:840} INFO - DAG(s) 'etl_label_studio' retrieved from /opt/airflow/dags/pipeline_label_studio.py
[2025-11-15T21:57:58.417+0000] {logging_mixin.py:188} INFO - [2025-11-15T21:57:58.417+0000] {dag.py:3089} INFO - Sync 1 DAGs
[2025-11-15T21:57:58.417+0000] {logging_mixin.py:188} INFO - [2025-11-15T21:57:58.417+0000] {dag.py:3089} INFO - Sync 1 DAGs
[2025-11-15T21:57:58.446+0000] {logging_mixin.py:188} INFO - [2025-11-15T21:57:58.446+0000] {dag.py:3947} INFO - Setting next_dagrun for etl_label_studio to 2025-11-14 03:00:00+00:00, run_after=2025-11-15 03:00:00+00:00
[2025-11-15T21:57:58.471+0000] {processor.py:183} INFO - Processing /opt/airflow/dags/pipeline_label_studio.py took 0.226 seconds
[2025-11-15T21:57:58.476+0000] {logging_mixin.py:188} INFO - [2025-11-15T21:57:58.476+0000] {dag.py:3947} INFO - Setting next_dagrun for etl_label_studio to 2025-11-14 03:00:00+00:00, run_after=2025-11-15 03:00:00+00:00
[2025-11-15T21:57:58.494+0000] {processor.py:183} INFO - Processing /opt/airflow/dags/pipeline_label_studio.py took 0.249 seconds
[2025-11-15T21:58:28.581+0000] {processor.py:161} INFO - Started process (PID=846) to work on /opt/airflow/dags/pipeline_label_studio.py
[2025-11-15T21:58:28.583+0000] {processor.py:830} INFO - Processing file /opt/airflow/dags/pipeline_label_studio.py for tasks to queue
[2025-11-15T21:58:28.585+0000] {processor.py:161} INFO - Started process (PID=806) to work on /opt/airflow/dags/pipeline_label_studio.py
[2025-11-15T21:58:28.586+0000] {logging_mixin.py:188} INFO - [2025-11-15T21:58:28.586+0000] {dagbag.py:545} INFO - Filling up the DagBag from /opt/airflow/dags/pipeline_label_studio.py
[2025-11-15T21:58:28.586+0000] {processor.py:830} INFO - Processing file /opt/airflow/dags/pipeline_label_studio.py for tasks to queue
[2025-11-15T21:58:28.590+0000] {logging_mixin.py:188} INFO - [2025-11-15T21:58:28.589+0000] {dagbag.py:545} INFO - Filling up the DagBag from /opt/airflow/dags/pipeline_label_studio.py
[2025-11-15T21:58:28.607+0000] {processor.py:840} INFO - DAG(s) 'etl_label_studio' retrieved from /opt/airflow/dags/pipeline_label_studio.py
[2025-11-15T21:58:28.608+0000] {processor.py:840} INFO - DAG(s) 'etl_label_studio' retrieved from /opt/airflow/dags/pipeline_label_studio.py
[2025-11-15T21:58:28.644+0000] {logging_mixin.py:188} INFO - [2025-11-15T21:58:28.644+0000] {dag.py:3089} INFO - Sync 1 DAGs
[2025-11-15T21:58:28.644+0000] {logging_mixin.py:188} INFO - [2025-11-15T21:58:28.644+0000] {dag.py:3089} INFO - Sync 1 DAGs
[2025-11-15T21:58:28.668+0000] {logging_mixin.py:188} INFO - [2025-11-15T21:58:28.668+0000] {dag.py:3947} INFO - Setting next_dagrun for etl_label_studio to 2025-11-14 03:00:00+00:00, run_after=2025-11-15 03:00:00+00:00
[2025-11-15T21:58:28.686+0000] {processor.py:183} INFO - Processing /opt/airflow/dags/pipeline_label_studio.py took 0.110 seconds
[2025-11-15T21:58:28.689+0000] {logging_mixin.py:188} INFO - [2025-11-15T21:58:28.689+0000] {dag.py:3947} INFO - Setting next_dagrun for etl_label_studio to 2025-11-14 03:00:00+00:00, run_after=2025-11-15 03:00:00+00:00
[2025-11-15T21:58:28.705+0000] {processor.py:183} INFO - Processing /opt/airflow/dags/pipeline_label_studio.py took 0.136 seconds
[2025-11-15T21:58:59.064+0000] {processor.py:161} INFO - Started process (PID=856) to work on /opt/airflow/dags/pipeline_label_studio.py
[2025-11-15T21:58:59.071+0000] {processor.py:830} INFO - Processing file /opt/airflow/dags/pipeline_label_studio.py for tasks to queue
[2025-11-15T21:58:59.073+0000] {processor.py:161} INFO - Started process (PID=816) to work on /opt/airflow/dags/pipeline_label_studio.py
[2025-11-15T21:58:59.075+0000] {logging_mixin.py:188} INFO - [2025-11-15T21:58:59.074+0000] {dagbag.py:545} INFO - Filling up the DagBag from /opt/airflow/dags/pipeline_label_studio.py
[2025-11-15T21:58:59.075+0000] {processor.py:830} INFO - Processing file /opt/airflow/dags/pipeline_label_studio.py for tasks to queue
[2025-11-15T21:58:59.078+0000] {logging_mixin.py:188} INFO - [2025-11-15T21:58:59.077+0000] {dagbag.py:545} INFO - Filling up the DagBag from /opt/airflow/dags/pipeline_label_studio.py
[2025-11-15T21:58:59.107+0000] {processor.py:840} INFO - DAG(s) 'etl_label_studio' retrieved from /opt/airflow/dags/pipeline_label_studio.py
[2025-11-15T21:58:59.109+0000] {processor.py:840} INFO - DAG(s) 'etl_label_studio' retrieved from /opt/airflow/dags/pipeline_label_studio.py
[2025-11-15T21:58:59.163+0000] {logging_mixin.py:188} INFO - [2025-11-15T21:58:59.162+0000] {dag.py:3089} INFO - Sync 1 DAGs
[2025-11-15T21:58:59.163+0000] {logging_mixin.py:188} INFO - [2025-11-15T21:58:59.163+0000] {dag.py:3089} INFO - Sync 1 DAGs
[2025-11-15T21:58:59.187+0000] {logging_mixin.py:188} INFO - [2025-11-15T21:58:59.187+0000] {dag.py:3947} INFO - Setting next_dagrun for etl_label_studio to 2025-11-14 03:00:00+00:00, run_after=2025-11-15 03:00:00+00:00
[2025-11-15T21:58:59.205+0000] {processor.py:183} INFO - Processing /opt/airflow/dags/pipeline_label_studio.py took 0.164 seconds
[2025-11-15T21:58:59.209+0000] {logging_mixin.py:188} INFO - [2025-11-15T21:58:59.209+0000] {dag.py:3947} INFO - Setting next_dagrun for etl_label_studio to 2025-11-14 03:00:00+00:00, run_after=2025-11-15 03:00:00+00:00
[2025-11-15T21:58:59.225+0000] {processor.py:183} INFO - Processing /opt/airflow/dags/pipeline_label_studio.py took 0.173 seconds
[2025-11-15T21:59:29.349+0000] {processor.py:161} INFO - Started process (PID=866) to work on /opt/airflow/dags/pipeline_label_studio.py
[2025-11-15T21:59:29.352+0000] {processor.py:161} INFO - Started process (PID=826) to work on /opt/airflow/dags/pipeline_label_studio.py
[2025-11-15T21:59:29.355+0000] {processor.py:830} INFO - Processing file /opt/airflow/dags/pipeline_label_studio.py for tasks to queue
[2025-11-15T21:59:29.355+0000] {processor.py:830} INFO - Processing file /opt/airflow/dags/pipeline_label_studio.py for tasks to queue
[2025-11-15T21:59:29.359+0000] {logging_mixin.py:188} INFO - [2025-11-15T21:59:29.358+0000] {dagbag.py:545} INFO - Filling up the DagBag from /opt/airflow/dags/pipeline_label_studio.py
[2025-11-15T21:59:29.361+0000] {logging_mixin.py:188} INFO - [2025-11-15T21:59:29.360+0000] {dagbag.py:545} INFO - Filling up the DagBag from /opt/airflow/dags/pipeline_label_studio.py
[2025-11-15T21:59:29.393+0000] {processor.py:840} INFO - DAG(s) 'etl_label_studio' retrieved from /opt/airflow/dags/pipeline_label_studio.py
[2025-11-15T21:59:29.394+0000] {processor.py:840} INFO - DAG(s) 'etl_label_studio' retrieved from /opt/airflow/dags/pipeline_label_studio.py
[2025-11-15T21:59:29.453+0000] {logging_mixin.py:188} INFO - [2025-11-15T21:59:29.452+0000] {dag.py:3089} INFO - Sync 1 DAGs
[2025-11-15T21:59:29.453+0000] {logging_mixin.py:188} INFO - [2025-11-15T21:59:29.452+0000] {dag.py:3089} INFO - Sync 1 DAGs
[2025-11-15T21:59:29.481+0000] {logging_mixin.py:188} INFO - [2025-11-15T21:59:29.481+0000] {dag.py:3947} INFO - Setting next_dagrun for etl_label_studio to 2025-11-14 03:00:00+00:00, run_after=2025-11-15 03:00:00+00:00
[2025-11-15T21:59:29.504+0000] {processor.py:183} INFO - Processing /opt/airflow/dags/pipeline_label_studio.py took 0.169 seconds
[2025-11-15T21:59:29.507+0000] {logging_mixin.py:188} INFO - [2025-11-15T21:59:29.507+0000] {dag.py:3947} INFO - Setting next_dagrun for etl_label_studio to 2025-11-14 03:00:00+00:00, run_after=2025-11-15 03:00:00+00:00
[2025-11-15T21:59:29.522+0000] {processor.py:183} INFO - Processing /opt/airflow/dags/pipeline_label_studio.py took 0.186 seconds
[2025-11-15T21:59:59.817+0000] {processor.py:161} INFO - Started process (PID=836) to work on /opt/airflow/dags/pipeline_label_studio.py
[2025-11-15T21:59:59.820+0000] {processor.py:161} INFO - Started process (PID=876) to work on /opt/airflow/dags/pipeline_label_studio.py
[2025-11-15T21:59:59.856+0000] {processor.py:830} INFO - Processing file /opt/airflow/dags/pipeline_label_studio.py for tasks to queue
[2025-11-15T21:59:59.856+0000] {processor.py:830} INFO - Processing file /opt/airflow/dags/pipeline_label_studio.py for tasks to queue
[2025-11-15T21:59:59.860+0000] {logging_mixin.py:188} INFO - [2025-11-15T21:59:59.859+0000] {dagbag.py:545} INFO - Filling up the DagBag from /opt/airflow/dags/pipeline_label_studio.py
[2025-11-15T21:59:59.860+0000] {logging_mixin.py:188} INFO - [2025-11-15T21:59:59.859+0000] {dagbag.py:545} INFO - Filling up the DagBag from /opt/airflow/dags/pipeline_label_studio.py
[2025-11-15T21:59:59.891+0000] {processor.py:840} INFO - DAG(s) 'etl_label_studio' retrieved from /opt/airflow/dags/pipeline_label_studio.py
[2025-11-15T21:59:59.892+0000] {processor.py:840} INFO - DAG(s) 'etl_label_studio' retrieved from /opt/airflow/dags/pipeline_label_studio.py
[2025-11-15T21:59:59.940+0000] {logging_mixin.py:188} INFO - [2025-11-15T21:59:59.940+0000] {dag.py:3089} INFO - Sync 1 DAGs
[2025-11-15T21:59:59.940+0000] {logging_mixin.py:188} INFO - [2025-11-15T21:59:59.940+0000] {dag.py:3089} INFO - Sync 1 DAGs
[2025-11-15T21:59:59.972+0000] {logging_mixin.py:188} INFO - [2025-11-15T21:59:59.972+0000] {dag.py:3947} INFO - Setting next_dagrun for etl_label_studio to 2025-11-14 03:00:00+00:00, run_after=2025-11-15 03:00:00+00:00
[2025-11-15T21:59:59.989+0000] {processor.py:183} INFO - Processing /opt/airflow/dags/pipeline_label_studio.py took 0.184 seconds
[2025-11-15T21:59:59.993+0000] {logging_mixin.py:188} INFO - [2025-11-15T21:59:59.993+0000] {dag.py:3947} INFO - Setting next_dagrun for etl_label_studio to 2025-11-14 03:00:00+00:00, run_after=2025-11-15 03:00:00+00:00
[2025-11-15T22:00:00.008+0000] {processor.py:183} INFO - Processing /opt/airflow/dags/pipeline_label_studio.py took 0.203 seconds
[2025-11-15T22:00:30.143+0000] {processor.py:161} INFO - Started process (PID=846) to work on /opt/airflow/dags/pipeline_label_studio.py
[2025-11-15T22:00:30.146+0000] {processor.py:161} INFO - Started process (PID=886) to work on /opt/airflow/dags/pipeline_label_studio.py
[2025-11-15T22:00:30.149+0000] {processor.py:830} INFO - Processing file /opt/airflow/dags/pipeline_label_studio.py for tasks to queue
[2025-11-15T22:00:30.149+0000] {processor.py:830} INFO - Processing file /opt/airflow/dags/pipeline_label_studio.py for tasks to queue
[2025-11-15T22:00:30.154+0000] {logging_mixin.py:188} INFO - [2025-11-15T22:00:30.153+0000] {dagbag.py:545} INFO - Filling up the DagBag from /opt/airflow/dags/pipeline_label_studio.py
[2025-11-15T22:00:30.154+0000] {logging_mixin.py:188} INFO - [2025-11-15T22:00:30.154+0000] {dagbag.py:545} INFO - Filling up the DagBag from /opt/airflow/dags/pipeline_label_studio.py
[2025-11-15T22:00:30.179+0000] {processor.py:840} INFO - DAG(s) 'etl_label_studio' retrieved from /opt/airflow/dags/pipeline_label_studio.py
[2025-11-15T22:00:30.180+0000] {processor.py:840} INFO - DAG(s) 'etl_label_studio' retrieved from /opt/airflow/dags/pipeline_label_studio.py
[2025-11-15T22:00:30.226+0000] {logging_mixin.py:188} INFO - [2025-11-15T22:00:30.226+0000] {dag.py:3089} INFO - Sync 1 DAGs
[2025-11-15T22:00:30.226+0000] {logging_mixin.py:188} INFO - [2025-11-15T22:00:30.226+0000] {dag.py:3089} INFO - Sync 1 DAGs
[2025-11-15T22:00:30.254+0000] {logging_mixin.py:188} INFO - [2025-11-15T22:00:30.254+0000] {dag.py:3947} INFO - Setting next_dagrun for etl_label_studio to 2025-11-14 03:00:00+00:00, run_after=2025-11-15 03:00:00+00:00
[2025-11-15T22:00:30.270+0000] {processor.py:183} INFO - Processing /opt/airflow/dags/pipeline_label_studio.py took 0.135 seconds
[2025-11-15T22:00:30.275+0000] {logging_mixin.py:188} INFO - [2025-11-15T22:00:30.275+0000] {dag.py:3947} INFO - Setting next_dagrun for etl_label_studio to 2025-11-14 03:00:00+00:00, run_after=2025-11-15 03:00:00+00:00
[2025-11-15T22:00:30.291+0000] {processor.py:183} INFO - Processing /opt/airflow/dags/pipeline_label_studio.py took 0.157 seconds
[2025-11-15T22:01:00.531+0000] {processor.py:161} INFO - Started process (PID=856) to work on /opt/airflow/dags/pipeline_label_studio.py
[2025-11-15T22:01:00.541+0000] {processor.py:830} INFO - Processing file /opt/airflow/dags/pipeline_label_studio.py for tasks to queue
[2025-11-15T22:01:00.546+0000] {logging_mixin.py:188} INFO - [2025-11-15T22:01:00.546+0000] {dagbag.py:545} INFO - Filling up the DagBag from /opt/airflow/dags/pipeline_label_studio.py
[2025-11-15T22:01:00.567+0000] {processor.py:161} INFO - Started process (PID=896) to work on /opt/airflow/dags/pipeline_label_studio.py
[2025-11-15T22:01:00.569+0000] {processor.py:830} INFO - Processing file /opt/airflow/dags/pipeline_label_studio.py for tasks to queue
[2025-11-15T22:01:00.573+0000] {logging_mixin.py:188} INFO - [2025-11-15T22:01:00.573+0000] {dagbag.py:545} INFO - Filling up the DagBag from /opt/airflow/dags/pipeline_label_studio.py
[2025-11-15T22:01:00.574+0000] {processor.py:840} INFO - DAG(s) 'etl_label_studio' retrieved from /opt/airflow/dags/pipeline_label_studio.py
[2025-11-15T22:01:00.598+0000] {processor.py:840} INFO - DAG(s) 'etl_label_studio' retrieved from /opt/airflow/dags/pipeline_label_studio.py
[2025-11-15T22:01:00.623+0000] {logging_mixin.py:188} INFO - [2025-11-15T22:01:00.623+0000] {dag.py:3089} INFO - Sync 1 DAGs
[2025-11-15T22:01:00.638+0000] {logging_mixin.py:188} INFO - [2025-11-15T22:01:00.638+0000] {dag.py:3089} INFO - Sync 1 DAGs
[2025-11-15T22:01:00.653+0000] {logging_mixin.py:188} INFO - [2025-11-15T22:01:00.653+0000] {dag.py:3947} INFO - Setting next_dagrun for etl_label_studio to 2025-11-14 03:00:00+00:00, run_after=2025-11-15 03:00:00+00:00
[2025-11-15T22:01:00.673+0000] {processor.py:183} INFO - Processing /opt/airflow/dags/pipeline_label_studio.py took 0.150 seconds
[2025-11-15T22:01:00.675+0000] {logging_mixin.py:188} INFO - [2025-11-15T22:01:00.675+0000] {dag.py:3947} INFO - Setting next_dagrun for etl_label_studio to 2025-11-14 03:00:00+00:00, run_after=2025-11-15 03:00:00+00:00
[2025-11-15T22:01:00.694+0000] {processor.py:183} INFO - Processing /opt/airflow/dags/pipeline_label_studio.py took 0.140 seconds
[2025-11-15T22:01:30.830+0000] {processor.py:161} INFO - Started process (PID=866) to work on /opt/airflow/dags/pipeline_label_studio.py
[2025-11-15T22:01:30.856+0000] {processor.py:830} INFO - Processing file /opt/airflow/dags/pipeline_label_studio.py for tasks to queue
[2025-11-15T22:01:30.861+0000] {logging_mixin.py:188} INFO - [2025-11-15T22:01:30.860+0000] {dagbag.py:545} INFO - Filling up the DagBag from /opt/airflow/dags/pipeline_label_studio.py
[2025-11-15T22:01:30.881+0000] {processor.py:161} INFO - Started process (PID=906) to work on /opt/airflow/dags/pipeline_label_studio.py
[2025-11-15T22:01:30.889+0000] {processor.py:830} INFO - Processing file /opt/airflow/dags/pipeline_label_studio.py for tasks to queue
[2025-11-15T22:01:30.897+0000] {logging_mixin.py:188} INFO - [2025-11-15T22:01:30.892+0000] {dagbag.py:545} INFO - Filling up the DagBag from /opt/airflow/dags/pipeline_label_studio.py
[2025-11-15T22:01:30.903+0000] {processor.py:840} INFO - DAG(s) 'etl_label_studio' retrieved from /opt/airflow/dags/pipeline_label_studio.py
[2025-11-15T22:01:30.928+0000] {processor.py:840} INFO - DAG(s) 'etl_label_studio' retrieved from /opt/airflow/dags/pipeline_label_studio.py
[2025-11-15T22:01:30.967+0000] {logging_mixin.py:188} INFO - [2025-11-15T22:01:30.967+0000] {dag.py:3089} INFO - Sync 1 DAGs
[2025-11-15T22:01:30.978+0000] {logging_mixin.py:188} INFO - [2025-11-15T22:01:30.977+0000] {dag.py:3089} INFO - Sync 1 DAGs
[2025-11-15T22:01:31.001+0000] {logging_mixin.py:188} INFO - [2025-11-15T22:01:31.000+0000] {dag.py:3947} INFO - Setting next_dagrun for etl_label_studio to 2025-11-14 03:00:00+00:00, run_after=2025-11-15 03:00:00+00:00
[2025-11-15T22:01:31.027+0000] {processor.py:183} INFO - Processing /opt/airflow/dags/pipeline_label_studio.py took 0.210 seconds
[2025-11-15T22:01:31.035+0000] {logging_mixin.py:188} INFO - [2025-11-15T22:01:31.034+0000] {dag.py:3947} INFO - Setting next_dagrun for etl_label_studio to 2025-11-14 03:00:00+00:00, run_after=2025-11-15 03:00:00+00:00
[2025-11-15T22:01:31.055+0000] {processor.py:183} INFO - Processing /opt/airflow/dags/pipeline_label_studio.py took 0.195 seconds
[2025-11-15T22:02:01.253+0000] {processor.py:161} INFO - Started process (PID=876) to work on /opt/airflow/dags/pipeline_label_studio.py
[2025-11-15T22:02:01.254+0000] {processor.py:161} INFO - Started process (PID=916) to work on /opt/airflow/dags/pipeline_label_studio.py
[2025-11-15T22:02:01.259+0000] {processor.py:830} INFO - Processing file /opt/airflow/dags/pipeline_label_studio.py for tasks to queue
[2025-11-15T22:02:01.259+0000] {processor.py:830} INFO - Processing file /opt/airflow/dags/pipeline_label_studio.py for tasks to queue
[2025-11-15T22:02:01.274+0000] {logging_mixin.py:188} INFO - [2025-11-15T22:02:01.274+0000] {dagbag.py:545} INFO - Filling up the DagBag from /opt/airflow/dags/pipeline_label_studio.py
[2025-11-15T22:02:01.276+0000] {logging_mixin.py:188} INFO - [2025-11-15T22:02:01.275+0000] {dagbag.py:545} INFO - Filling up the DagBag from /opt/airflow/dags/pipeline_label_studio.py
[2025-11-15T22:02:01.297+0000] {processor.py:840} INFO - DAG(s) 'etl_label_studio' retrieved from /opt/airflow/dags/pipeline_label_studio.py
[2025-11-15T22:02:01.300+0000] {processor.py:840} INFO - DAG(s) 'etl_label_studio' retrieved from /opt/airflow/dags/pipeline_label_studio.py
[2025-11-15T22:02:01.339+0000] {logging_mixin.py:188} INFO - [2025-11-15T22:02:01.338+0000] {dag.py:3089} INFO - Sync 1 DAGs
[2025-11-15T22:02:01.339+0000] {logging_mixin.py:188} INFO - [2025-11-15T22:02:01.338+0000] {dag.py:3089} INFO - Sync 1 DAGs
[2025-11-15T22:02:01.366+0000] {logging_mixin.py:188} INFO - [2025-11-15T22:02:01.365+0000] {dag.py:3947} INFO - Setting next_dagrun for etl_label_studio to 2025-11-14 03:00:00+00:00, run_after=2025-11-15 03:00:00+00:00
[2025-11-15T22:02:01.383+0000] {processor.py:183} INFO - Processing /opt/airflow/dags/pipeline_label_studio.py took 0.149 seconds
[2025-11-15T22:02:01.388+0000] {logging_mixin.py:188} INFO - [2025-11-15T22:02:01.388+0000] {dag.py:3947} INFO - Setting next_dagrun for etl_label_studio to 2025-11-14 03:00:00+00:00, run_after=2025-11-15 03:00:00+00:00
[2025-11-15T22:02:01.405+0000] {processor.py:183} INFO - Processing /opt/airflow/dags/pipeline_label_studio.py took 0.172 seconds
[2025-11-15T22:02:31.545+0000] {processor.py:161} INFO - Started process (PID=886) to work on /opt/airflow/dags/pipeline_label_studio.py
[2025-11-15T22:02:31.552+0000] {processor.py:830} INFO - Processing file /opt/airflow/dags/pipeline_label_studio.py for tasks to queue
[2025-11-15T22:02:31.556+0000] {logging_mixin.py:188} INFO - [2025-11-15T22:02:31.556+0000] {dagbag.py:545} INFO - Filling up the DagBag from /opt/airflow/dags/pipeline_label_studio.py
[2025-11-15T22:02:31.562+0000] {processor.py:161} INFO - Started process (PID=926) to work on /opt/airflow/dags/pipeline_label_studio.py
[2025-11-15T22:02:31.564+0000] {processor.py:830} INFO - Processing file /opt/airflow/dags/pipeline_label_studio.py for tasks to queue
[2025-11-15T22:02:31.568+0000] {logging_mixin.py:188} INFO - [2025-11-15T22:02:31.568+0000] {dagbag.py:545} INFO - Filling up the DagBag from /opt/airflow/dags/pipeline_label_studio.py
[2025-11-15T22:02:31.584+0000] {processor.py:840} INFO - DAG(s) 'etl_label_studio' retrieved from /opt/airflow/dags/pipeline_label_studio.py
[2025-11-15T22:02:31.591+0000] {processor.py:840} INFO - DAG(s) 'etl_label_studio' retrieved from /opt/airflow/dags/pipeline_label_studio.py
[2025-11-15T22:02:31.643+0000] {logging_mixin.py:188} INFO - [2025-11-15T22:02:31.643+0000] {dag.py:3089} INFO - Sync 1 DAGs
[2025-11-15T22:02:31.646+0000] {logging_mixin.py:188} INFO - [2025-11-15T22:02:31.646+0000] {dag.py:3089} INFO - Sync 1 DAGs
[2025-11-15T22:02:31.688+0000] {logging_mixin.py:188} INFO - [2025-11-15T22:02:31.687+0000] {dag.py:3947} INFO - Setting next_dagrun for etl_label_studio to 2025-11-14 03:00:00+00:00, run_after=2025-11-15 03:00:00+00:00
[2025-11-15T22:02:31.704+0000] {processor.py:183} INFO - Processing /opt/airflow/dags/pipeline_label_studio.py took 0.158 seconds
[2025-11-15T22:02:31.711+0000] {logging_mixin.py:188} INFO - [2025-11-15T22:02:31.711+0000] {dag.py:3947} INFO - Setting next_dagrun for etl_label_studio to 2025-11-14 03:00:00+00:00, run_after=2025-11-15 03:00:00+00:00
[2025-11-15T22:02:31.727+0000] {processor.py:183} INFO - Processing /opt/airflow/dags/pipeline_label_studio.py took 0.194 seconds
[2025-11-15T22:03:01.932+0000] {processor.py:161} INFO - Started process (PID=936) to work on /opt/airflow/dags/pipeline_label_studio.py
[2025-11-15T22:03:01.933+0000] {processor.py:161} INFO - Started process (PID=896) to work on /opt/airflow/dags/pipeline_label_studio.py
[2025-11-15T22:03:01.938+0000] {processor.py:830} INFO - Processing file /opt/airflow/dags/pipeline_label_studio.py for tasks to queue
[2025-11-15T22:03:01.938+0000] {processor.py:830} INFO - Processing file /opt/airflow/dags/pipeline_label_studio.py for tasks to queue
[2025-11-15T22:03:01.941+0000] {logging_mixin.py:188} INFO - [2025-11-15T22:03:01.941+0000] {dagbag.py:545} INFO - Filling up the DagBag from /opt/airflow/dags/pipeline_label_studio.py
[2025-11-15T22:03:01.942+0000] {logging_mixin.py:188} INFO - [2025-11-15T22:03:01.941+0000] {dagbag.py:545} INFO - Filling up the DagBag from /opt/airflow/dags/pipeline_label_studio.py
[2025-11-15T22:03:01.967+0000] {processor.py:840} INFO - DAG(s) 'etl_label_studio' retrieved from /opt/airflow/dags/pipeline_label_studio.py
[2025-11-15T22:03:01.969+0000] {processor.py:840} INFO - DAG(s) 'etl_label_studio' retrieved from /opt/airflow/dags/pipeline_label_studio.py
[2025-11-15T22:03:02.021+0000] {logging_mixin.py:188} INFO - [2025-11-15T22:03:02.020+0000] {dag.py:3089} INFO - Sync 1 DAGs
[2025-11-15T22:03:02.021+0000] {logging_mixin.py:188} INFO - [2025-11-15T22:03:02.020+0000] {dag.py:3089} INFO - Sync 1 DAGs
[2025-11-15T22:03:02.056+0000] {logging_mixin.py:188} INFO - [2025-11-15T22:03:02.055+0000] {dag.py:3947} INFO - Setting next_dagrun for etl_label_studio to 2025-11-14 03:00:00+00:00, run_after=2025-11-15 03:00:00+00:00
[2025-11-15T22:03:02.077+0000] {processor.py:183} INFO - Processing /opt/airflow/dags/pipeline_label_studio.py took 0.158 seconds
[2025-11-15T22:03:02.083+0000] {logging_mixin.py:188} INFO - [2025-11-15T22:03:02.083+0000] {dag.py:3947} INFO - Setting next_dagrun for etl_label_studio to 2025-11-14 03:00:00+00:00, run_after=2025-11-15 03:00:00+00:00
[2025-11-15T22:03:02.102+0000] {processor.py:183} INFO - Processing /opt/airflow/dags/pipeline_label_studio.py took 0.185 seconds
[2025-11-15T22:03:32.222+0000] {processor.py:161} INFO - Started process (PID=906) to work on /opt/airflow/dags/pipeline_label_studio.py
[2025-11-15T22:03:32.228+0000] {processor.py:830} INFO - Processing file /opt/airflow/dags/pipeline_label_studio.py for tasks to queue
[2025-11-15T22:03:32.234+0000] {logging_mixin.py:188} INFO - [2025-11-15T22:03:32.232+0000] {dagbag.py:545} INFO - Filling up the DagBag from /opt/airflow/dags/pipeline_label_studio.py
[2025-11-15T22:03:32.268+0000] {processor.py:161} INFO - Started process (PID=946) to work on /opt/airflow/dags/pipeline_label_studio.py
[2025-11-15T22:03:32.271+0000] {processor.py:830} INFO - Processing file /opt/airflow/dags/pipeline_label_studio.py for tasks to queue
[2025-11-15T22:03:32.281+0000] {logging_mixin.py:188} INFO - [2025-11-15T22:03:32.279+0000] {dagbag.py:545} INFO - Filling up the DagBag from /opt/airflow/dags/pipeline_label_studio.py
[2025-11-15T22:03:32.284+0000] {processor.py:840} INFO - DAG(s) 'etl_label_studio' retrieved from /opt/airflow/dags/pipeline_label_studio.py
[2025-11-15T22:03:32.308+0000] {processor.py:840} INFO - DAG(s) 'etl_label_studio' retrieved from /opt/airflow/dags/pipeline_label_studio.py
[2025-11-15T22:03:32.340+0000] {logging_mixin.py:188} INFO - [2025-11-15T22:03:32.340+0000] {dag.py:3089} INFO - Sync 1 DAGs
[2025-11-15T22:03:32.358+0000] {logging_mixin.py:188} INFO - [2025-11-15T22:03:32.358+0000] {dag.py:3089} INFO - Sync 1 DAGs
[2025-11-15T22:03:32.388+0000] {logging_mixin.py:188} INFO - [2025-11-15T22:03:32.388+0000] {dag.py:3947} INFO - Setting next_dagrun for etl_label_studio to 2025-11-14 03:00:00+00:00, run_after=2025-11-15 03:00:00+00:00
[2025-11-15T22:03:32.411+0000] {processor.py:183} INFO - Processing /opt/airflow/dags/pipeline_label_studio.py took 0.203 seconds
[2025-11-15T22:03:32.417+0000] {logging_mixin.py:188} INFO - [2025-11-15T22:03:32.416+0000] {dag.py:3947} INFO - Setting next_dagrun for etl_label_studio to 2025-11-14 03:00:00+00:00, run_after=2025-11-15 03:00:00+00:00
[2025-11-15T22:03:32.438+0000] {processor.py:183} INFO - Processing /opt/airflow/dags/pipeline_label_studio.py took 0.190 seconds
[2025-11-15T22:04:02.662+0000] {processor.py:161} INFO - Started process (PID=983) to work on /opt/airflow/dags/pipeline_label_studio.py
[2025-11-15T22:04:02.665+0000] {processor.py:161} INFO - Started process (PID=916) to work on /opt/airflow/dags/pipeline_label_studio.py
[2025-11-15T22:04:02.668+0000] {processor.py:830} INFO - Processing file /opt/airflow/dags/pipeline_label_studio.py for tasks to queue
[2025-11-15T22:04:02.668+0000] {processor.py:830} INFO - Processing file /opt/airflow/dags/pipeline_label_studio.py for tasks to queue
[2025-11-15T22:04:02.670+0000] {logging_mixin.py:188} INFO - [2025-11-15T22:04:02.670+0000] {dagbag.py:545} INFO - Filling up the DagBag from /opt/airflow/dags/pipeline_label_studio.py
[2025-11-15T22:04:02.670+0000] {logging_mixin.py:188} INFO - [2025-11-15T22:04:02.670+0000] {dagbag.py:545} INFO - Filling up the DagBag from /opt/airflow/dags/pipeline_label_studio.py
[2025-11-15T22:04:02.693+0000] {processor.py:840} INFO - DAG(s) 'etl_label_studio' retrieved from /opt/airflow/dags/pipeline_label_studio.py
[2025-11-15T22:04:02.693+0000] {processor.py:840} INFO - DAG(s) 'etl_label_studio' retrieved from /opt/airflow/dags/pipeline_label_studio.py
[2025-11-15T22:04:02.737+0000] {logging_mixin.py:188} INFO - [2025-11-15T22:04:02.737+0000] {dag.py:3089} INFO - Sync 1 DAGs
[2025-11-15T22:04:02.737+0000] {logging_mixin.py:188} INFO - [2025-11-15T22:04:02.737+0000] {dag.py:3089} INFO - Sync 1 DAGs
[2025-11-15T22:04:02.774+0000] {logging_mixin.py:188} INFO - [2025-11-15T22:04:02.774+0000] {dag.py:3947} INFO - Setting next_dagrun for etl_label_studio to 2025-11-14 03:00:00+00:00, run_after=2025-11-15 03:00:00+00:00
[2025-11-15T22:04:02.789+0000] {processor.py:183} INFO - Processing /opt/airflow/dags/pipeline_label_studio.py took 0.139 seconds
[2025-11-15T22:04:02.798+0000] {logging_mixin.py:188} INFO - [2025-11-15T22:04:02.798+0000] {dag.py:3947} INFO - Setting next_dagrun for etl_label_studio to 2025-11-14 03:00:00+00:00, run_after=2025-11-15 03:00:00+00:00
[2025-11-15T22:04:02.812+0000] {processor.py:183} INFO - Processing /opt/airflow/dags/pipeline_label_studio.py took 0.160 seconds
[2025-11-15T22:04:32.917+0000] {processor.py:161} INFO - Started process (PID=926) to work on /opt/airflow/dags/pipeline_label_studio.py
[2025-11-15T22:04:32.918+0000] {processor.py:830} INFO - Processing file /opt/airflow/dags/pipeline_label_studio.py for tasks to queue
[2025-11-15T22:04:32.920+0000] {logging_mixin.py:188} INFO - [2025-11-15T22:04:32.920+0000] {dagbag.py:545} INFO - Filling up the DagBag from /opt/airflow/dags/pipeline_label_studio.py
[2025-11-15T22:04:32.929+0000] {processor.py:840} INFO - DAG(s) 'etl_label_studio' retrieved from /opt/airflow/dags/pipeline_label_studio.py
[2025-11-15T22:04:32.955+0000] {processor.py:161} INFO - Started process (PID=993) to work on /opt/airflow/dags/pipeline_label_studio.py
[2025-11-15T22:04:32.956+0000] {logging_mixin.py:188} INFO - [2025-11-15T22:04:32.956+0000] {dag.py:3089} INFO - Sync 1 DAGs
[2025-11-15T22:04:32.956+0000] {processor.py:830} INFO - Processing file /opt/airflow/dags/pipeline_label_studio.py for tasks to queue
[2025-11-15T22:04:32.957+0000] {logging_mixin.py:188} INFO - [2025-11-15T22:04:32.957+0000] {dagbag.py:545} INFO - Filling up the DagBag from /opt/airflow/dags/pipeline_label_studio.py
[2025-11-15T22:04:32.966+0000] {processor.py:840} INFO - DAG(s) 'etl_label_studio' retrieved from /opt/airflow/dags/pipeline_label_studio.py
[2025-11-15T22:04:32.974+0000] {logging_mixin.py:188} INFO - [2025-11-15T22:04:32.974+0000] {dag.py:3947} INFO - Setting next_dagrun for etl_label_studio to 2025-11-14 03:00:00+00:00, run_after=2025-11-15 03:00:00+00:00
[2025-11-15T22:04:32.989+0000] {processor.py:183} INFO - Processing /opt/airflow/dags/pipeline_label_studio.py took 0.079 seconds
[2025-11-15T22:04:32.990+0000] {logging_mixin.py:188} INFO - [2025-11-15T22:04:32.990+0000] {dag.py:3089} INFO - Sync 1 DAGs
[2025-11-15T22:04:33.008+0000] {logging_mixin.py:188} INFO - [2025-11-15T22:04:33.008+0000] {dag.py:3947} INFO - Setting next_dagrun for etl_label_studio to 2025-11-14 03:00:00+00:00, run_after=2025-11-15 03:00:00+00:00
[2025-11-15T22:04:33.019+0000] {processor.py:183} INFO - Processing /opt/airflow/dags/pipeline_label_studio.py took 0.068 seconds
[2025-11-15T22:05:03.260+0000] {processor.py:161} INFO - Started process (PID=1003) to work on /opt/airflow/dags/pipeline_label_studio.py
[2025-11-15T22:05:03.261+0000] {processor.py:161} INFO - Started process (PID=936) to work on /opt/airflow/dags/pipeline_label_studio.py
[2025-11-15T22:05:03.265+0000] {processor.py:830} INFO - Processing file /opt/airflow/dags/pipeline_label_studio.py for tasks to queue
[2025-11-15T22:05:03.265+0000] {processor.py:830} INFO - Processing file /opt/airflow/dags/pipeline_label_studio.py for tasks to queue
[2025-11-15T22:05:03.267+0000] {logging_mixin.py:188} INFO - [2025-11-15T22:05:03.267+0000] {dagbag.py:545} INFO - Filling up the DagBag from /opt/airflow/dags/pipeline_label_studio.py
[2025-11-15T22:05:03.267+0000] {logging_mixin.py:188} INFO - [2025-11-15T22:05:03.267+0000] {dagbag.py:545} INFO - Filling up the DagBag from /opt/airflow/dags/pipeline_label_studio.py
[2025-11-15T22:05:03.284+0000] {processor.py:840} INFO - DAG(s) 'etl_label_studio' retrieved from /opt/airflow/dags/pipeline_label_studio.py
[2025-11-15T22:05:03.284+0000] {processor.py:840} INFO - DAG(s) 'etl_label_studio' retrieved from /opt/airflow/dags/pipeline_label_studio.py
[2025-11-15T22:05:03.318+0000] {logging_mixin.py:188} INFO - [2025-11-15T22:05:03.318+0000] {dag.py:3089} INFO - Sync 1 DAGs
[2025-11-15T22:05:03.319+0000] {logging_mixin.py:188} INFO - [2025-11-15T22:05:03.319+0000] {dag.py:3089} INFO - Sync 1 DAGs
[2025-11-15T22:05:03.341+0000] {logging_mixin.py:188} INFO - [2025-11-15T22:05:03.341+0000] {dag.py:3947} INFO - Setting next_dagrun for etl_label_studio to 2025-11-14 03:00:00+00:00, run_after=2025-11-15 03:00:00+00:00
[2025-11-15T22:05:03.355+0000] {processor.py:183} INFO - Processing /opt/airflow/dags/pipeline_label_studio.py took 0.104 seconds
[2025-11-15T22:05:03.360+0000] {logging_mixin.py:188} INFO - [2025-11-15T22:05:03.360+0000] {dag.py:3947} INFO - Setting next_dagrun for etl_label_studio to 2025-11-14 03:00:00+00:00, run_after=2025-11-15 03:00:00+00:00
[2025-11-15T22:05:03.374+0000] {processor.py:183} INFO - Processing /opt/airflow/dags/pipeline_label_studio.py took 0.123 seconds
[2025-11-15T22:05:33.640+0000] {processor.py:161} INFO - Started process (PID=1013) to work on /opt/airflow/dags/pipeline_label_studio.py
[2025-11-15T22:05:33.641+0000] {processor.py:161} INFO - Started process (PID=946) to work on /opt/airflow/dags/pipeline_label_studio.py
[2025-11-15T22:05:33.645+0000] {processor.py:830} INFO - Processing file /opt/airflow/dags/pipeline_label_studio.py for tasks to queue
[2025-11-15T22:05:33.645+0000] {processor.py:830} INFO - Processing file /opt/airflow/dags/pipeline_label_studio.py for tasks to queue
[2025-11-15T22:05:33.647+0000] {logging_mixin.py:188} INFO - [2025-11-15T22:05:33.647+0000] {dagbag.py:545} INFO - Filling up the DagBag from /opt/airflow/dags/pipeline_label_studio.py
[2025-11-15T22:05:33.648+0000] {logging_mixin.py:188} INFO - [2025-11-15T22:05:33.647+0000] {dagbag.py:545} INFO - Filling up the DagBag from /opt/airflow/dags/pipeline_label_studio.py
[2025-11-15T22:05:33.663+0000] {processor.py:840} INFO - DAG(s) 'etl_label_studio' retrieved from /opt/airflow/dags/pipeline_label_studio.py
[2025-11-15T22:05:33.664+0000] {processor.py:840} INFO - DAG(s) 'etl_label_studio' retrieved from /opt/airflow/dags/pipeline_label_studio.py
[2025-11-15T22:05:33.697+0000] {logging_mixin.py:188} INFO - [2025-11-15T22:05:33.696+0000] {dag.py:3089} INFO - Sync 1 DAGs
[2025-11-15T22:05:33.697+0000] {logging_mixin.py:188} INFO - [2025-11-15T22:05:33.697+0000] {dag.py:3089} INFO - Sync 1 DAGs
[2025-11-15T22:05:33.718+0000] {logging_mixin.py:188} INFO - [2025-11-15T22:05:33.718+0000] {dag.py:3947} INFO - Setting next_dagrun for etl_label_studio to 2025-11-14 03:00:00+00:00, run_after=2025-11-15 03:00:00+00:00
[2025-11-15T22:05:33.737+0000] {processor.py:183} INFO - Processing /opt/airflow/dags/pipeline_label_studio.py took 0.103 seconds
[2025-11-15T22:05:33.744+0000] {logging_mixin.py:188} INFO - [2025-11-15T22:05:33.744+0000] {dag.py:3947} INFO - Setting next_dagrun for etl_label_studio to 2025-11-14 03:00:00+00:00, run_after=2025-11-15 03:00:00+00:00
[2025-11-15T22:05:33.758+0000] {processor.py:183} INFO - Processing /opt/airflow/dags/pipeline_label_studio.py took 0.124 seconds
[2025-11-15T22:06:03.988+0000] {processor.py:161} INFO - Started process (PID=1023) to work on /opt/airflow/dags/pipeline_label_studio.py
[2025-11-15T22:06:03.993+0000] {processor.py:830} INFO - Processing file /opt/airflow/dags/pipeline_label_studio.py for tasks to queue
[2025-11-15T22:06:03.995+0000] {logging_mixin.py:188} INFO - [2025-11-15T22:06:03.995+0000] {dagbag.py:545} INFO - Filling up the DagBag from /opt/airflow/dags/pipeline_label_studio.py
[2025-11-15T22:06:03.995+0000] {processor.py:161} INFO - Started process (PID=956) to work on /opt/airflow/dags/pipeline_label_studio.py
[2025-11-15T22:06:03.996+0000] {processor.py:830} INFO - Processing file /opt/airflow/dags/pipeline_label_studio.py for tasks to queue
[2025-11-15T22:06:03.998+0000] {logging_mixin.py:188} INFO - [2025-11-15T22:06:03.998+0000] {dagbag.py:545} INFO - Filling up the DagBag from /opt/airflow/dags/pipeline_label_studio.py
[2025-11-15T22:06:04.011+0000] {processor.py:840} INFO - DAG(s) 'etl_label_studio' retrieved from /opt/airflow/dags/pipeline_label_studio.py
[2025-11-15T22:06:04.014+0000] {processor.py:840} INFO - DAG(s) 'etl_label_studio' retrieved from /opt/airflow/dags/pipeline_label_studio.py
[2025-11-15T22:06:04.045+0000] {logging_mixin.py:188} INFO - [2025-11-15T22:06:04.045+0000] {dag.py:3089} INFO - Sync 1 DAGs
[2025-11-15T22:06:04.045+0000] {logging_mixin.py:188} INFO - [2025-11-15T22:06:04.045+0000] {dag.py:3089} INFO - Sync 1 DAGs
[2025-11-15T22:06:04.069+0000] {logging_mixin.py:188} INFO - [2025-11-15T22:06:04.069+0000] {dag.py:3947} INFO - Setting next_dagrun for etl_label_studio to 2025-11-14 03:00:00+00:00, run_after=2025-11-15 03:00:00+00:00
[2025-11-15T22:06:04.086+0000] {processor.py:183} INFO - Processing /opt/airflow/dags/pipeline_label_studio.py took 0.098 seconds
[2025-11-15T22:06:04.088+0000] {logging_mixin.py:188} INFO - [2025-11-15T22:06:04.088+0000] {dag.py:3947} INFO - Setting next_dagrun for etl_label_studio to 2025-11-14 03:00:00+00:00, run_after=2025-11-15 03:00:00+00:00
[2025-11-15T22:06:04.106+0000] {processor.py:183} INFO - Processing /opt/airflow/dags/pipeline_label_studio.py took 0.127 seconds
[2025-11-15T22:06:34.454+0000] {processor.py:161} INFO - Started process (PID=966) to work on /opt/airflow/dags/pipeline_label_studio.py
[2025-11-15T22:06:34.454+0000] {processor.py:161} INFO - Started process (PID=1033) to work on /opt/airflow/dags/pipeline_label_studio.py
[2025-11-15T22:06:34.459+0000] {processor.py:830} INFO - Processing file /opt/airflow/dags/pipeline_label_studio.py for tasks to queue
[2025-11-15T22:06:34.459+0000] {processor.py:830} INFO - Processing file /opt/airflow/dags/pipeline_label_studio.py for tasks to queue
[2025-11-15T22:06:34.465+0000] {logging_mixin.py:188} INFO - [2025-11-15T22:06:34.465+0000] {dagbag.py:545} INFO - Filling up the DagBag from /opt/airflow/dags/pipeline_label_studio.py
[2025-11-15T22:06:34.465+0000] {logging_mixin.py:188} INFO - [2025-11-15T22:06:34.465+0000] {dagbag.py:545} INFO - Filling up the DagBag from /opt/airflow/dags/pipeline_label_studio.py
[2025-11-15T22:06:34.489+0000] {processor.py:840} INFO - DAG(s) 'etl_label_studio' retrieved from /opt/airflow/dags/pipeline_label_studio.py
[2025-11-15T22:06:34.489+0000] {processor.py:840} INFO - DAG(s) 'etl_label_studio' retrieved from /opt/airflow/dags/pipeline_label_studio.py
[2025-11-15T22:06:34.541+0000] {logging_mixin.py:188} INFO - [2025-11-15T22:06:34.541+0000] {dag.py:3089} INFO - Sync 1 DAGs
[2025-11-15T22:06:34.541+0000] {logging_mixin.py:188} INFO - [2025-11-15T22:06:34.541+0000] {dag.py:3089} INFO - Sync 1 DAGs
[2025-11-15T22:06:34.575+0000] {logging_mixin.py:188} INFO - [2025-11-15T22:06:34.575+0000] {dag.py:3947} INFO - Setting next_dagrun for etl_label_studio to 2025-11-14 03:00:00+00:00, run_after=2025-11-15 03:00:00+00:00
[2025-11-15T22:06:34.592+0000] {processor.py:183} INFO - Processing /opt/airflow/dags/pipeline_label_studio.py took 0.149 seconds
[2025-11-15T22:06:34.598+0000] {logging_mixin.py:188} INFO - [2025-11-15T22:06:34.597+0000] {dag.py:3947} INFO - Setting next_dagrun for etl_label_studio to 2025-11-14 03:00:00+00:00, run_after=2025-11-15 03:00:00+00:00
[2025-11-15T22:06:34.625+0000] {processor.py:183} INFO - Processing /opt/airflow/dags/pipeline_label_studio.py took 0.183 seconds
[2025-11-15T22:07:04.843+0000] {processor.py:161} INFO - Started process (PID=976) to work on /opt/airflow/dags/pipeline_label_studio.py
[2025-11-15T22:07:04.844+0000] {processor.py:161} INFO - Started process (PID=1043) to work on /opt/airflow/dags/pipeline_label_studio.py
[2025-11-15T22:07:04.848+0000] {processor.py:830} INFO - Processing file /opt/airflow/dags/pipeline_label_studio.py for tasks to queue
[2025-11-15T22:07:04.849+0000] {processor.py:830} INFO - Processing file /opt/airflow/dags/pipeline_label_studio.py for tasks to queue
[2025-11-15T22:07:04.851+0000] {logging_mixin.py:188} INFO - [2025-11-15T22:07:04.850+0000] {dagbag.py:545} INFO - Filling up the DagBag from /opt/airflow/dags/pipeline_label_studio.py
[2025-11-15T22:07:04.851+0000] {logging_mixin.py:188} INFO - [2025-11-15T22:07:04.850+0000] {dagbag.py:545} INFO - Filling up the DagBag from /opt/airflow/dags/pipeline_label_studio.py
[2025-11-15T22:07:04.872+0000] {processor.py:840} INFO - DAG(s) 'etl_label_studio' retrieved from /opt/airflow/dags/pipeline_label_studio.py
[2025-11-15T22:07:04.872+0000] {processor.py:840} INFO - DAG(s) 'etl_label_studio' retrieved from /opt/airflow/dags/pipeline_label_studio.py
[2025-11-15T22:07:04.916+0000] {logging_mixin.py:188} INFO - [2025-11-15T22:07:04.916+0000] {dag.py:3089} INFO - Sync 1 DAGs
[2025-11-15T22:07:04.916+0000] {logging_mixin.py:188} INFO - [2025-11-15T22:07:04.916+0000] {dag.py:3089} INFO - Sync 1 DAGs
[2025-11-15T22:07:04.945+0000] {logging_mixin.py:188} INFO - [2025-11-15T22:07:04.945+0000] {dag.py:3947} INFO - Setting next_dagrun for etl_label_studio to 2025-11-14 03:00:00+00:00, run_after=2025-11-15 03:00:00+00:00
[2025-11-15T22:07:04.965+0000] {processor.py:183} INFO - Processing /opt/airflow/dags/pipeline_label_studio.py took 0.131 seconds
[2025-11-15T22:07:04.973+0000] {logging_mixin.py:188} INFO - [2025-11-15T22:07:04.973+0000] {dag.py:3947} INFO - Setting next_dagrun for etl_label_studio to 2025-11-14 03:00:00+00:00, run_after=2025-11-15 03:00:00+00:00
[2025-11-15T22:07:04.989+0000] {processor.py:183} INFO - Processing /opt/airflow/dags/pipeline_label_studio.py took 0.155 seconds
[2025-11-15T22:07:35.099+0000] {processor.py:161} INFO - Started process (PID=986) to work on /opt/airflow/dags/pipeline_label_studio.py
[2025-11-15T22:07:35.101+0000] {processor.py:830} INFO - Processing file /opt/airflow/dags/pipeline_label_studio.py for tasks to queue
[2025-11-15T22:07:35.103+0000] {logging_mixin.py:188} INFO - [2025-11-15T22:07:35.103+0000] {dagbag.py:545} INFO - Filling up the DagBag from /opt/airflow/dags/pipeline_label_studio.py
[2025-11-15T22:07:35.117+0000] {processor.py:840} INFO - DAG(s) 'etl_label_studio' retrieved from /opt/airflow/dags/pipeline_label_studio.py
[2025-11-15T22:07:35.127+0000] {processor.py:161} INFO - Started process (PID=1053) to work on /opt/airflow/dags/pipeline_label_studio.py
[2025-11-15T22:07:35.128+0000] {processor.py:830} INFO - Processing file /opt/airflow/dags/pipeline_label_studio.py for tasks to queue
[2025-11-15T22:07:35.130+0000] {logging_mixin.py:188} INFO - [2025-11-15T22:07:35.130+0000] {dagbag.py:545} INFO - Filling up the DagBag from /opt/airflow/dags/pipeline_label_studio.py
[2025-11-15T22:07:35.141+0000] {processor.py:840} INFO - DAG(s) 'etl_label_studio' retrieved from /opt/airflow/dags/pipeline_label_studio.py
[2025-11-15T22:07:35.147+0000] {logging_mixin.py:188} INFO - [2025-11-15T22:07:35.147+0000] {dag.py:3089} INFO - Sync 1 DAGs
[2025-11-15T22:07:35.179+0000] {logging_mixin.py:188} INFO - [2025-11-15T22:07:35.179+0000] {dag.py:3089} INFO - Sync 1 DAGs
[2025-11-15T22:07:35.182+0000] {logging_mixin.py:188} INFO - [2025-11-15T22:07:35.181+0000] {dag.py:3947} INFO - Setting next_dagrun for etl_label_studio to 2025-11-14 03:00:00+00:00, run_after=2025-11-15 03:00:00+00:00
[2025-11-15T22:07:35.206+0000] {processor.py:183} INFO - Processing /opt/airflow/dags/pipeline_label_studio.py took 0.113 seconds
[2025-11-15T22:07:35.211+0000] {logging_mixin.py:188} INFO - [2025-11-15T22:07:35.211+0000] {dag.py:3947} INFO - Setting next_dagrun for etl_label_studio to 2025-11-14 03:00:00+00:00, run_after=2025-11-15 03:00:00+00:00
[2025-11-15T22:07:35.232+0000] {processor.py:183} INFO - Processing /opt/airflow/dags/pipeline_label_studio.py took 0.111 seconds
[2025-11-15T22:08:05.543+0000] {processor.py:161} INFO - Started process (PID=1023) to work on /opt/airflow/dags/pipeline_label_studio.py
[2025-11-15T22:08:05.601+0000] {processor.py:830} INFO - Processing file /opt/airflow/dags/pipeline_label_studio.py for tasks to queue
[2025-11-15T22:08:05.604+0000] {logging_mixin.py:188} INFO - [2025-11-15T22:08:05.604+0000] {dagbag.py:545} INFO - Filling up the DagBag from /opt/airflow/dags/pipeline_label_studio.py
[2025-11-15T22:08:05.619+0000] {processor.py:161} INFO - Started process (PID=1063) to work on /opt/airflow/dags/pipeline_label_studio.py
[2025-11-15T22:08:05.621+0000] {processor.py:830} INFO - Processing file /opt/airflow/dags/pipeline_label_studio.py for tasks to queue
[2025-11-15T22:08:05.624+0000] {logging_mixin.py:188} INFO - [2025-11-15T22:08:05.624+0000] {dagbag.py:545} INFO - Filling up the DagBag from /opt/airflow/dags/pipeline_label_studio.py
[2025-11-15T22:08:05.625+0000] {processor.py:840} INFO - DAG(s) 'etl_label_studio' retrieved from /opt/airflow/dags/pipeline_label_studio.py
[2025-11-15T22:08:05.660+0000] {processor.py:840} INFO - DAG(s) 'etl_label_studio' retrieved from /opt/airflow/dags/pipeline_label_studio.py
[2025-11-15T22:08:05.687+0000] {logging_mixin.py:188} INFO - [2025-11-15T22:08:05.687+0000] {dag.py:3089} INFO - Sync 1 DAGs
[2025-11-15T22:08:05.712+0000] {logging_mixin.py:188} INFO - [2025-11-15T22:08:05.711+0000] {dag.py:3089} INFO - Sync 1 DAGs
[2025-11-15T22:08:05.724+0000] {logging_mixin.py:188} INFO - [2025-11-15T22:08:05.724+0000] {dag.py:3947} INFO - Setting next_dagrun for etl_label_studio to 2025-11-14 03:00:00+00:00, run_after=2025-11-15 03:00:00+00:00
[2025-11-15T22:08:05.749+0000] {processor.py:183} INFO - Processing /opt/airflow/dags/pipeline_label_studio.py took 0.231 seconds
[2025-11-15T22:08:05.754+0000] {logging_mixin.py:188} INFO - [2025-11-15T22:08:05.753+0000] {dag.py:3947} INFO - Setting next_dagrun for etl_label_studio to 2025-11-14 03:00:00+00:00, run_after=2025-11-15 03:00:00+00:00
[2025-11-15T22:08:05.778+0000] {processor.py:183} INFO - Processing /opt/airflow/dags/pipeline_label_studio.py took 0.174 seconds
[2025-11-15T22:08:35.797+0000] {processor.py:161} INFO - Started process (PID=1033) to work on /opt/airflow/dags/pipeline_label_studio.py
[2025-11-15T22:08:35.801+0000] {processor.py:830} INFO - Processing file /opt/airflow/dags/pipeline_label_studio.py for tasks to queue
[2025-11-15T22:08:35.803+0000] {logging_mixin.py:188} INFO - [2025-11-15T22:08:35.803+0000] {dagbag.py:545} INFO - Filling up the DagBag from /opt/airflow/dags/pipeline_label_studio.py
[2025-11-15T22:08:35.824+0000] {processor.py:840} INFO - DAG(s) 'etl_label_studio' retrieved from /opt/airflow/dags/pipeline_label_studio.py
[2025-11-15T22:08:35.846+0000] {processor.py:161} INFO - Started process (PID=1073) to work on /opt/airflow/dags/pipeline_label_studio.py
[2025-11-15T22:08:35.849+0000] {processor.py:830} INFO - Processing file /opt/airflow/dags/pipeline_label_studio.py for tasks to queue
[2025-11-15T22:08:35.850+0000] {logging_mixin.py:188} INFO - [2025-11-15T22:08:35.850+0000] {dagbag.py:545} INFO - Filling up the DagBag from /opt/airflow/dags/pipeline_label_studio.py
[2025-11-15T22:08:35.862+0000] {processor.py:840} INFO - DAG(s) 'etl_label_studio' retrieved from /opt/airflow/dags/pipeline_label_studio.py
[2025-11-15T22:08:35.864+0000] {logging_mixin.py:188} INFO - [2025-11-15T22:08:35.864+0000] {dag.py:3089} INFO - Sync 1 DAGs
[2025-11-15T22:08:35.889+0000] {logging_mixin.py:188} INFO - [2025-11-15T22:08:35.889+0000] {dag.py:3947} INFO - Setting next_dagrun for etl_label_studio to 2025-11-14 03:00:00+00:00, run_after=2025-11-15 03:00:00+00:00
[2025-11-15T22:08:35.897+0000] {logging_mixin.py:188} INFO - [2025-11-15T22:08:35.897+0000] {dag.py:3089} INFO - Sync 1 DAGs
[2025-11-15T22:08:35.909+0000] {processor.py:183} INFO - Processing /opt/airflow/dags/pipeline_label_studio.py took 0.121 seconds
[2025-11-15T22:08:35.920+0000] {logging_mixin.py:188} INFO - [2025-11-15T22:08:35.920+0000] {dag.py:3947} INFO - Setting next_dagrun for etl_label_studio to 2025-11-14 03:00:00+00:00, run_after=2025-11-15 03:00:00+00:00
[2025-11-15T22:08:35.934+0000] {processor.py:183} INFO - Processing /opt/airflow/dags/pipeline_label_studio.py took 0.093 seconds
[2025-11-15T22:09:06.124+0000] {processor.py:161} INFO - Started process (PID=1046) to work on /opt/airflow/dags/pipeline_label_studio.py
[2025-11-15T22:09:06.132+0000] {processor.py:830} INFO - Processing file /opt/airflow/dags/pipeline_label_studio.py for tasks to queue
[2025-11-15T22:09:06.141+0000] {logging_mixin.py:188} INFO - [2025-11-15T22:09:06.140+0000] {dagbag.py:545} INFO - Filling up the DagBag from /opt/airflow/dags/pipeline_label_studio.py
[2025-11-15T22:09:06.186+0000] {processor.py:840} INFO - DAG(s) 'etl_label_studio' retrieved from /opt/airflow/dags/pipeline_label_studio.py
[2025-11-15T22:09:06.225+0000] {processor.py:161} INFO - Started process (PID=1083) to work on /opt/airflow/dags/pipeline_label_studio.py
[2025-11-15T22:09:06.226+0000] {processor.py:830} INFO - Processing file /opt/airflow/dags/pipeline_label_studio.py for tasks to queue
[2025-11-15T22:09:06.229+0000] {logging_mixin.py:188} INFO - [2025-11-15T22:09:06.228+0000] {dagbag.py:545} INFO - Filling up the DagBag from /opt/airflow/dags/pipeline_label_studio.py
[2025-11-15T22:09:06.260+0000] {logging_mixin.py:188} INFO - [2025-11-15T22:09:06.259+0000] {dag.py:3089} INFO - Sync 1 DAGs
[2025-11-15T22:09:06.260+0000] {processor.py:840} INFO - DAG(s) 'etl_label_studio' retrieved from /opt/airflow/dags/pipeline_label_studio.py
[2025-11-15T22:09:06.299+0000] {logging_mixin.py:188} INFO - [2025-11-15T22:09:06.299+0000] {dag.py:3947} INFO - Setting next_dagrun for etl_label_studio to 2025-11-14 03:00:00+00:00, run_after=2025-11-15 03:00:00+00:00
[2025-11-15T22:09:06.307+0000] {logging_mixin.py:188} INFO - [2025-11-15T22:09:06.307+0000] {dag.py:3089} INFO - Sync 1 DAGs
[2025-11-15T22:09:06.320+0000] {processor.py:183} INFO - Processing /opt/airflow/dags/pipeline_label_studio.py took 0.226 seconds
[2025-11-15T22:09:06.333+0000] {logging_mixin.py:188} INFO - [2025-11-15T22:09:06.333+0000] {dag.py:3947} INFO - Setting next_dagrun for etl_label_studio to 2025-11-14 03:00:00+00:00, run_after=2025-11-15 03:00:00+00:00
[2025-11-15T22:09:06.357+0000] {processor.py:183} INFO - Processing /opt/airflow/dags/pipeline_label_studio.py took 0.145 seconds
[2025-11-15T22:09:36.419+0000] {processor.py:161} INFO - Started process (PID=1056) to work on /opt/airflow/dags/pipeline_label_studio.py
[2025-11-15T22:09:36.424+0000] {processor.py:830} INFO - Processing file /opt/airflow/dags/pipeline_label_studio.py for tasks to queue
[2025-11-15T22:09:36.427+0000] {logging_mixin.py:188} INFO - [2025-11-15T22:09:36.426+0000] {dagbag.py:545} INFO - Filling up the DagBag from /opt/airflow/dags/pipeline_label_studio.py
[2025-11-15T22:09:36.443+0000] {processor.py:840} INFO - DAG(s) 'etl_label_studio' retrieved from /opt/airflow/dags/pipeline_label_studio.py
[2025-11-15T22:09:36.490+0000] {logging_mixin.py:188} INFO - [2025-11-15T22:09:36.490+0000] {dag.py:3089} INFO - Sync 1 DAGs
[2025-11-15T22:09:36.512+0000] {processor.py:161} INFO - Started process (PID=1093) to work on /opt/airflow/dags/pipeline_label_studio.py
[2025-11-15T22:09:36.513+0000] {processor.py:830} INFO - Processing file /opt/airflow/dags/pipeline_label_studio.py for tasks to queue
[2025-11-15T22:09:36.515+0000] {logging_mixin.py:188} INFO - [2025-11-15T22:09:36.515+0000] {dagbag.py:545} INFO - Filling up the DagBag from /opt/airflow/dags/pipeline_label_studio.py
[2025-11-15T22:09:36.519+0000] {logging_mixin.py:188} INFO - [2025-11-15T22:09:36.519+0000] {dag.py:3947} INFO - Setting next_dagrun for etl_label_studio to 2025-11-14 03:00:00+00:00, run_after=2025-11-15 03:00:00+00:00
[2025-11-15T22:09:36.540+0000] {processor.py:840} INFO - DAG(s) 'etl_label_studio' retrieved from /opt/airflow/dags/pipeline_label_studio.py
[2025-11-15T22:09:36.541+0000] {processor.py:183} INFO - Processing /opt/airflow/dags/pipeline_label_studio.py took 0.129 seconds
[2025-11-15T22:09:36.579+0000] {logging_mixin.py:188} INFO - [2025-11-15T22:09:36.578+0000] {dag.py:3089} INFO - Sync 1 DAGs
[2025-11-15T22:09:36.598+0000] {logging_mixin.py:188} INFO - [2025-11-15T22:09:36.597+0000] {dag.py:3947} INFO - Setting next_dagrun for etl_label_studio to 2025-11-14 03:00:00+00:00, run_after=2025-11-15 03:00:00+00:00
[2025-11-15T22:09:36.611+0000] {processor.py:183} INFO - Processing /opt/airflow/dags/pipeline_label_studio.py took 0.106 seconds
[2025-11-15T22:10:06.839+0000] {processor.py:161} INFO - Started process (PID=1066) to work on /opt/airflow/dags/pipeline_label_studio.py
[2025-11-15T22:10:06.841+0000] {processor.py:161} INFO - Started process (PID=1103) to work on /opt/airflow/dags/pipeline_label_studio.py
[2025-11-15T22:10:06.841+0000] {processor.py:830} INFO - Processing file /opt/airflow/dags/pipeline_label_studio.py for tasks to queue
[2025-11-15T22:10:06.843+0000] {logging_mixin.py:188} INFO - [2025-11-15T22:10:06.843+0000] {dagbag.py:545} INFO - Filling up the DagBag from /opt/airflow/dags/pipeline_label_studio.py
[2025-11-15T22:10:06.843+0000] {processor.py:830} INFO - Processing file /opt/airflow/dags/pipeline_label_studio.py for tasks to queue
[2025-11-15T22:10:06.845+0000] {logging_mixin.py:188} INFO - [2025-11-15T22:10:06.844+0000] {dagbag.py:545} INFO - Filling up the DagBag from /opt/airflow/dags/pipeline_label_studio.py
[2025-11-15T22:10:06.859+0000] {processor.py:840} INFO - DAG(s) 'etl_label_studio' retrieved from /opt/airflow/dags/pipeline_label_studio.py
[2025-11-15T22:10:06.861+0000] {processor.py:840} INFO - DAG(s) 'etl_label_studio' retrieved from /opt/airflow/dags/pipeline_label_studio.py
[2025-11-15T22:10:06.895+0000] {logging_mixin.py:188} INFO - [2025-11-15T22:10:06.894+0000] {dag.py:3089} INFO - Sync 1 DAGs
[2025-11-15T22:10:06.895+0000] {logging_mixin.py:188} INFO - [2025-11-15T22:10:06.894+0000] {dag.py:3089} INFO - Sync 1 DAGs
[2025-11-15T22:10:06.920+0000] {logging_mixin.py:188} INFO - [2025-11-15T22:10:06.919+0000] {dag.py:3947} INFO - Setting next_dagrun for etl_label_studio to 2025-11-14 03:00:00+00:00, run_after=2025-11-15 03:00:00+00:00
[2025-11-15T22:10:06.938+0000] {processor.py:183} INFO - Processing /opt/airflow/dags/pipeline_label_studio.py took 0.108 seconds
[2025-11-15T22:10:06.941+0000] {logging_mixin.py:188} INFO - [2025-11-15T22:10:06.941+0000] {dag.py:3947} INFO - Setting next_dagrun for etl_label_studio to 2025-11-14 03:00:00+00:00, run_after=2025-11-15 03:00:00+00:00
[2025-11-15T22:10:06.959+0000] {processor.py:183} INFO - Processing /opt/airflow/dags/pipeline_label_studio.py took 0.129 seconds
[2025-11-15T22:10:37.154+0000] {processor.py:161} INFO - Started process (PID=1113) to work on /opt/airflow/dags/pipeline_label_studio.py
[2025-11-15T22:10:37.155+0000] {processor.py:830} INFO - Processing file /opt/airflow/dags/pipeline_label_studio.py for tasks to queue
[2025-11-15T22:10:37.157+0000] {processor.py:161} INFO - Started process (PID=1076) to work on /opt/airflow/dags/pipeline_label_studio.py
[2025-11-15T22:10:37.159+0000] {logging_mixin.py:188} INFO - [2025-11-15T22:10:37.159+0000] {dagbag.py:545} INFO - Filling up the DagBag from /opt/airflow/dags/pipeline_label_studio.py
[2025-11-15T22:10:37.159+0000] {processor.py:830} INFO - Processing file /opt/airflow/dags/pipeline_label_studio.py for tasks to queue
[2025-11-15T22:10:37.161+0000] {logging_mixin.py:188} INFO - [2025-11-15T22:10:37.161+0000] {dagbag.py:545} INFO - Filling up the DagBag from /opt/airflow/dags/pipeline_label_studio.py
[2025-11-15T22:10:37.178+0000] {processor.py:840} INFO - DAG(s) 'etl_label_studio' retrieved from /opt/airflow/dags/pipeline_label_studio.py
[2025-11-15T22:10:37.179+0000] {processor.py:840} INFO - DAG(s) 'etl_label_studio' retrieved from /opt/airflow/dags/pipeline_label_studio.py
[2025-11-15T22:10:37.223+0000] {logging_mixin.py:188} INFO - [2025-11-15T22:10:37.222+0000] {dag.py:3089} INFO - Sync 1 DAGs
[2025-11-15T22:10:37.224+0000] {logging_mixin.py:188} INFO - [2025-11-15T22:10:37.224+0000] {dag.py:3089} INFO - Sync 1 DAGs
[2025-11-15T22:10:37.247+0000] {logging_mixin.py:188} INFO - [2025-11-15T22:10:37.247+0000] {dag.py:3947} INFO - Setting next_dagrun for etl_label_studio to 2025-11-14 03:00:00+00:00, run_after=2025-11-15 03:00:00+00:00
[2025-11-15T22:10:37.263+0000] {processor.py:183} INFO - Processing /opt/airflow/dags/pipeline_label_studio.py took 0.114 seconds
[2025-11-15T22:10:37.270+0000] {logging_mixin.py:188} INFO - [2025-11-15T22:10:37.270+0000] {dag.py:3947} INFO - Setting next_dagrun for etl_label_studio to 2025-11-14 03:00:00+00:00, run_after=2025-11-15 03:00:00+00:00
[2025-11-15T22:10:37.285+0000] {processor.py:183} INFO - Processing /opt/airflow/dags/pipeline_label_studio.py took 0.140 seconds
[2025-11-15T22:11:07.478+0000] {processor.py:161} INFO - Started process (PID=1086) to work on /opt/airflow/dags/pipeline_label_studio.py
[2025-11-15T22:11:07.483+0000] {processor.py:830} INFO - Processing file /opt/airflow/dags/pipeline_label_studio.py for tasks to queue
[2025-11-15T22:11:07.486+0000] {logging_mixin.py:188} INFO - [2025-11-15T22:11:07.485+0000] {dagbag.py:545} INFO - Filling up the DagBag from /opt/airflow/dags/pipeline_label_studio.py
[2025-11-15T22:11:07.500+0000] {processor.py:161} INFO - Started process (PID=1123) to work on /opt/airflow/dags/pipeline_label_studio.py
[2025-11-15T22:11:07.501+0000] {processor.py:830} INFO - Processing file /opt/airflow/dags/pipeline_label_studio.py for tasks to queue
[2025-11-15T22:11:07.505+0000] {processor.py:840} INFO - DAG(s) 'etl_label_studio' retrieved from /opt/airflow/dags/pipeline_label_studio.py
[2025-11-15T22:11:07.504+0000] {logging_mixin.py:188} INFO - [2025-11-15T22:11:07.504+0000] {dagbag.py:545} INFO - Filling up the DagBag from /opt/airflow/dags/pipeline_label_studio.py
[2025-11-15T22:11:07.524+0000] {processor.py:840} INFO - DAG(s) 'etl_label_studio' retrieved from /opt/airflow/dags/pipeline_label_studio.py
[2025-11-15T22:11:07.547+0000] {logging_mixin.py:188} INFO - [2025-11-15T22:11:07.547+0000] {dag.py:3089} INFO - Sync 1 DAGs
[2025-11-15T22:11:07.559+0000] {logging_mixin.py:188} INFO - [2025-11-15T22:11:07.559+0000] {dag.py:3089} INFO - Sync 1 DAGs
[2025-11-15T22:11:07.572+0000] {logging_mixin.py:188} INFO - [2025-11-15T22:11:07.572+0000] {dag.py:3947} INFO - Setting next_dagrun for etl_label_studio to 2025-11-14 03:00:00+00:00, run_after=2025-11-15 03:00:00+00:00
[2025-11-15T22:11:07.586+0000] {processor.py:183} INFO - Processing /opt/airflow/dags/pipeline_label_studio.py took 0.120 seconds
[2025-11-15T22:11:07.590+0000] {logging_mixin.py:188} INFO - [2025-11-15T22:11:07.590+0000] {dag.py:3947} INFO - Setting next_dagrun for etl_label_studio to 2025-11-14 03:00:00+00:00, run_after=2025-11-15 03:00:00+00:00
[2025-11-15T22:11:07.609+0000] {processor.py:183} INFO - Processing /opt/airflow/dags/pipeline_label_studio.py took 0.119 seconds
[2025-11-15T22:11:37.764+0000] {processor.py:161} INFO - Started process (PID=1133) to work on /opt/airflow/dags/pipeline_label_studio.py
[2025-11-15T22:11:37.765+0000] {processor.py:830} INFO - Processing file /opt/airflow/dags/pipeline_label_studio.py for tasks to queue
[2025-11-15T22:11:37.766+0000] {processor.py:161} INFO - Started process (PID=1096) to work on /opt/airflow/dags/pipeline_label_studio.py
[2025-11-15T22:11:37.767+0000] {logging_mixin.py:188} INFO - [2025-11-15T22:11:37.766+0000] {dagbag.py:545} INFO - Filling up the DagBag from /opt/airflow/dags/pipeline_label_studio.py
[2025-11-15T22:11:37.766+0000] {processor.py:830} INFO - Processing file /opt/airflow/dags/pipeline_label_studio.py for tasks to queue
[2025-11-15T22:11:37.768+0000] {logging_mixin.py:188} INFO - [2025-11-15T22:11:37.768+0000] {dagbag.py:545} INFO - Filling up the DagBag from /opt/airflow/dags/pipeline_label_studio.py
[2025-11-15T22:11:37.780+0000] {processor.py:840} INFO - DAG(s) 'etl_label_studio' retrieved from /opt/airflow/dags/pipeline_label_studio.py
[2025-11-15T22:11:37.780+0000] {processor.py:840} INFO - DAG(s) 'etl_label_studio' retrieved from /opt/airflow/dags/pipeline_label_studio.py
[2025-11-15T22:11:37.809+0000] {logging_mixin.py:188} INFO - [2025-11-15T22:11:37.809+0000] {dag.py:3089} INFO - Sync 1 DAGs
[2025-11-15T22:11:37.809+0000] {logging_mixin.py:188} INFO - [2025-11-15T22:11:37.809+0000] {dag.py:3089} INFO - Sync 1 DAGs
[2025-11-15T22:11:37.830+0000] {logging_mixin.py:188} INFO - [2025-11-15T22:11:37.830+0000] {dag.py:3947} INFO - Setting next_dagrun for etl_label_studio to 2025-11-14 03:00:00+00:00, run_after=2025-11-15 03:00:00+00:00
[2025-11-15T22:11:37.846+0000] {processor.py:183} INFO - Processing /opt/airflow/dags/pipeline_label_studio.py took 0.087 seconds
[2025-11-15T22:11:37.849+0000] {logging_mixin.py:188} INFO - [2025-11-15T22:11:37.849+0000] {dag.py:3947} INFO - Setting next_dagrun for etl_label_studio to 2025-11-14 03:00:00+00:00, run_after=2025-11-15 03:00:00+00:00
[2025-11-15T22:11:37.863+0000] {processor.py:183} INFO - Processing /opt/airflow/dags/pipeline_label_studio.py took 0.106 seconds
[2025-11-15T22:42:30.672+0000] {processor.py:161} INFO - Started process (PID=165) to work on /opt/airflow/dags/pipeline_label_studio.py
[2025-11-15T22:42:30.677+0000] {processor.py:830} INFO - Processing file /opt/airflow/dags/pipeline_label_studio.py for tasks to queue
[2025-11-15T22:42:30.712+0000] {logging_mixin.py:188} INFO - [2025-11-15T22:42:30.710+0000] {dagbag.py:545} INFO - Filling up the DagBag from /opt/airflow/dags/pipeline_label_studio.py
[2025-11-15T22:42:30.734+0000] {processor.py:840} INFO - DAG(s) 'etl_label_studio' retrieved from /opt/airflow/dags/pipeline_label_studio.py
[2025-11-15T22:42:30.776+0000] {logging_mixin.py:188} INFO - [2025-11-15T22:42:30.776+0000] {dag.py:3089} INFO - Sync 1 DAGs
[2025-11-15T22:42:30.804+0000] {logging_mixin.py:188} INFO - [2025-11-15T22:42:30.804+0000] {dag.py:3947} INFO - Setting next_dagrun for etl_label_studio to 2025-11-14 03:00:00+00:00, run_after=2025-11-15 03:00:00+00:00
[2025-11-15T22:42:30.830+0000] {processor.py:183} INFO - Processing /opt/airflow/dags/pipeline_label_studio.py took 0.166 seconds
[2025-11-15T22:43:01.117+0000] {processor.py:161} INFO - Started process (PID=179) to work on /opt/airflow/dags/pipeline_label_studio.py
[2025-11-15T22:43:01.162+0000] {processor.py:830} INFO - Processing file /opt/airflow/dags/pipeline_label_studio.py for tasks to queue
[2025-11-15T22:43:01.170+0000] {logging_mixin.py:188} INFO - [2025-11-15T22:43:01.169+0000] {dagbag.py:545} INFO - Filling up the DagBag from /opt/airflow/dags/pipeline_label_studio.py
[2025-11-15T22:43:01.191+0000] {processor.py:840} INFO - DAG(s) 'etl_label_studio' retrieved from /opt/airflow/dags/pipeline_label_studio.py
[2025-11-15T22:43:01.209+0000] {logging_mixin.py:188} INFO - [2025-11-15T22:43:01.209+0000] {dag.py:3089} INFO - Sync 1 DAGs
[2025-11-15T22:43:01.230+0000] {logging_mixin.py:188} INFO - [2025-11-15T22:43:01.230+0000] {dag.py:3947} INFO - Setting next_dagrun for etl_label_studio to 2025-11-14 03:00:00+00:00, run_after=2025-11-15 03:00:00+00:00
[2025-11-15T22:43:01.244+0000] {processor.py:183} INFO - Processing /opt/airflow/dags/pipeline_label_studio.py took 0.133 seconds
[2025-11-15T22:43:31.410+0000] {processor.py:161} INFO - Started process (PID=189) to work on /opt/airflow/dags/pipeline_label_studio.py
[2025-11-15T22:43:31.412+0000] {processor.py:830} INFO - Processing file /opt/airflow/dags/pipeline_label_studio.py for tasks to queue
[2025-11-15T22:43:31.413+0000] {logging_mixin.py:188} INFO - [2025-11-15T22:43:31.413+0000] {dagbag.py:545} INFO - Filling up the DagBag from /opt/airflow/dags/pipeline_label_studio.py
[2025-11-15T22:43:31.429+0000] {processor.py:840} INFO - DAG(s) 'etl_label_studio' retrieved from /opt/airflow/dags/pipeline_label_studio.py
[2025-11-15T22:43:31.635+0000] {logging_mixin.py:188} INFO - [2025-11-15T22:43:31.635+0000] {dag.py:3089} INFO - Sync 1 DAGs
[2025-11-15T22:43:31.654+0000] {logging_mixin.py:188} INFO - [2025-11-15T22:43:31.654+0000] {dag.py:3947} INFO - Setting next_dagrun for etl_label_studio to 2025-11-14 03:00:00+00:00, run_after=2025-11-15 03:00:00+00:00
[2025-11-15T22:43:31.667+0000] {processor.py:183} INFO - Processing /opt/airflow/dags/pipeline_label_studio.py took 0.263 seconds
[2025-11-15T22:44:01.802+0000] {processor.py:161} INFO - Started process (PID=199) to work on /opt/airflow/dags/pipeline_label_studio.py
[2025-11-15T22:44:01.807+0000] {processor.py:830} INFO - Processing file /opt/airflow/dags/pipeline_label_studio.py for tasks to queue
[2025-11-15T22:44:01.810+0000] {logging_mixin.py:188} INFO - [2025-11-15T22:44:01.810+0000] {dagbag.py:545} INFO - Filling up the DagBag from /opt/airflow/dags/pipeline_label_studio.py
[2025-11-15T22:44:01.828+0000] {processor.py:840} INFO - DAG(s) 'etl_label_studio' retrieved from /opt/airflow/dags/pipeline_label_studio.py
[2025-11-15T22:44:01.859+0000] {logging_mixin.py:188} INFO - [2025-11-15T22:44:01.859+0000] {dag.py:3089} INFO - Sync 1 DAGs
[2025-11-15T22:44:01.878+0000] {logging_mixin.py:188} INFO - [2025-11-15T22:44:01.878+0000] {dag.py:3947} INFO - Setting next_dagrun for etl_label_studio to 2025-11-14 03:00:00+00:00, run_after=2025-11-15 03:00:00+00:00
[2025-11-15T22:44:01.891+0000] {processor.py:183} INFO - Processing /opt/airflow/dags/pipeline_label_studio.py took 0.096 seconds
[2025-11-15T22:44:32.091+0000] {processor.py:161} INFO - Started process (PID=212) to work on /opt/airflow/dags/pipeline_label_studio.py
[2025-11-15T22:44:32.097+0000] {processor.py:830} INFO - Processing file /opt/airflow/dags/pipeline_label_studio.py for tasks to queue
[2025-11-15T22:44:32.099+0000] {logging_mixin.py:188} INFO - [2025-11-15T22:44:32.098+0000] {dagbag.py:545} INFO - Filling up the DagBag from /opt/airflow/dags/pipeline_label_studio.py
[2025-11-15T22:44:32.115+0000] {processor.py:840} INFO - DAG(s) 'etl_label_studio' retrieved from /opt/airflow/dags/pipeline_label_studio.py
[2025-11-15T22:44:32.146+0000] {logging_mixin.py:188} INFO - [2025-11-15T22:44:32.146+0000] {dag.py:3089} INFO - Sync 1 DAGs
[2025-11-15T22:44:32.166+0000] {logging_mixin.py:188} INFO - [2025-11-15T22:44:32.166+0000] {dag.py:3947} INFO - Setting next_dagrun for etl_label_studio to 2025-11-15 03:00:00+00:00, run_after=2025-11-16 03:00:00+00:00
[2025-11-15T22:44:32.179+0000] {processor.py:183} INFO - Processing /opt/airflow/dags/pipeline_label_studio.py took 0.095 seconds
[2025-11-15T22:45:02.477+0000] {processor.py:161} INFO - Started process (PID=222) to work on /opt/airflow/dags/pipeline_label_studio.py
[2025-11-15T22:45:02.482+0000] {processor.py:830} INFO - Processing file /opt/airflow/dags/pipeline_label_studio.py for tasks to queue
[2025-11-15T22:45:02.485+0000] {logging_mixin.py:188} INFO - [2025-11-15T22:45:02.485+0000] {dagbag.py:545} INFO - Filling up the DagBag from /opt/airflow/dags/pipeline_label_studio.py
[2025-11-15T22:45:02.505+0000] {processor.py:840} INFO - DAG(s) 'etl_label_studio' retrieved from /opt/airflow/dags/pipeline_label_studio.py
[2025-11-15T22:45:02.554+0000] {logging_mixin.py:188} INFO - [2025-11-15T22:45:02.554+0000] {dag.py:3089} INFO - Sync 1 DAGs
[2025-11-15T22:45:02.580+0000] {logging_mixin.py:188} INFO - [2025-11-15T22:45:02.580+0000] {dag.py:3947} INFO - Setting next_dagrun for etl_label_studio to 2025-11-15 03:00:00+00:00, run_after=2025-11-16 03:00:00+00:00
[2025-11-15T22:45:02.595+0000] {processor.py:183} INFO - Processing /opt/airflow/dags/pipeline_label_studio.py took 0.132 seconds
[2025-11-15T22:45:32.786+0000] {processor.py:161} INFO - Started process (PID=232) to work on /opt/airflow/dags/pipeline_label_studio.py
[2025-11-15T22:45:32.789+0000] {processor.py:830} INFO - Processing file /opt/airflow/dags/pipeline_label_studio.py for tasks to queue
[2025-11-15T22:45:32.797+0000] {logging_mixin.py:188} INFO - [2025-11-15T22:45:32.796+0000] {dagbag.py:545} INFO - Filling up the DagBag from /opt/airflow/dags/pipeline_label_studio.py
[2025-11-15T22:45:32.826+0000] {processor.py:840} INFO - DAG(s) 'etl_label_studio' retrieved from /opt/airflow/dags/pipeline_label_studio.py
[2025-11-15T22:45:32.884+0000] {logging_mixin.py:188} INFO - [2025-11-15T22:45:32.883+0000] {dag.py:3089} INFO - Sync 1 DAGs
[2025-11-15T22:45:32.912+0000] {logging_mixin.py:188} INFO - [2025-11-15T22:45:32.912+0000] {dag.py:3947} INFO - Setting next_dagrun for etl_label_studio to 2025-11-15 03:00:00+00:00, run_after=2025-11-16 03:00:00+00:00
[2025-11-15T22:45:32.929+0000] {processor.py:183} INFO - Processing /opt/airflow/dags/pipeline_label_studio.py took 0.161 seconds
[2025-11-15T22:46:03.167+0000] {processor.py:161} INFO - Started process (PID=242) to work on /opt/airflow/dags/pipeline_label_studio.py
[2025-11-15T22:46:03.173+0000] {processor.py:830} INFO - Processing file /opt/airflow/dags/pipeline_label_studio.py for tasks to queue
[2025-11-15T22:46:03.176+0000] {logging_mixin.py:188} INFO - [2025-11-15T22:46:03.176+0000] {dagbag.py:545} INFO - Filling up the DagBag from /opt/airflow/dags/pipeline_label_studio.py
[2025-11-15T22:46:03.197+0000] {processor.py:840} INFO - DAG(s) 'etl_label_studio' retrieved from /opt/airflow/dags/pipeline_label_studio.py
[2025-11-15T22:46:03.237+0000] {logging_mixin.py:188} INFO - [2025-11-15T22:46:03.237+0000] {dag.py:3089} INFO - Sync 1 DAGs
[2025-11-15T22:46:03.263+0000] {logging_mixin.py:188} INFO - [2025-11-15T22:46:03.263+0000] {dag.py:3947} INFO - Setting next_dagrun for etl_label_studio to 2025-11-15 03:00:00+00:00, run_after=2025-11-16 03:00:00+00:00
[2025-11-15T22:46:03.280+0000] {processor.py:183} INFO - Processing /opt/airflow/dags/pipeline_label_studio.py took 0.122 seconds
[2025-11-15T22:46:33.511+0000] {processor.py:161} INFO - Started process (PID=252) to work on /opt/airflow/dags/pipeline_label_studio.py
[2025-11-15T22:46:33.512+0000] {processor.py:830} INFO - Processing file /opt/airflow/dags/pipeline_label_studio.py for tasks to queue
[2025-11-15T22:46:33.513+0000] {logging_mixin.py:188} INFO - [2025-11-15T22:46:33.513+0000] {dagbag.py:545} INFO - Filling up the DagBag from /opt/airflow/dags/pipeline_label_studio.py
[2025-11-15T22:46:33.532+0000] {processor.py:840} INFO - DAG(s) 'etl_label_studio' retrieved from /opt/airflow/dags/pipeline_label_studio.py
[2025-11-15T22:46:33.577+0000] {logging_mixin.py:188} INFO - [2025-11-15T22:46:33.576+0000] {dag.py:3089} INFO - Sync 1 DAGs
[2025-11-15T22:46:33.607+0000] {logging_mixin.py:188} INFO - [2025-11-15T22:46:33.607+0000] {dag.py:3947} INFO - Setting next_dagrun for etl_label_studio to 2025-11-15 03:00:00+00:00, run_after=2025-11-16 03:00:00+00:00
[2025-11-15T22:46:33.627+0000] {processor.py:183} INFO - Processing /opt/airflow/dags/pipeline_label_studio.py took 0.122 seconds
[2025-11-15T22:47:03.853+0000] {processor.py:161} INFO - Started process (PID=257) to work on /opt/airflow/dags/pipeline_label_studio.py
[2025-11-15T22:47:03.855+0000] {processor.py:830} INFO - Processing file /opt/airflow/dags/pipeline_label_studio.py for tasks to queue
[2025-11-15T22:47:03.856+0000] {logging_mixin.py:188} INFO - [2025-11-15T22:47:03.855+0000] {dagbag.py:545} INFO - Filling up the DagBag from /opt/airflow/dags/pipeline_label_studio.py
[2025-11-15T22:47:03.873+0000] {processor.py:840} INFO - DAG(s) 'etl_label_studio' retrieved from /opt/airflow/dags/pipeline_label_studio.py
[2025-11-15T22:47:03.918+0000] {logging_mixin.py:188} INFO - [2025-11-15T22:47:03.917+0000] {dag.py:3089} INFO - Sync 1 DAGs
[2025-11-15T22:47:03.946+0000] {logging_mixin.py:188} INFO - [2025-11-15T22:47:03.946+0000] {dag.py:3947} INFO - Setting next_dagrun for etl_label_studio to 2025-11-15 03:00:00+00:00, run_after=2025-11-16 03:00:00+00:00
[2025-11-15T22:47:03.978+0000] {processor.py:183} INFO - Processing /opt/airflow/dags/pipeline_label_studio.py took 0.136 seconds
[2025-11-15T22:47:34.244+0000] {processor.py:161} INFO - Started process (PID=267) to work on /opt/airflow/dags/pipeline_label_studio.py
[2025-11-15T22:47:34.245+0000] {processor.py:830} INFO - Processing file /opt/airflow/dags/pipeline_label_studio.py for tasks to queue
[2025-11-15T22:47:34.246+0000] {logging_mixin.py:188} INFO - [2025-11-15T22:47:34.246+0000] {dagbag.py:545} INFO - Filling up the DagBag from /opt/airflow/dags/pipeline_label_studio.py
[2025-11-15T22:47:34.261+0000] {processor.py:840} INFO - DAG(s) 'etl_label_studio' retrieved from /opt/airflow/dags/pipeline_label_studio.py
[2025-11-15T22:47:34.295+0000] {logging_mixin.py:188} INFO - [2025-11-15T22:47:34.295+0000] {dag.py:3089} INFO - Sync 1 DAGs
[2025-11-15T22:47:34.318+0000] {logging_mixin.py:188} INFO - [2025-11-15T22:47:34.318+0000] {dag.py:3947} INFO - Setting next_dagrun for etl_label_studio to 2025-11-15 03:00:00+00:00, run_after=2025-11-16 03:00:00+00:00
[2025-11-15T22:47:34.334+0000] {processor.py:183} INFO - Processing /opt/airflow/dags/pipeline_label_studio.py took 0.100 seconds
[2025-11-15T22:48:04.612+0000] {processor.py:161} INFO - Started process (PID=289) to work on /opt/airflow/dags/pipeline_label_studio.py
[2025-11-15T22:48:04.615+0000] {processor.py:830} INFO - Processing file /opt/airflow/dags/pipeline_label_studio.py for tasks to queue
[2025-11-15T22:48:04.616+0000] {logging_mixin.py:188} INFO - [2025-11-15T22:48:04.615+0000] {dagbag.py:545} INFO - Filling up the DagBag from /opt/airflow/dags/pipeline_label_studio.py
[2025-11-15T22:48:04.637+0000] {processor.py:840} INFO - DAG(s) 'etl_label_studio' retrieved from /opt/airflow/dags/pipeline_label_studio.py
[2025-11-15T22:48:04.681+0000] {logging_mixin.py:188} INFO - [2025-11-15T22:48:04.681+0000] {dag.py:3089} INFO - Sync 1 DAGs
[2025-11-15T22:48:04.708+0000] {logging_mixin.py:188} INFO - [2025-11-15T22:48:04.708+0000] {dag.py:3947} INFO - Setting next_dagrun for etl_label_studio to 2025-11-15 03:00:00+00:00, run_after=2025-11-16 03:00:00+00:00
[2025-11-15T22:48:04.731+0000] {processor.py:183} INFO - Processing /opt/airflow/dags/pipeline_label_studio.py took 0.127 seconds
[2025-11-15T22:48:34.834+0000] {processor.py:161} INFO - Started process (PID=299) to work on /opt/airflow/dags/pipeline_label_studio.py
[2025-11-15T22:48:34.835+0000] {processor.py:830} INFO - Processing file /opt/airflow/dags/pipeline_label_studio.py for tasks to queue
[2025-11-15T22:48:34.836+0000] {logging_mixin.py:188} INFO - [2025-11-15T22:48:34.836+0000] {dagbag.py:545} INFO - Filling up the DagBag from /opt/airflow/dags/pipeline_label_studio.py
[2025-11-15T22:48:34.846+0000] {processor.py:840} INFO - DAG(s) 'etl_label_studio' retrieved from /opt/airflow/dags/pipeline_label_studio.py
[2025-11-15T22:48:34.872+0000] {logging_mixin.py:188} INFO - [2025-11-15T22:48:34.872+0000] {dag.py:3089} INFO - Sync 1 DAGs
[2025-11-15T22:48:34.888+0000] {logging_mixin.py:188} INFO - [2025-11-15T22:48:34.888+0000] {dag.py:3947} INFO - Setting next_dagrun for etl_label_studio to 2025-11-15 03:00:00+00:00, run_after=2025-11-16 03:00:00+00:00
[2025-11-15T22:48:34.900+0000] {processor.py:183} INFO - Processing /opt/airflow/dags/pipeline_label_studio.py took 0.070 seconds
[2025-11-15T22:49:05.182+0000] {processor.py:161} INFO - Started process (PID=309) to work on /opt/airflow/dags/pipeline_label_studio.py
[2025-11-15T22:49:05.183+0000] {processor.py:830} INFO - Processing file /opt/airflow/dags/pipeline_label_studio.py for tasks to queue
[2025-11-15T22:49:05.184+0000] {logging_mixin.py:188} INFO - [2025-11-15T22:49:05.183+0000] {dagbag.py:545} INFO - Filling up the DagBag from /opt/airflow/dags/pipeline_label_studio.py
[2025-11-15T22:49:05.205+0000] {processor.py:840} INFO - DAG(s) 'etl_label_studio' retrieved from /opt/airflow/dags/pipeline_label_studio.py
[2025-11-15T22:49:05.241+0000] {logging_mixin.py:188} INFO - [2025-11-15T22:49:05.241+0000] {dag.py:3089} INFO - Sync 1 DAGs
[2025-11-15T22:49:05.267+0000] {logging_mixin.py:188} INFO - [2025-11-15T22:49:05.266+0000] {dag.py:3947} INFO - Setting next_dagrun for etl_label_studio to 2025-11-15 03:00:00+00:00, run_after=2025-11-16 03:00:00+00:00
[2025-11-15T22:49:05.282+0000] {processor.py:183} INFO - Processing /opt/airflow/dags/pipeline_label_studio.py took 0.108 seconds
[2025-11-15T22:49:35.471+0000] {processor.py:161} INFO - Started process (PID=325) to work on /opt/airflow/dags/pipeline_label_studio.py
[2025-11-15T22:49:35.473+0000] {processor.py:830} INFO - Processing file /opt/airflow/dags/pipeline_label_studio.py for tasks to queue
[2025-11-15T22:49:35.474+0000] {logging_mixin.py:188} INFO - [2025-11-15T22:49:35.473+0000] {dagbag.py:545} INFO - Filling up the DagBag from /opt/airflow/dags/pipeline_label_studio.py
[2025-11-15T22:49:35.494+0000] {processor.py:840} INFO - DAG(s) 'etl_label_studio' retrieved from /opt/airflow/dags/pipeline_label_studio.py
[2025-11-15T22:49:35.529+0000] {logging_mixin.py:188} INFO - [2025-11-15T22:49:35.529+0000] {dag.py:3089} INFO - Sync 1 DAGs
[2025-11-15T22:49:35.550+0000] {logging_mixin.py:188} INFO - [2025-11-15T22:49:35.550+0000] {dag.py:3947} INFO - Setting next_dagrun for etl_label_studio to 2025-11-15 03:00:00+00:00, run_after=2025-11-16 03:00:00+00:00
[2025-11-15T22:49:35.563+0000] {processor.py:183} INFO - Processing /opt/airflow/dags/pipeline_label_studio.py took 0.100 seconds
[2025-11-15T22:50:05.815+0000] {processor.py:161} INFO - Started process (PID=335) to work on /opt/airflow/dags/pipeline_label_studio.py
[2025-11-15T22:50:05.816+0000] {processor.py:830} INFO - Processing file /opt/airflow/dags/pipeline_label_studio.py for tasks to queue
[2025-11-15T22:50:05.817+0000] {logging_mixin.py:188} INFO - [2025-11-15T22:50:05.817+0000] {dagbag.py:545} INFO - Filling up the DagBag from /opt/airflow/dags/pipeline_label_studio.py
[2025-11-15T22:50:05.834+0000] {processor.py:840} INFO - DAG(s) 'etl_label_studio' retrieved from /opt/airflow/dags/pipeline_label_studio.py
[2025-11-15T22:50:05.870+0000] {logging_mixin.py:188} INFO - [2025-11-15T22:50:05.870+0000] {dag.py:3089} INFO - Sync 1 DAGs
[2025-11-15T22:50:05.894+0000] {logging_mixin.py:188} INFO - [2025-11-15T22:50:05.894+0000] {dag.py:3947} INFO - Setting next_dagrun for etl_label_studio to 2025-11-15 03:00:00+00:00, run_after=2025-11-16 03:00:00+00:00
[2025-11-15T22:50:05.908+0000] {processor.py:183} INFO - Processing /opt/airflow/dags/pipeline_label_studio.py took 0.101 seconds
[2025-11-15T22:50:36.227+0000] {processor.py:161} INFO - Started process (PID=345) to work on /opt/airflow/dags/pipeline_label_studio.py
[2025-11-15T22:50:36.229+0000] {processor.py:830} INFO - Processing file /opt/airflow/dags/pipeline_label_studio.py for tasks to queue
[2025-11-15T22:50:36.230+0000] {logging_mixin.py:188} INFO - [2025-11-15T22:50:36.229+0000] {dagbag.py:545} INFO - Filling up the DagBag from /opt/airflow/dags/pipeline_label_studio.py
[2025-11-15T22:50:36.249+0000] {processor.py:840} INFO - DAG(s) 'etl_label_studio' retrieved from /opt/airflow/dags/pipeline_label_studio.py
[2025-11-15T22:50:36.290+0000] {logging_mixin.py:188} INFO - [2025-11-15T22:50:36.289+0000] {dag.py:3089} INFO - Sync 1 DAGs
[2025-11-15T22:50:36.324+0000] {logging_mixin.py:188} INFO - [2025-11-15T22:50:36.324+0000] {dag.py:3947} INFO - Setting next_dagrun for etl_label_studio to 2025-11-15 03:00:00+00:00, run_after=2025-11-16 03:00:00+00:00
[2025-11-15T22:50:36.341+0000] {processor.py:183} INFO - Processing /opt/airflow/dags/pipeline_label_studio.py took 0.124 seconds
[2025-11-15T22:51:06.513+0000] {processor.py:161} INFO - Started process (PID=355) to work on /opt/airflow/dags/pipeline_label_studio.py
[2025-11-15T22:51:06.515+0000] {processor.py:830} INFO - Processing file /opt/airflow/dags/pipeline_label_studio.py for tasks to queue
[2025-11-15T22:51:06.516+0000] {logging_mixin.py:188} INFO - [2025-11-15T22:51:06.515+0000] {dagbag.py:545} INFO - Filling up the DagBag from /opt/airflow/dags/pipeline_label_studio.py
[2025-11-15T22:51:06.528+0000] {processor.py:840} INFO - DAG(s) 'etl_label_studio' retrieved from /opt/airflow/dags/pipeline_label_studio.py
[2025-11-15T22:51:06.553+0000] {logging_mixin.py:188} INFO - [2025-11-15T22:51:06.553+0000] {dag.py:3089} INFO - Sync 1 DAGs
[2025-11-15T22:51:06.583+0000] {logging_mixin.py:188} INFO - [2025-11-15T22:51:06.583+0000] {dag.py:3947} INFO - Setting next_dagrun for etl_label_studio to 2025-11-15 03:00:00+00:00, run_after=2025-11-16 03:00:00+00:00
[2025-11-15T22:51:06.602+0000] {processor.py:183} INFO - Processing /opt/airflow/dags/pipeline_label_studio.py took 0.096 seconds
[2025-11-15T22:51:36.889+0000] {processor.py:161} INFO - Started process (PID=365) to work on /opt/airflow/dags/pipeline_label_studio.py
[2025-11-15T22:51:36.895+0000] {processor.py:830} INFO - Processing file /opt/airflow/dags/pipeline_label_studio.py for tasks to queue
[2025-11-15T22:51:36.896+0000] {logging_mixin.py:188} INFO - [2025-11-15T22:51:36.896+0000] {dagbag.py:545} INFO - Filling up the DagBag from /opt/airflow/dags/pipeline_label_studio.py
[2025-11-15T22:51:36.908+0000] {processor.py:840} INFO - DAG(s) 'etl_label_studio' retrieved from /opt/airflow/dags/pipeline_label_studio.py
[2025-11-15T22:51:36.937+0000] {logging_mixin.py:188} INFO - [2025-11-15T22:51:36.937+0000] {dag.py:3089} INFO - Sync 1 DAGs
[2025-11-15T22:51:36.959+0000] {logging_mixin.py:188} INFO - [2025-11-15T22:51:36.958+0000] {dag.py:3947} INFO - Setting next_dagrun for etl_label_studio to 2025-11-15 03:00:00+00:00, run_after=2025-11-16 03:00:00+00:00
[2025-11-15T22:51:36.972+0000] {processor.py:183} INFO - Processing /opt/airflow/dags/pipeline_label_studio.py took 0.088 seconds
[2025-11-15T22:52:07.292+0000] {processor.py:161} INFO - Started process (PID=375) to work on /opt/airflow/dags/pipeline_label_studio.py
[2025-11-15T22:52:07.294+0000] {processor.py:830} INFO - Processing file /opt/airflow/dags/pipeline_label_studio.py for tasks to queue
[2025-11-15T22:52:07.294+0000] {logging_mixin.py:188} INFO - [2025-11-15T22:52:07.294+0000] {dagbag.py:545} INFO - Filling up the DagBag from /opt/airflow/dags/pipeline_label_studio.py
[2025-11-15T22:52:07.319+0000] {processor.py:840} INFO - DAG(s) 'etl_label_studio' retrieved from /opt/airflow/dags/pipeline_label_studio.py
[2025-11-15T22:52:07.355+0000] {logging_mixin.py:188} INFO - [2025-11-15T22:52:07.355+0000] {dag.py:3089} INFO - Sync 1 DAGs
[2025-11-15T22:52:07.383+0000] {logging_mixin.py:188} INFO - [2025-11-15T22:52:07.383+0000] {dag.py:3947} INFO - Setting next_dagrun for etl_label_studio to 2025-11-15 03:00:00+00:00, run_after=2025-11-16 03:00:00+00:00
[2025-11-15T22:52:07.400+0000] {processor.py:183} INFO - Processing /opt/airflow/dags/pipeline_label_studio.py took 0.117 seconds
[2025-11-15T22:52:37.629+0000] {processor.py:161} INFO - Started process (PID=385) to work on /opt/airflow/dags/pipeline_label_studio.py
[2025-11-15T22:52:37.632+0000] {processor.py:830} INFO - Processing file /opt/airflow/dags/pipeline_label_studio.py for tasks to queue
[2025-11-15T22:52:37.633+0000] {logging_mixin.py:188} INFO - [2025-11-15T22:52:37.632+0000] {dagbag.py:545} INFO - Filling up the DagBag from /opt/airflow/dags/pipeline_label_studio.py
[2025-11-15T22:52:37.650+0000] {processor.py:840} INFO - DAG(s) 'etl_label_studio' retrieved from /opt/airflow/dags/pipeline_label_studio.py
[2025-11-15T22:52:37.694+0000] {logging_mixin.py:188} INFO - [2025-11-15T22:52:37.694+0000] {dag.py:3089} INFO - Sync 1 DAGs
[2025-11-15T22:52:37.722+0000] {logging_mixin.py:188} INFO - [2025-11-15T22:52:37.722+0000] {dag.py:3947} INFO - Setting next_dagrun for etl_label_studio to 2025-11-15 03:00:00+00:00, run_after=2025-11-16 03:00:00+00:00
[2025-11-15T22:52:37.737+0000] {processor.py:183} INFO - Processing /opt/airflow/dags/pipeline_label_studio.py took 0.115 seconds
[2025-11-15T22:53:08.051+0000] {processor.py:161} INFO - Started process (PID=407) to work on /opt/airflow/dags/pipeline_label_studio.py
[2025-11-15T22:53:08.053+0000] {processor.py:830} INFO - Processing file /opt/airflow/dags/pipeline_label_studio.py for tasks to queue
[2025-11-15T22:53:08.054+0000] {logging_mixin.py:188} INFO - [2025-11-15T22:53:08.054+0000] {dagbag.py:545} INFO - Filling up the DagBag from /opt/airflow/dags/pipeline_label_studio.py
[2025-11-15T22:53:08.074+0000] {processor.py:840} INFO - DAG(s) 'etl_label_studio' retrieved from /opt/airflow/dags/pipeline_label_studio.py
[2025-11-15T22:53:08.111+0000] {logging_mixin.py:188} INFO - [2025-11-15T22:53:08.110+0000] {dag.py:3089} INFO - Sync 1 DAGs
[2025-11-15T22:53:08.135+0000] {logging_mixin.py:188} INFO - [2025-11-15T22:53:08.135+0000] {dag.py:3947} INFO - Setting next_dagrun for etl_label_studio to 2025-11-15 03:00:00+00:00, run_after=2025-11-16 03:00:00+00:00
[2025-11-15T22:53:08.153+0000] {processor.py:183} INFO - Processing /opt/airflow/dags/pipeline_label_studio.py took 0.110 seconds
[2025-11-15T22:53:38.458+0000] {processor.py:161} INFO - Started process (PID=417) to work on /opt/airflow/dags/pipeline_label_studio.py
[2025-11-15T22:53:38.460+0000] {processor.py:830} INFO - Processing file /opt/airflow/dags/pipeline_label_studio.py for tasks to queue
[2025-11-15T22:53:38.462+0000] {logging_mixin.py:188} INFO - [2025-11-15T22:53:38.461+0000] {dagbag.py:545} INFO - Filling up the DagBag from /opt/airflow/dags/pipeline_label_studio.py
[2025-11-15T22:53:38.484+0000] {processor.py:840} INFO - DAG(s) 'etl_label_studio' retrieved from /opt/airflow/dags/pipeline_label_studio.py
[2025-11-15T22:53:38.536+0000] {logging_mixin.py:188} INFO - [2025-11-15T22:53:38.536+0000] {dag.py:3089} INFO - Sync 1 DAGs
[2025-11-15T22:53:38.563+0000] {logging_mixin.py:188} INFO - [2025-11-15T22:53:38.563+0000] {dag.py:3947} INFO - Setting next_dagrun for etl_label_studio to 2025-11-15 03:00:00+00:00, run_after=2025-11-16 03:00:00+00:00
[2025-11-15T22:53:38.581+0000] {processor.py:183} INFO - Processing /opt/airflow/dags/pipeline_label_studio.py took 0.132 seconds
[2025-11-15T22:54:08.946+0000] {processor.py:161} INFO - Started process (PID=430) to work on /opt/airflow/dags/pipeline_label_studio.py
[2025-11-15T22:54:08.950+0000] {processor.py:830} INFO - Processing file /opt/airflow/dags/pipeline_label_studio.py for tasks to queue
[2025-11-15T22:54:08.952+0000] {logging_mixin.py:188} INFO - [2025-11-15T22:54:08.951+0000] {dagbag.py:545} INFO - Filling up the DagBag from /opt/airflow/dags/pipeline_label_studio.py
[2025-11-15T22:54:08.976+0000] {processor.py:840} INFO - DAG(s) 'etl_label_studio' retrieved from /opt/airflow/dags/pipeline_label_studio.py
[2025-11-15T22:54:09.025+0000] {logging_mixin.py:188} INFO - [2025-11-15T22:54:09.025+0000] {dag.py:3089} INFO - Sync 1 DAGs
[2025-11-15T22:54:09.055+0000] {logging_mixin.py:188} INFO - [2025-11-15T22:54:09.054+0000] {dag.py:3947} INFO - Setting next_dagrun for etl_label_studio to 2025-11-15 03:00:00+00:00, run_after=2025-11-16 03:00:00+00:00
[2025-11-15T22:54:09.071+0000] {processor.py:183} INFO - Processing /opt/airflow/dags/pipeline_label_studio.py took 0.134 seconds
[2025-11-15T22:54:39.245+0000] {processor.py:161} INFO - Started process (PID=443) to work on /opt/airflow/dags/pipeline_label_studio.py
[2025-11-15T22:54:39.248+0000] {processor.py:830} INFO - Processing file /opt/airflow/dags/pipeline_label_studio.py for tasks to queue
[2025-11-15T22:54:39.250+0000] {logging_mixin.py:188} INFO - [2025-11-15T22:54:39.249+0000] {dagbag.py:545} INFO - Filling up the DagBag from /opt/airflow/dags/pipeline_label_studio.py
[2025-11-15T22:54:39.272+0000] {processor.py:840} INFO - DAG(s) 'etl_label_studio' retrieved from /opt/airflow/dags/pipeline_label_studio.py
[2025-11-15T22:54:39.313+0000] {logging_mixin.py:188} INFO - [2025-11-15T22:54:39.313+0000] {dag.py:3089} INFO - Sync 1 DAGs
[2025-11-15T22:54:39.335+0000] {logging_mixin.py:188} INFO - [2025-11-15T22:54:39.335+0000] {dag.py:3947} INFO - Setting next_dagrun for etl_label_studio to 2025-11-15 03:00:00+00:00, run_after=2025-11-16 03:00:00+00:00
[2025-11-15T22:54:39.352+0000] {processor.py:183} INFO - Processing /opt/airflow/dags/pipeline_label_studio.py took 0.120 seconds
[2025-11-15T22:55:09.721+0000] {processor.py:161} INFO - Started process (PID=453) to work on /opt/airflow/dags/pipeline_label_studio.py
[2025-11-15T22:55:09.723+0000] {processor.py:830} INFO - Processing file /opt/airflow/dags/pipeline_label_studio.py for tasks to queue
[2025-11-15T22:55:09.725+0000] {logging_mixin.py:188} INFO - [2025-11-15T22:55:09.724+0000] {dagbag.py:545} INFO - Filling up the DagBag from /opt/airflow/dags/pipeline_label_studio.py
[2025-11-15T22:55:09.763+0000] {processor.py:840} INFO - DAG(s) 'etl_label_studio' retrieved from /opt/airflow/dags/pipeline_label_studio.py
[2025-11-15T22:55:09.817+0000] {logging_mixin.py:188} INFO - [2025-11-15T22:55:09.817+0000] {dag.py:3089} INFO - Sync 1 DAGs
[2025-11-15T22:55:09.845+0000] {logging_mixin.py:188} INFO - [2025-11-15T22:55:09.845+0000] {dag.py:3947} INFO - Setting next_dagrun for etl_label_studio to 2025-11-15 03:00:00+00:00, run_after=2025-11-16 03:00:00+00:00
[2025-11-15T22:55:09.862+0000] {processor.py:183} INFO - Processing /opt/airflow/dags/pipeline_label_studio.py took 0.152 seconds
[2025-11-15T22:55:40.048+0000] {processor.py:161} INFO - Started process (PID=466) to work on /opt/airflow/dags/pipeline_label_studio.py
[2025-11-15T22:55:40.050+0000] {processor.py:830} INFO - Processing file /opt/airflow/dags/pipeline_label_studio.py for tasks to queue
[2025-11-15T22:55:40.052+0000] {logging_mixin.py:188} INFO - [2025-11-15T22:55:40.051+0000] {dagbag.py:545} INFO - Filling up the DagBag from /opt/airflow/dags/pipeline_label_studio.py
[2025-11-15T22:55:40.073+0000] {processor.py:840} INFO - DAG(s) 'etl_label_studio' retrieved from /opt/airflow/dags/pipeline_label_studio.py
[2025-11-15T22:55:40.112+0000] {logging_mixin.py:188} INFO - [2025-11-15T22:55:40.112+0000] {dag.py:3089} INFO - Sync 1 DAGs
[2025-11-15T22:55:40.137+0000] {logging_mixin.py:188} INFO - [2025-11-15T22:55:40.137+0000] {dag.py:3947} INFO - Setting next_dagrun for etl_label_studio to 2025-11-15 03:00:00+00:00, run_after=2025-11-16 03:00:00+00:00
[2025-11-15T22:55:40.153+0000] {processor.py:183} INFO - Processing /opt/airflow/dags/pipeline_label_studio.py took 0.113 seconds
[2025-11-15T22:56:10.337+0000] {processor.py:161} INFO - Started process (PID=476) to work on /opt/airflow/dags/pipeline_label_studio.py
[2025-11-15T22:56:10.339+0000] {processor.py:830} INFO - Processing file /opt/airflow/dags/pipeline_label_studio.py for tasks to queue
[2025-11-15T22:56:10.339+0000] {logging_mixin.py:188} INFO - [2025-11-15T22:56:10.339+0000] {dagbag.py:545} INFO - Filling up the DagBag from /opt/airflow/dags/pipeline_label_studio.py
[2025-11-15T22:56:10.351+0000] {processor.py:840} INFO - DAG(s) 'etl_label_studio' retrieved from /opt/airflow/dags/pipeline_label_studio.py
[2025-11-15T22:56:10.377+0000] {logging_mixin.py:188} INFO - [2025-11-15T22:56:10.377+0000] {dag.py:3089} INFO - Sync 1 DAGs
[2025-11-15T22:56:10.398+0000] {logging_mixin.py:188} INFO - [2025-11-15T22:56:10.397+0000] {dag.py:3947} INFO - Setting next_dagrun for etl_label_studio to 2025-11-15 03:00:00+00:00, run_after=2025-11-16 03:00:00+00:00
[2025-11-15T22:56:10.411+0000] {processor.py:183} INFO - Processing /opt/airflow/dags/pipeline_label_studio.py took 0.079 seconds
[2025-11-15T22:56:40.733+0000] {processor.py:161} INFO - Started process (PID=486) to work on /opt/airflow/dags/pipeline_label_studio.py
[2025-11-15T22:56:40.734+0000] {processor.py:830} INFO - Processing file /opt/airflow/dags/pipeline_label_studio.py for tasks to queue
[2025-11-15T22:56:40.736+0000] {logging_mixin.py:188} INFO - [2025-11-15T22:56:40.735+0000] {dagbag.py:545} INFO - Filling up the DagBag from /opt/airflow/dags/pipeline_label_studio.py
[2025-11-15T22:56:40.760+0000] {processor.py:840} INFO - DAG(s) 'etl_label_studio' retrieved from /opt/airflow/dags/pipeline_label_studio.py
[2025-11-15T22:56:40.808+0000] {logging_mixin.py:188} INFO - [2025-11-15T22:56:40.808+0000] {dag.py:3089} INFO - Sync 1 DAGs
[2025-11-15T22:56:40.840+0000] {logging_mixin.py:188} INFO - [2025-11-15T22:56:40.840+0000] {dag.py:3947} INFO - Setting next_dagrun for etl_label_studio to 2025-11-15 03:00:00+00:00, run_after=2025-11-16 03:00:00+00:00
[2025-11-15T22:56:40.861+0000] {processor.py:183} INFO - Processing /opt/airflow/dags/pipeline_label_studio.py took 0.138 seconds
[2025-11-15T22:57:11.013+0000] {processor.py:161} INFO - Started process (PID=496) to work on /opt/airflow/dags/pipeline_label_studio.py
[2025-11-15T22:57:11.015+0000] {processor.py:830} INFO - Processing file /opt/airflow/dags/pipeline_label_studio.py for tasks to queue
[2025-11-15T22:57:11.016+0000] {logging_mixin.py:188} INFO - [2025-11-15T22:57:11.015+0000] {dagbag.py:545} INFO - Filling up the DagBag from /opt/airflow/dags/pipeline_label_studio.py
[2025-11-15T22:57:11.036+0000] {processor.py:840} INFO - DAG(s) 'etl_label_studio' retrieved from /opt/airflow/dags/pipeline_label_studio.py
[2025-11-15T22:57:11.074+0000] {logging_mixin.py:188} INFO - [2025-11-15T22:57:11.074+0000] {dag.py:3089} INFO - Sync 1 DAGs
[2025-11-15T22:57:11.100+0000] {logging_mixin.py:188} INFO - [2025-11-15T22:57:11.099+0000] {dag.py:3947} INFO - Setting next_dagrun for etl_label_studio to 2025-11-15 03:00:00+00:00, run_after=2025-11-16 03:00:00+00:00
[2025-11-15T22:57:11.116+0000] {processor.py:183} INFO - Processing /opt/airflow/dags/pipeline_label_studio.py took 0.110 seconds
[2025-11-15T22:57:41.433+0000] {processor.py:161} INFO - Started process (PID=506) to work on /opt/airflow/dags/pipeline_label_studio.py
[2025-11-15T22:57:41.436+0000] {processor.py:830} INFO - Processing file /opt/airflow/dags/pipeline_label_studio.py for tasks to queue
[2025-11-15T22:57:41.437+0000] {logging_mixin.py:188} INFO - [2025-11-15T22:57:41.436+0000] {dagbag.py:545} INFO - Filling up the DagBag from /opt/airflow/dags/pipeline_label_studio.py
[2025-11-15T22:57:41.453+0000] {processor.py:840} INFO - DAG(s) 'etl_label_studio' retrieved from /opt/airflow/dags/pipeline_label_studio.py
[2025-11-15T22:57:41.485+0000] {logging_mixin.py:188} INFO - [2025-11-15T22:57:41.485+0000] {dag.py:3089} INFO - Sync 1 DAGs
[2025-11-15T22:57:41.505+0000] {logging_mixin.py:188} INFO - [2025-11-15T22:57:41.505+0000] {dag.py:3947} INFO - Setting next_dagrun for etl_label_studio to 2025-11-15 03:00:00+00:00, run_after=2025-11-16 03:00:00+00:00
[2025-11-15T22:57:41.528+0000] {processor.py:183} INFO - Processing /opt/airflow/dags/pipeline_label_studio.py took 0.101 seconds
[2025-11-15T22:58:11.855+0000] {processor.py:161} INFO - Started process (PID=516) to work on /opt/airflow/dags/pipeline_label_studio.py
[2025-11-15T22:58:11.860+0000] {processor.py:830} INFO - Processing file /opt/airflow/dags/pipeline_label_studio.py for tasks to queue
[2025-11-15T22:58:11.861+0000] {logging_mixin.py:188} INFO - [2025-11-15T22:58:11.860+0000] {dagbag.py:545} INFO - Filling up the DagBag from /opt/airflow/dags/pipeline_label_studio.py
[2025-11-15T22:58:11.886+0000] {processor.py:840} INFO - DAG(s) 'etl_label_studio' retrieved from /opt/airflow/dags/pipeline_label_studio.py
[2025-11-15T22:58:11.935+0000] {logging_mixin.py:188} INFO - [2025-11-15T22:58:11.934+0000] {dag.py:3089} INFO - Sync 1 DAGs
[2025-11-15T22:58:11.963+0000] {logging_mixin.py:188} INFO - [2025-11-15T22:58:11.963+0000] {dag.py:3947} INFO - Setting next_dagrun for etl_label_studio to 2025-11-15 03:00:00+00:00, run_after=2025-11-16 03:00:00+00:00
[2025-11-15T22:58:11.982+0000] {processor.py:183} INFO - Processing /opt/airflow/dags/pipeline_label_studio.py took 0.137 seconds
[2025-11-15T22:58:42.154+0000] {processor.py:161} INFO - Started process (PID=526) to work on /opt/airflow/dags/pipeline_label_studio.py
[2025-11-15T22:58:42.155+0000] {processor.py:830} INFO - Processing file /opt/airflow/dags/pipeline_label_studio.py for tasks to queue
[2025-11-15T22:58:42.156+0000] {logging_mixin.py:188} INFO - [2025-11-15T22:58:42.156+0000] {dagbag.py:545} INFO - Filling up the DagBag from /opt/airflow/dags/pipeline_label_studio.py
[2025-11-15T22:58:42.174+0000] {processor.py:840} INFO - DAG(s) 'etl_label_studio' retrieved from /opt/airflow/dags/pipeline_label_studio.py
[2025-11-15T22:58:42.211+0000] {logging_mixin.py:188} INFO - [2025-11-15T22:58:42.211+0000] {dag.py:3089} INFO - Sync 1 DAGs
[2025-11-15T22:58:42.234+0000] {logging_mixin.py:188} INFO - [2025-11-15T22:58:42.234+0000] {dag.py:3947} INFO - Setting next_dagrun for etl_label_studio to 2025-11-15 03:00:00+00:00, run_after=2025-11-16 03:00:00+00:00
[2025-11-15T22:58:42.249+0000] {processor.py:183} INFO - Processing /opt/airflow/dags/pipeline_label_studio.py took 0.104 seconds
[2025-11-15T22:59:12.569+0000] {processor.py:161} INFO - Started process (PID=539) to work on /opt/airflow/dags/pipeline_label_studio.py
[2025-11-15T22:59:12.571+0000] {processor.py:830} INFO - Processing file /opt/airflow/dags/pipeline_label_studio.py for tasks to queue
[2025-11-15T22:59:12.572+0000] {logging_mixin.py:188} INFO - [2025-11-15T22:59:12.571+0000] {dagbag.py:545} INFO - Filling up the DagBag from /opt/airflow/dags/pipeline_label_studio.py
[2025-11-15T22:59:12.593+0000] {processor.py:840} INFO - DAG(s) 'etl_label_studio' retrieved from /opt/airflow/dags/pipeline_label_studio.py
[2025-11-15T22:59:12.639+0000] {logging_mixin.py:188} INFO - [2025-11-15T22:59:12.639+0000] {dag.py:3089} INFO - Sync 1 DAGs
[2025-11-15T22:59:12.664+0000] {logging_mixin.py:188} INFO - [2025-11-15T22:59:12.664+0000] {dag.py:3947} INFO - Setting next_dagrun for etl_label_studio to 2025-11-15 03:00:00+00:00, run_after=2025-11-16 03:00:00+00:00
[2025-11-15T22:59:12.678+0000] {processor.py:183} INFO - Processing /opt/airflow/dags/pipeline_label_studio.py took 0.119 seconds
[2025-11-15T22:59:42.894+0000] {processor.py:161} INFO - Started process (PID=552) to work on /opt/airflow/dags/pipeline_label_studio.py
[2025-11-15T22:59:42.897+0000] {processor.py:830} INFO - Processing file /opt/airflow/dags/pipeline_label_studio.py for tasks to queue
[2025-11-15T22:59:42.899+0000] {logging_mixin.py:188} INFO - [2025-11-15T22:59:42.898+0000] {dagbag.py:545} INFO - Filling up the DagBag from /opt/airflow/dags/pipeline_label_studio.py
[2025-11-15T22:59:42.929+0000] {processor.py:840} INFO - DAG(s) 'etl_label_studio' retrieved from /opt/airflow/dags/pipeline_label_studio.py
[2025-11-15T22:59:42.969+0000] {logging_mixin.py:188} INFO - [2025-11-15T22:59:42.969+0000] {dag.py:3089} INFO - Sync 1 DAGs
[2025-11-15T22:59:42.993+0000] {logging_mixin.py:188} INFO - [2025-11-15T22:59:42.992+0000] {dag.py:3947} INFO - Setting next_dagrun for etl_label_studio to 2025-11-15 03:00:00+00:00, run_after=2025-11-16 03:00:00+00:00
[2025-11-15T22:59:43.009+0000] {processor.py:183} INFO - Processing /opt/airflow/dags/pipeline_label_studio.py took 0.122 seconds
[2025-11-15T23:00:13.343+0000] {processor.py:161} INFO - Started process (PID=565) to work on /opt/airflow/dags/pipeline_label_studio.py
[2025-11-15T23:00:13.344+0000] {processor.py:830} INFO - Processing file /opt/airflow/dags/pipeline_label_studio.py for tasks to queue
[2025-11-15T23:00:13.345+0000] {logging_mixin.py:188} INFO - [2025-11-15T23:00:13.344+0000] {dagbag.py:545} INFO - Filling up the DagBag from /opt/airflow/dags/pipeline_label_studio.py
[2025-11-15T23:00:13.358+0000] {processor.py:840} INFO - DAG(s) 'etl_label_studio' retrieved from /opt/airflow/dags/pipeline_label_studio.py
[2025-11-15T23:00:13.385+0000] {logging_mixin.py:188} INFO - [2025-11-15T23:00:13.385+0000] {dag.py:3089} INFO - Sync 1 DAGs
[2025-11-15T23:00:13.411+0000] {logging_mixin.py:188} INFO - [2025-11-15T23:00:13.411+0000] {dag.py:3947} INFO - Setting next_dagrun for etl_label_studio to 2025-11-15 03:00:00+00:00, run_after=2025-11-16 03:00:00+00:00
[2025-11-15T23:00:13.426+0000] {processor.py:183} INFO - Processing /opt/airflow/dags/pipeline_label_studio.py took 0.091 seconds
[2025-11-15T23:00:43.769+0000] {processor.py:161} INFO - Started process (PID=578) to work on /opt/airflow/dags/pipeline_label_studio.py
[2025-11-15T23:00:43.770+0000] {processor.py:830} INFO - Processing file /opt/airflow/dags/pipeline_label_studio.py for tasks to queue
[2025-11-15T23:00:43.772+0000] {logging_mixin.py:188} INFO - [2025-11-15T23:00:43.772+0000] {dagbag.py:545} INFO - Filling up the DagBag from /opt/airflow/dags/pipeline_label_studio.py
[2025-11-15T23:00:43.790+0000] {processor.py:840} INFO - DAG(s) 'etl_label_studio' retrieved from /opt/airflow/dags/pipeline_label_studio.py
[2025-11-15T23:00:43.829+0000] {logging_mixin.py:188} INFO - [2025-11-15T23:00:43.828+0000] {dag.py:3089} INFO - Sync 1 DAGs
[2025-11-15T23:00:43.854+0000] {logging_mixin.py:188} INFO - [2025-11-15T23:00:43.853+0000] {dag.py:3947} INFO - Setting next_dagrun for etl_label_studio to 2025-11-15 03:00:00+00:00, run_after=2025-11-16 03:00:00+00:00
[2025-11-15T23:00:43.870+0000] {processor.py:183} INFO - Processing /opt/airflow/dags/pipeline_label_studio.py took 0.109 seconds
[2025-11-15T23:01:14.170+0000] {processor.py:161} INFO - Started process (PID=588) to work on /opt/airflow/dags/pipeline_label_studio.py
[2025-11-15T23:01:14.172+0000] {processor.py:830} INFO - Processing file /opt/airflow/dags/pipeline_label_studio.py for tasks to queue
[2025-11-15T23:01:14.173+0000] {logging_mixin.py:188} INFO - [2025-11-15T23:01:14.172+0000] {dagbag.py:545} INFO - Filling up the DagBag from /opt/airflow/dags/pipeline_label_studio.py
[2025-11-15T23:01:14.192+0000] {processor.py:840} INFO - DAG(s) 'etl_label_studio' retrieved from /opt/airflow/dags/pipeline_label_studio.py
[2025-11-15T23:01:14.234+0000] {logging_mixin.py:188} INFO - [2025-11-15T23:01:14.234+0000] {dag.py:3089} INFO - Sync 1 DAGs
[2025-11-15T23:01:14.259+0000] {logging_mixin.py:188} INFO - [2025-11-15T23:01:14.259+0000] {dag.py:3947} INFO - Setting next_dagrun for etl_label_studio to 2025-11-15 03:00:00+00:00, run_after=2025-11-16 03:00:00+00:00
[2025-11-15T23:01:14.277+0000] {processor.py:183} INFO - Processing /opt/airflow/dags/pipeline_label_studio.py took 0.119 seconds
[2025-11-15T23:01:44.591+0000] {processor.py:161} INFO - Started process (PID=598) to work on /opt/airflow/dags/pipeline_label_studio.py
[2025-11-15T23:01:44.592+0000] {processor.py:830} INFO - Processing file /opt/airflow/dags/pipeline_label_studio.py for tasks to queue
[2025-11-15T23:01:44.593+0000] {logging_mixin.py:188} INFO - [2025-11-15T23:01:44.592+0000] {dagbag.py:545} INFO - Filling up the DagBag from /opt/airflow/dags/pipeline_label_studio.py
[2025-11-15T23:01:44.619+0000] {processor.py:840} INFO - DAG(s) 'etl_label_studio' retrieved from /opt/airflow/dags/pipeline_label_studio.py
[2025-11-15T23:01:44.656+0000] {logging_mixin.py:188} INFO - [2025-11-15T23:01:44.656+0000] {dag.py:3089} INFO - Sync 1 DAGs
[2025-11-15T23:01:44.681+0000] {logging_mixin.py:188} INFO - [2025-11-15T23:01:44.681+0000] {dag.py:3947} INFO - Setting next_dagrun for etl_label_studio to 2025-11-15 03:00:00+00:00, run_after=2025-11-16 03:00:00+00:00
[2025-11-15T23:01:44.695+0000] {processor.py:183} INFO - Processing /opt/airflow/dags/pipeline_label_studio.py took 0.112 seconds
[2025-11-15T23:02:14.988+0000] {processor.py:161} INFO - Started process (PID=608) to work on /opt/airflow/dags/pipeline_label_studio.py
[2025-11-15T23:02:14.989+0000] {processor.py:830} INFO - Processing file /opt/airflow/dags/pipeline_label_studio.py for tasks to queue
[2025-11-15T23:02:14.990+0000] {logging_mixin.py:188} INFO - [2025-11-15T23:02:14.989+0000] {dagbag.py:545} INFO - Filling up the DagBag from /opt/airflow/dags/pipeline_label_studio.py
[2025-11-15T23:02:15.007+0000] {processor.py:840} INFO - DAG(s) 'etl_label_studio' retrieved from /opt/airflow/dags/pipeline_label_studio.py
[2025-11-15T23:02:15.045+0000] {logging_mixin.py:188} INFO - [2025-11-15T23:02:15.045+0000] {dag.py:3089} INFO - Sync 1 DAGs
[2025-11-15T23:02:15.069+0000] {logging_mixin.py:188} INFO - [2025-11-15T23:02:15.069+0000] {dag.py:3947} INFO - Setting next_dagrun for etl_label_studio to 2025-11-15 03:00:00+00:00, run_after=2025-11-16 03:00:00+00:00
[2025-11-15T23:02:15.086+0000] {processor.py:183} INFO - Processing /opt/airflow/dags/pipeline_label_studio.py took 0.106 seconds
[2025-11-15T23:02:45.366+0000] {processor.py:161} INFO - Started process (PID=618) to work on /opt/airflow/dags/pipeline_label_studio.py
[2025-11-15T23:02:45.370+0000] {processor.py:830} INFO - Processing file /opt/airflow/dags/pipeline_label_studio.py for tasks to queue
[2025-11-15T23:02:45.371+0000] {logging_mixin.py:188} INFO - [2025-11-15T23:02:45.371+0000] {dagbag.py:545} INFO - Filling up the DagBag from /opt/airflow/dags/pipeline_label_studio.py
[2025-11-15T23:02:45.392+0000] {processor.py:840} INFO - DAG(s) 'etl_label_studio' retrieved from /opt/airflow/dags/pipeline_label_studio.py
[2025-11-15T23:02:45.422+0000] {logging_mixin.py:188} INFO - [2025-11-15T23:02:45.422+0000] {dag.py:3089} INFO - Sync 1 DAGs
[2025-11-15T23:02:45.445+0000] {logging_mixin.py:188} INFO - [2025-11-15T23:02:45.445+0000] {dag.py:3947} INFO - Setting next_dagrun for etl_label_studio to 2025-11-15 03:00:00+00:00, run_after=2025-11-16 03:00:00+00:00
[2025-11-15T23:02:45.458+0000] {processor.py:183} INFO - Processing /opt/airflow/dags/pipeline_label_studio.py took 0.100 seconds
[2025-11-15T23:03:15.752+0000] {processor.py:161} INFO - Started process (PID=628) to work on /opt/airflow/dags/pipeline_label_studio.py
[2025-11-15T23:03:15.757+0000] {processor.py:830} INFO - Processing file /opt/airflow/dags/pipeline_label_studio.py for tasks to queue
[2025-11-15T23:03:15.758+0000] {logging_mixin.py:188} INFO - [2025-11-15T23:03:15.757+0000] {dagbag.py:545} INFO - Filling up the DagBag from /opt/airflow/dags/pipeline_label_studio.py
[2025-11-15T23:03:15.778+0000] {processor.py:840} INFO - DAG(s) 'etl_label_studio' retrieved from /opt/airflow/dags/pipeline_label_studio.py
[2025-11-15T23:03:15.816+0000] {logging_mixin.py:188} INFO - [2025-11-15T23:03:15.816+0000] {dag.py:3089} INFO - Sync 1 DAGs
[2025-11-15T23:03:15.839+0000] {logging_mixin.py:188} INFO - [2025-11-15T23:03:15.839+0000] {dag.py:3947} INFO - Setting next_dagrun for etl_label_studio to 2025-11-15 03:00:00+00:00, run_after=2025-11-16 03:00:00+00:00
[2025-11-15T23:03:15.853+0000] {processor.py:183} INFO - Processing /opt/airflow/dags/pipeline_label_studio.py took 0.110 seconds
[2025-11-15T23:03:46.140+0000] {processor.py:161} INFO - Started process (PID=638) to work on /opt/airflow/dags/pipeline_label_studio.py
[2025-11-15T23:03:46.143+0000] {processor.py:830} INFO - Processing file /opt/airflow/dags/pipeline_label_studio.py for tasks to queue
[2025-11-15T23:03:46.144+0000] {logging_mixin.py:188} INFO - [2025-11-15T23:03:46.143+0000] {dagbag.py:545} INFO - Filling up the DagBag from /opt/airflow/dags/pipeline_label_studio.py
[2025-11-15T23:03:46.167+0000] {processor.py:840} INFO - DAG(s) 'etl_label_studio' retrieved from /opt/airflow/dags/pipeline_label_studio.py
[2025-11-15T23:03:46.205+0000] {logging_mixin.py:188} INFO - [2025-11-15T23:03:46.205+0000] {dag.py:3089} INFO - Sync 1 DAGs
[2025-11-15T23:03:46.232+0000] {logging_mixin.py:188} INFO - [2025-11-15T23:03:46.232+0000] {dag.py:3947} INFO - Setting next_dagrun for etl_label_studio to 2025-11-15 03:00:00+00:00, run_after=2025-11-16 03:00:00+00:00
[2025-11-15T23:03:46.249+0000] {processor.py:183} INFO - Processing /opt/airflow/dags/pipeline_label_studio.py took 0.117 seconds
[2025-11-15T23:04:16.443+0000] {processor.py:161} INFO - Started process (PID=648) to work on /opt/airflow/dags/pipeline_label_studio.py
[2025-11-15T23:04:16.444+0000] {processor.py:830} INFO - Processing file /opt/airflow/dags/pipeline_label_studio.py for tasks to queue
[2025-11-15T23:04:16.446+0000] {logging_mixin.py:188} INFO - [2025-11-15T23:04:16.445+0000] {dagbag.py:545} INFO - Filling up the DagBag from /opt/airflow/dags/pipeline_label_studio.py
[2025-11-15T23:04:16.468+0000] {processor.py:840} INFO - DAG(s) 'etl_label_studio' retrieved from /opt/airflow/dags/pipeline_label_studio.py
[2025-11-15T23:04:16.515+0000] {logging_mixin.py:188} INFO - [2025-11-15T23:04:16.514+0000] {dag.py:3089} INFO - Sync 1 DAGs
[2025-11-15T23:04:16.540+0000] {logging_mixin.py:188} INFO - [2025-11-15T23:04:16.540+0000] {dag.py:3947} INFO - Setting next_dagrun for etl_label_studio to 2025-11-15 03:00:00+00:00, run_after=2025-11-16 03:00:00+00:00
[2025-11-15T23:04:16.556+0000] {processor.py:183} INFO - Processing /opt/airflow/dags/pipeline_label_studio.py took 0.123 seconds
[2025-11-15T23:04:46.841+0000] {processor.py:161} INFO - Started process (PID=661) to work on /opt/airflow/dags/pipeline_label_studio.py
[2025-11-15T23:04:46.842+0000] {processor.py:830} INFO - Processing file /opt/airflow/dags/pipeline_label_studio.py for tasks to queue
[2025-11-15T23:04:46.843+0000] {logging_mixin.py:188} INFO - [2025-11-15T23:04:46.843+0000] {dagbag.py:545} INFO - Filling up the DagBag from /opt/airflow/dags/pipeline_label_studio.py
[2025-11-15T23:04:46.853+0000] {processor.py:840} INFO - DAG(s) 'etl_label_studio' retrieved from /opt/airflow/dags/pipeline_label_studio.py
[2025-11-15T23:04:46.879+0000] {logging_mixin.py:188} INFO - [2025-11-15T23:04:46.878+0000] {dag.py:3089} INFO - Sync 1 DAGs
[2025-11-15T23:04:46.903+0000] {logging_mixin.py:188} INFO - [2025-11-15T23:04:46.903+0000] {dag.py:3947} INFO - Setting next_dagrun for etl_label_studio to 2025-11-15 03:00:00+00:00, run_after=2025-11-16 03:00:00+00:00
[2025-11-15T23:04:46.920+0000] {processor.py:183} INFO - Processing /opt/airflow/dags/pipeline_label_studio.py took 0.084 seconds
[2025-11-15T23:05:17.217+0000] {processor.py:161} INFO - Started process (PID=671) to work on /opt/airflow/dags/pipeline_label_studio.py
[2025-11-15T23:05:17.217+0000] {processor.py:830} INFO - Processing file /opt/airflow/dags/pipeline_label_studio.py for tasks to queue
[2025-11-15T23:05:17.218+0000] {logging_mixin.py:188} INFO - [2025-11-15T23:05:17.218+0000] {dagbag.py:545} INFO - Filling up the DagBag from /opt/airflow/dags/pipeline_label_studio.py
[2025-11-15T23:05:17.230+0000] {processor.py:840} INFO - DAG(s) 'etl_label_studio' retrieved from /opt/airflow/dags/pipeline_label_studio.py
[2025-11-15T23:05:17.255+0000] {logging_mixin.py:188} INFO - [2025-11-15T23:05:17.254+0000] {dag.py:3089} INFO - Sync 1 DAGs
[2025-11-15T23:05:17.271+0000] {logging_mixin.py:188} INFO - [2025-11-15T23:05:17.271+0000] {dag.py:3947} INFO - Setting next_dagrun for etl_label_studio to 2025-11-15 03:00:00+00:00, run_after=2025-11-16 03:00:00+00:00
[2025-11-15T23:05:17.283+0000] {processor.py:183} INFO - Processing /opt/airflow/dags/pipeline_label_studio.py took 0.071 seconds
[2025-11-15T23:05:47.622+0000] {processor.py:161} INFO - Started process (PID=684) to work on /opt/airflow/dags/pipeline_label_studio.py
[2025-11-15T23:05:47.625+0000] {processor.py:830} INFO - Processing file /opt/airflow/dags/pipeline_label_studio.py for tasks to queue
[2025-11-15T23:05:47.626+0000] {logging_mixin.py:188} INFO - [2025-11-15T23:05:47.626+0000] {dagbag.py:545} INFO - Filling up the DagBag from /opt/airflow/dags/pipeline_label_studio.py
[2025-11-15T23:05:47.649+0000] {processor.py:840} INFO - DAG(s) 'etl_label_studio' retrieved from /opt/airflow/dags/pipeline_label_studio.py
[2025-11-15T23:05:47.702+0000] {logging_mixin.py:188} INFO - [2025-11-15T23:05:47.702+0000] {dag.py:3089} INFO - Sync 1 DAGs
[2025-11-15T23:05:47.736+0000] {logging_mixin.py:188} INFO - [2025-11-15T23:05:47.736+0000] {dag.py:3947} INFO - Setting next_dagrun for etl_label_studio to 2025-11-15 03:00:00+00:00, run_after=2025-11-16 03:00:00+00:00
[2025-11-15T23:05:47.756+0000] {processor.py:183} INFO - Processing /opt/airflow/dags/pipeline_label_studio.py took 0.141 seconds
[2025-11-15T23:06:17.932+0000] {processor.py:161} INFO - Started process (PID=697) to work on /opt/airflow/dags/pipeline_label_studio.py
[2025-11-15T23:06:17.935+0000] {processor.py:830} INFO - Processing file /opt/airflow/dags/pipeline_label_studio.py for tasks to queue
[2025-11-15T23:06:17.937+0000] {logging_mixin.py:188} INFO - [2025-11-15T23:06:17.936+0000] {dagbag.py:545} INFO - Filling up the DagBag from /opt/airflow/dags/pipeline_label_studio.py
[2025-11-15T23:06:17.959+0000] {processor.py:840} INFO - DAG(s) 'etl_label_studio' retrieved from /opt/airflow/dags/pipeline_label_studio.py
[2025-11-15T23:06:18.000+0000] {logging_mixin.py:188} INFO - [2025-11-15T23:06:18.000+0000] {dag.py:3089} INFO - Sync 1 DAGs
[2025-11-15T23:06:18.026+0000] {logging_mixin.py:188} INFO - [2025-11-15T23:06:18.025+0000] {dag.py:3947} INFO - Setting next_dagrun for etl_label_studio to 2025-11-15 03:00:00+00:00, run_after=2025-11-16 03:00:00+00:00
[2025-11-15T23:06:18.044+0000] {processor.py:183} INFO - Processing /opt/airflow/dags/pipeline_label_studio.py took 0.122 seconds
[2025-11-15T23:06:48.355+0000] {processor.py:161} INFO - Started process (PID=707) to work on /opt/airflow/dags/pipeline_label_studio.py
[2025-11-15T23:06:48.356+0000] {processor.py:830} INFO - Processing file /opt/airflow/dags/pipeline_label_studio.py for tasks to queue
[2025-11-15T23:06:48.357+0000] {logging_mixin.py:188} INFO - [2025-11-15T23:06:48.357+0000] {dagbag.py:545} INFO - Filling up the DagBag from /opt/airflow/dags/pipeline_label_studio.py
[2025-11-15T23:06:48.376+0000] {processor.py:840} INFO - DAG(s) 'etl_label_studio' retrieved from /opt/airflow/dags/pipeline_label_studio.py
[2025-11-15T23:06:48.411+0000] {logging_mixin.py:188} INFO - [2025-11-15T23:06:48.411+0000] {dag.py:3089} INFO - Sync 1 DAGs
[2025-11-15T23:06:48.437+0000] {logging_mixin.py:188} INFO - [2025-11-15T23:06:48.437+0000] {dag.py:3947} INFO - Setting next_dagrun for etl_label_studio to 2025-11-15 03:00:00+00:00, run_after=2025-11-16 03:00:00+00:00
[2025-11-15T23:06:48.452+0000] {processor.py:183} INFO - Processing /opt/airflow/dags/pipeline_label_studio.py took 0.105 seconds
[2025-11-15T23:07:18.745+0000] {processor.py:161} INFO - Started process (PID=717) to work on /opt/airflow/dags/pipeline_label_studio.py
[2025-11-15T23:07:18.746+0000] {processor.py:830} INFO - Processing file /opt/airflow/dags/pipeline_label_studio.py for tasks to queue
[2025-11-15T23:07:18.747+0000] {logging_mixin.py:188} INFO - [2025-11-15T23:07:18.747+0000] {dagbag.py:545} INFO - Filling up the DagBag from /opt/airflow/dags/pipeline_label_studio.py
[2025-11-15T23:07:18.756+0000] {processor.py:840} INFO - DAG(s) 'etl_label_studio' retrieved from /opt/airflow/dags/pipeline_label_studio.py
[2025-11-15T23:07:18.783+0000] {logging_mixin.py:188} INFO - [2025-11-15T23:07:18.783+0000] {dag.py:3089} INFO - Sync 1 DAGs
[2025-11-15T23:07:18.802+0000] {logging_mixin.py:188} INFO - [2025-11-15T23:07:18.802+0000] {dag.py:3947} INFO - Setting next_dagrun for etl_label_studio to 2025-11-15 03:00:00+00:00, run_after=2025-11-16 03:00:00+00:00
[2025-11-15T23:07:18.814+0000] {processor.py:183} INFO - Processing /opt/airflow/dags/pipeline_label_studio.py took 0.074 seconds
[2025-11-15T23:07:49.160+0000] {processor.py:161} INFO - Started process (PID=730) to work on /opt/airflow/dags/pipeline_label_studio.py
[2025-11-15T23:07:49.161+0000] {processor.py:830} INFO - Processing file /opt/airflow/dags/pipeline_label_studio.py for tasks to queue
[2025-11-15T23:07:49.162+0000] {logging_mixin.py:188} INFO - [2025-11-15T23:07:49.162+0000] {dagbag.py:545} INFO - Filling up the DagBag from /opt/airflow/dags/pipeline_label_studio.py
[2025-11-15T23:07:49.187+0000] {processor.py:840} INFO - DAG(s) 'etl_label_studio' retrieved from /opt/airflow/dags/pipeline_label_studio.py
[2025-11-15T23:07:49.237+0000] {logging_mixin.py:188} INFO - [2025-11-15T23:07:49.237+0000] {dag.py:3089} INFO - Sync 1 DAGs
[2025-11-15T23:07:49.267+0000] {logging_mixin.py:188} INFO - [2025-11-15T23:07:49.266+0000] {dag.py:3947} INFO - Setting next_dagrun for etl_label_studio to 2025-11-15 03:00:00+00:00, run_after=2025-11-16 03:00:00+00:00
[2025-11-15T23:07:49.286+0000] {processor.py:183} INFO - Processing /opt/airflow/dags/pipeline_label_studio.py took 0.142 seconds
[2025-11-15T23:08:19.462+0000] {processor.py:161} INFO - Started process (PID=740) to work on /opt/airflow/dags/pipeline_label_studio.py
[2025-11-15T23:08:19.466+0000] {processor.py:830} INFO - Processing file /opt/airflow/dags/pipeline_label_studio.py for tasks to queue
[2025-11-15T23:08:19.467+0000] {logging_mixin.py:188} INFO - [2025-11-15T23:08:19.466+0000] {dagbag.py:545} INFO - Filling up the DagBag from /opt/airflow/dags/pipeline_label_studio.py
[2025-11-15T23:08:19.495+0000] {processor.py:840} INFO - DAG(s) 'etl_label_studio' retrieved from /opt/airflow/dags/pipeline_label_studio.py
[2025-11-15T23:08:19.554+0000] {logging_mixin.py:188} INFO - [2025-11-15T23:08:19.554+0000] {dag.py:3089} INFO - Sync 1 DAGs
[2025-11-15T23:08:19.581+0000] {logging_mixin.py:188} INFO - [2025-11-15T23:08:19.581+0000] {dag.py:3947} INFO - Setting next_dagrun for etl_label_studio to 2025-11-15 03:00:00+00:00, run_after=2025-11-16 03:00:00+00:00
[2025-11-15T23:08:19.598+0000] {processor.py:183} INFO - Processing /opt/airflow/dags/pipeline_label_studio.py took 0.145 seconds
[2025-11-15T23:08:49.776+0000] {processor.py:161} INFO - Started process (PID=750) to work on /opt/airflow/dags/pipeline_label_studio.py
[2025-11-15T23:08:49.777+0000] {processor.py:830} INFO - Processing file /opt/airflow/dags/pipeline_label_studio.py for tasks to queue
[2025-11-15T23:08:49.778+0000] {logging_mixin.py:188} INFO - [2025-11-15T23:08:49.778+0000] {dagbag.py:545} INFO - Filling up the DagBag from /opt/airflow/dags/pipeline_label_studio.py
[2025-11-15T23:08:49.798+0000] {processor.py:840} INFO - DAG(s) 'etl_label_studio' retrieved from /opt/airflow/dags/pipeline_label_studio.py
[2025-11-15T23:08:49.832+0000] {logging_mixin.py:188} INFO - [2025-11-15T23:08:49.832+0000] {dag.py:3089} INFO - Sync 1 DAGs
[2025-11-15T23:08:49.855+0000] {logging_mixin.py:188} INFO - [2025-11-15T23:08:49.854+0000] {dag.py:3947} INFO - Setting next_dagrun for etl_label_studio to 2025-11-15 03:00:00+00:00, run_after=2025-11-16 03:00:00+00:00
[2025-11-15T23:08:49.870+0000] {processor.py:183} INFO - Processing /opt/airflow/dags/pipeline_label_studio.py took 0.102 seconds
[2025-11-15T23:09:20.143+0000] {processor.py:161} INFO - Started process (PID=760) to work on /opt/airflow/dags/pipeline_label_studio.py
[2025-11-15T23:09:20.146+0000] {processor.py:830} INFO - Processing file /opt/airflow/dags/pipeline_label_studio.py for tasks to queue
[2025-11-15T23:09:20.148+0000] {logging_mixin.py:188} INFO - [2025-11-15T23:09:20.147+0000] {dagbag.py:545} INFO - Filling up the DagBag from /opt/airflow/dags/pipeline_label_studio.py
[2025-11-15T23:09:20.180+0000] {processor.py:840} INFO - DAG(s) 'etl_label_studio' retrieved from /opt/airflow/dags/pipeline_label_studio.py
[2025-11-15T23:09:20.223+0000] {logging_mixin.py:188} INFO - [2025-11-15T23:09:20.222+0000] {dag.py:3089} INFO - Sync 1 DAGs
[2025-11-15T23:09:20.247+0000] {logging_mixin.py:188} INFO - [2025-11-15T23:09:20.247+0000] {dag.py:3947} INFO - Setting next_dagrun for etl_label_studio to 2025-11-15 03:00:00+00:00, run_after=2025-11-16 03:00:00+00:00
[2025-11-15T23:09:20.263+0000] {processor.py:183} INFO - Processing /opt/airflow/dags/pipeline_label_studio.py took 0.129 seconds
[2025-11-15T23:09:50.383+0000] {processor.py:161} INFO - Started process (PID=770) to work on /opt/airflow/dags/pipeline_label_studio.py
[2025-11-15T23:09:50.384+0000] {processor.py:830} INFO - Processing file /opt/airflow/dags/pipeline_label_studio.py for tasks to queue
[2025-11-15T23:09:50.385+0000] {logging_mixin.py:188} INFO - [2025-11-15T23:09:50.384+0000] {dagbag.py:545} INFO - Filling up the DagBag from /opt/airflow/dags/pipeline_label_studio.py
[2025-11-15T23:09:50.394+0000] {processor.py:840} INFO - DAG(s) 'etl_label_studio' retrieved from /opt/airflow/dags/pipeline_label_studio.py
[2025-11-15T23:09:50.421+0000] {logging_mixin.py:188} INFO - [2025-11-15T23:09:50.421+0000] {dag.py:3089} INFO - Sync 1 DAGs
[2025-11-15T23:09:50.441+0000] {logging_mixin.py:188} INFO - [2025-11-15T23:09:50.441+0000] {dag.py:3947} INFO - Setting next_dagrun for etl_label_studio to 2025-11-15 03:00:00+00:00, run_after=2025-11-16 03:00:00+00:00
[2025-11-15T23:09:50.454+0000] {processor.py:183} INFO - Processing /opt/airflow/dags/pipeline_label_studio.py took 0.077 seconds
[2025-11-15T23:10:20.765+0000] {processor.py:161} INFO - Started process (PID=780) to work on /opt/airflow/dags/pipeline_label_studio.py
[2025-11-15T23:10:20.769+0000] {processor.py:830} INFO - Processing file /opt/airflow/dags/pipeline_label_studio.py for tasks to queue
[2025-11-15T23:10:20.770+0000] {logging_mixin.py:188} INFO - [2025-11-15T23:10:20.770+0000] {dagbag.py:545} INFO - Filling up the DagBag from /opt/airflow/dags/pipeline_label_studio.py
[2025-11-15T23:10:20.785+0000] {processor.py:840} INFO - DAG(s) 'etl_label_studio' retrieved from /opt/airflow/dags/pipeline_label_studio.py
[2025-11-15T23:10:20.812+0000] {logging_mixin.py:188} INFO - [2025-11-15T23:10:20.811+0000] {dag.py:3089} INFO - Sync 1 DAGs
[2025-11-15T23:10:20.831+0000] {logging_mixin.py:188} INFO - [2025-11-15T23:10:20.831+0000] {dag.py:3947} INFO - Setting next_dagrun for etl_label_studio to 2025-11-15 03:00:00+00:00, run_after=2025-11-16 03:00:00+00:00
[2025-11-15T23:10:20.844+0000] {processor.py:183} INFO - Processing /opt/airflow/dags/pipeline_label_studio.py took 0.085 seconds
[2025-11-15T23:10:51.158+0000] {processor.py:161} INFO - Started process (PID=790) to work on /opt/airflow/dags/pipeline_label_studio.py
[2025-11-15T23:10:51.163+0000] {processor.py:830} INFO - Processing file /opt/airflow/dags/pipeline_label_studio.py for tasks to queue
[2025-11-15T23:10:51.165+0000] {logging_mixin.py:188} INFO - [2025-11-15T23:10:51.164+0000] {dagbag.py:545} INFO - Filling up the DagBag from /opt/airflow/dags/pipeline_label_studio.py
[2025-11-15T23:10:51.188+0000] {processor.py:840} INFO - DAG(s) 'etl_label_studio' retrieved from /opt/airflow/dags/pipeline_label_studio.py
[2025-11-15T23:10:51.227+0000] {logging_mixin.py:188} INFO - [2025-11-15T23:10:51.227+0000] {dag.py:3089} INFO - Sync 1 DAGs
[2025-11-15T23:10:51.251+0000] {logging_mixin.py:188} INFO - [2025-11-15T23:10:51.251+0000] {dag.py:3947} INFO - Setting next_dagrun for etl_label_studio to 2025-11-15 03:00:00+00:00, run_after=2025-11-16 03:00:00+00:00
[2025-11-15T23:10:51.266+0000] {processor.py:183} INFO - Processing /opt/airflow/dags/pipeline_label_studio.py took 0.118 seconds
[2025-11-15T23:11:21.470+0000] {processor.py:161} INFO - Started process (PID=803) to work on /opt/airflow/dags/pipeline_label_studio.py
[2025-11-15T23:11:21.473+0000] {processor.py:830} INFO - Processing file /opt/airflow/dags/pipeline_label_studio.py for tasks to queue
[2025-11-15T23:11:21.474+0000] {logging_mixin.py:188} INFO - [2025-11-15T23:11:21.473+0000] {dagbag.py:545} INFO - Filling up the DagBag from /opt/airflow/dags/pipeline_label_studio.py
[2025-11-15T23:11:21.494+0000] {processor.py:840} INFO - DAG(s) 'etl_label_studio' retrieved from /opt/airflow/dags/pipeline_label_studio.py
[2025-11-15T23:11:21.537+0000] {logging_mixin.py:188} INFO - [2025-11-15T23:11:21.537+0000] {dag.py:3089} INFO - Sync 1 DAGs
[2025-11-15T23:11:21.562+0000] {logging_mixin.py:188} INFO - [2025-11-15T23:11:21.562+0000] {dag.py:3947} INFO - Setting next_dagrun for etl_label_studio to 2025-11-15 03:00:00+00:00, run_after=2025-11-16 03:00:00+00:00
[2025-11-15T23:11:21.578+0000] {processor.py:183} INFO - Processing /opt/airflow/dags/pipeline_label_studio.py took 0.116 seconds
[2025-11-15T23:11:51.928+0000] {processor.py:161} INFO - Started process (PID=813) to work on /opt/airflow/dags/pipeline_label_studio.py
[2025-11-15T23:11:51.930+0000] {processor.py:830} INFO - Processing file /opt/airflow/dags/pipeline_label_studio.py for tasks to queue
[2025-11-15T23:11:51.932+0000] {logging_mixin.py:188} INFO - [2025-11-15T23:11:51.931+0000] {dagbag.py:545} INFO - Filling up the DagBag from /opt/airflow/dags/pipeline_label_studio.py
[2025-11-15T23:11:51.956+0000] {processor.py:840} INFO - DAG(s) 'etl_label_studio' retrieved from /opt/airflow/dags/pipeline_label_studio.py
[2025-11-15T23:11:51.995+0000] {logging_mixin.py:188} INFO - [2025-11-15T23:11:51.994+0000] {dag.py:3089} INFO - Sync 1 DAGs
[2025-11-15T23:11:52.025+0000] {logging_mixin.py:188} INFO - [2025-11-15T23:11:52.025+0000] {dag.py:3947} INFO - Setting next_dagrun for etl_label_studio to 2025-11-15 03:00:00+00:00, run_after=2025-11-16 03:00:00+00:00
[2025-11-15T23:11:52.042+0000] {processor.py:183} INFO - Processing /opt/airflow/dags/pipeline_label_studio.py took 0.126 seconds
[2025-11-15T23:12:22.331+0000] {processor.py:161} INFO - Started process (PID=823) to work on /opt/airflow/dags/pipeline_label_studio.py
[2025-11-15T23:12:22.334+0000] {processor.py:830} INFO - Processing file /opt/airflow/dags/pipeline_label_studio.py for tasks to queue
[2025-11-15T23:12:22.335+0000] {logging_mixin.py:188} INFO - [2025-11-15T23:12:22.334+0000] {dagbag.py:545} INFO - Filling up the DagBag from /opt/airflow/dags/pipeline_label_studio.py
[2025-11-15T23:12:22.357+0000] {processor.py:840} INFO - DAG(s) 'etl_label_studio' retrieved from /opt/airflow/dags/pipeline_label_studio.py
[2025-11-15T23:12:22.400+0000] {logging_mixin.py:188} INFO - [2025-11-15T23:12:22.400+0000] {dag.py:3089} INFO - Sync 1 DAGs
[2025-11-15T23:12:22.426+0000] {logging_mixin.py:188} INFO - [2025-11-15T23:12:22.425+0000] {dag.py:3947} INFO - Setting next_dagrun for etl_label_studio to 2025-11-15 03:00:00+00:00, run_after=2025-11-16 03:00:00+00:00
[2025-11-15T23:12:22.442+0000] {processor.py:183} INFO - Processing /opt/airflow/dags/pipeline_label_studio.py took 0.119 seconds
[2025-11-15T23:12:52.696+0000] {processor.py:161} INFO - Started process (PID=839) to work on /opt/airflow/dags/pipeline_label_studio.py
[2025-11-15T23:12:52.697+0000] {processor.py:830} INFO - Processing file /opt/airflow/dags/pipeline_label_studio.py for tasks to queue
[2025-11-15T23:12:52.698+0000] {logging_mixin.py:188} INFO - [2025-11-15T23:12:52.698+0000] {dagbag.py:545} INFO - Filling up the DagBag from /opt/airflow/dags/pipeline_label_studio.py
[2025-11-15T23:12:52.721+0000] {processor.py:840} INFO - DAG(s) 'etl_label_studio' retrieved from /opt/airflow/dags/pipeline_label_studio.py
[2025-11-15T23:12:52.755+0000] {logging_mixin.py:188} INFO - [2025-11-15T23:12:52.755+0000] {dag.py:3089} INFO - Sync 1 DAGs
[2025-11-15T23:12:52.780+0000] {logging_mixin.py:188} INFO - [2025-11-15T23:12:52.780+0000] {dag.py:3947} INFO - Setting next_dagrun for etl_label_studio to 2025-11-15 03:00:00+00:00, run_after=2025-11-16 03:00:00+00:00
[2025-11-15T23:12:52.794+0000] {processor.py:183} INFO - Processing /opt/airflow/dags/pipeline_label_studio.py took 0.104 seconds
[2025-11-15T23:13:23.131+0000] {processor.py:161} INFO - Started process (PID=849) to work on /opt/airflow/dags/pipeline_label_studio.py
[2025-11-15T23:13:23.133+0000] {processor.py:830} INFO - Processing file /opt/airflow/dags/pipeline_label_studio.py for tasks to queue
[2025-11-15T23:13:23.134+0000] {logging_mixin.py:188} INFO - [2025-11-15T23:13:23.134+0000] {dagbag.py:545} INFO - Filling up the DagBag from /opt/airflow/dags/pipeline_label_studio.py
[2025-11-15T23:13:23.158+0000] {processor.py:840} INFO - DAG(s) 'etl_label_studio' retrieved from /opt/airflow/dags/pipeline_label_studio.py
[2025-11-15T23:13:23.212+0000] {logging_mixin.py:188} INFO - [2025-11-15T23:13:23.212+0000] {dag.py:3089} INFO - Sync 1 DAGs
[2025-11-15T23:13:23.245+0000] {logging_mixin.py:188} INFO - [2025-11-15T23:13:23.245+0000] {dag.py:3947} INFO - Setting next_dagrun for etl_label_studio to 2025-11-15 03:00:00+00:00, run_after=2025-11-16 03:00:00+00:00
[2025-11-15T23:13:23.259+0000] {processor.py:183} INFO - Processing /opt/airflow/dags/pipeline_label_studio.py took 0.135 seconds
[2025-11-15T23:13:53.424+0000] {processor.py:161} INFO - Started process (PID=859) to work on /opt/airflow/dags/pipeline_label_studio.py
[2025-11-15T23:13:53.429+0000] {processor.py:830} INFO - Processing file /opt/airflow/dags/pipeline_label_studio.py for tasks to queue
[2025-11-15T23:13:53.430+0000] {logging_mixin.py:188} INFO - [2025-11-15T23:13:53.429+0000] {dagbag.py:545} INFO - Filling up the DagBag from /opt/airflow/dags/pipeline_label_studio.py
[2025-11-15T23:13:53.459+0000] {processor.py:840} INFO - DAG(s) 'etl_label_studio' retrieved from /opt/airflow/dags/pipeline_label_studio.py
[2025-11-15T23:13:53.500+0000] {logging_mixin.py:188} INFO - [2025-11-15T23:13:53.500+0000] {dag.py:3089} INFO - Sync 1 DAGs
[2025-11-15T23:13:53.526+0000] {logging_mixin.py:188} INFO - [2025-11-15T23:13:53.526+0000] {dag.py:3947} INFO - Setting next_dagrun for etl_label_studio to 2025-11-15 03:00:00+00:00, run_after=2025-11-16 03:00:00+00:00
[2025-11-15T23:13:53.544+0000] {processor.py:183} INFO - Processing /opt/airflow/dags/pipeline_label_studio.py took 0.135 seconds
[2025-11-15T23:14:23.757+0000] {processor.py:161} INFO - Started process (PID=872) to work on /opt/airflow/dags/pipeline_label_studio.py
[2025-11-15T23:14:23.761+0000] {processor.py:830} INFO - Processing file /opt/airflow/dags/pipeline_label_studio.py for tasks to queue
[2025-11-15T23:14:23.763+0000] {logging_mixin.py:188} INFO - [2025-11-15T23:14:23.762+0000] {dagbag.py:545} INFO - Filling up the DagBag from /opt/airflow/dags/pipeline_label_studio.py
[2025-11-15T23:14:23.795+0000] {processor.py:840} INFO - DAG(s) 'etl_label_studio' retrieved from /opt/airflow/dags/pipeline_label_studio.py
[2025-11-15T23:14:23.846+0000] {logging_mixin.py:188} INFO - [2025-11-15T23:14:23.846+0000] {dag.py:3089} INFO - Sync 1 DAGs
[2025-11-15T23:14:23.869+0000] {logging_mixin.py:188} INFO - [2025-11-15T23:14:23.868+0000] {dag.py:3947} INFO - Setting next_dagrun for etl_label_studio to 2025-11-15 03:00:00+00:00, run_after=2025-11-16 03:00:00+00:00
[2025-11-15T23:14:23.883+0000] {processor.py:183} INFO - Processing /opt/airflow/dags/pipeline_label_studio.py took 0.135 seconds
[2025-11-15T23:14:54.053+0000] {processor.py:161} INFO - Started process (PID=882) to work on /opt/airflow/dags/pipeline_label_studio.py
[2025-11-15T23:14:54.055+0000] {processor.py:830} INFO - Processing file /opt/airflow/dags/pipeline_label_studio.py for tasks to queue
[2025-11-15T23:14:54.055+0000] {logging_mixin.py:188} INFO - [2025-11-15T23:14:54.055+0000] {dagbag.py:545} INFO - Filling up the DagBag from /opt/airflow/dags/pipeline_label_studio.py
[2025-11-15T23:14:54.068+0000] {processor.py:840} INFO - DAG(s) 'etl_label_studio' retrieved from /opt/airflow/dags/pipeline_label_studio.py
[2025-11-15T23:14:54.096+0000] {logging_mixin.py:188} INFO - [2025-11-15T23:14:54.095+0000] {dag.py:3089} INFO - Sync 1 DAGs
[2025-11-15T23:14:54.116+0000] {logging_mixin.py:188} INFO - [2025-11-15T23:14:54.116+0000] {dag.py:3947} INFO - Setting next_dagrun for etl_label_studio to 2025-11-15 03:00:00+00:00, run_after=2025-11-16 03:00:00+00:00
[2025-11-15T23:14:54.129+0000] {processor.py:183} INFO - Processing /opt/airflow/dags/pipeline_label_studio.py took 0.082 seconds
[2025-11-15T23:15:24.383+0000] {processor.py:161} INFO - Started process (PID=892) to work on /opt/airflow/dags/pipeline_label_studio.py
[2025-11-15T23:15:24.384+0000] {processor.py:830} INFO - Processing file /opt/airflow/dags/pipeline_label_studio.py for tasks to queue
[2025-11-15T23:15:24.385+0000] {logging_mixin.py:188} INFO - [2025-11-15T23:15:24.385+0000] {dagbag.py:545} INFO - Filling up the DagBag from /opt/airflow/dags/pipeline_label_studio.py
[2025-11-15T23:15:24.400+0000] {processor.py:840} INFO - DAG(s) 'etl_label_studio' retrieved from /opt/airflow/dags/pipeline_label_studio.py
[2025-11-15T23:15:24.427+0000] {logging_mixin.py:188} INFO - [2025-11-15T23:15:24.426+0000] {dag.py:3089} INFO - Sync 1 DAGs
[2025-11-15T23:15:24.445+0000] {logging_mixin.py:188} INFO - [2025-11-15T23:15:24.444+0000] {dag.py:3947} INFO - Setting next_dagrun for etl_label_studio to 2025-11-15 03:00:00+00:00, run_after=2025-11-16 03:00:00+00:00
[2025-11-15T23:15:24.459+0000] {processor.py:183} INFO - Processing /opt/airflow/dags/pipeline_label_studio.py took 0.080 seconds
[2025-11-15T23:15:54.757+0000] {processor.py:161} INFO - Started process (PID=902) to work on /opt/airflow/dags/pipeline_label_studio.py
[2025-11-15T23:15:54.758+0000] {processor.py:830} INFO - Processing file /opt/airflow/dags/pipeline_label_studio.py for tasks to queue
[2025-11-15T23:15:54.759+0000] {logging_mixin.py:188} INFO - [2025-11-15T23:15:54.759+0000] {dagbag.py:545} INFO - Filling up the DagBag from /opt/airflow/dags/pipeline_label_studio.py
[2025-11-15T23:15:54.770+0000] {processor.py:840} INFO - DAG(s) 'etl_label_studio' retrieved from /opt/airflow/dags/pipeline_label_studio.py
[2025-11-15T23:15:54.793+0000] {logging_mixin.py:188} INFO - [2025-11-15T23:15:54.793+0000] {dag.py:3089} INFO - Sync 1 DAGs
[2025-11-15T23:15:54.812+0000] {logging_mixin.py:188} INFO - [2025-11-15T23:15:54.812+0000] {dag.py:3947} INFO - Setting next_dagrun for etl_label_studio to 2025-11-15 03:00:00+00:00, run_after=2025-11-16 03:00:00+00:00
[2025-11-15T23:15:54.825+0000] {processor.py:183} INFO - Processing /opt/airflow/dags/pipeline_label_studio.py took 0.073 seconds
[2025-11-15T23:16:25.104+0000] {processor.py:161} INFO - Started process (PID=912) to work on /opt/airflow/dags/pipeline_label_studio.py
[2025-11-15T23:16:25.105+0000] {processor.py:830} INFO - Processing file /opt/airflow/dags/pipeline_label_studio.py for tasks to queue
[2025-11-15T23:16:25.107+0000] {logging_mixin.py:188} INFO - [2025-11-15T23:16:25.106+0000] {dagbag.py:545} INFO - Filling up the DagBag from /opt/airflow/dags/pipeline_label_studio.py
[2025-11-15T23:16:25.122+0000] {processor.py:840} INFO - DAG(s) 'etl_label_studio' retrieved from /opt/airflow/dags/pipeline_label_studio.py
[2025-11-15T23:16:25.151+0000] {logging_mixin.py:188} INFO - [2025-11-15T23:16:25.151+0000] {dag.py:3089} INFO - Sync 1 DAGs
[2025-11-15T23:16:25.172+0000] {logging_mixin.py:188} INFO - [2025-11-15T23:16:25.172+0000] {dag.py:3947} INFO - Setting next_dagrun for etl_label_studio to 2025-11-15 03:00:00+00:00, run_after=2025-11-16 03:00:00+00:00
[2025-11-15T23:16:25.185+0000] {processor.py:183} INFO - Processing /opt/airflow/dags/pipeline_label_studio.py took 0.089 seconds
[2025-11-15T23:16:55.513+0000] {processor.py:161} INFO - Started process (PID=922) to work on /opt/airflow/dags/pipeline_label_studio.py
[2025-11-15T23:16:55.515+0000] {processor.py:830} INFO - Processing file /opt/airflow/dags/pipeline_label_studio.py for tasks to queue
[2025-11-15T23:16:55.517+0000] {logging_mixin.py:188} INFO - [2025-11-15T23:16:55.516+0000] {dagbag.py:545} INFO - Filling up the DagBag from /opt/airflow/dags/pipeline_label_studio.py
[2025-11-15T23:16:55.547+0000] {processor.py:840} INFO - DAG(s) 'etl_label_studio' retrieved from /opt/airflow/dags/pipeline_label_studio.py
[2025-11-15T23:16:55.633+0000] {logging_mixin.py:188} INFO - [2025-11-15T23:16:55.632+0000] {dag.py:3089} INFO - Sync 1 DAGs
[2025-11-15T23:16:55.672+0000] {logging_mixin.py:188} INFO - [2025-11-15T23:16:55.672+0000] {dag.py:3947} INFO - Setting next_dagrun for etl_label_studio to 2025-11-15 03:00:00+00:00, run_after=2025-11-16 03:00:00+00:00
[2025-11-15T23:16:55.697+0000] {processor.py:183} INFO - Processing /opt/airflow/dags/pipeline_label_studio.py took 0.200 seconds
[2025-11-15T23:17:25.812+0000] {processor.py:161} INFO - Started process (PID=932) to work on /opt/airflow/dags/pipeline_label_studio.py
[2025-11-15T23:17:25.814+0000] {processor.py:830} INFO - Processing file /opt/airflow/dags/pipeline_label_studio.py for tasks to queue
[2025-11-15T23:17:25.815+0000] {logging_mixin.py:188} INFO - [2025-11-15T23:17:25.814+0000] {dagbag.py:545} INFO - Filling up the DagBag from /opt/airflow/dags/pipeline_label_studio.py
[2025-11-15T23:17:25.835+0000] {processor.py:840} INFO - DAG(s) 'etl_label_studio' retrieved from /opt/airflow/dags/pipeline_label_studio.py
[2025-11-15T23:17:25.875+0000] {logging_mixin.py:188} INFO - [2025-11-15T23:17:25.875+0000] {dag.py:3089} INFO - Sync 1 DAGs
[2025-11-15T23:17:25.898+0000] {logging_mixin.py:188} INFO - [2025-11-15T23:17:25.897+0000] {dag.py:3947} INFO - Setting next_dagrun for etl_label_studio to 2025-11-15 03:00:00+00:00, run_after=2025-11-16 03:00:00+00:00
[2025-11-15T23:17:25.911+0000] {processor.py:183} INFO - Processing /opt/airflow/dags/pipeline_label_studio.py took 0.107 seconds
[2025-11-15T23:17:56.272+0000] {processor.py:161} INFO - Started process (PID=945) to work on /opt/airflow/dags/pipeline_label_studio.py
[2025-11-15T23:17:56.278+0000] {processor.py:830} INFO - Processing file /opt/airflow/dags/pipeline_label_studio.py for tasks to queue
[2025-11-15T23:17:56.279+0000] {logging_mixin.py:188} INFO - [2025-11-15T23:17:56.279+0000] {dagbag.py:545} INFO - Filling up the DagBag from /opt/airflow/dags/pipeline_label_studio.py
[2025-11-15T23:17:56.290+0000] {processor.py:840} INFO - DAG(s) 'etl_label_studio' retrieved from /opt/airflow/dags/pipeline_label_studio.py
[2025-11-15T23:17:56.319+0000] {logging_mixin.py:188} INFO - [2025-11-15T23:17:56.318+0000] {dag.py:3089} INFO - Sync 1 DAGs
[2025-11-15T23:17:56.338+0000] {logging_mixin.py:188} INFO - [2025-11-15T23:17:56.338+0000] {dag.py:3947} INFO - Setting next_dagrun for etl_label_studio to 2025-11-15 03:00:00+00:00, run_after=2025-11-16 03:00:00+00:00
[2025-11-15T23:17:56.352+0000] {processor.py:183} INFO - Processing /opt/airflow/dags/pipeline_label_studio.py took 0.088 seconds
[2025-11-15T23:18:26.741+0000] {processor.py:161} INFO - Started process (PID=958) to work on /opt/airflow/dags/pipeline_label_studio.py
[2025-11-15T23:18:26.745+0000] {processor.py:830} INFO - Processing file /opt/airflow/dags/pipeline_label_studio.py for tasks to queue
[2025-11-15T23:18:26.746+0000] {logging_mixin.py:188} INFO - [2025-11-15T23:18:26.745+0000] {dagbag.py:545} INFO - Filling up the DagBag from /opt/airflow/dags/pipeline_label_studio.py
[2025-11-15T23:18:26.777+0000] {processor.py:840} INFO - DAG(s) 'etl_label_studio' retrieved from /opt/airflow/dags/pipeline_label_studio.py
[2025-11-15T23:18:26.945+0000] {logging_mixin.py:188} INFO - [2025-11-15T23:18:26.945+0000] {dag.py:3089} INFO - Sync 1 DAGs
[2025-11-15T23:18:26.981+0000] {logging_mixin.py:188} INFO - [2025-11-15T23:18:26.980+0000] {dag.py:3947} INFO - Setting next_dagrun for etl_label_studio to 2025-11-15 03:00:00+00:00, run_after=2025-11-16 03:00:00+00:00
[2025-11-15T23:18:27.005+0000] {processor.py:183} INFO - Processing /opt/airflow/dags/pipeline_label_studio.py took 0.277 seconds
[2025-11-15T23:18:57.109+0000] {processor.py:161} INFO - Started process (PID=968) to work on /opt/airflow/dags/pipeline_label_studio.py
[2025-11-15T23:18:57.111+0000] {processor.py:830} INFO - Processing file /opt/airflow/dags/pipeline_label_studio.py for tasks to queue
[2025-11-15T23:18:57.113+0000] {logging_mixin.py:188} INFO - [2025-11-15T23:18:57.112+0000] {dagbag.py:545} INFO - Filling up the DagBag from /opt/airflow/dags/pipeline_label_studio.py
[2025-11-15T23:18:57.132+0000] {processor.py:840} INFO - DAG(s) 'etl_label_studio' retrieved from /opt/airflow/dags/pipeline_label_studio.py
[2025-11-15T23:18:57.169+0000] {logging_mixin.py:188} INFO - [2025-11-15T23:18:57.169+0000] {dag.py:3089} INFO - Sync 1 DAGs
[2025-11-15T23:18:57.196+0000] {logging_mixin.py:188} INFO - [2025-11-15T23:18:57.196+0000] {dag.py:3947} INFO - Setting next_dagrun for etl_label_studio to 2025-11-15 03:00:00+00:00, run_after=2025-11-16 03:00:00+00:00
[2025-11-15T23:18:57.221+0000] {processor.py:183} INFO - Processing /opt/airflow/dags/pipeline_label_studio.py took 0.122 seconds
[2025-11-15T23:19:27.463+0000] {processor.py:161} INFO - Started process (PID=981) to work on /opt/airflow/dags/pipeline_label_studio.py
[2025-11-15T23:19:27.466+0000] {processor.py:830} INFO - Processing file /opt/airflow/dags/pipeline_label_studio.py for tasks to queue
[2025-11-15T23:19:27.467+0000] {logging_mixin.py:188} INFO - [2025-11-15T23:19:27.467+0000] {dagbag.py:545} INFO - Filling up the DagBag from /opt/airflow/dags/pipeline_label_studio.py
[2025-11-15T23:19:27.525+0000] {processor.py:840} INFO - DAG(s) 'etl_label_studio' retrieved from /opt/airflow/dags/pipeline_label_studio.py
[2025-11-15T23:19:27.585+0000] {logging_mixin.py:188} INFO - [2025-11-15T23:19:27.585+0000] {dag.py:3089} INFO - Sync 1 DAGs
[2025-11-15T23:19:27.614+0000] {logging_mixin.py:188} INFO - [2025-11-15T23:19:27.613+0000] {dag.py:3947} INFO - Setting next_dagrun for etl_label_studio to 2025-11-15 03:00:00+00:00, run_after=2025-11-16 03:00:00+00:00
[2025-11-15T23:19:27.629+0000] {processor.py:183} INFO - Processing /opt/airflow/dags/pipeline_label_studio.py took 0.178 seconds
[2025-11-15T23:19:57.778+0000] {processor.py:161} INFO - Started process (PID=991) to work on /opt/airflow/dags/pipeline_label_studio.py
[2025-11-15T23:19:57.782+0000] {processor.py:830} INFO - Processing file /opt/airflow/dags/pipeline_label_studio.py for tasks to queue
[2025-11-15T23:19:57.784+0000] {logging_mixin.py:188} INFO - [2025-11-15T23:19:57.783+0000] {dagbag.py:545} INFO - Filling up the DagBag from /opt/airflow/dags/pipeline_label_studio.py
[2025-11-15T23:19:57.815+0000] {processor.py:840} INFO - DAG(s) 'etl_label_studio' retrieved from /opt/airflow/dags/pipeline_label_studio.py
[2025-11-15T23:19:57.875+0000] {logging_mixin.py:188} INFO - [2025-11-15T23:19:57.875+0000] {dag.py:3089} INFO - Sync 1 DAGs
[2025-11-15T23:19:57.905+0000] {logging_mixin.py:188} INFO - [2025-11-15T23:19:57.905+0000] {dag.py:3947} INFO - Setting next_dagrun for etl_label_studio to 2025-11-15 03:00:00+00:00, run_after=2025-11-16 03:00:00+00:00
[2025-11-15T23:19:57.931+0000] {processor.py:183} INFO - Processing /opt/airflow/dags/pipeline_label_studio.py took 0.162 seconds
[2025-11-15T23:20:28.138+0000] {processor.py:161} INFO - Started process (PID=1001) to work on /opt/airflow/dags/pipeline_label_studio.py
[2025-11-15T23:20:28.140+0000] {processor.py:830} INFO - Processing file /opt/airflow/dags/pipeline_label_studio.py for tasks to queue
[2025-11-15T23:20:28.142+0000] {logging_mixin.py:188} INFO - [2025-11-15T23:20:28.141+0000] {dagbag.py:545} INFO - Filling up the DagBag from /opt/airflow/dags/pipeline_label_studio.py
[2025-11-15T23:20:28.169+0000] {processor.py:840} INFO - DAG(s) 'etl_label_studio' retrieved from /opt/airflow/dags/pipeline_label_studio.py
[2025-11-15T23:20:28.207+0000] {logging_mixin.py:188} INFO - [2025-11-15T23:20:28.207+0000] {dag.py:3089} INFO - Sync 1 DAGs
[2025-11-15T23:20:28.232+0000] {logging_mixin.py:188} INFO - [2025-11-15T23:20:28.231+0000] {dag.py:3947} INFO - Setting next_dagrun for etl_label_studio to 2025-11-15 03:00:00+00:00, run_after=2025-11-16 03:00:00+00:00
[2025-11-15T23:20:28.246+0000] {processor.py:183} INFO - Processing /opt/airflow/dags/pipeline_label_studio.py took 0.119 seconds
[2025-11-15T23:20:58.560+0000] {processor.py:161} INFO - Started process (PID=1011) to work on /opt/airflow/dags/pipeline_label_studio.py
[2025-11-15T23:20:58.562+0000] {processor.py:830} INFO - Processing file /opt/airflow/dags/pipeline_label_studio.py for tasks to queue
[2025-11-15T23:20:58.563+0000] {logging_mixin.py:188} INFO - [2025-11-15T23:20:58.563+0000] {dagbag.py:545} INFO - Filling up the DagBag from /opt/airflow/dags/pipeline_label_studio.py
[2025-11-15T23:20:58.582+0000] {processor.py:840} INFO - DAG(s) 'etl_label_studio' retrieved from /opt/airflow/dags/pipeline_label_studio.py
[2025-11-15T23:20:58.620+0000] {logging_mixin.py:188} INFO - [2025-11-15T23:20:58.620+0000] {dag.py:3089} INFO - Sync 1 DAGs
[2025-11-15T23:20:58.656+0000] {logging_mixin.py:188} INFO - [2025-11-15T23:20:58.656+0000] {dag.py:3947} INFO - Setting next_dagrun for etl_label_studio to 2025-11-15 03:00:00+00:00, run_after=2025-11-16 03:00:00+00:00
[2025-11-15T23:20:58.673+0000] {processor.py:183} INFO - Processing /opt/airflow/dags/pipeline_label_studio.py took 0.119 seconds
[2025-11-15T23:21:28.842+0000] {processor.py:161} INFO - Started process (PID=1021) to work on /opt/airflow/dags/pipeline_label_studio.py
[2025-11-15T23:21:28.845+0000] {processor.py:830} INFO - Processing file /opt/airflow/dags/pipeline_label_studio.py for tasks to queue
[2025-11-15T23:21:28.846+0000] {logging_mixin.py:188} INFO - [2025-11-15T23:21:28.846+0000] {dagbag.py:545} INFO - Filling up the DagBag from /opt/airflow/dags/pipeline_label_studio.py
[2025-11-15T23:21:28.868+0000] {processor.py:840} INFO - DAG(s) 'etl_label_studio' retrieved from /opt/airflow/dags/pipeline_label_studio.py
[2025-11-15T23:21:28.915+0000] {logging_mixin.py:188} INFO - [2025-11-15T23:21:28.915+0000] {dag.py:3089} INFO - Sync 1 DAGs
[2025-11-15T23:21:28.944+0000] {logging_mixin.py:188} INFO - [2025-11-15T23:21:28.944+0000] {dag.py:3947} INFO - Setting next_dagrun for etl_label_studio to 2025-11-15 03:00:00+00:00, run_after=2025-11-16 03:00:00+00:00
[2025-11-15T23:21:28.960+0000] {processor.py:183} INFO - Processing /opt/airflow/dags/pipeline_label_studio.py took 0.127 seconds
[2025-11-15T23:21:59.156+0000] {processor.py:161} INFO - Started process (PID=1031) to work on /opt/airflow/dags/pipeline_label_studio.py
[2025-11-15T23:21:59.157+0000] {processor.py:830} INFO - Processing file /opt/airflow/dags/pipeline_label_studio.py for tasks to queue
[2025-11-15T23:21:59.159+0000] {logging_mixin.py:188} INFO - [2025-11-15T23:21:59.158+0000] {dagbag.py:545} INFO - Filling up the DagBag from /opt/airflow/dags/pipeline_label_studio.py
[2025-11-15T23:21:59.178+0000] {processor.py:840} INFO - DAG(s) 'etl_label_studio' retrieved from /opt/airflow/dags/pipeline_label_studio.py
[2025-11-15T23:21:59.208+0000] {logging_mixin.py:188} INFO - [2025-11-15T23:21:59.208+0000] {dag.py:3089} INFO - Sync 1 DAGs
[2025-11-15T23:21:59.229+0000] {logging_mixin.py:188} INFO - [2025-11-15T23:21:59.228+0000] {dag.py:3947} INFO - Setting next_dagrun for etl_label_studio to 2025-11-15 03:00:00+00:00, run_after=2025-11-16 03:00:00+00:00
[2025-11-15T23:21:59.243+0000] {processor.py:183} INFO - Processing /opt/airflow/dags/pipeline_label_studio.py took 0.096 seconds
[2025-11-15T23:22:29.603+0000] {processor.py:161} INFO - Started process (PID=1041) to work on /opt/airflow/dags/pipeline_label_studio.py
[2025-11-15T23:22:29.605+0000] {processor.py:830} INFO - Processing file /opt/airflow/dags/pipeline_label_studio.py for tasks to queue
[2025-11-15T23:22:29.606+0000] {logging_mixin.py:188} INFO - [2025-11-15T23:22:29.606+0000] {dagbag.py:545} INFO - Filling up the DagBag from /opt/airflow/dags/pipeline_label_studio.py
[2025-11-15T23:22:29.629+0000] {processor.py:840} INFO - DAG(s) 'etl_label_studio' retrieved from /opt/airflow/dags/pipeline_label_studio.py
[2025-11-15T23:22:29.674+0000] {logging_mixin.py:188} INFO - [2025-11-15T23:22:29.674+0000] {dag.py:3089} INFO - Sync 1 DAGs
[2025-11-15T23:22:29.701+0000] {logging_mixin.py:188} INFO - [2025-11-15T23:22:29.701+0000] {dag.py:3947} INFO - Setting next_dagrun for etl_label_studio to 2025-11-15 03:00:00+00:00, run_after=2025-11-16 03:00:00+00:00
[2025-11-15T23:22:29.719+0000] {processor.py:183} INFO - Processing /opt/airflow/dags/pipeline_label_studio.py took 0.125 seconds
[2025-11-15T23:23:00.031+0000] {processor.py:161} INFO - Started process (PID=1051) to work on /opt/airflow/dags/pipeline_label_studio.py
[2025-11-15T23:23:00.033+0000] {processor.py:830} INFO - Processing file /opt/airflow/dags/pipeline_label_studio.py for tasks to queue
[2025-11-15T23:23:00.037+0000] {logging_mixin.py:188} INFO - [2025-11-15T23:23:00.037+0000] {dagbag.py:545} INFO - Filling up the DagBag from /opt/airflow/dags/pipeline_label_studio.py
[2025-11-15T23:23:00.063+0000] {processor.py:840} INFO - DAG(s) 'etl_label_studio' retrieved from /opt/airflow/dags/pipeline_label_studio.py
[2025-11-15T23:23:00.129+0000] {logging_mixin.py:188} INFO - [2025-11-15T23:23:00.129+0000] {dag.py:3089} INFO - Sync 1 DAGs
[2025-11-15T23:23:00.154+0000] {logging_mixin.py:188} INFO - [2025-11-15T23:23:00.154+0000] {dag.py:3947} INFO - Setting next_dagrun for etl_label_studio to 2025-11-15 03:00:00+00:00, run_after=2025-11-16 03:00:00+00:00
[2025-11-15T23:23:00.189+0000] {processor.py:183} INFO - Processing /opt/airflow/dags/pipeline_label_studio.py took 0.169 seconds
[2025-11-15T23:23:30.319+0000] {processor.py:161} INFO - Started process (PID=1064) to work on /opt/airflow/dags/pipeline_label_studio.py
[2025-11-15T23:23:30.322+0000] {processor.py:830} INFO - Processing file /opt/airflow/dags/pipeline_label_studio.py for tasks to queue
[2025-11-15T23:23:30.325+0000] {logging_mixin.py:188} INFO - [2025-11-15T23:23:30.323+0000] {dagbag.py:545} INFO - Filling up the DagBag from /opt/airflow/dags/pipeline_label_studio.py
[2025-11-15T23:23:30.349+0000] {processor.py:840} INFO - DAG(s) 'etl_label_studio' retrieved from /opt/airflow/dags/pipeline_label_studio.py
[2025-11-15T23:23:30.397+0000] {logging_mixin.py:188} INFO - [2025-11-15T23:23:30.396+0000] {dag.py:3089} INFO - Sync 1 DAGs
[2025-11-15T23:23:30.426+0000] {logging_mixin.py:188} INFO - [2025-11-15T23:23:30.425+0000] {dag.py:3947} INFO - Setting next_dagrun for etl_label_studio to 2025-11-15 03:00:00+00:00, run_after=2025-11-16 03:00:00+00:00
[2025-11-15T23:23:30.445+0000] {processor.py:183} INFO - Processing /opt/airflow/dags/pipeline_label_studio.py took 0.147 seconds
[2025-11-15T23:24:00.646+0000] {processor.py:161} INFO - Started process (PID=1074) to work on /opt/airflow/dags/pipeline_label_studio.py
[2025-11-15T23:24:00.651+0000] {processor.py:830} INFO - Processing file /opt/airflow/dags/pipeline_label_studio.py for tasks to queue
[2025-11-15T23:24:00.652+0000] {logging_mixin.py:188} INFO - [2025-11-15T23:24:00.651+0000] {dagbag.py:545} INFO - Filling up the DagBag from /opt/airflow/dags/pipeline_label_studio.py
[2025-11-15T23:24:00.669+0000] {processor.py:840} INFO - DAG(s) 'etl_label_studio' retrieved from /opt/airflow/dags/pipeline_label_studio.py
[2025-11-15T23:24:00.704+0000] {logging_mixin.py:188} INFO - [2025-11-15T23:24:00.703+0000] {dag.py:3089} INFO - Sync 1 DAGs
[2025-11-15T23:24:00.731+0000] {logging_mixin.py:188} INFO - [2025-11-15T23:24:00.731+0000] {dag.py:3947} INFO - Setting next_dagrun for etl_label_studio to 2025-11-15 03:00:00+00:00, run_after=2025-11-16 03:00:00+00:00
[2025-11-15T23:24:00.746+0000] {processor.py:183} INFO - Processing /opt/airflow/dags/pipeline_label_studio.py took 0.108 seconds
[2025-11-15T23:24:30.936+0000] {processor.py:161} INFO - Started process (PID=1084) to work on /opt/airflow/dags/pipeline_label_studio.py
[2025-11-15T23:24:30.938+0000] {processor.py:830} INFO - Processing file /opt/airflow/dags/pipeline_label_studio.py for tasks to queue
[2025-11-15T23:24:30.939+0000] {logging_mixin.py:188} INFO - [2025-11-15T23:24:30.939+0000] {dagbag.py:545} INFO - Filling up the DagBag from /opt/airflow/dags/pipeline_label_studio.py
[2025-11-15T23:24:30.952+0000] {processor.py:840} INFO - DAG(s) 'etl_label_studio' retrieved from /opt/airflow/dags/pipeline_label_studio.py
[2025-11-15T23:24:30.977+0000] {logging_mixin.py:188} INFO - [2025-11-15T23:24:30.977+0000] {dag.py:3089} INFO - Sync 1 DAGs
[2025-11-15T23:24:30.998+0000] {logging_mixin.py:188} INFO - [2025-11-15T23:24:30.998+0000] {dag.py:3947} INFO - Setting next_dagrun for etl_label_studio to 2025-11-15 03:00:00+00:00, run_after=2025-11-16 03:00:00+00:00
[2025-11-15T23:24:31.011+0000] {processor.py:183} INFO - Processing /opt/airflow/dags/pipeline_label_studio.py took 0.082 seconds
[2025-11-15T23:25:01.325+0000] {processor.py:161} INFO - Started process (PID=1094) to work on /opt/airflow/dags/pipeline_label_studio.py
[2025-11-15T23:25:01.327+0000] {processor.py:830} INFO - Processing file /opt/airflow/dags/pipeline_label_studio.py for tasks to queue
[2025-11-15T23:25:01.328+0000] {logging_mixin.py:188} INFO - [2025-11-15T23:25:01.327+0000] {dagbag.py:545} INFO - Filling up the DagBag from /opt/airflow/dags/pipeline_label_studio.py
[2025-11-15T23:25:01.353+0000] {processor.py:840} INFO - DAG(s) 'etl_label_studio' retrieved from /opt/airflow/dags/pipeline_label_studio.py
[2025-11-15T23:25:01.425+0000] {logging_mixin.py:188} INFO - [2025-11-15T23:25:01.425+0000] {dag.py:3089} INFO - Sync 1 DAGs
[2025-11-15T23:25:01.458+0000] {logging_mixin.py:188} INFO - [2025-11-15T23:25:01.457+0000] {dag.py:3947} INFO - Setting next_dagrun for etl_label_studio to 2025-11-15 03:00:00+00:00, run_after=2025-11-16 03:00:00+00:00
[2025-11-15T23:25:01.476+0000] {processor.py:183} INFO - Processing /opt/airflow/dags/pipeline_label_studio.py took 0.162 seconds
[2025-11-15T23:25:31.667+0000] {processor.py:161} INFO - Started process (PID=1104) to work on /opt/airflow/dags/pipeline_label_studio.py
[2025-11-15T23:25:31.669+0000] {processor.py:830} INFO - Processing file /opt/airflow/dags/pipeline_label_studio.py for tasks to queue
[2025-11-15T23:25:31.671+0000] {logging_mixin.py:188} INFO - [2025-11-15T23:25:31.670+0000] {dagbag.py:545} INFO - Filling up the DagBag from /opt/airflow/dags/pipeline_label_studio.py
[2025-11-15T23:25:31.691+0000] {processor.py:840} INFO - DAG(s) 'etl_label_studio' retrieved from /opt/airflow/dags/pipeline_label_studio.py
[2025-11-15T23:25:31.730+0000] {logging_mixin.py:188} INFO - [2025-11-15T23:25:31.730+0000] {dag.py:3089} INFO - Sync 1 DAGs
[2025-11-15T23:25:31.754+0000] {logging_mixin.py:188} INFO - [2025-11-15T23:25:31.754+0000] {dag.py:3947} INFO - Setting next_dagrun for etl_label_studio to 2025-11-15 03:00:00+00:00, run_after=2025-11-16 03:00:00+00:00
[2025-11-15T23:25:31.769+0000] {processor.py:183} INFO - Processing /opt/airflow/dags/pipeline_label_studio.py took 0.112 seconds
[2025-11-15T23:26:01.999+0000] {processor.py:161} INFO - Started process (PID=1114) to work on /opt/airflow/dags/pipeline_label_studio.py
[2025-11-15T23:26:02.003+0000] {processor.py:830} INFO - Processing file /opt/airflow/dags/pipeline_label_studio.py for tasks to queue
[2025-11-15T23:26:02.004+0000] {logging_mixin.py:188} INFO - [2025-11-15T23:26:02.003+0000] {dagbag.py:545} INFO - Filling up the DagBag from /opt/airflow/dags/pipeline_label_studio.py
[2025-11-15T23:26:02.026+0000] {processor.py:840} INFO - DAG(s) 'etl_label_studio' retrieved from /opt/airflow/dags/pipeline_label_studio.py
[2025-11-15T23:26:02.075+0000] {logging_mixin.py:188} INFO - [2025-11-15T23:26:02.075+0000] {dag.py:3089} INFO - Sync 1 DAGs
[2025-11-15T23:26:02.102+0000] {logging_mixin.py:188} INFO - [2025-11-15T23:26:02.101+0000] {dag.py:3947} INFO - Setting next_dagrun for etl_label_studio to 2025-11-15 03:00:00+00:00, run_after=2025-11-16 03:00:00+00:00
[2025-11-15T23:26:02.118+0000] {processor.py:183} INFO - Processing /opt/airflow/dags/pipeline_label_studio.py took 0.128 seconds
[2025-11-15T23:26:32.313+0000] {processor.py:161} INFO - Started process (PID=1124) to work on /opt/airflow/dags/pipeline_label_studio.py
[2025-11-15T23:26:32.318+0000] {processor.py:830} INFO - Processing file /opt/airflow/dags/pipeline_label_studio.py for tasks to queue
[2025-11-15T23:26:32.320+0000] {logging_mixin.py:188} INFO - [2025-11-15T23:26:32.319+0000] {dagbag.py:545} INFO - Filling up the DagBag from /opt/airflow/dags/pipeline_label_studio.py
[2025-11-15T23:26:32.338+0000] {processor.py:840} INFO - DAG(s) 'etl_label_studio' retrieved from /opt/airflow/dags/pipeline_label_studio.py
[2025-11-15T23:26:32.378+0000] {logging_mixin.py:188} INFO - [2025-11-15T23:26:32.378+0000] {dag.py:3089} INFO - Sync 1 DAGs
[2025-11-15T23:26:32.410+0000] {logging_mixin.py:188} INFO - [2025-11-15T23:26:32.410+0000] {dag.py:3947} INFO - Setting next_dagrun for etl_label_studio to 2025-11-15 03:00:00+00:00, run_after=2025-11-16 03:00:00+00:00
[2025-11-15T23:26:32.425+0000] {processor.py:183} INFO - Processing /opt/airflow/dags/pipeline_label_studio.py took 0.123 seconds
[2025-11-15T23:27:02.706+0000] {processor.py:161} INFO - Started process (PID=1134) to work on /opt/airflow/dags/pipeline_label_studio.py
[2025-11-15T23:27:02.707+0000] {processor.py:830} INFO - Processing file /opt/airflow/dags/pipeline_label_studio.py for tasks to queue
[2025-11-15T23:27:02.708+0000] {logging_mixin.py:188} INFO - [2025-11-15T23:27:02.708+0000] {dagbag.py:545} INFO - Filling up the DagBag from /opt/airflow/dags/pipeline_label_studio.py
[2025-11-15T23:27:02.727+0000] {processor.py:840} INFO - DAG(s) 'etl_label_studio' retrieved from /opt/airflow/dags/pipeline_label_studio.py
[2025-11-15T23:27:02.765+0000] {logging_mixin.py:188} INFO - [2025-11-15T23:27:02.764+0000] {dag.py:3089} INFO - Sync 1 DAGs
[2025-11-15T23:27:02.791+0000] {logging_mixin.py:188} INFO - [2025-11-15T23:27:02.791+0000] {dag.py:3947} INFO - Setting next_dagrun for etl_label_studio to 2025-11-15 03:00:00+00:00, run_after=2025-11-16 03:00:00+00:00
[2025-11-15T23:27:02.807+0000] {processor.py:183} INFO - Processing /opt/airflow/dags/pipeline_label_studio.py took 0.109 seconds
[2025-11-15T23:27:33.004+0000] {processor.py:161} INFO - Started process (PID=1144) to work on /opt/airflow/dags/pipeline_label_studio.py
[2025-11-15T23:27:33.006+0000] {processor.py:830} INFO - Processing file /opt/airflow/dags/pipeline_label_studio.py for tasks to queue
[2025-11-15T23:27:33.007+0000] {logging_mixin.py:188} INFO - [2025-11-15T23:27:33.006+0000] {dagbag.py:545} INFO - Filling up the DagBag from /opt/airflow/dags/pipeline_label_studio.py
[2025-11-15T23:27:33.027+0000] {processor.py:840} INFO - DAG(s) 'etl_label_studio' retrieved from /opt/airflow/dags/pipeline_label_studio.py
[2025-11-15T23:27:33.060+0000] {logging_mixin.py:188} INFO - [2025-11-15T23:27:33.060+0000] {dag.py:3089} INFO - Sync 1 DAGs
[2025-11-15T23:27:33.083+0000] {logging_mixin.py:188} INFO - [2025-11-15T23:27:33.083+0000] {dag.py:3947} INFO - Setting next_dagrun for etl_label_studio to 2025-11-15 03:00:00+00:00, run_after=2025-11-16 03:00:00+00:00
[2025-11-15T23:27:33.097+0000] {processor.py:183} INFO - Processing /opt/airflow/dags/pipeline_label_studio.py took 0.103 seconds
[2025-11-15T23:28:03.403+0000] {processor.py:161} INFO - Started process (PID=1154) to work on /opt/airflow/dags/pipeline_label_studio.py
[2025-11-15T23:28:03.404+0000] {processor.py:830} INFO - Processing file /opt/airflow/dags/pipeline_label_studio.py for tasks to queue
[2025-11-15T23:28:03.406+0000] {logging_mixin.py:188} INFO - [2025-11-15T23:28:03.405+0000] {dagbag.py:545} INFO - Filling up the DagBag from /opt/airflow/dags/pipeline_label_studio.py
[2025-11-15T23:28:03.424+0000] {processor.py:840} INFO - DAG(s) 'etl_label_studio' retrieved from /opt/airflow/dags/pipeline_label_studio.py
[2025-11-15T23:28:03.459+0000] {logging_mixin.py:188} INFO - [2025-11-15T23:28:03.458+0000] {dag.py:3089} INFO - Sync 1 DAGs
[2025-11-15T23:28:03.483+0000] {logging_mixin.py:188} INFO - [2025-11-15T23:28:03.482+0000] {dag.py:3947} INFO - Setting next_dagrun for etl_label_studio to 2025-11-15 03:00:00+00:00, run_after=2025-11-16 03:00:00+00:00
[2025-11-15T23:28:03.498+0000] {processor.py:183} INFO - Processing /opt/airflow/dags/pipeline_label_studio.py took 0.103 seconds
[2025-11-15T23:28:33.780+0000] {processor.py:161} INFO - Started process (PID=1164) to work on /opt/airflow/dags/pipeline_label_studio.py
[2025-11-15T23:28:33.782+0000] {processor.py:830} INFO - Processing file /opt/airflow/dags/pipeline_label_studio.py for tasks to queue
[2025-11-15T23:28:33.783+0000] {logging_mixin.py:188} INFO - [2025-11-15T23:28:33.782+0000] {dagbag.py:545} INFO - Filling up the DagBag from /opt/airflow/dags/pipeline_label_studio.py
[2025-11-15T23:28:33.801+0000] {processor.py:840} INFO - DAG(s) 'etl_label_studio' retrieved from /opt/airflow/dags/pipeline_label_studio.py
[2025-11-15T23:28:33.837+0000] {logging_mixin.py:188} INFO - [2025-11-15T23:28:33.837+0000] {dag.py:3089} INFO - Sync 1 DAGs
[2025-11-15T23:28:33.869+0000] {logging_mixin.py:188} INFO - [2025-11-15T23:28:33.869+0000] {dag.py:3947} INFO - Setting next_dagrun for etl_label_studio to 2025-11-15 03:00:00+00:00, run_after=2025-11-16 03:00:00+00:00
[2025-11-15T23:28:33.884+0000] {processor.py:183} INFO - Processing /opt/airflow/dags/pipeline_label_studio.py took 0.112 seconds
[2025-11-15T23:29:04.188+0000] {processor.py:161} INFO - Started process (PID=1174) to work on /opt/airflow/dags/pipeline_label_studio.py
[2025-11-15T23:29:04.191+0000] {processor.py:830} INFO - Processing file /opt/airflow/dags/pipeline_label_studio.py for tasks to queue
[2025-11-15T23:29:04.192+0000] {logging_mixin.py:188} INFO - [2025-11-15T23:29:04.192+0000] {dagbag.py:545} INFO - Filling up the DagBag from /opt/airflow/dags/pipeline_label_studio.py
[2025-11-15T23:29:04.213+0000] {processor.py:840} INFO - DAG(s) 'etl_label_studio' retrieved from /opt/airflow/dags/pipeline_label_studio.py
[2025-11-15T23:29:04.251+0000] {logging_mixin.py:188} INFO - [2025-11-15T23:29:04.250+0000] {dag.py:3089} INFO - Sync 1 DAGs
[2025-11-15T23:29:04.272+0000] {logging_mixin.py:188} INFO - [2025-11-15T23:29:04.272+0000] {dag.py:3947} INFO - Setting next_dagrun for etl_label_studio to 2025-11-15 03:00:00+00:00, run_after=2025-11-16 03:00:00+00:00
[2025-11-15T23:29:04.287+0000] {processor.py:183} INFO - Processing /opt/airflow/dags/pipeline_label_studio.py took 0.107 seconds
[2025-11-15T23:29:34.468+0000] {processor.py:161} INFO - Started process (PID=1184) to work on /opt/airflow/dags/pipeline_label_studio.py
[2025-11-15T23:29:34.469+0000] {processor.py:830} INFO - Processing file /opt/airflow/dags/pipeline_label_studio.py for tasks to queue
[2025-11-15T23:29:34.470+0000] {logging_mixin.py:188} INFO - [2025-11-15T23:29:34.470+0000] {dagbag.py:545} INFO - Filling up the DagBag from /opt/airflow/dags/pipeline_label_studio.py
[2025-11-15T23:29:34.479+0000] {processor.py:840} INFO - DAG(s) 'etl_label_studio' retrieved from /opt/airflow/dags/pipeline_label_studio.py
[2025-11-15T23:29:34.502+0000] {logging_mixin.py:188} INFO - [2025-11-15T23:29:34.502+0000] {dag.py:3089} INFO - Sync 1 DAGs
[2025-11-15T23:29:34.519+0000] {logging_mixin.py:188} INFO - [2025-11-15T23:29:34.519+0000] {dag.py:3947} INFO - Setting next_dagrun for etl_label_studio to 2025-11-15 03:00:00+00:00, run_after=2025-11-16 03:00:00+00:00
[2025-11-15T23:29:34.532+0000] {processor.py:183} INFO - Processing /opt/airflow/dags/pipeline_label_studio.py took 0.071 seconds
[2025-11-15T23:30:04.822+0000] {processor.py:161} INFO - Started process (PID=1194) to work on /opt/airflow/dags/pipeline_label_studio.py
[2025-11-15T23:30:04.823+0000] {processor.py:830} INFO - Processing file /opt/airflow/dags/pipeline_label_studio.py for tasks to queue
[2025-11-15T23:30:04.825+0000] {logging_mixin.py:188} INFO - [2025-11-15T23:30:04.824+0000] {dagbag.py:545} INFO - Filling up the DagBag from /opt/airflow/dags/pipeline_label_studio.py
[2025-11-15T23:30:04.838+0000] {processor.py:840} INFO - DAG(s) 'etl_label_studio' retrieved from /opt/airflow/dags/pipeline_label_studio.py
[2025-11-15T23:30:04.867+0000] {logging_mixin.py:188} INFO - [2025-11-15T23:30:04.867+0000] {dag.py:3089} INFO - Sync 1 DAGs
[2025-11-15T23:30:04.887+0000] {logging_mixin.py:188} INFO - [2025-11-15T23:30:04.887+0000] {dag.py:3947} INFO - Setting next_dagrun for etl_label_studio to 2025-11-15 03:00:00+00:00, run_after=2025-11-16 03:00:00+00:00
[2025-11-15T23:30:04.900+0000] {processor.py:183} INFO - Processing /opt/airflow/dags/pipeline_label_studio.py took 0.082 seconds
[2025-11-15T23:30:35.220+0000] {processor.py:161} INFO - Started process (PID=1204) to work on /opt/airflow/dags/pipeline_label_studio.py
[2025-11-15T23:30:35.223+0000] {processor.py:830} INFO - Processing file /opt/airflow/dags/pipeline_label_studio.py for tasks to queue
[2025-11-15T23:30:35.224+0000] {logging_mixin.py:188} INFO - [2025-11-15T23:30:35.224+0000] {dagbag.py:545} INFO - Filling up the DagBag from /opt/airflow/dags/pipeline_label_studio.py
[2025-11-15T23:30:35.254+0000] {processor.py:840} INFO - DAG(s) 'etl_label_studio' retrieved from /opt/airflow/dags/pipeline_label_studio.py
[2025-11-15T23:30:35.319+0000] {logging_mixin.py:188} INFO - [2025-11-15T23:30:35.318+0000] {dag.py:3089} INFO - Sync 1 DAGs
[2025-11-15T23:30:35.343+0000] {logging_mixin.py:188} INFO - [2025-11-15T23:30:35.343+0000] {dag.py:3947} INFO - Setting next_dagrun for etl_label_studio to 2025-11-15 03:00:00+00:00, run_after=2025-11-16 03:00:00+00:00
[2025-11-15T23:30:35.358+0000] {processor.py:183} INFO - Processing /opt/airflow/dags/pipeline_label_studio.py took 0.147 seconds
[2025-11-15T23:31:05.660+0000] {processor.py:161} INFO - Started process (PID=1214) to work on /opt/airflow/dags/pipeline_label_studio.py
[2025-11-15T23:31:05.662+0000] {processor.py:830} INFO - Processing file /opt/airflow/dags/pipeline_label_studio.py for tasks to queue
[2025-11-15T23:31:05.663+0000] {logging_mixin.py:188} INFO - [2025-11-15T23:31:05.663+0000] {dagbag.py:545} INFO - Filling up the DagBag from /opt/airflow/dags/pipeline_label_studio.py
[2025-11-15T23:31:05.692+0000] {processor.py:840} INFO - DAG(s) 'etl_label_studio' retrieved from /opt/airflow/dags/pipeline_label_studio.py
[2025-11-15T23:31:05.728+0000] {logging_mixin.py:188} INFO - [2025-11-15T23:31:05.728+0000] {dag.py:3089} INFO - Sync 1 DAGs
[2025-11-15T23:31:05.753+0000] {logging_mixin.py:188} INFO - [2025-11-15T23:31:05.753+0000] {dag.py:3947} INFO - Setting next_dagrun for etl_label_studio to 2025-11-15 03:00:00+00:00, run_after=2025-11-16 03:00:00+00:00
[2025-11-15T23:31:05.768+0000] {processor.py:183} INFO - Processing /opt/airflow/dags/pipeline_label_studio.py took 0.115 seconds
[2025-11-15T23:31:35.954+0000] {processor.py:161} INFO - Started process (PID=1227) to work on /opt/airflow/dags/pipeline_label_studio.py
[2025-11-15T23:31:35.958+0000] {processor.py:830} INFO - Processing file /opt/airflow/dags/pipeline_label_studio.py for tasks to queue
[2025-11-15T23:31:35.959+0000] {logging_mixin.py:188} INFO - [2025-11-15T23:31:35.959+0000] {dagbag.py:545} INFO - Filling up the DagBag from /opt/airflow/dags/pipeline_label_studio.py
[2025-11-15T23:31:35.972+0000] {processor.py:840} INFO - DAG(s) 'etl_label_studio' retrieved from /opt/airflow/dags/pipeline_label_studio.py
[2025-11-15T23:31:36.003+0000] {logging_mixin.py:188} INFO - [2025-11-15T23:31:36.003+0000] {dag.py:3089} INFO - Sync 1 DAGs
[2025-11-15T23:31:36.027+0000] {logging_mixin.py:188} INFO - [2025-11-15T23:31:36.027+0000] {dag.py:3947} INFO - Setting next_dagrun for etl_label_studio to 2025-11-15 03:00:00+00:00, run_after=2025-11-16 03:00:00+00:00
[2025-11-15T23:31:36.040+0000] {processor.py:183} INFO - Processing /opt/airflow/dags/pipeline_label_studio.py took 0.099 seconds
[2025-11-15T23:32:06.346+0000] {processor.py:161} INFO - Started process (PID=1237) to work on /opt/airflow/dags/pipeline_label_studio.py
[2025-11-15T23:32:06.348+0000] {processor.py:830} INFO - Processing file /opt/airflow/dags/pipeline_label_studio.py for tasks to queue
[2025-11-15T23:32:06.349+0000] {logging_mixin.py:188} INFO - [2025-11-15T23:32:06.349+0000] {dagbag.py:545} INFO - Filling up the DagBag from /opt/airflow/dags/pipeline_label_studio.py
[2025-11-15T23:32:06.370+0000] {processor.py:840} INFO - DAG(s) 'etl_label_studio' retrieved from /opt/airflow/dags/pipeline_label_studio.py
[2025-11-15T23:32:06.408+0000] {logging_mixin.py:188} INFO - [2025-11-15T23:32:06.407+0000] {dag.py:3089} INFO - Sync 1 DAGs
[2025-11-15T23:32:06.439+0000] {logging_mixin.py:188} INFO - [2025-11-15T23:32:06.438+0000] {dag.py:3947} INFO - Setting next_dagrun for etl_label_studio to 2025-11-15 03:00:00+00:00, run_after=2025-11-16 03:00:00+00:00
[2025-11-15T23:32:06.461+0000] {processor.py:183} INFO - Processing /opt/airflow/dags/pipeline_label_studio.py took 0.123 seconds
[2025-11-15T23:32:56.712+0000] {processor.py:161} INFO - Started process (PID=168) to work on /opt/airflow/dags/pipeline_label_studio.py
[2025-11-15T23:32:56.715+0000] {processor.py:830} INFO - Processing file /opt/airflow/dags/pipeline_label_studio.py for tasks to queue
[2025-11-15T23:32:56.718+0000] {logging_mixin.py:188} INFO - [2025-11-15T23:32:56.717+0000] {dagbag.py:545} INFO - Filling up the DagBag from /opt/airflow/dags/pipeline_label_studio.py
[2025-11-15T23:32:56.736+0000] {processor.py:840} INFO - DAG(s) 'etl_label_studio' retrieved from /opt/airflow/dags/pipeline_label_studio.py
[2025-11-15T23:32:56.767+0000] {logging_mixin.py:188} INFO - [2025-11-15T23:32:56.767+0000] {dag.py:3089} INFO - Sync 1 DAGs
[2025-11-15T23:32:56.789+0000] {logging_mixin.py:188} INFO - [2025-11-15T23:32:56.789+0000] {dag.py:3947} INFO - Setting next_dagrun for etl_label_studio to 2025-11-15 03:00:00+00:00, run_after=2025-11-16 03:00:00+00:00
[2025-11-15T23:32:56.804+0000] {processor.py:183} INFO - Processing /opt/airflow/dags/pipeline_label_studio.py took 0.098 seconds
[2025-11-15T23:33:26.997+0000] {processor.py:161} INFO - Started process (PID=179) to work on /opt/airflow/dags/pipeline_label_studio.py
[2025-11-15T23:33:27.000+0000] {processor.py:830} INFO - Processing file /opt/airflow/dags/pipeline_label_studio.py for tasks to queue
[2025-11-15T23:33:27.003+0000] {logging_mixin.py:188} INFO - [2025-11-15T23:33:27.002+0000] {dagbag.py:545} INFO - Filling up the DagBag from /opt/airflow/dags/pipeline_label_studio.py
[2025-11-15T23:33:27.016+0000] {processor.py:840} INFO - DAG(s) 'etl_label_studio' retrieved from /opt/airflow/dags/pipeline_label_studio.py
[2025-11-15T23:33:27.216+0000] {logging_mixin.py:188} INFO - [2025-11-15T23:33:27.215+0000] {dag.py:3089} INFO - Sync 1 DAGs
[2025-11-15T23:33:27.240+0000] {logging_mixin.py:188} INFO - [2025-11-15T23:33:27.240+0000] {dag.py:3947} INFO - Setting next_dagrun for etl_label_studio to 2025-11-15 03:00:00+00:00, run_after=2025-11-16 03:00:00+00:00
[2025-11-15T23:33:27.256+0000] {processor.py:183} INFO - Processing /opt/airflow/dags/pipeline_label_studio.py took 0.265 seconds
[2025-11-15T23:33:57.537+0000] {processor.py:161} INFO - Started process (PID=189) to work on /opt/airflow/dags/pipeline_label_studio.py
[2025-11-15T23:33:57.540+0000] {processor.py:830} INFO - Processing file /opt/airflow/dags/pipeline_label_studio.py for tasks to queue
[2025-11-15T23:33:57.542+0000] {logging_mixin.py:188} INFO - [2025-11-15T23:33:57.542+0000] {dagbag.py:545} INFO - Filling up the DagBag from /opt/airflow/dags/pipeline_label_studio.py
[2025-11-15T23:33:57.557+0000] {processor.py:840} INFO - DAG(s) 'etl_label_studio' retrieved from /opt/airflow/dags/pipeline_label_studio.py
[2025-11-15T23:33:57.587+0000] {logging_mixin.py:188} INFO - [2025-11-15T23:33:57.587+0000] {dag.py:3089} INFO - Sync 1 DAGs
[2025-11-15T23:33:57.609+0000] {logging_mixin.py:188} INFO - [2025-11-15T23:33:57.609+0000] {dag.py:3947} INFO - Setting next_dagrun for etl_label_studio to 2025-11-15 03:00:00+00:00, run_after=2025-11-16 03:00:00+00:00
[2025-11-15T23:33:57.630+0000] {processor.py:183} INFO - Processing /opt/airflow/dags/pipeline_label_studio.py took 0.098 seconds
[2025-11-15T23:34:27.940+0000] {processor.py:161} INFO - Started process (PID=199) to work on /opt/airflow/dags/pipeline_label_studio.py
[2025-11-15T23:34:27.945+0000] {processor.py:830} INFO - Processing file /opt/airflow/dags/pipeline_label_studio.py for tasks to queue
[2025-11-15T23:34:27.948+0000] {logging_mixin.py:188} INFO - [2025-11-15T23:34:27.948+0000] {dagbag.py:545} INFO - Filling up the DagBag from /opt/airflow/dags/pipeline_label_studio.py
[2025-11-15T23:34:27.959+0000] {processor.py:840} INFO - DAG(s) 'etl_label_studio' retrieved from /opt/airflow/dags/pipeline_label_studio.py
[2025-11-15T23:34:27.985+0000] {logging_mixin.py:188} INFO - [2025-11-15T23:34:27.985+0000] {dag.py:3089} INFO - Sync 1 DAGs
[2025-11-15T23:34:28.008+0000] {logging_mixin.py:188} INFO - [2025-11-15T23:34:28.008+0000] {dag.py:3947} INFO - Setting next_dagrun for etl_label_studio to 2025-11-15 03:00:00+00:00, run_after=2025-11-16 03:00:00+00:00
[2025-11-15T23:34:28.021+0000] {processor.py:183} INFO - Processing /opt/airflow/dags/pipeline_label_studio.py took 0.086 seconds
[2025-11-15T23:34:58.305+0000] {processor.py:161} INFO - Started process (PID=209) to work on /opt/airflow/dags/pipeline_label_studio.py
[2025-11-15T23:34:58.307+0000] {processor.py:830} INFO - Processing file /opt/airflow/dags/pipeline_label_studio.py for tasks to queue
[2025-11-15T23:34:58.310+0000] {logging_mixin.py:188} INFO - [2025-11-15T23:34:58.309+0000] {dagbag.py:545} INFO - Filling up the DagBag from /opt/airflow/dags/pipeline_label_studio.py
[2025-11-15T23:34:58.331+0000] {processor.py:840} INFO - DAG(s) 'etl_label_studio' retrieved from /opt/airflow/dags/pipeline_label_studio.py
[2025-11-15T23:34:58.371+0000] {logging_mixin.py:188} INFO - [2025-11-15T23:34:58.370+0000] {dag.py:3089} INFO - Sync 1 DAGs
[2025-11-15T23:34:58.404+0000] {logging_mixin.py:188} INFO - [2025-11-15T23:34:58.404+0000] {dag.py:3947} INFO - Setting next_dagrun for etl_label_studio to 2025-11-15 03:00:00+00:00, run_after=2025-11-16 03:00:00+00:00
[2025-11-15T23:34:58.425+0000] {processor.py:183} INFO - Processing /opt/airflow/dags/pipeline_label_studio.py took 0.128 seconds
[2025-11-15T23:35:28.596+0000] {processor.py:161} INFO - Started process (PID=219) to work on /opt/airflow/dags/pipeline_label_studio.py
[2025-11-15T23:35:28.597+0000] {processor.py:830} INFO - Processing file /opt/airflow/dags/pipeline_label_studio.py for tasks to queue
[2025-11-15T23:35:28.599+0000] {logging_mixin.py:188} INFO - [2025-11-15T23:35:28.598+0000] {dagbag.py:545} INFO - Filling up the DagBag from /opt/airflow/dags/pipeline_label_studio.py
[2025-11-15T23:35:28.613+0000] {processor.py:840} INFO - DAG(s) 'etl_label_studio' retrieved from /opt/airflow/dags/pipeline_label_studio.py
[2025-11-15T23:35:28.654+0000] {logging_mixin.py:188} INFO - [2025-11-15T23:35:28.653+0000] {dag.py:3089} INFO - Sync 1 DAGs
[2025-11-15T23:35:28.679+0000] {logging_mixin.py:188} INFO - [2025-11-15T23:35:28.679+0000] {dag.py:3947} INFO - Setting next_dagrun for etl_label_studio to 2025-11-15 03:00:00+00:00, run_after=2025-11-16 03:00:00+00:00
[2025-11-15T23:35:28.695+0000] {processor.py:183} INFO - Processing /opt/airflow/dags/pipeline_label_studio.py took 0.107 seconds
[2025-11-15T23:35:58.952+0000] {processor.py:161} INFO - Started process (PID=229) to work on /opt/airflow/dags/pipeline_label_studio.py
[2025-11-15T23:35:58.956+0000] {processor.py:830} INFO - Processing file /opt/airflow/dags/pipeline_label_studio.py for tasks to queue
[2025-11-15T23:35:58.959+0000] {logging_mixin.py:188} INFO - [2025-11-15T23:35:58.959+0000] {dagbag.py:545} INFO - Filling up the DagBag from /opt/airflow/dags/pipeline_label_studio.py
[2025-11-15T23:35:58.980+0000] {processor.py:840} INFO - DAG(s) 'etl_label_studio' retrieved from /opt/airflow/dags/pipeline_label_studio.py
[2025-11-15T23:35:59.029+0000] {logging_mixin.py:188} INFO - [2025-11-15T23:35:59.029+0000] {dag.py:3089} INFO - Sync 1 DAGs
[2025-11-15T23:35:59.068+0000] {logging_mixin.py:188} INFO - [2025-11-15T23:35:59.068+0000] {dag.py:3947} INFO - Setting next_dagrun for etl_label_studio to 2025-11-15 03:00:00+00:00, run_after=2025-11-16 03:00:00+00:00
[2025-11-15T23:35:59.109+0000] {processor.py:183} INFO - Processing /opt/airflow/dags/pipeline_label_studio.py took 0.166 seconds
[2025-11-15T23:36:29.351+0000] {processor.py:161} INFO - Started process (PID=239) to work on /opt/airflow/dags/pipeline_label_studio.py
[2025-11-15T23:36:29.353+0000] {processor.py:830} INFO - Processing file /opt/airflow/dags/pipeline_label_studio.py for tasks to queue
[2025-11-15T23:36:29.355+0000] {logging_mixin.py:188} INFO - [2025-11-15T23:36:29.355+0000] {dagbag.py:545} INFO - Filling up the DagBag from /opt/airflow/dags/pipeline_label_studio.py
[2025-11-15T23:36:29.367+0000] {processor.py:840} INFO - DAG(s) 'etl_label_studio' retrieved from /opt/airflow/dags/pipeline_label_studio.py
[2025-11-15T23:36:29.388+0000] {logging_mixin.py:188} INFO - [2025-11-15T23:36:29.388+0000] {dag.py:3089} INFO - Sync 1 DAGs
[2025-11-15T23:36:29.408+0000] {logging_mixin.py:188} INFO - [2025-11-15T23:36:29.408+0000] {dag.py:3947} INFO - Setting next_dagrun for etl_label_studio to 2025-11-15 03:00:00+00:00, run_after=2025-11-16 03:00:00+00:00
[2025-11-15T23:36:29.425+0000] {processor.py:183} INFO - Processing /opt/airflow/dags/pipeline_label_studio.py took 0.079 seconds
[2025-11-15T23:36:59.709+0000] {processor.py:161} INFO - Started process (PID=251) to work on /opt/airflow/dags/pipeline_label_studio.py
[2025-11-15T23:36:59.712+0000] {processor.py:830} INFO - Processing file /opt/airflow/dags/pipeline_label_studio.py for tasks to queue
[2025-11-15T23:36:59.715+0000] {logging_mixin.py:188} INFO - [2025-11-15T23:36:59.714+0000] {dagbag.py:545} INFO - Filling up the DagBag from /opt/airflow/dags/pipeline_label_studio.py
[2025-11-15T23:36:59.731+0000] {processor.py:840} INFO - DAG(s) 'etl_label_studio' retrieved from /opt/airflow/dags/pipeline_label_studio.py
[2025-11-15T23:36:59.767+0000] {logging_mixin.py:188} INFO - [2025-11-15T23:36:59.766+0000] {dag.py:3089} INFO - Sync 1 DAGs
[2025-11-15T23:36:59.791+0000] {logging_mixin.py:188} INFO - [2025-11-15T23:36:59.791+0000] {dag.py:3947} INFO - Setting next_dagrun for etl_label_studio to 2025-11-15 03:00:00+00:00, run_after=2025-11-16 03:00:00+00:00
[2025-11-15T23:36:59.806+0000] {processor.py:183} INFO - Processing /opt/airflow/dags/pipeline_label_studio.py took 0.103 seconds
[2025-11-15T23:37:29.948+0000] {processor.py:161} INFO - Started process (PID=262) to work on /opt/airflow/dags/pipeline_label_studio.py
[2025-11-15T23:37:29.949+0000] {processor.py:830} INFO - Processing file /opt/airflow/dags/pipeline_label_studio.py for tasks to queue
[2025-11-15T23:37:29.950+0000] {logging_mixin.py:188} INFO - [2025-11-15T23:37:29.950+0000] {dagbag.py:545} INFO - Filling up the DagBag from /opt/airflow/dags/pipeline_label_studio.py
[2025-11-15T23:37:29.964+0000] {processor.py:840} INFO - DAG(s) 'etl_label_studio' retrieved from /opt/airflow/dags/pipeline_label_studio.py
[2025-11-15T23:37:29.995+0000] {logging_mixin.py:188} INFO - [2025-11-15T23:37:29.994+0000] {dag.py:3089} INFO - Sync 1 DAGs
[2025-11-15T23:37:30.015+0000] {logging_mixin.py:188} INFO - [2025-11-15T23:37:30.015+0000] {dag.py:3947} INFO - Setting next_dagrun for etl_label_studio to 2025-11-15 03:00:00+00:00, run_after=2025-11-16 03:00:00+00:00
[2025-11-15T23:37:30.037+0000] {processor.py:183} INFO - Processing /opt/airflow/dags/pipeline_label_studio.py took 0.093 seconds
[2025-11-15T23:38:00.324+0000] {processor.py:161} INFO - Started process (PID=270) to work on /opt/airflow/dags/pipeline_label_studio.py
[2025-11-15T23:38:00.326+0000] {processor.py:830} INFO - Processing file /opt/airflow/dags/pipeline_label_studio.py for tasks to queue
[2025-11-15T23:38:00.328+0000] {logging_mixin.py:188} INFO - [2025-11-15T23:38:00.327+0000] {dagbag.py:545} INFO - Filling up the DagBag from /opt/airflow/dags/pipeline_label_studio.py
[2025-11-15T23:38:00.351+0000] {processor.py:840} INFO - DAG(s) 'etl_label_studio' retrieved from /opt/airflow/dags/pipeline_label_studio.py
[2025-11-15T23:38:00.383+0000] {logging_mixin.py:188} INFO - [2025-11-15T23:38:00.383+0000] {dag.py:3089} INFO - Sync 1 DAGs
[2025-11-15T23:38:00.403+0000] {logging_mixin.py:188} INFO - [2025-11-15T23:38:00.402+0000] {dag.py:3947} INFO - Setting next_dagrun for etl_label_studio to 2025-11-15 03:00:00+00:00, run_after=2025-11-16 03:00:00+00:00
[2025-11-15T23:38:00.416+0000] {processor.py:183} INFO - Processing /opt/airflow/dags/pipeline_label_studio.py took 0.098 seconds
[2025-11-15T23:38:30.638+0000] {processor.py:161} INFO - Started process (PID=282) to work on /opt/airflow/dags/pipeline_label_studio.py
[2025-11-15T23:38:30.641+0000] {processor.py:830} INFO - Processing file /opt/airflow/dags/pipeline_label_studio.py for tasks to queue
[2025-11-15T23:38:30.643+0000] {logging_mixin.py:188} INFO - [2025-11-15T23:38:30.643+0000] {dagbag.py:545} INFO - Filling up the DagBag from /opt/airflow/dags/pipeline_label_studio.py
[2025-11-15T23:38:30.664+0000] {processor.py:840} INFO - DAG(s) 'etl_label_studio' retrieved from /opt/airflow/dags/pipeline_label_studio.py
[2025-11-15T23:38:30.710+0000] {logging_mixin.py:188} INFO - [2025-11-15T23:38:30.710+0000] {dag.py:3089} INFO - Sync 1 DAGs
[2025-11-15T23:38:30.750+0000] {logging_mixin.py:188} INFO - [2025-11-15T23:38:30.749+0000] {dag.py:3947} INFO - Setting next_dagrun for etl_label_studio to 2025-11-15 03:00:00+00:00, run_after=2025-11-16 03:00:00+00:00
[2025-11-15T23:38:30.785+0000] {processor.py:183} INFO - Processing /opt/airflow/dags/pipeline_label_studio.py took 0.152 seconds
[2025-11-15T23:39:00.907+0000] {processor.py:161} INFO - Started process (PID=292) to work on /opt/airflow/dags/pipeline_label_studio.py
[2025-11-15T23:39:00.909+0000] {processor.py:830} INFO - Processing file /opt/airflow/dags/pipeline_label_studio.py for tasks to queue
[2025-11-15T23:39:00.910+0000] {logging_mixin.py:188} INFO - [2025-11-15T23:39:00.910+0000] {dagbag.py:545} INFO - Filling up the DagBag from /opt/airflow/dags/pipeline_label_studio.py
[2025-11-15T23:39:00.920+0000] {processor.py:840} INFO - DAG(s) 'etl_label_studio' retrieved from /opt/airflow/dags/pipeline_label_studio.py
[2025-11-15T23:39:00.947+0000] {logging_mixin.py:188} INFO - [2025-11-15T23:39:00.947+0000] {dag.py:3089} INFO - Sync 1 DAGs
[2025-11-15T23:39:00.964+0000] {logging_mixin.py:188} INFO - [2025-11-15T23:39:00.964+0000] {dag.py:3947} INFO - Setting next_dagrun for etl_label_studio to 2025-11-15 03:00:00+00:00, run_after=2025-11-16 03:00:00+00:00
[2025-11-15T23:39:00.977+0000] {processor.py:183} INFO - Processing /opt/airflow/dags/pipeline_label_studio.py took 0.074 seconds
[2025-11-15T23:39:31.161+0000] {processor.py:161} INFO - Started process (PID=302) to work on /opt/airflow/dags/pipeline_label_studio.py
[2025-11-15T23:39:31.166+0000] {processor.py:830} INFO - Processing file /opt/airflow/dags/pipeline_label_studio.py for tasks to queue
[2025-11-15T23:39:31.169+0000] {logging_mixin.py:188} INFO - [2025-11-15T23:39:31.168+0000] {dagbag.py:545} INFO - Filling up the DagBag from /opt/airflow/dags/pipeline_label_studio.py
[2025-11-15T23:39:31.182+0000] {processor.py:840} INFO - DAG(s) 'etl_label_studio' retrieved from /opt/airflow/dags/pipeline_label_studio.py
[2025-11-15T23:39:31.211+0000] {logging_mixin.py:188} INFO - [2025-11-15T23:39:31.211+0000] {dag.py:3089} INFO - Sync 1 DAGs
[2025-11-15T23:39:31.232+0000] {logging_mixin.py:188} INFO - [2025-11-15T23:39:31.232+0000] {dag.py:3947} INFO - Setting next_dagrun for etl_label_studio to 2025-11-15 03:00:00+00:00, run_after=2025-11-16 03:00:00+00:00
[2025-11-15T23:39:31.247+0000] {processor.py:183} INFO - Processing /opt/airflow/dags/pipeline_label_studio.py took 0.092 seconds
[2025-11-15T23:40:01.483+0000] {processor.py:161} INFO - Started process (PID=324) to work on /opt/airflow/dags/pipeline_label_studio.py
[2025-11-15T23:40:01.485+0000] {processor.py:830} INFO - Processing file /opt/airflow/dags/pipeline_label_studio.py for tasks to queue
[2025-11-15T23:40:01.486+0000] {logging_mixin.py:188} INFO - [2025-11-15T23:40:01.486+0000] {dagbag.py:545} INFO - Filling up the DagBag from /opt/airflow/dags/pipeline_label_studio.py
[2025-11-15T23:40:01.499+0000] {processor.py:840} INFO - DAG(s) 'etl_label_studio' retrieved from /opt/airflow/dags/pipeline_label_studio.py
[2025-11-15T23:40:01.529+0000] {logging_mixin.py:188} INFO - [2025-11-15T23:40:01.529+0000] {dag.py:3089} INFO - Sync 1 DAGs
[2025-11-15T23:40:01.549+0000] {logging_mixin.py:188} INFO - [2025-11-15T23:40:01.549+0000] {dag.py:3947} INFO - Setting next_dagrun for etl_label_studio to 2025-11-15 03:00:00+00:00, run_after=2025-11-16 03:00:00+00:00
[2025-11-15T23:40:01.563+0000] {processor.py:183} INFO - Processing /opt/airflow/dags/pipeline_label_studio.py took 0.085 seconds
[2025-11-15T23:40:31.793+0000] {processor.py:161} INFO - Started process (PID=333) to work on /opt/airflow/dags/pipeline_label_studio.py
[2025-11-15T23:40:31.798+0000] {processor.py:830} INFO - Processing file /opt/airflow/dags/pipeline_label_studio.py for tasks to queue
[2025-11-15T23:40:31.802+0000] {logging_mixin.py:188} INFO - [2025-11-15T23:40:31.801+0000] {dagbag.py:545} INFO - Filling up the DagBag from /opt/airflow/dags/pipeline_label_studio.py
[2025-11-15T23:40:31.826+0000] {processor.py:840} INFO - DAG(s) 'etl_label_studio' retrieved from /opt/airflow/dags/pipeline_label_studio.py
[2025-11-15T23:40:31.900+0000] {logging_mixin.py:188} INFO - [2025-11-15T23:40:31.900+0000] {dag.py:3089} INFO - Sync 1 DAGs
[2025-11-15T23:40:31.922+0000] {logging_mixin.py:188} INFO - [2025-11-15T23:40:31.922+0000] {dag.py:3947} INFO - Setting next_dagrun for etl_label_studio to 2025-11-15 03:00:00+00:00, run_after=2025-11-16 03:00:00+00:00
[2025-11-15T23:40:31.942+0000] {processor.py:183} INFO - Processing /opt/airflow/dags/pipeline_label_studio.py took 0.156 seconds
[2025-11-15T23:41:02.117+0000] {processor.py:161} INFO - Started process (PID=344) to work on /opt/airflow/dags/pipeline_label_studio.py
[2025-11-15T23:41:02.119+0000] {processor.py:830} INFO - Processing file /opt/airflow/dags/pipeline_label_studio.py for tasks to queue
[2025-11-15T23:41:02.120+0000] {logging_mixin.py:188} INFO - [2025-11-15T23:41:02.120+0000] {dagbag.py:545} INFO - Filling up the DagBag from /opt/airflow/dags/pipeline_label_studio.py
[2025-11-15T23:41:02.130+0000] {processor.py:840} INFO - DAG(s) 'etl_label_studio' retrieved from /opt/airflow/dags/pipeline_label_studio.py
[2025-11-15T23:41:02.154+0000] {logging_mixin.py:188} INFO - [2025-11-15T23:41:02.154+0000] {dag.py:3089} INFO - Sync 1 DAGs
[2025-11-15T23:41:02.173+0000] {logging_mixin.py:188} INFO - [2025-11-15T23:41:02.173+0000] {dag.py:3947} INFO - Setting next_dagrun for etl_label_studio to 2025-11-15 03:00:00+00:00, run_after=2025-11-16 03:00:00+00:00
[2025-11-15T23:41:02.185+0000] {processor.py:183} INFO - Processing /opt/airflow/dags/pipeline_label_studio.py took 0.072 seconds
[2025-11-15T23:41:32.472+0000] {processor.py:161} INFO - Started process (PID=353) to work on /opt/airflow/dags/pipeline_label_studio.py
[2025-11-15T23:41:32.475+0000] {processor.py:830} INFO - Processing file /opt/airflow/dags/pipeline_label_studio.py for tasks to queue
[2025-11-15T23:41:32.478+0000] {logging_mixin.py:188} INFO - [2025-11-15T23:41:32.477+0000] {dagbag.py:545} INFO - Filling up the DagBag from /opt/airflow/dags/pipeline_label_studio.py
[2025-11-15T23:41:32.501+0000] {processor.py:840} INFO - DAG(s) 'etl_label_studio' retrieved from /opt/airflow/dags/pipeline_label_studio.py
[2025-11-15T23:41:32.544+0000] {logging_mixin.py:188} INFO - [2025-11-15T23:41:32.544+0000] {dag.py:3089} INFO - Sync 1 DAGs
[2025-11-15T23:41:32.570+0000] {logging_mixin.py:188} INFO - [2025-11-15T23:41:32.570+0000] {dag.py:3947} INFO - Setting next_dagrun for etl_label_studio to 2025-11-15 03:00:00+00:00, run_after=2025-11-16 03:00:00+00:00
[2025-11-15T23:41:32.586+0000] {processor.py:183} INFO - Processing /opt/airflow/dags/pipeline_label_studio.py took 0.119 seconds
[2025-11-15T23:42:02.710+0000] {processor.py:161} INFO - Started process (PID=362) to work on /opt/airflow/dags/pipeline_label_studio.py
[2025-11-15T23:42:02.713+0000] {processor.py:830} INFO - Processing file /opt/airflow/dags/pipeline_label_studio.py for tasks to queue
[2025-11-15T23:42:02.717+0000] {logging_mixin.py:188} INFO - [2025-11-15T23:42:02.716+0000] {dagbag.py:545} INFO - Filling up the DagBag from /opt/airflow/dags/pipeline_label_studio.py
[2025-11-15T23:42:02.745+0000] {processor.py:840} INFO - DAG(s) 'etl_label_studio' retrieved from /opt/airflow/dags/pipeline_label_studio.py
[2025-11-15T23:42:02.787+0000] {logging_mixin.py:188} INFO - [2025-11-15T23:42:02.787+0000] {dag.py:3089} INFO - Sync 1 DAGs
[2025-11-15T23:42:02.814+0000] {logging_mixin.py:188} INFO - [2025-11-15T23:42:02.814+0000] {dag.py:3947} INFO - Setting next_dagrun for etl_label_studio to 2025-11-15 03:00:00+00:00, run_after=2025-11-16 03:00:00+00:00
[2025-11-15T23:42:02.829+0000] {processor.py:183} INFO - Processing /opt/airflow/dags/pipeline_label_studio.py took 0.130 seconds
[2025-11-15T23:42:33.050+0000] {processor.py:161} INFO - Started process (PID=373) to work on /opt/airflow/dags/pipeline_label_studio.py
[2025-11-15T23:42:33.053+0000] {processor.py:830} INFO - Processing file /opt/airflow/dags/pipeline_label_studio.py for tasks to queue
[2025-11-15T23:42:33.056+0000] {logging_mixin.py:188} INFO - [2025-11-15T23:42:33.055+0000] {dagbag.py:545} INFO - Filling up the DagBag from /opt/airflow/dags/pipeline_label_studio.py
[2025-11-15T23:42:33.077+0000] {processor.py:840} INFO - DAG(s) 'etl_label_studio' retrieved from /opt/airflow/dags/pipeline_label_studio.py
[2025-11-15T23:42:33.122+0000] {logging_mixin.py:188} INFO - [2025-11-15T23:42:33.122+0000] {dag.py:3089} INFO - Sync 1 DAGs
[2025-11-15T23:42:33.154+0000] {logging_mixin.py:188} INFO - [2025-11-15T23:42:33.154+0000] {dag.py:3947} INFO - Setting next_dagrun for etl_label_studio to 2025-11-15 03:00:00+00:00, run_after=2025-11-16 03:00:00+00:00
[2025-11-15T23:42:33.177+0000] {processor.py:183} INFO - Processing /opt/airflow/dags/pipeline_label_studio.py took 0.136 seconds
[2025-11-15T23:43:03.499+0000] {processor.py:161} INFO - Started process (PID=389) to work on /opt/airflow/dags/pipeline_label_studio.py
[2025-11-15T23:43:03.502+0000] {processor.py:830} INFO - Processing file /opt/airflow/dags/pipeline_label_studio.py for tasks to queue
[2025-11-15T23:43:03.504+0000] {logging_mixin.py:188} INFO - [2025-11-15T23:43:03.504+0000] {dagbag.py:545} INFO - Filling up the DagBag from /opt/airflow/dags/pipeline_label_studio.py
[2025-11-15T23:43:03.519+0000] {processor.py:840} INFO - DAG(s) 'etl_label_studio' retrieved from /opt/airflow/dags/pipeline_label_studio.py
[2025-11-15T23:43:03.575+0000] {logging_mixin.py:188} INFO - [2025-11-15T23:43:03.575+0000] {dag.py:3089} INFO - Sync 1 DAGs
[2025-11-15T23:43:03.613+0000] {logging_mixin.py:188} INFO - [2025-11-15T23:43:03.613+0000] {dag.py:3947} INFO - Setting next_dagrun for etl_label_studio to 2025-11-15 03:00:00+00:00, run_after=2025-11-16 03:00:00+00:00
[2025-11-15T23:43:03.642+0000] {processor.py:183} INFO - Processing /opt/airflow/dags/pipeline_label_studio.py took 0.154 seconds
[2025-11-15T23:43:34.121+0000] {processor.py:161} INFO - Started process (PID=398) to work on /opt/airflow/dags/pipeline_label_studio.py
[2025-11-15T23:43:34.126+0000] {processor.py:830} INFO - Processing file /opt/airflow/dags/pipeline_label_studio.py for tasks to queue
[2025-11-15T23:43:34.128+0000] {logging_mixin.py:188} INFO - [2025-11-15T23:43:34.127+0000] {dagbag.py:545} INFO - Filling up the DagBag from /opt/airflow/dags/pipeline_label_studio.py
[2025-11-15T23:43:34.148+0000] {processor.py:840} INFO - DAG(s) 'etl_label_studio' retrieved from /opt/airflow/dags/pipeline_label_studio.py
[2025-11-15T23:43:34.193+0000] {logging_mixin.py:188} INFO - [2025-11-15T23:43:34.193+0000] {dag.py:3089} INFO - Sync 1 DAGs
[2025-11-15T23:43:34.221+0000] {logging_mixin.py:188} INFO - [2025-11-15T23:43:34.221+0000] {dag.py:3947} INFO - Setting next_dagrun for etl_label_studio to 2025-11-15 03:00:00+00:00, run_after=2025-11-16 03:00:00+00:00
[2025-11-15T23:43:34.237+0000] {processor.py:183} INFO - Processing /opt/airflow/dags/pipeline_label_studio.py took 0.128 seconds
[2025-11-15T23:44:04.418+0000] {processor.py:161} INFO - Started process (PID=421) to work on /opt/airflow/dags/pipeline_label_studio.py
[2025-11-15T23:44:04.420+0000] {processor.py:830} INFO - Processing file /opt/airflow/dags/pipeline_label_studio.py for tasks to queue
[2025-11-15T23:44:04.421+0000] {logging_mixin.py:188} INFO - [2025-11-15T23:44:04.421+0000] {dagbag.py:545} INFO - Filling up the DagBag from /opt/airflow/dags/pipeline_label_studio.py
[2025-11-15T23:44:04.434+0000] {processor.py:840} INFO - DAG(s) 'etl_label_studio' retrieved from /opt/airflow/dags/pipeline_label_studio.py
[2025-11-15T23:44:04.467+0000] {logging_mixin.py:188} INFO - [2025-11-15T23:44:04.466+0000] {dag.py:3089} INFO - Sync 1 DAGs
[2025-11-15T23:44:04.487+0000] {logging_mixin.py:188} INFO - [2025-11-15T23:44:04.487+0000] {dag.py:3947} INFO - Setting next_dagrun for etl_label_studio to 2025-11-15 03:00:00+00:00, run_after=2025-11-16 03:00:00+00:00
[2025-11-15T23:44:04.500+0000] {processor.py:183} INFO - Processing /opt/airflow/dags/pipeline_label_studio.py took 0.088 seconds
[2025-11-15T23:44:34.804+0000] {processor.py:161} INFO - Started process (PID=431) to work on /opt/airflow/dags/pipeline_label_studio.py
[2025-11-15T23:44:34.808+0000] {processor.py:830} INFO - Processing file /opt/airflow/dags/pipeline_label_studio.py for tasks to queue
[2025-11-15T23:44:34.810+0000] {logging_mixin.py:188} INFO - [2025-11-15T23:44:34.809+0000] {dagbag.py:545} INFO - Filling up the DagBag from /opt/airflow/dags/pipeline_label_studio.py
[2025-11-15T23:44:34.849+0000] {processor.py:840} INFO - DAG(s) 'etl_label_studio' retrieved from /opt/airflow/dags/pipeline_label_studio.py
[2025-11-15T23:44:34.921+0000] {logging_mixin.py:188} INFO - [2025-11-15T23:44:34.921+0000] {dag.py:3089} INFO - Sync 1 DAGs
[2025-11-15T23:44:34.961+0000] {logging_mixin.py:188} INFO - [2025-11-15T23:44:34.961+0000] {dag.py:3947} INFO - Setting next_dagrun for etl_label_studio to 2025-11-15 03:00:00+00:00, run_after=2025-11-16 03:00:00+00:00
[2025-11-15T23:44:35.010+0000] {processor.py:183} INFO - Processing /opt/airflow/dags/pipeline_label_studio.py took 0.220 seconds
[2025-11-15T23:45:05.171+0000] {processor.py:161} INFO - Started process (PID=440) to work on /opt/airflow/dags/pipeline_label_studio.py
[2025-11-15T23:45:05.174+0000] {processor.py:830} INFO - Processing file /opt/airflow/dags/pipeline_label_studio.py for tasks to queue
[2025-11-15T23:45:05.175+0000] {logging_mixin.py:188} INFO - [2025-11-15T23:45:05.175+0000] {dagbag.py:545} INFO - Filling up the DagBag from /opt/airflow/dags/pipeline_label_studio.py
[2025-11-15T23:45:05.203+0000] {processor.py:840} INFO - DAG(s) 'etl_label_studio' retrieved from /opt/airflow/dags/pipeline_label_studio.py
[2025-11-15T23:45:05.254+0000] {logging_mixin.py:188} INFO - [2025-11-15T23:45:05.253+0000] {dag.py:3089} INFO - Sync 1 DAGs
[2025-11-15T23:45:05.284+0000] {logging_mixin.py:188} INFO - [2025-11-15T23:45:05.283+0000] {dag.py:3947} INFO - Setting next_dagrun for etl_label_studio to 2025-11-15 03:00:00+00:00, run_after=2025-11-16 03:00:00+00:00
[2025-11-15T23:45:05.313+0000] {processor.py:183} INFO - Processing /opt/airflow/dags/pipeline_label_studio.py took 0.151 seconds
[2025-11-15T23:45:35.611+0000] {processor.py:161} INFO - Started process (PID=451) to work on /opt/airflow/dags/pipeline_label_studio.py
[2025-11-15T23:45:35.614+0000] {processor.py:830} INFO - Processing file /opt/airflow/dags/pipeline_label_studio.py for tasks to queue
[2025-11-15T23:45:35.615+0000] {logging_mixin.py:188} INFO - [2025-11-15T23:45:35.614+0000] {dagbag.py:545} INFO - Filling up the DagBag from /opt/airflow/dags/pipeline_label_studio.py
[2025-11-15T23:45:35.636+0000] {processor.py:840} INFO - DAG(s) 'etl_label_studio' retrieved from /opt/airflow/dags/pipeline_label_studio.py
[2025-11-15T23:45:35.673+0000] {logging_mixin.py:188} INFO - [2025-11-15T23:45:35.673+0000] {dag.py:3089} INFO - Sync 1 DAGs
[2025-11-15T23:45:35.699+0000] {logging_mixin.py:188} INFO - [2025-11-15T23:45:35.699+0000] {dag.py:3947} INFO - Setting next_dagrun for etl_label_studio to 2025-11-15 03:00:00+00:00, run_after=2025-11-16 03:00:00+00:00
[2025-11-15T23:45:35.716+0000] {processor.py:183} INFO - Processing /opt/airflow/dags/pipeline_label_studio.py took 0.113 seconds
[2025-11-15T23:46:06.070+0000] {processor.py:161} INFO - Started process (PID=460) to work on /opt/airflow/dags/pipeline_label_studio.py
[2025-11-15T23:46:06.073+0000] {processor.py:830} INFO - Processing file /opt/airflow/dags/pipeline_label_studio.py for tasks to queue
[2025-11-15T23:46:06.074+0000] {logging_mixin.py:188} INFO - [2025-11-15T23:46:06.073+0000] {dagbag.py:545} INFO - Filling up the DagBag from /opt/airflow/dags/pipeline_label_studio.py
[2025-11-15T23:46:06.093+0000] {processor.py:840} INFO - DAG(s) 'etl_label_studio' retrieved from /opt/airflow/dags/pipeline_label_studio.py
[2025-11-15T23:46:06.142+0000] {logging_mixin.py:188} INFO - [2025-11-15T23:46:06.142+0000] {dag.py:3089} INFO - Sync 1 DAGs
[2025-11-15T23:46:06.175+0000] {logging_mixin.py:188} INFO - [2025-11-15T23:46:06.175+0000] {dag.py:3947} INFO - Setting next_dagrun for etl_label_studio to 2025-11-15 03:00:00+00:00, run_after=2025-11-16 03:00:00+00:00
[2025-11-15T23:46:06.200+0000] {processor.py:183} INFO - Processing /opt/airflow/dags/pipeline_label_studio.py took 0.138 seconds
[2025-11-15T23:46:36.358+0000] {processor.py:161} INFO - Started process (PID=471) to work on /opt/airflow/dags/pipeline_label_studio.py
[2025-11-15T23:46:36.359+0000] {processor.py:830} INFO - Processing file /opt/airflow/dags/pipeline_label_studio.py for tasks to queue
[2025-11-15T23:46:36.361+0000] {logging_mixin.py:188} INFO - [2025-11-15T23:46:36.360+0000] {dagbag.py:545} INFO - Filling up the DagBag from /opt/airflow/dags/pipeline_label_studio.py
[2025-11-15T23:46:36.381+0000] {processor.py:840} INFO - DAG(s) 'etl_label_studio' retrieved from /opt/airflow/dags/pipeline_label_studio.py
[2025-11-15T23:46:36.426+0000] {logging_mixin.py:188} INFO - [2025-11-15T23:46:36.425+0000] {dag.py:3089} INFO - Sync 1 DAGs
[2025-11-15T23:46:36.456+0000] {logging_mixin.py:188} INFO - [2025-11-15T23:46:36.456+0000] {dag.py:3947} INFO - Setting next_dagrun for etl_label_studio to 2025-11-15 03:00:00+00:00, run_after=2025-11-16 03:00:00+00:00
[2025-11-15T23:46:36.482+0000] {processor.py:183} INFO - Processing /opt/airflow/dags/pipeline_label_studio.py took 0.132 seconds
[2025-11-15T23:47:06.816+0000] {processor.py:161} INFO - Started process (PID=481) to work on /opt/airflow/dags/pipeline_label_studio.py
[2025-11-15T23:47:06.822+0000] {processor.py:830} INFO - Processing file /opt/airflow/dags/pipeline_label_studio.py for tasks to queue
[2025-11-15T23:47:06.823+0000] {logging_mixin.py:188} INFO - [2025-11-15T23:47:06.823+0000] {dagbag.py:545} INFO - Filling up the DagBag from /opt/airflow/dags/pipeline_label_studio.py
[2025-11-15T23:47:06.836+0000] {processor.py:840} INFO - DAG(s) 'etl_label_studio' retrieved from /opt/airflow/dags/pipeline_label_studio.py
[2025-11-15T23:47:06.858+0000] {logging_mixin.py:188} INFO - [2025-11-15T23:47:06.857+0000] {dag.py:3089} INFO - Sync 1 DAGs
[2025-11-15T23:47:06.882+0000] {logging_mixin.py:188} INFO - [2025-11-15T23:47:06.882+0000] {dag.py:3947} INFO - Setting next_dagrun for etl_label_studio to 2025-11-15 03:00:00+00:00, run_after=2025-11-16 03:00:00+00:00
[2025-11-15T23:47:06.897+0000] {processor.py:183} INFO - Processing /opt/airflow/dags/pipeline_label_studio.py took 0.085 seconds
[2025-11-15T23:47:37.181+0000] {processor.py:161} INFO - Started process (PID=491) to work on /opt/airflow/dags/pipeline_label_studio.py
[2025-11-15T23:47:37.184+0000] {processor.py:830} INFO - Processing file /opt/airflow/dags/pipeline_label_studio.py for tasks to queue
[2025-11-15T23:47:37.185+0000] {logging_mixin.py:188} INFO - [2025-11-15T23:47:37.185+0000] {dagbag.py:545} INFO - Filling up the DagBag from /opt/airflow/dags/pipeline_label_studio.py
[2025-11-15T23:47:37.216+0000] {processor.py:840} INFO - DAG(s) 'etl_label_studio' retrieved from /opt/airflow/dags/pipeline_label_studio.py
[2025-11-15T23:47:37.267+0000] {logging_mixin.py:188} INFO - [2025-11-15T23:47:37.267+0000] {dag.py:3089} INFO - Sync 1 DAGs
[2025-11-15T23:47:37.298+0000] {logging_mixin.py:188} INFO - [2025-11-15T23:47:37.298+0000] {dag.py:3947} INFO - Setting next_dagrun for etl_label_studio to 2025-11-15 03:00:00+00:00, run_after=2025-11-16 03:00:00+00:00
[2025-11-15T23:47:37.315+0000] {processor.py:183} INFO - Processing /opt/airflow/dags/pipeline_label_studio.py took 0.142 seconds
[2025-11-15T23:48:07.595+0000] {processor.py:161} INFO - Started process (PID=506) to work on /opt/airflow/dags/pipeline_label_studio.py
[2025-11-15T23:48:07.597+0000] {processor.py:830} INFO - Processing file /opt/airflow/dags/pipeline_label_studio.py for tasks to queue
[2025-11-15T23:48:07.597+0000] {logging_mixin.py:188} INFO - [2025-11-15T23:48:07.597+0000] {dagbag.py:545} INFO - Filling up the DagBag from /opt/airflow/dags/pipeline_label_studio.py
[2025-11-15T23:48:07.606+0000] {processor.py:840} INFO - DAG(s) 'etl_label_studio' retrieved from /opt/airflow/dags/pipeline_label_studio.py
[2025-11-15T23:48:07.629+0000] {logging_mixin.py:188} INFO - [2025-11-15T23:48:07.629+0000] {dag.py:3089} INFO - Sync 1 DAGs
[2025-11-15T23:48:07.646+0000] {logging_mixin.py:188} INFO - [2025-11-15T23:48:07.645+0000] {dag.py:3947} INFO - Setting next_dagrun for etl_label_studio to 2025-11-15 03:00:00+00:00, run_after=2025-11-16 03:00:00+00:00
[2025-11-15T23:48:07.658+0000] {processor.py:183} INFO - Processing /opt/airflow/dags/pipeline_label_studio.py took 0.067 seconds
[2025-11-15T23:48:37.991+0000] {processor.py:161} INFO - Started process (PID=521) to work on /opt/airflow/dags/pipeline_label_studio.py
[2025-11-15T23:48:37.995+0000] {processor.py:830} INFO - Processing file /opt/airflow/dags/pipeline_label_studio.py for tasks to queue
[2025-11-15T23:48:38.000+0000] {logging_mixin.py:188} INFO - [2025-11-15T23:48:37.999+0000] {dagbag.py:545} INFO - Filling up the DagBag from /opt/airflow/dags/pipeline_label_studio.py
[2025-11-15T23:48:38.014+0000] {processor.py:840} INFO - DAG(s) 'etl_label_studio' retrieved from /opt/airflow/dags/pipeline_label_studio.py
[2025-11-15T23:48:38.037+0000] {logging_mixin.py:188} INFO - [2025-11-15T23:48:38.037+0000] {dag.py:3089} INFO - Sync 1 DAGs
[2025-11-15T23:48:38.062+0000] {logging_mixin.py:188} INFO - [2025-11-15T23:48:38.061+0000] {dag.py:3947} INFO - Setting next_dagrun for etl_label_studio to 2025-11-15 03:00:00+00:00, run_after=2025-11-16 03:00:00+00:00
[2025-11-15T23:48:38.075+0000] {processor.py:183} INFO - Processing /opt/airflow/dags/pipeline_label_studio.py took 0.090 seconds
[2025-11-15T23:49:08.365+0000] {processor.py:161} INFO - Started process (PID=536) to work on /opt/airflow/dags/pipeline_label_studio.py
[2025-11-15T23:49:08.367+0000] {processor.py:830} INFO - Processing file /opt/airflow/dags/pipeline_label_studio.py for tasks to queue
[2025-11-15T23:49:08.367+0000] {logging_mixin.py:188} INFO - [2025-11-15T23:49:08.367+0000] {dagbag.py:545} INFO - Filling up the DagBag from /opt/airflow/dags/pipeline_label_studio.py
[2025-11-15T23:49:08.384+0000] {processor.py:840} INFO - DAG(s) 'etl_label_studio' retrieved from /opt/airflow/dags/pipeline_label_studio.py
[2025-11-15T23:49:08.420+0000] {logging_mixin.py:188} INFO - [2025-11-15T23:49:08.420+0000] {dag.py:3089} INFO - Sync 1 DAGs
[2025-11-15T23:49:08.444+0000] {logging_mixin.py:188} INFO - [2025-11-15T23:49:08.444+0000] {dag.py:3947} INFO - Setting next_dagrun for etl_label_studio to 2025-11-15 03:00:00+00:00, run_after=2025-11-16 03:00:00+00:00
[2025-11-15T23:49:08.462+0000] {processor.py:183} INFO - Processing /opt/airflow/dags/pipeline_label_studio.py took 0.103 seconds
[2025-11-15T23:49:38.711+0000] {processor.py:161} INFO - Started process (PID=551) to work on /opt/airflow/dags/pipeline_label_studio.py
[2025-11-15T23:49:38.713+0000] {processor.py:830} INFO - Processing file /opt/airflow/dags/pipeline_label_studio.py for tasks to queue
[2025-11-15T23:49:38.715+0000] {logging_mixin.py:188} INFO - [2025-11-15T23:49:38.714+0000] {dagbag.py:545} INFO - Filling up the DagBag from /opt/airflow/dags/pipeline_label_studio.py
[2025-11-15T23:49:38.729+0000] {processor.py:840} INFO - DAG(s) 'etl_label_studio' retrieved from /opt/airflow/dags/pipeline_label_studio.py
[2025-11-15T23:49:38.755+0000] {logging_mixin.py:188} INFO - [2025-11-15T23:49:38.755+0000] {dag.py:3089} INFO - Sync 1 DAGs
[2025-11-15T23:49:38.782+0000] {logging_mixin.py:188} INFO - [2025-11-15T23:49:38.782+0000] {dag.py:3947} INFO - Setting next_dagrun for etl_label_studio to 2025-11-15 03:00:00+00:00, run_after=2025-11-16 03:00:00+00:00
[2025-11-15T23:49:38.795+0000] {processor.py:183} INFO - Processing /opt/airflow/dags/pipeline_label_studio.py took 0.089 seconds
[2025-11-15T23:50:09.096+0000] {processor.py:161} INFO - Started process (PID=566) to work on /opt/airflow/dags/pipeline_label_studio.py
[2025-11-15T23:50:09.101+0000] {processor.py:830} INFO - Processing file /opt/airflow/dags/pipeline_label_studio.py for tasks to queue
[2025-11-15T23:50:09.102+0000] {logging_mixin.py:188} INFO - [2025-11-15T23:50:09.102+0000] {dagbag.py:545} INFO - Filling up the DagBag from /opt/airflow/dags/pipeline_label_studio.py
[2025-11-15T23:50:09.114+0000] {processor.py:840} INFO - DAG(s) 'etl_label_studio' retrieved from /opt/airflow/dags/pipeline_label_studio.py
[2025-11-15T23:50:09.145+0000] {logging_mixin.py:188} INFO - [2025-11-15T23:50:09.145+0000] {dag.py:3089} INFO - Sync 1 DAGs
[2025-11-15T23:50:09.182+0000] {logging_mixin.py:188} INFO - [2025-11-15T23:50:09.182+0000] {dag.py:3947} INFO - Setting next_dagrun for etl_label_studio to 2025-11-15 03:00:00+00:00, run_after=2025-11-16 03:00:00+00:00
[2025-11-15T23:50:09.200+0000] {processor.py:183} INFO - Processing /opt/airflow/dags/pipeline_label_studio.py took 0.109 seconds
[2025-11-15T23:50:39.468+0000] {processor.py:161} INFO - Started process (PID=581) to work on /opt/airflow/dags/pipeline_label_studio.py
[2025-11-15T23:50:39.470+0000] {processor.py:830} INFO - Processing file /opt/airflow/dags/pipeline_label_studio.py for tasks to queue
[2025-11-15T23:50:39.472+0000] {logging_mixin.py:188} INFO - [2025-11-15T23:50:39.471+0000] {dagbag.py:545} INFO - Filling up the DagBag from /opt/airflow/dags/pipeline_label_studio.py
[2025-11-15T23:50:39.484+0000] {processor.py:840} INFO - DAG(s) 'etl_label_studio' retrieved from /opt/airflow/dags/pipeline_label_studio.py
[2025-11-15T23:50:39.519+0000] {logging_mixin.py:188} INFO - [2025-11-15T23:50:39.519+0000] {dag.py:3089} INFO - Sync 1 DAGs
[2025-11-15T23:50:39.550+0000] {logging_mixin.py:188} INFO - [2025-11-15T23:50:39.550+0000] {dag.py:3947} INFO - Setting next_dagrun for etl_label_studio to 2025-11-15 03:00:00+00:00, run_after=2025-11-16 03:00:00+00:00
[2025-11-15T23:50:39.577+0000] {processor.py:183} INFO - Processing /opt/airflow/dags/pipeline_label_studio.py took 0.115 seconds
[2025-11-15T23:51:09.909+0000] {processor.py:161} INFO - Started process (PID=596) to work on /opt/airflow/dags/pipeline_label_studio.py
[2025-11-15T23:51:09.914+0000] {processor.py:830} INFO - Processing file /opt/airflow/dags/pipeline_label_studio.py for tasks to queue
[2025-11-15T23:51:09.918+0000] {logging_mixin.py:188} INFO - [2025-11-15T23:51:09.917+0000] {dagbag.py:545} INFO - Filling up the DagBag from /opt/airflow/dags/pipeline_label_studio.py
[2025-11-15T23:51:09.930+0000] {processor.py:840} INFO - DAG(s) 'etl_label_studio' retrieved from /opt/airflow/dags/pipeline_label_studio.py
[2025-11-15T23:51:09.960+0000] {logging_mixin.py:188} INFO - [2025-11-15T23:51:09.960+0000] {dag.py:3089} INFO - Sync 1 DAGs
[2025-11-15T23:51:09.984+0000] {logging_mixin.py:188} INFO - [2025-11-15T23:51:09.984+0000] {dag.py:3947} INFO - Setting next_dagrun for etl_label_studio to 2025-11-15 03:00:00+00:00, run_after=2025-11-16 03:00:00+00:00
[2025-11-15T23:51:09.999+0000] {processor.py:183} INFO - Processing /opt/airflow/dags/pipeline_label_studio.py took 0.098 seconds
[2025-11-15T23:51:40.285+0000] {processor.py:161} INFO - Started process (PID=611) to work on /opt/airflow/dags/pipeline_label_studio.py
[2025-11-15T23:51:40.288+0000] {processor.py:830} INFO - Processing file /opt/airflow/dags/pipeline_label_studio.py for tasks to queue
[2025-11-15T23:51:40.288+0000] {logging_mixin.py:188} INFO - [2025-11-15T23:51:40.288+0000] {dagbag.py:545} INFO - Filling up the DagBag from /opt/airflow/dags/pipeline_label_studio.py
[2025-11-15T23:51:40.299+0000] {processor.py:840} INFO - DAG(s) 'etl_label_studio' retrieved from /opt/airflow/dags/pipeline_label_studio.py
[2025-11-15T23:51:40.331+0000] {logging_mixin.py:188} INFO - [2025-11-15T23:51:40.331+0000] {dag.py:3089} INFO - Sync 1 DAGs
[2025-11-15T23:51:40.364+0000] {logging_mixin.py:188} INFO - [2025-11-15T23:51:40.364+0000] {dag.py:3947} INFO - Setting next_dagrun for etl_label_studio to 2025-11-15 03:00:00+00:00, run_after=2025-11-16 03:00:00+00:00
[2025-11-15T23:51:40.379+0000] {processor.py:183} INFO - Processing /opt/airflow/dags/pipeline_label_studio.py took 0.099 seconds
[2025-11-15T23:52:10.674+0000] {processor.py:161} INFO - Started process (PID=625) to work on /opt/airflow/dags/pipeline_label_studio.py
[2025-11-15T23:52:10.681+0000] {processor.py:830} INFO - Processing file /opt/airflow/dags/pipeline_label_studio.py for tasks to queue
[2025-11-15T23:52:10.682+0000] {logging_mixin.py:188} INFO - [2025-11-15T23:52:10.682+0000] {dagbag.py:545} INFO - Filling up the DagBag from /opt/airflow/dags/pipeline_label_studio.py
[2025-11-15T23:52:10.717+0000] {processor.py:840} INFO - DAG(s) 'etl_label_studio' retrieved from /opt/airflow/dags/pipeline_label_studio.py
[2025-11-15T23:52:10.783+0000] {logging_mixin.py:188} INFO - [2025-11-15T23:52:10.783+0000] {dag.py:3089} INFO - Sync 1 DAGs
[2025-11-15T23:52:10.814+0000] {logging_mixin.py:188} INFO - [2025-11-15T23:52:10.814+0000] {dag.py:3947} INFO - Setting next_dagrun for etl_label_studio to 2025-11-15 03:00:00+00:00, run_after=2025-11-16 03:00:00+00:00
[2025-11-15T23:52:10.831+0000] {processor.py:183} INFO - Processing /opt/airflow/dags/pipeline_label_studio.py took 0.172 seconds
[2025-11-15T23:52:41.068+0000] {processor.py:161} INFO - Started process (PID=641) to work on /opt/airflow/dags/pipeline_label_studio.py
[2025-11-15T23:52:41.073+0000] {processor.py:830} INFO - Processing file /opt/airflow/dags/pipeline_label_studio.py for tasks to queue
[2025-11-15T23:52:41.074+0000] {logging_mixin.py:188} INFO - [2025-11-15T23:52:41.074+0000] {dagbag.py:545} INFO - Filling up the DagBag from /opt/airflow/dags/pipeline_label_studio.py
[2025-11-15T23:52:41.097+0000] {processor.py:840} INFO - DAG(s) 'etl_label_studio' retrieved from /opt/airflow/dags/pipeline_label_studio.py
[2025-11-15T23:52:41.129+0000] {logging_mixin.py:188} INFO - [2025-11-15T23:52:41.129+0000] {dag.py:3089} INFO - Sync 1 DAGs
[2025-11-15T23:52:41.151+0000] {logging_mixin.py:188} INFO - [2025-11-15T23:52:41.151+0000] {dag.py:3947} INFO - Setting next_dagrun for etl_label_studio to 2025-11-15 03:00:00+00:00, run_after=2025-11-16 03:00:00+00:00
[2025-11-15T23:52:41.169+0000] {processor.py:183} INFO - Processing /opt/airflow/dags/pipeline_label_studio.py took 0.105 seconds
[2025-11-15T23:53:11.457+0000] {processor.py:161} INFO - Started process (PID=656) to work on /opt/airflow/dags/pipeline_label_studio.py
[2025-11-15T23:53:11.462+0000] {processor.py:830} INFO - Processing file /opt/airflow/dags/pipeline_label_studio.py for tasks to queue
[2025-11-15T23:53:11.465+0000] {logging_mixin.py:188} INFO - [2025-11-15T23:53:11.465+0000] {dagbag.py:545} INFO - Filling up the DagBag from /opt/airflow/dags/pipeline_label_studio.py
[2025-11-15T23:53:11.479+0000] {processor.py:840} INFO - DAG(s) 'etl_label_studio' retrieved from /opt/airflow/dags/pipeline_label_studio.py
[2025-11-15T23:53:11.509+0000] {logging_mixin.py:188} INFO - [2025-11-15T23:53:11.509+0000] {dag.py:3089} INFO - Sync 1 DAGs
[2025-11-15T23:53:11.541+0000] {logging_mixin.py:188} INFO - [2025-11-15T23:53:11.541+0000] {dag.py:3947} INFO - Setting next_dagrun for etl_label_studio to 2025-11-15 03:00:00+00:00, run_after=2025-11-16 03:00:00+00:00
[2025-11-15T23:53:11.561+0000] {processor.py:183} INFO - Processing /opt/airflow/dags/pipeline_label_studio.py took 0.109 seconds
[2025-11-15T23:53:41.890+0000] {processor.py:161} INFO - Started process (PID=671) to work on /opt/airflow/dags/pipeline_label_studio.py
[2025-11-15T23:53:41.896+0000] {processor.py:830} INFO - Processing file /opt/airflow/dags/pipeline_label_studio.py for tasks to queue
[2025-11-15T23:53:41.897+0000] {logging_mixin.py:188} INFO - [2025-11-15T23:53:41.897+0000] {dagbag.py:545} INFO - Filling up the DagBag from /opt/airflow/dags/pipeline_label_studio.py
[2025-11-15T23:53:41.907+0000] {processor.py:840} INFO - DAG(s) 'etl_label_studio' retrieved from /opt/airflow/dags/pipeline_label_studio.py
[2025-11-15T23:53:41.933+0000] {logging_mixin.py:188} INFO - [2025-11-15T23:53:41.933+0000] {dag.py:3089} INFO - Sync 1 DAGs
[2025-11-15T23:53:41.948+0000] {logging_mixin.py:188} INFO - [2025-11-15T23:53:41.948+0000] {dag.py:3947} INFO - Setting next_dagrun for etl_label_studio to 2025-11-15 03:00:00+00:00, run_after=2025-11-16 03:00:00+00:00
[2025-11-15T23:53:41.965+0000] {processor.py:183} INFO - Processing /opt/airflow/dags/pipeline_label_studio.py took 0.083 seconds
[2025-11-15T23:54:12.278+0000] {processor.py:161} INFO - Started process (PID=686) to work on /opt/airflow/dags/pipeline_label_studio.py
[2025-11-15T23:54:12.279+0000] {processor.py:830} INFO - Processing file /opt/airflow/dags/pipeline_label_studio.py for tasks to queue
[2025-11-15T23:54:12.280+0000] {logging_mixin.py:188} INFO - [2025-11-15T23:54:12.280+0000] {dagbag.py:545} INFO - Filling up the DagBag from /opt/airflow/dags/pipeline_label_studio.py
[2025-11-15T23:54:12.292+0000] {processor.py:840} INFO - DAG(s) 'etl_label_studio' retrieved from /opt/airflow/dags/pipeline_label_studio.py
[2025-11-15T23:54:12.321+0000] {logging_mixin.py:188} INFO - [2025-11-15T23:54:12.321+0000] {dag.py:3089} INFO - Sync 1 DAGs
[2025-11-15T23:54:12.343+0000] {logging_mixin.py:188} INFO - [2025-11-15T23:54:12.343+0000] {dag.py:3947} INFO - Setting next_dagrun for etl_label_studio to 2025-11-15 03:00:00+00:00, run_after=2025-11-16 03:00:00+00:00
[2025-11-15T23:54:12.364+0000] {processor.py:183} INFO - Processing /opt/airflow/dags/pipeline_label_studio.py took 0.092 seconds
[2025-11-15T23:54:42.724+0000] {processor.py:161} INFO - Started process (PID=701) to work on /opt/airflow/dags/pipeline_label_studio.py
[2025-11-15T23:54:42.726+0000] {processor.py:830} INFO - Processing file /opt/airflow/dags/pipeline_label_studio.py for tasks to queue
[2025-11-15T23:54:42.728+0000] {logging_mixin.py:188} INFO - [2025-11-15T23:54:42.728+0000] {dagbag.py:545} INFO - Filling up the DagBag from /opt/airflow/dags/pipeline_label_studio.py
[2025-11-15T23:54:42.745+0000] {processor.py:840} INFO - DAG(s) 'etl_label_studio' retrieved from /opt/airflow/dags/pipeline_label_studio.py
[2025-11-15T23:54:42.789+0000] {logging_mixin.py:188} INFO - [2025-11-15T23:54:42.789+0000] {dag.py:3089} INFO - Sync 1 DAGs
[2025-11-15T23:54:42.815+0000] {logging_mixin.py:188} INFO - [2025-11-15T23:54:42.815+0000] {dag.py:3947} INFO - Setting next_dagrun for etl_label_studio to 2025-11-15 03:00:00+00:00, run_after=2025-11-16 03:00:00+00:00
[2025-11-15T23:54:42.832+0000] {processor.py:183} INFO - Processing /opt/airflow/dags/pipeline_label_studio.py took 0.114 seconds
[2025-11-15T23:55:13.081+0000] {processor.py:161} INFO - Started process (PID=716) to work on /opt/airflow/dags/pipeline_label_studio.py
[2025-11-15T23:55:13.084+0000] {processor.py:830} INFO - Processing file /opt/airflow/dags/pipeline_label_studio.py for tasks to queue
[2025-11-15T23:55:13.087+0000] {logging_mixin.py:188} INFO - [2025-11-15T23:55:13.086+0000] {dagbag.py:545} INFO - Filling up the DagBag from /opt/airflow/dags/pipeline_label_studio.py
[2025-11-15T23:55:13.097+0000] {processor.py:840} INFO - DAG(s) 'etl_label_studio' retrieved from /opt/airflow/dags/pipeline_label_studio.py
[2025-11-15T23:55:13.119+0000] {logging_mixin.py:188} INFO - [2025-11-15T23:55:13.119+0000] {dag.py:3089} INFO - Sync 1 DAGs
[2025-11-15T23:55:13.143+0000] {logging_mixin.py:188} INFO - [2025-11-15T23:55:13.143+0000] {dag.py:3947} INFO - Setting next_dagrun for etl_label_studio to 2025-11-15 03:00:00+00:00, run_after=2025-11-16 03:00:00+00:00
[2025-11-15T23:55:13.160+0000] {processor.py:183} INFO - Processing /opt/airflow/dags/pipeline_label_studio.py took 0.083 seconds
[2025-11-15T23:55:43.411+0000] {processor.py:161} INFO - Started process (PID=731) to work on /opt/airflow/dags/pipeline_label_studio.py
[2025-11-15T23:55:43.417+0000] {processor.py:830} INFO - Processing file /opt/airflow/dags/pipeline_label_studio.py for tasks to queue
[2025-11-15T23:55:43.418+0000] {logging_mixin.py:188} INFO - [2025-11-15T23:55:43.418+0000] {dagbag.py:545} INFO - Filling up the DagBag from /opt/airflow/dags/pipeline_label_studio.py
[2025-11-15T23:55:43.427+0000] {processor.py:840} INFO - DAG(s) 'etl_label_studio' retrieved from /opt/airflow/dags/pipeline_label_studio.py
[2025-11-15T23:55:43.449+0000] {logging_mixin.py:188} INFO - [2025-11-15T23:55:43.449+0000] {dag.py:3089} INFO - Sync 1 DAGs
[2025-11-15T23:55:43.467+0000] {logging_mixin.py:188} INFO - [2025-11-15T23:55:43.467+0000] {dag.py:3947} INFO - Setting next_dagrun for etl_label_studio to 2025-11-15 03:00:00+00:00, run_after=2025-11-16 03:00:00+00:00
[2025-11-15T23:55:43.481+0000] {processor.py:183} INFO - Processing /opt/airflow/dags/pipeline_label_studio.py took 0.074 seconds
[2025-11-15T23:56:13.732+0000] {processor.py:161} INFO - Started process (PID=746) to work on /opt/airflow/dags/pipeline_label_studio.py
[2025-11-15T23:56:13.733+0000] {processor.py:830} INFO - Processing file /opt/airflow/dags/pipeline_label_studio.py for tasks to queue
[2025-11-15T23:56:13.735+0000] {logging_mixin.py:188} INFO - [2025-11-15T23:56:13.735+0000] {dagbag.py:545} INFO - Filling up the DagBag from /opt/airflow/dags/pipeline_label_studio.py
[2025-11-15T23:56:13.747+0000] {processor.py:840} INFO - DAG(s) 'etl_label_studio' retrieved from /opt/airflow/dags/pipeline_label_studio.py
[2025-11-15T23:56:13.774+0000] {logging_mixin.py:188} INFO - [2025-11-15T23:56:13.773+0000] {dag.py:3089} INFO - Sync 1 DAGs
[2025-11-15T23:56:13.791+0000] {logging_mixin.py:188} INFO - [2025-11-15T23:56:13.791+0000] {dag.py:3947} INFO - Setting next_dagrun for etl_label_studio to 2025-11-15 03:00:00+00:00, run_after=2025-11-16 03:00:00+00:00
[2025-11-15T23:56:13.804+0000] {processor.py:183} INFO - Processing /opt/airflow/dags/pipeline_label_studio.py took 0.077 seconds
[2025-11-15T23:56:44.121+0000] {processor.py:161} INFO - Started process (PID=761) to work on /opt/airflow/dags/pipeline_label_studio.py
[2025-11-15T23:56:44.124+0000] {processor.py:830} INFO - Processing file /opt/airflow/dags/pipeline_label_studio.py for tasks to queue
[2025-11-15T23:56:44.128+0000] {logging_mixin.py:188} INFO - [2025-11-15T23:56:44.128+0000] {dagbag.py:545} INFO - Filling up the DagBag from /opt/airflow/dags/pipeline_label_studio.py
[2025-11-15T23:56:44.140+0000] {processor.py:840} INFO - DAG(s) 'etl_label_studio' retrieved from /opt/airflow/dags/pipeline_label_studio.py
[2025-11-15T23:56:44.166+0000] {logging_mixin.py:188} INFO - [2025-11-15T23:56:44.166+0000] {dag.py:3089} INFO - Sync 1 DAGs
[2025-11-15T23:56:44.194+0000] {logging_mixin.py:188} INFO - [2025-11-15T23:56:44.193+0000] {dag.py:3947} INFO - Setting next_dagrun for etl_label_studio to 2025-11-15 03:00:00+00:00, run_after=2025-11-16 03:00:00+00:00
[2025-11-15T23:56:44.206+0000] {processor.py:183} INFO - Processing /opt/airflow/dags/pipeline_label_studio.py took 0.090 seconds
[2025-11-15T23:57:14.512+0000] {processor.py:161} INFO - Started process (PID=776) to work on /opt/airflow/dags/pipeline_label_studio.py
[2025-11-15T23:57:14.517+0000] {processor.py:830} INFO - Processing file /opt/airflow/dags/pipeline_label_studio.py for tasks to queue
[2025-11-15T23:57:14.518+0000] {logging_mixin.py:188} INFO - [2025-11-15T23:57:14.518+0000] {dagbag.py:545} INFO - Filling up the DagBag from /opt/airflow/dags/pipeline_label_studio.py
[2025-11-15T23:57:14.528+0000] {processor.py:840} INFO - DAG(s) 'etl_label_studio' retrieved from /opt/airflow/dags/pipeline_label_studio.py
[2025-11-15T23:57:14.552+0000] {logging_mixin.py:188} INFO - [2025-11-15T23:57:14.552+0000] {dag.py:3089} INFO - Sync 1 DAGs
[2025-11-15T23:57:14.576+0000] {logging_mixin.py:188} INFO - [2025-11-15T23:57:14.575+0000] {dag.py:3947} INFO - Setting next_dagrun for etl_label_studio to 2025-11-15 03:00:00+00:00, run_after=2025-11-16 03:00:00+00:00
[2025-11-15T23:57:14.590+0000] {processor.py:183} INFO - Processing /opt/airflow/dags/pipeline_label_studio.py took 0.084 seconds
[2025-11-15T23:57:44.898+0000] {processor.py:161} INFO - Started process (PID=791) to work on /opt/airflow/dags/pipeline_label_studio.py
[2025-11-15T23:57:44.904+0000] {processor.py:830} INFO - Processing file /opt/airflow/dags/pipeline_label_studio.py for tasks to queue
[2025-11-15T23:57:44.908+0000] {logging_mixin.py:188} INFO - [2025-11-15T23:57:44.907+0000] {dagbag.py:545} INFO - Filling up the DagBag from /opt/airflow/dags/pipeline_label_studio.py
[2025-11-15T23:57:44.921+0000] {processor.py:840} INFO - DAG(s) 'etl_label_studio' retrieved from /opt/airflow/dags/pipeline_label_studio.py
[2025-11-15T23:57:44.946+0000] {logging_mixin.py:188} INFO - [2025-11-15T23:57:44.946+0000] {dag.py:3089} INFO - Sync 1 DAGs
[2025-11-15T23:57:44.975+0000] {logging_mixin.py:188} INFO - [2025-11-15T23:57:44.975+0000] {dag.py:3947} INFO - Setting next_dagrun for etl_label_studio to 2025-11-15 03:00:00+00:00, run_after=2025-11-16 03:00:00+00:00
[2025-11-15T23:57:44.991+0000] {processor.py:183} INFO - Processing /opt/airflow/dags/pipeline_label_studio.py took 0.099 seconds
[2025-11-15T23:58:15.303+0000] {processor.py:161} INFO - Started process (PID=806) to work on /opt/airflow/dags/pipeline_label_studio.py
[2025-11-15T23:58:15.305+0000] {processor.py:830} INFO - Processing file /opt/airflow/dags/pipeline_label_studio.py for tasks to queue
[2025-11-15T23:58:15.305+0000] {logging_mixin.py:188} INFO - [2025-11-15T23:58:15.305+0000] {dagbag.py:545} INFO - Filling up the DagBag from /opt/airflow/dags/pipeline_label_studio.py
[2025-11-15T23:58:15.315+0000] {processor.py:840} INFO - DAG(s) 'etl_label_studio' retrieved from /opt/airflow/dags/pipeline_label_studio.py
[2025-11-15T23:58:15.342+0000] {logging_mixin.py:188} INFO - [2025-11-15T23:58:15.341+0000] {dag.py:3089} INFO - Sync 1 DAGs
[2025-11-15T23:58:15.359+0000] {logging_mixin.py:188} INFO - [2025-11-15T23:58:15.359+0000] {dag.py:3947} INFO - Setting next_dagrun for etl_label_studio to 2025-11-15 03:00:00+00:00, run_after=2025-11-16 03:00:00+00:00
[2025-11-15T23:58:15.372+0000] {processor.py:183} INFO - Processing /opt/airflow/dags/pipeline_label_studio.py took 0.076 seconds
[2025-11-15T23:58:45.633+0000] {processor.py:161} INFO - Started process (PID=821) to work on /opt/airflow/dags/pipeline_label_studio.py
[2025-11-15T23:58:45.638+0000] {processor.py:830} INFO - Processing file /opt/airflow/dags/pipeline_label_studio.py for tasks to queue
[2025-11-15T23:58:45.640+0000] {logging_mixin.py:188} INFO - [2025-11-15T23:58:45.640+0000] {dagbag.py:545} INFO - Filling up the DagBag from /opt/airflow/dags/pipeline_label_studio.py
[2025-11-15T23:58:45.650+0000] {processor.py:840} INFO - DAG(s) 'etl_label_studio' retrieved from /opt/airflow/dags/pipeline_label_studio.py
[2025-11-15T23:58:45.674+0000] {logging_mixin.py:188} INFO - [2025-11-15T23:58:45.674+0000] {dag.py:3089} INFO - Sync 1 DAGs
[2025-11-15T23:58:45.692+0000] {logging_mixin.py:188} INFO - [2025-11-15T23:58:45.692+0000] {dag.py:3947} INFO - Setting next_dagrun for etl_label_studio to 2025-11-15 03:00:00+00:00, run_after=2025-11-16 03:00:00+00:00
[2025-11-15T23:58:45.705+0000] {processor.py:183} INFO - Processing /opt/airflow/dags/pipeline_label_studio.py took 0.077 seconds
[2025-11-15T23:59:16.017+0000] {processor.py:161} INFO - Started process (PID=836) to work on /opt/airflow/dags/pipeline_label_studio.py
[2025-11-15T23:59:16.018+0000] {processor.py:830} INFO - Processing file /opt/airflow/dags/pipeline_label_studio.py for tasks to queue
[2025-11-15T23:59:16.020+0000] {logging_mixin.py:188} INFO - [2025-11-15T23:59:16.020+0000] {dagbag.py:545} INFO - Filling up the DagBag from /opt/airflow/dags/pipeline_label_studio.py
[2025-11-15T23:59:16.035+0000] {processor.py:840} INFO - DAG(s) 'etl_label_studio' retrieved from /opt/airflow/dags/pipeline_label_studio.py
[2025-11-15T23:59:16.060+0000] {logging_mixin.py:188} INFO - [2025-11-15T23:59:16.059+0000] {dag.py:3089} INFO - Sync 1 DAGs
[2025-11-15T23:59:16.088+0000] {logging_mixin.py:188} INFO - [2025-11-15T23:59:16.087+0000] {dag.py:3947} INFO - Setting next_dagrun for etl_label_studio to 2025-11-15 03:00:00+00:00, run_after=2025-11-16 03:00:00+00:00
[2025-11-15T23:59:16.222+0000] {processor.py:183} INFO - Processing /opt/airflow/dags/pipeline_label_studio.py took 0.209 seconds
[2025-11-15T23:59:46.551+0000] {processor.py:161} INFO - Started process (PID=851) to work on /opt/airflow/dags/pipeline_label_studio.py
[2025-11-15T23:59:46.554+0000] {processor.py:830} INFO - Processing file /opt/airflow/dags/pipeline_label_studio.py for tasks to queue
[2025-11-15T23:59:46.555+0000] {logging_mixin.py:188} INFO - [2025-11-15T23:59:46.555+0000] {dagbag.py:545} INFO - Filling up the DagBag from /opt/airflow/dags/pipeline_label_studio.py
[2025-11-15T23:59:46.565+0000] {processor.py:840} INFO - DAG(s) 'etl_label_studio' retrieved from /opt/airflow/dags/pipeline_label_studio.py
[2025-11-15T23:59:46.589+0000] {logging_mixin.py:188} INFO - [2025-11-15T23:59:46.589+0000] {dag.py:3089} INFO - Sync 1 DAGs
[2025-11-15T23:59:46.608+0000] {logging_mixin.py:188} INFO - [2025-11-15T23:59:46.608+0000] {dag.py:3947} INFO - Setting next_dagrun for etl_label_studio to 2025-11-15 03:00:00+00:00, run_after=2025-11-16 03:00:00+00:00
[2025-11-15T23:59:46.628+0000] {processor.py:183} INFO - Processing /opt/airflow/dags/pipeline_label_studio.py took 0.081 seconds
