[2025-11-15T22:47:31.176+0000] {processor.py:161} INFO - Started process (PID=262) to work on /opt/airflow/dags/pipeline_strava_activities.py
[2025-11-15T22:47:31.178+0000] {processor.py:830} INFO - Processing file /opt/airflow/dags/pipeline_strava_activities.py for tasks to queue
[2025-11-15T22:47:31.183+0000] {logging_mixin.py:188} INFO - [2025-11-15T22:47:31.181+0000] {dagbag.py:545} INFO - Filling up the DagBag from /opt/airflow/dags/pipeline_strava_activities.py
[2025-11-15T22:47:31.210+0000] {processor.py:840} INFO - DAG(s) 'etl_strava' retrieved from /opt/airflow/dags/pipeline_strava_activities.py
[2025-11-15T22:47:31.330+0000] {logging_mixin.py:188} INFO - [2025-11-15T22:47:31.330+0000] {dag.py:3089} INFO - Sync 1 DAGs
[2025-11-15T22:47:31.353+0000] {logging_mixin.py:188} INFO - [2025-11-15T22:47:31.353+0000] {dag.py:3947} INFO - Setting next_dagrun for etl_strava to 2025-11-15 03:00:00+00:00, run_after=2025-11-16 03:00:00+00:00
[2025-11-15T22:47:31.370+0000] {processor.py:183} INFO - Processing /opt/airflow/dags/pipeline_strava_activities.py took 0.205 seconds
[2025-11-15T22:47:39.282+0000] {processor.py:161} INFO - Started process (PID=272) to work on /opt/airflow/dags/pipeline_strava_activities.py
[2025-11-15T22:47:39.283+0000] {processor.py:830} INFO - Processing file /opt/airflow/dags/pipeline_strava_activities.py for tasks to queue
[2025-11-15T22:47:39.284+0000] {logging_mixin.py:188} INFO - [2025-11-15T22:47:39.284+0000] {dagbag.py:545} INFO - Filling up the DagBag from /opt/airflow/dags/pipeline_strava_activities.py
[2025-11-15T22:47:39.301+0000] {processor.py:840} INFO - DAG(s) 'etl_strava_activities' retrieved from /opt/airflow/dags/pipeline_strava_activities.py
[2025-11-15T22:47:39.480+0000] {logging_mixin.py:188} INFO - [2025-11-15T22:47:39.479+0000] {override.py:1858} INFO - Created Permission View: can delete on DAG:etl_strava_activities
[2025-11-15T22:47:39.486+0000] {logging_mixin.py:188} INFO - [2025-11-15T22:47:39.486+0000] {override.py:1858} INFO - Created Permission View: can edit on DAG:etl_strava_activities
[2025-11-15T22:47:39.491+0000] {logging_mixin.py:188} INFO - [2025-11-15T22:47:39.490+0000] {override.py:1858} INFO - Created Permission View: can read on DAG:etl_strava_activities
[2025-11-15T22:47:39.491+0000] {logging_mixin.py:188} INFO - [2025-11-15T22:47:39.491+0000] {dag.py:3089} INFO - Sync 1 DAGs
[2025-11-15T22:47:39.503+0000] {logging_mixin.py:188} INFO - [2025-11-15T22:47:39.503+0000] {dag.py:3111} INFO - Creating ORM DAG for etl_strava_activities
[2025-11-15T22:47:39.514+0000] {logging_mixin.py:188} INFO - [2025-11-15T22:47:39.514+0000] {dag.py:3947} INFO - Setting next_dagrun for etl_strava_activities to 2025-11-14 03:00:00+00:00, run_after=2025-11-15 03:00:00+00:00
[2025-11-15T22:47:39.546+0000] {processor.py:183} INFO - Processing /opt/airflow/dags/pipeline_strava_activities.py took 0.270 seconds
[2025-11-15T22:48:09.648+0000] {processor.py:161} INFO - Started process (PID=294) to work on /opt/airflow/dags/pipeline_strava_activities.py
[2025-11-15T22:48:09.649+0000] {processor.py:830} INFO - Processing file /opt/airflow/dags/pipeline_strava_activities.py for tasks to queue
[2025-11-15T22:48:09.649+0000] {logging_mixin.py:188} INFO - [2025-11-15T22:48:09.649+0000] {dagbag.py:545} INFO - Filling up the DagBag from /opt/airflow/dags/pipeline_strava_activities.py
[2025-11-15T22:48:09.659+0000] {processor.py:840} INFO - DAG(s) 'etl_strava_activities' retrieved from /opt/airflow/dags/pipeline_strava_activities.py
[2025-11-15T22:48:09.687+0000] {logging_mixin.py:188} INFO - [2025-11-15T22:48:09.686+0000] {dag.py:3089} INFO - Sync 1 DAGs
[2025-11-15T22:48:09.705+0000] {logging_mixin.py:188} INFO - [2025-11-15T22:48:09.705+0000] {dag.py:3947} INFO - Setting next_dagrun for etl_strava_activities to 2025-11-15 03:00:00+00:00, run_after=2025-11-16 03:00:00+00:00
[2025-11-15T22:48:09.717+0000] {processor.py:183} INFO - Processing /opt/airflow/dags/pipeline_strava_activities.py took 0.073 seconds
[2025-11-15T22:48:39.887+0000] {processor.py:161} INFO - Started process (PID=304) to work on /opt/airflow/dags/pipeline_strava_activities.py
[2025-11-15T22:48:39.889+0000] {processor.py:830} INFO - Processing file /opt/airflow/dags/pipeline_strava_activities.py for tasks to queue
[2025-11-15T22:48:39.890+0000] {logging_mixin.py:188} INFO - [2025-11-15T22:48:39.889+0000] {dagbag.py:545} INFO - Filling up the DagBag from /opt/airflow/dags/pipeline_strava_activities.py
[2025-11-15T22:48:39.901+0000] {processor.py:840} INFO - DAG(s) 'etl_strava_activities' retrieved from /opt/airflow/dags/pipeline_strava_activities.py
[2025-11-15T22:48:39.927+0000] {logging_mixin.py:188} INFO - [2025-11-15T22:48:39.927+0000] {dag.py:3089} INFO - Sync 1 DAGs
[2025-11-15T22:48:39.944+0000] {logging_mixin.py:188} INFO - [2025-11-15T22:48:39.944+0000] {dag.py:3947} INFO - Setting next_dagrun for etl_strava_activities to 2025-11-15 03:00:00+00:00, run_after=2025-11-16 03:00:00+00:00
[2025-11-15T22:48:39.956+0000] {processor.py:183} INFO - Processing /opt/airflow/dags/pipeline_strava_activities.py took 0.076 seconds
[2025-11-15T22:49:10.235+0000] {processor.py:161} INFO - Started process (PID=314) to work on /opt/airflow/dags/pipeline_strava_activities.py
[2025-11-15T22:49:10.237+0000] {processor.py:830} INFO - Processing file /opt/airflow/dags/pipeline_strava_activities.py for tasks to queue
[2025-11-15T22:49:10.237+0000] {logging_mixin.py:188} INFO - [2025-11-15T22:49:10.237+0000] {dagbag.py:545} INFO - Filling up the DagBag from /opt/airflow/dags/pipeline_strava_activities.py
[2025-11-15T22:49:10.247+0000] {processor.py:840} INFO - DAG(s) 'etl_strava_activities' retrieved from /opt/airflow/dags/pipeline_strava_activities.py
[2025-11-15T22:49:10.281+0000] {logging_mixin.py:188} INFO - [2025-11-15T22:49:10.281+0000] {dag.py:3089} INFO - Sync 1 DAGs
[2025-11-15T22:49:10.303+0000] {logging_mixin.py:188} INFO - [2025-11-15T22:49:10.302+0000] {dag.py:3947} INFO - Setting next_dagrun for etl_strava_activities to 2025-11-15 03:00:00+00:00, run_after=2025-11-16 03:00:00+00:00
[2025-11-15T22:49:10.316+0000] {processor.py:183} INFO - Processing /opt/airflow/dags/pipeline_strava_activities.py took 0.085 seconds
[2025-11-15T22:49:40.542+0000] {processor.py:161} INFO - Started process (PID=330) to work on /opt/airflow/dags/pipeline_strava_activities.py
[2025-11-15T22:49:40.544+0000] {processor.py:830} INFO - Processing file /opt/airflow/dags/pipeline_strava_activities.py for tasks to queue
[2025-11-15T22:49:40.546+0000] {logging_mixin.py:188} INFO - [2025-11-15T22:49:40.545+0000] {dagbag.py:545} INFO - Filling up the DagBag from /opt/airflow/dags/pipeline_strava_activities.py
[2025-11-15T22:49:40.575+0000] {processor.py:840} INFO - DAG(s) 'etl_strava_activities' retrieved from /opt/airflow/dags/pipeline_strava_activities.py
[2025-11-15T22:49:40.635+0000] {logging_mixin.py:188} INFO - [2025-11-15T22:49:40.634+0000] {dag.py:3089} INFO - Sync 1 DAGs
[2025-11-15T22:49:40.663+0000] {logging_mixin.py:188} INFO - [2025-11-15T22:49:40.663+0000] {dag.py:3947} INFO - Setting next_dagrun for etl_strava_activities to 2025-11-15 03:00:00+00:00, run_after=2025-11-16 03:00:00+00:00
[2025-11-15T22:49:40.684+0000] {processor.py:183} INFO - Processing /opt/airflow/dags/pipeline_strava_activities.py took 0.154 seconds
[2025-11-15T22:50:10.950+0000] {processor.py:161} INFO - Started process (PID=340) to work on /opt/airflow/dags/pipeline_strava_activities.py
[2025-11-15T22:50:10.950+0000] {processor.py:830} INFO - Processing file /opt/airflow/dags/pipeline_strava_activities.py for tasks to queue
[2025-11-15T22:50:10.951+0000] {logging_mixin.py:188} INFO - [2025-11-15T22:50:10.951+0000] {dagbag.py:545} INFO - Filling up the DagBag from /opt/airflow/dags/pipeline_strava_activities.py
[2025-11-15T22:50:10.962+0000] {processor.py:840} INFO - DAG(s) 'etl_strava_activities' retrieved from /opt/airflow/dags/pipeline_strava_activities.py
[2025-11-15T22:50:10.987+0000] {logging_mixin.py:188} INFO - [2025-11-15T22:50:10.987+0000] {dag.py:3089} INFO - Sync 1 DAGs
[2025-11-15T22:50:11.009+0000] {logging_mixin.py:188} INFO - [2025-11-15T22:50:11.008+0000] {dag.py:3947} INFO - Setting next_dagrun for etl_strava_activities to 2025-11-15 03:00:00+00:00, run_after=2025-11-16 03:00:00+00:00
[2025-11-15T22:50:11.024+0000] {processor.py:183} INFO - Processing /opt/airflow/dags/pipeline_strava_activities.py took 0.078 seconds
[2025-11-15T22:50:41.278+0000] {processor.py:161} INFO - Started process (PID=350) to work on /opt/airflow/dags/pipeline_strava_activities.py
[2025-11-15T22:50:41.280+0000] {processor.py:830} INFO - Processing file /opt/airflow/dags/pipeline_strava_activities.py for tasks to queue
[2025-11-15T22:50:41.281+0000] {logging_mixin.py:188} INFO - [2025-11-15T22:50:41.280+0000] {dagbag.py:545} INFO - Filling up the DagBag from /opt/airflow/dags/pipeline_strava_activities.py
[2025-11-15T22:50:41.295+0000] {processor.py:840} INFO - DAG(s) 'etl_strava_activities' retrieved from /opt/airflow/dags/pipeline_strava_activities.py
[2025-11-15T22:50:41.325+0000] {logging_mixin.py:188} INFO - [2025-11-15T22:50:41.325+0000] {dag.py:3089} INFO - Sync 1 DAGs
[2025-11-15T22:50:41.343+0000] {logging_mixin.py:188} INFO - [2025-11-15T22:50:41.342+0000] {dag.py:3947} INFO - Setting next_dagrun for etl_strava_activities to 2025-11-15 03:00:00+00:00, run_after=2025-11-16 03:00:00+00:00
[2025-11-15T22:50:41.355+0000] {processor.py:183} INFO - Processing /opt/airflow/dags/pipeline_strava_activities.py took 0.085 seconds
[2025-11-15T22:51:11.628+0000] {processor.py:161} INFO - Started process (PID=360) to work on /opt/airflow/dags/pipeline_strava_activities.py
[2025-11-15T22:51:11.630+0000] {processor.py:830} INFO - Processing file /opt/airflow/dags/pipeline_strava_activities.py for tasks to queue
[2025-11-15T22:51:11.631+0000] {logging_mixin.py:188} INFO - [2025-11-15T22:51:11.630+0000] {dagbag.py:545} INFO - Filling up the DagBag from /opt/airflow/dags/pipeline_strava_activities.py
[2025-11-15T22:51:11.650+0000] {processor.py:840} INFO - DAG(s) 'etl_strava_activities' retrieved from /opt/airflow/dags/pipeline_strava_activities.py
[2025-11-15T22:51:11.679+0000] {logging_mixin.py:188} INFO - [2025-11-15T22:51:11.679+0000] {dag.py:3089} INFO - Sync 1 DAGs
[2025-11-15T22:51:11.699+0000] {logging_mixin.py:188} INFO - [2025-11-15T22:51:11.699+0000] {dag.py:3947} INFO - Setting next_dagrun for etl_strava_activities to 2025-11-15 03:00:00+00:00, run_after=2025-11-16 03:00:00+00:00
[2025-11-15T22:51:11.712+0000] {processor.py:183} INFO - Processing /opt/airflow/dags/pipeline_strava_activities.py took 0.098 seconds
[2025-11-15T22:51:41.984+0000] {processor.py:161} INFO - Started process (PID=370) to work on /opt/airflow/dags/pipeline_strava_activities.py
[2025-11-15T22:51:41.987+0000] {processor.py:830} INFO - Processing file /opt/airflow/dags/pipeline_strava_activities.py for tasks to queue
[2025-11-15T22:51:41.989+0000] {logging_mixin.py:188} INFO - [2025-11-15T22:51:41.988+0000] {dagbag.py:545} INFO - Filling up the DagBag from /opt/airflow/dags/pipeline_strava_activities.py
[2025-11-15T22:51:42.018+0000] {processor.py:840} INFO - DAG(s) 'etl_strava_activities' retrieved from /opt/airflow/dags/pipeline_strava_activities.py
[2025-11-15T22:51:42.062+0000] {logging_mixin.py:188} INFO - [2025-11-15T22:51:42.061+0000] {dag.py:3089} INFO - Sync 1 DAGs
[2025-11-15T22:51:42.088+0000] {logging_mixin.py:188} INFO - [2025-11-15T22:51:42.088+0000] {dag.py:3947} INFO - Setting next_dagrun for etl_strava_activities to 2025-11-15 03:00:00+00:00, run_after=2025-11-16 03:00:00+00:00
[2025-11-15T22:51:42.105+0000] {processor.py:183} INFO - Processing /opt/airflow/dags/pipeline_strava_activities.py took 0.143 seconds
[2025-11-15T22:52:12.363+0000] {processor.py:161} INFO - Started process (PID=380) to work on /opt/airflow/dags/pipeline_strava_activities.py
[2025-11-15T22:52:12.364+0000] {processor.py:830} INFO - Processing file /opt/airflow/dags/pipeline_strava_activities.py for tasks to queue
[2025-11-15T22:52:12.365+0000] {logging_mixin.py:188} INFO - [2025-11-15T22:52:12.365+0000] {dagbag.py:545} INFO - Filling up the DagBag from /opt/airflow/dags/pipeline_strava_activities.py
[2025-11-15T22:52:12.376+0000] {processor.py:840} INFO - DAG(s) 'etl_strava_activities' retrieved from /opt/airflow/dags/pipeline_strava_activities.py
[2025-11-15T22:52:12.406+0000] {logging_mixin.py:188} INFO - [2025-11-15T22:52:12.405+0000] {dag.py:3089} INFO - Sync 1 DAGs
[2025-11-15T22:52:12.430+0000] {logging_mixin.py:188} INFO - [2025-11-15T22:52:12.429+0000] {dag.py:3947} INFO - Setting next_dagrun for etl_strava_activities to 2025-11-15 03:00:00+00:00, run_after=2025-11-16 03:00:00+00:00
[2025-11-15T22:52:12.444+0000] {processor.py:183} INFO - Processing /opt/airflow/dags/pipeline_strava_activities.py took 0.087 seconds
[2025-11-15T22:52:42.686+0000] {processor.py:161} INFO - Started process (PID=390) to work on /opt/airflow/dags/pipeline_strava_activities.py
[2025-11-15T22:52:42.687+0000] {processor.py:830} INFO - Processing file /opt/airflow/dags/pipeline_strava_activities.py for tasks to queue
[2025-11-15T22:52:42.687+0000] {logging_mixin.py:188} INFO - [2025-11-15T22:52:42.687+0000] {dagbag.py:545} INFO - Filling up the DagBag from /opt/airflow/dags/pipeline_strava_activities.py
[2025-11-15T22:52:42.698+0000] {processor.py:840} INFO - DAG(s) 'etl_strava_activities' retrieved from /opt/airflow/dags/pipeline_strava_activities.py
[2025-11-15T22:52:42.733+0000] {logging_mixin.py:188} INFO - [2025-11-15T22:52:42.733+0000] {dag.py:3089} INFO - Sync 1 DAGs
[2025-11-15T22:52:42.757+0000] {logging_mixin.py:188} INFO - [2025-11-15T22:52:42.757+0000] {dag.py:3947} INFO - Setting next_dagrun for etl_strava_activities to 2025-11-15 03:00:00+00:00, run_after=2025-11-16 03:00:00+00:00
[2025-11-15T22:52:42.779+0000] {processor.py:183} INFO - Processing /opt/airflow/dags/pipeline_strava_activities.py took 0.099 seconds
[2025-11-15T22:53:13.112+0000] {processor.py:161} INFO - Started process (PID=412) to work on /opt/airflow/dags/pipeline_strava_activities.py
[2025-11-15T22:53:13.114+0000] {processor.py:830} INFO - Processing file /opt/airflow/dags/pipeline_strava_activities.py for tasks to queue
[2025-11-15T22:53:13.115+0000] {logging_mixin.py:188} INFO - [2025-11-15T22:53:13.114+0000] {dagbag.py:545} INFO - Filling up the DagBag from /opt/airflow/dags/pipeline_strava_activities.py
[2025-11-15T22:53:13.130+0000] {processor.py:840} INFO - DAG(s) 'etl_strava_activities' retrieved from /opt/airflow/dags/pipeline_strava_activities.py
[2025-11-15T22:53:13.163+0000] {logging_mixin.py:188} INFO - [2025-11-15T22:53:13.163+0000] {dag.py:3089} INFO - Sync 1 DAGs
[2025-11-15T22:53:13.182+0000] {logging_mixin.py:188} INFO - [2025-11-15T22:53:13.182+0000] {dag.py:3947} INFO - Setting next_dagrun for etl_strava_activities to 2025-11-15 03:00:00+00:00, run_after=2025-11-16 03:00:00+00:00
[2025-11-15T22:53:13.195+0000] {processor.py:183} INFO - Processing /opt/airflow/dags/pipeline_strava_activities.py took 0.090 seconds
[2025-11-15T22:53:43.523+0000] {processor.py:161} INFO - Started process (PID=422) to work on /opt/airflow/dags/pipeline_strava_activities.py
[2025-11-15T22:53:43.524+0000] {processor.py:830} INFO - Processing file /opt/airflow/dags/pipeline_strava_activities.py for tasks to queue
[2025-11-15T22:53:43.525+0000] {logging_mixin.py:188} INFO - [2025-11-15T22:53:43.525+0000] {dagbag.py:545} INFO - Filling up the DagBag from /opt/airflow/dags/pipeline_strava_activities.py
[2025-11-15T22:53:43.538+0000] {processor.py:840} INFO - DAG(s) 'etl_strava_activities' retrieved from /opt/airflow/dags/pipeline_strava_activities.py
[2025-11-15T22:53:43.567+0000] {logging_mixin.py:188} INFO - [2025-11-15T22:53:43.567+0000] {dag.py:3089} INFO - Sync 1 DAGs
[2025-11-15T22:53:43.587+0000] {logging_mixin.py:188} INFO - [2025-11-15T22:53:43.586+0000] {dag.py:3947} INFO - Setting next_dagrun for etl_strava_activities to 2025-11-15 03:00:00+00:00, run_after=2025-11-16 03:00:00+00:00
[2025-11-15T22:53:43.599+0000] {processor.py:183} INFO - Processing /opt/airflow/dags/pipeline_strava_activities.py took 0.083 seconds
[2025-11-15T22:54:14.005+0000] {processor.py:161} INFO - Started process (PID=435) to work on /opt/airflow/dags/pipeline_strava_activities.py
[2025-11-15T22:54:14.007+0000] {processor.py:830} INFO - Processing file /opt/airflow/dags/pipeline_strava_activities.py for tasks to queue
[2025-11-15T22:54:14.008+0000] {logging_mixin.py:188} INFO - [2025-11-15T22:54:14.007+0000] {dagbag.py:545} INFO - Filling up the DagBag from /opt/airflow/dags/pipeline_strava_activities.py
[2025-11-15T22:54:14.020+0000] {processor.py:840} INFO - DAG(s) 'etl_strava_activities' retrieved from /opt/airflow/dags/pipeline_strava_activities.py
[2025-11-15T22:54:14.044+0000] {logging_mixin.py:188} INFO - [2025-11-15T22:54:14.043+0000] {dag.py:3089} INFO - Sync 1 DAGs
[2025-11-15T22:54:14.061+0000] {logging_mixin.py:188} INFO - [2025-11-15T22:54:14.061+0000] {dag.py:3947} INFO - Setting next_dagrun for etl_strava_activities to 2025-11-15 03:00:00+00:00, run_after=2025-11-16 03:00:00+00:00
[2025-11-15T22:54:14.072+0000] {processor.py:183} INFO - Processing /opt/airflow/dags/pipeline_strava_activities.py took 0.074 seconds
[2025-11-15T22:54:44.366+0000] {processor.py:161} INFO - Started process (PID=448) to work on /opt/airflow/dags/pipeline_strava_activities.py
[2025-11-15T22:54:44.367+0000] {processor.py:830} INFO - Processing file /opt/airflow/dags/pipeline_strava_activities.py for tasks to queue
[2025-11-15T22:54:44.368+0000] {logging_mixin.py:188} INFO - [2025-11-15T22:54:44.368+0000] {dagbag.py:545} INFO - Filling up the DagBag from /opt/airflow/dags/pipeline_strava_activities.py
[2025-11-15T22:54:44.383+0000] {processor.py:840} INFO - DAG(s) 'etl_strava_activities' retrieved from /opt/airflow/dags/pipeline_strava_activities.py
[2025-11-15T22:54:44.414+0000] {logging_mixin.py:188} INFO - [2025-11-15T22:54:44.413+0000] {dag.py:3089} INFO - Sync 1 DAGs
[2025-11-15T22:54:44.435+0000] {logging_mixin.py:188} INFO - [2025-11-15T22:54:44.434+0000] {dag.py:3947} INFO - Setting next_dagrun for etl_strava_activities to 2025-11-15 03:00:00+00:00, run_after=2025-11-16 03:00:00+00:00
[2025-11-15T22:54:44.450+0000] {processor.py:183} INFO - Processing /opt/airflow/dags/pipeline_strava_activities.py took 0.093 seconds
[2025-11-15T22:55:14.785+0000] {processor.py:161} INFO - Started process (PID=461) to work on /opt/airflow/dags/pipeline_strava_activities.py
[2025-11-15T22:55:14.788+0000] {processor.py:830} INFO - Processing file /opt/airflow/dags/pipeline_strava_activities.py for tasks to queue
[2025-11-15T22:55:14.788+0000] {logging_mixin.py:188} INFO - [2025-11-15T22:55:14.788+0000] {dagbag.py:545} INFO - Filling up the DagBag from /opt/airflow/dags/pipeline_strava_activities.py
[2025-11-15T22:55:14.799+0000] {processor.py:840} INFO - DAG(s) 'etl_strava_activities' retrieved from /opt/airflow/dags/pipeline_strava_activities.py
[2025-11-15T22:55:14.825+0000] {logging_mixin.py:188} INFO - [2025-11-15T22:55:14.825+0000] {dag.py:3089} INFO - Sync 1 DAGs
[2025-11-15T22:55:14.843+0000] {logging_mixin.py:188} INFO - [2025-11-15T22:55:14.843+0000] {dag.py:3947} INFO - Setting next_dagrun for etl_strava_activities to 2025-11-15 03:00:00+00:00, run_after=2025-11-16 03:00:00+00:00
[2025-11-15T22:55:14.856+0000] {processor.py:183} INFO - Processing /opt/airflow/dags/pipeline_strava_activities.py took 0.076 seconds
[2025-11-15T22:55:45.108+0000] {processor.py:161} INFO - Started process (PID=471) to work on /opt/airflow/dags/pipeline_strava_activities.py
[2025-11-15T22:55:45.111+0000] {processor.py:830} INFO - Processing file /opt/airflow/dags/pipeline_strava_activities.py for tasks to queue
[2025-11-15T22:55:45.112+0000] {logging_mixin.py:188} INFO - [2025-11-15T22:55:45.111+0000] {dagbag.py:545} INFO - Filling up the DagBag from /opt/airflow/dags/pipeline_strava_activities.py
[2025-11-15T22:55:45.123+0000] {processor.py:840} INFO - DAG(s) 'etl_strava_activities' retrieved from /opt/airflow/dags/pipeline_strava_activities.py
[2025-11-15T22:55:45.149+0000] {logging_mixin.py:188} INFO - [2025-11-15T22:55:45.149+0000] {dag.py:3089} INFO - Sync 1 DAGs
[2025-11-15T22:55:45.166+0000] {logging_mixin.py:188} INFO - [2025-11-15T22:55:45.166+0000] {dag.py:3947} INFO - Setting next_dagrun for etl_strava_activities to 2025-11-15 03:00:00+00:00, run_after=2025-11-16 03:00:00+00:00
[2025-11-15T22:55:45.178+0000] {processor.py:183} INFO - Processing /opt/airflow/dags/pipeline_strava_activities.py took 0.076 seconds
[2025-11-15T22:56:15.417+0000] {processor.py:161} INFO - Started process (PID=481) to work on /opt/airflow/dags/pipeline_strava_activities.py
[2025-11-15T22:56:15.419+0000] {processor.py:830} INFO - Processing file /opt/airflow/dags/pipeline_strava_activities.py for tasks to queue
[2025-11-15T22:56:15.420+0000] {logging_mixin.py:188} INFO - [2025-11-15T22:56:15.419+0000] {dagbag.py:545} INFO - Filling up the DagBag from /opt/airflow/dags/pipeline_strava_activities.py
[2025-11-15T22:56:15.437+0000] {processor.py:840} INFO - DAG(s) 'etl_strava_activities' retrieved from /opt/airflow/dags/pipeline_strava_activities.py
[2025-11-15T22:56:15.471+0000] {logging_mixin.py:188} INFO - [2025-11-15T22:56:15.471+0000] {dag.py:3089} INFO - Sync 1 DAGs
[2025-11-15T22:56:15.494+0000] {logging_mixin.py:188} INFO - [2025-11-15T22:56:15.494+0000] {dag.py:3947} INFO - Setting next_dagrun for etl_strava_activities to 2025-11-15 03:00:00+00:00, run_after=2025-11-16 03:00:00+00:00
[2025-11-15T22:56:15.509+0000] {processor.py:183} INFO - Processing /opt/airflow/dags/pipeline_strava_activities.py took 0.099 seconds
[2025-11-15T22:56:45.790+0000] {processor.py:161} INFO - Started process (PID=491) to work on /opt/airflow/dags/pipeline_strava_activities.py
[2025-11-15T22:56:45.792+0000] {processor.py:830} INFO - Processing file /opt/airflow/dags/pipeline_strava_activities.py for tasks to queue
[2025-11-15T22:56:45.793+0000] {logging_mixin.py:188} INFO - [2025-11-15T22:56:45.793+0000] {dagbag.py:545} INFO - Filling up the DagBag from /opt/airflow/dags/pipeline_strava_activities.py
[2025-11-15T22:56:45.809+0000] {processor.py:840} INFO - DAG(s) 'etl_strava_activities' retrieved from /opt/airflow/dags/pipeline_strava_activities.py
[2025-11-15T22:56:45.845+0000] {logging_mixin.py:188} INFO - [2025-11-15T22:56:45.845+0000] {dag.py:3089} INFO - Sync 1 DAGs
[2025-11-15T22:56:45.865+0000] {logging_mixin.py:188} INFO - [2025-11-15T22:56:45.865+0000] {dag.py:3947} INFO - Setting next_dagrun for etl_strava_activities to 2025-11-15 03:00:00+00:00, run_after=2025-11-16 03:00:00+00:00
[2025-11-15T22:56:45.878+0000] {processor.py:183} INFO - Processing /opt/airflow/dags/pipeline_strava_activities.py took 0.095 seconds
[2025-11-15T22:57:16.112+0000] {processor.py:161} INFO - Started process (PID=501) to work on /opt/airflow/dags/pipeline_strava_activities.py
[2025-11-15T22:57:16.114+0000] {processor.py:830} INFO - Processing file /opt/airflow/dags/pipeline_strava_activities.py for tasks to queue
[2025-11-15T22:57:16.114+0000] {logging_mixin.py:188} INFO - [2025-11-15T22:57:16.114+0000] {dagbag.py:545} INFO - Filling up the DagBag from /opt/airflow/dags/pipeline_strava_activities.py
[2025-11-15T22:57:16.125+0000] {processor.py:840} INFO - DAG(s) 'etl_strava_activities' retrieved from /opt/airflow/dags/pipeline_strava_activities.py
[2025-11-15T22:57:16.156+0000] {logging_mixin.py:188} INFO - [2025-11-15T22:57:16.155+0000] {dag.py:3089} INFO - Sync 1 DAGs
[2025-11-15T22:57:16.177+0000] {logging_mixin.py:188} INFO - [2025-11-15T22:57:16.177+0000] {dag.py:3947} INFO - Setting next_dagrun for etl_strava_activities to 2025-11-15 03:00:00+00:00, run_after=2025-11-16 03:00:00+00:00
[2025-11-15T22:57:16.190+0000] {processor.py:183} INFO - Processing /opt/airflow/dags/pipeline_strava_activities.py took 0.083 seconds
[2025-11-15T22:57:46.523+0000] {processor.py:161} INFO - Started process (PID=511) to work on /opt/airflow/dags/pipeline_strava_activities.py
[2025-11-15T22:57:46.525+0000] {processor.py:830} INFO - Processing file /opt/airflow/dags/pipeline_strava_activities.py for tasks to queue
[2025-11-15T22:57:46.527+0000] {logging_mixin.py:188} INFO - [2025-11-15T22:57:46.526+0000] {dagbag.py:545} INFO - Filling up the DagBag from /opt/airflow/dags/pipeline_strava_activities.py
[2025-11-15T22:57:46.550+0000] {processor.py:840} INFO - DAG(s) 'etl_strava_activities' retrieved from /opt/airflow/dags/pipeline_strava_activities.py
[2025-11-15T22:57:46.603+0000] {logging_mixin.py:188} INFO - [2025-11-15T22:57:46.602+0000] {dag.py:3089} INFO - Sync 1 DAGs
[2025-11-15T22:57:46.638+0000] {logging_mixin.py:188} INFO - [2025-11-15T22:57:46.637+0000] {dag.py:3947} INFO - Setting next_dagrun for etl_strava_activities to 2025-11-15 03:00:00+00:00, run_after=2025-11-16 03:00:00+00:00
[2025-11-15T22:57:46.658+0000] {processor.py:183} INFO - Processing /opt/airflow/dags/pipeline_strava_activities.py took 0.147 seconds
[2025-11-15T22:58:16.907+0000] {processor.py:161} INFO - Started process (PID=521) to work on /opt/airflow/dags/pipeline_strava_activities.py
[2025-11-15T22:58:16.908+0000] {processor.py:830} INFO - Processing file /opt/airflow/dags/pipeline_strava_activities.py for tasks to queue
[2025-11-15T22:58:16.909+0000] {logging_mixin.py:188} INFO - [2025-11-15T22:58:16.909+0000] {dagbag.py:545} INFO - Filling up the DagBag from /opt/airflow/dags/pipeline_strava_activities.py
[2025-11-15T22:58:16.923+0000] {processor.py:840} INFO - DAG(s) 'etl_strava_activities' retrieved from /opt/airflow/dags/pipeline_strava_activities.py
[2025-11-15T22:58:16.962+0000] {logging_mixin.py:188} INFO - [2025-11-15T22:58:16.961+0000] {dag.py:3089} INFO - Sync 1 DAGs
[2025-11-15T22:58:16.989+0000] {logging_mixin.py:188} INFO - [2025-11-15T22:58:16.989+0000] {dag.py:3947} INFO - Setting next_dagrun for etl_strava_activities to 2025-11-15 03:00:00+00:00, run_after=2025-11-16 03:00:00+00:00
[2025-11-15T22:58:17.007+0000] {processor.py:183} INFO - Processing /opt/airflow/dags/pipeline_strava_activities.py took 0.107 seconds
[2025-11-15T22:58:47.258+0000] {processor.py:161} INFO - Started process (PID=531) to work on /opt/airflow/dags/pipeline_strava_activities.py
[2025-11-15T22:58:47.260+0000] {processor.py:830} INFO - Processing file /opt/airflow/dags/pipeline_strava_activities.py for tasks to queue
[2025-11-15T22:58:47.261+0000] {logging_mixin.py:188} INFO - [2025-11-15T22:58:47.261+0000] {dagbag.py:545} INFO - Filling up the DagBag from /opt/airflow/dags/pipeline_strava_activities.py
[2025-11-15T22:58:47.275+0000] {processor.py:840} INFO - DAG(s) 'etl_strava_activities' retrieved from /opt/airflow/dags/pipeline_strava_activities.py
[2025-11-15T22:58:47.303+0000] {logging_mixin.py:188} INFO - [2025-11-15T22:58:47.303+0000] {dag.py:3089} INFO - Sync 1 DAGs
[2025-11-15T22:58:47.323+0000] {logging_mixin.py:188} INFO - [2025-11-15T22:58:47.323+0000] {dag.py:3947} INFO - Setting next_dagrun for etl_strava_activities to 2025-11-15 03:00:00+00:00, run_after=2025-11-16 03:00:00+00:00
[2025-11-15T22:58:47.336+0000] {processor.py:183} INFO - Processing /opt/airflow/dags/pipeline_strava_activities.py took 0.084 seconds
[2025-11-15T22:59:17.632+0000] {processor.py:161} INFO - Started process (PID=544) to work on /opt/airflow/dags/pipeline_strava_activities.py
[2025-11-15T22:59:17.633+0000] {processor.py:830} INFO - Processing file /opt/airflow/dags/pipeline_strava_activities.py for tasks to queue
[2025-11-15T22:59:17.634+0000] {logging_mixin.py:188} INFO - [2025-11-15T22:59:17.634+0000] {dagbag.py:545} INFO - Filling up the DagBag from /opt/airflow/dags/pipeline_strava_activities.py
[2025-11-15T22:59:17.646+0000] {processor.py:840} INFO - DAG(s) 'etl_strava_activities' retrieved from /opt/airflow/dags/pipeline_strava_activities.py
[2025-11-15T22:59:17.676+0000] {logging_mixin.py:188} INFO - [2025-11-15T22:59:17.676+0000] {dag.py:3089} INFO - Sync 1 DAGs
[2025-11-15T22:59:17.694+0000] {logging_mixin.py:188} INFO - [2025-11-15T22:59:17.693+0000] {dag.py:3947} INFO - Setting next_dagrun for etl_strava_activities to 2025-11-15 03:00:00+00:00, run_after=2025-11-16 03:00:00+00:00
[2025-11-15T22:59:17.705+0000] {processor.py:183} INFO - Processing /opt/airflow/dags/pipeline_strava_activities.py took 0.080 seconds
[2025-11-15T22:59:47.976+0000] {processor.py:161} INFO - Started process (PID=557) to work on /opt/airflow/dags/pipeline_strava_activities.py
[2025-11-15T22:59:47.978+0000] {processor.py:830} INFO - Processing file /opt/airflow/dags/pipeline_strava_activities.py for tasks to queue
[2025-11-15T22:59:47.978+0000] {logging_mixin.py:188} INFO - [2025-11-15T22:59:47.978+0000] {dagbag.py:545} INFO - Filling up the DagBag from /opt/airflow/dags/pipeline_strava_activities.py
[2025-11-15T22:59:47.996+0000] {processor.py:840} INFO - DAG(s) 'etl_strava_activities' retrieved from /opt/airflow/dags/pipeline_strava_activities.py
[2025-11-15T22:59:48.026+0000] {logging_mixin.py:188} INFO - [2025-11-15T22:59:48.025+0000] {dag.py:3089} INFO - Sync 1 DAGs
[2025-11-15T22:59:48.045+0000] {logging_mixin.py:188} INFO - [2025-11-15T22:59:48.045+0000] {dag.py:3947} INFO - Setting next_dagrun for etl_strava_activities to 2025-11-15 03:00:00+00:00, run_after=2025-11-16 03:00:00+00:00
[2025-11-15T22:59:48.057+0000] {processor.py:183} INFO - Processing /opt/airflow/dags/pipeline_strava_activities.py took 0.088 seconds
[2025-11-15T23:00:18.413+0000] {processor.py:161} INFO - Started process (PID=570) to work on /opt/airflow/dags/pipeline_strava_activities.py
[2025-11-15T23:00:18.414+0000] {processor.py:830} INFO - Processing file /opt/airflow/dags/pipeline_strava_activities.py for tasks to queue
[2025-11-15T23:00:18.415+0000] {logging_mixin.py:188} INFO - [2025-11-15T23:00:18.415+0000] {dagbag.py:545} INFO - Filling up the DagBag from /opt/airflow/dags/pipeline_strava_activities.py
[2025-11-15T23:00:18.432+0000] {processor.py:840} INFO - DAG(s) 'etl_strava_activities' retrieved from /opt/airflow/dags/pipeline_strava_activities.py
[2025-11-15T23:00:18.461+0000] {logging_mixin.py:188} INFO - [2025-11-15T23:00:18.461+0000] {dag.py:3089} INFO - Sync 1 DAGs
[2025-11-15T23:00:18.483+0000] {logging_mixin.py:188} INFO - [2025-11-15T23:00:18.483+0000] {dag.py:3947} INFO - Setting next_dagrun for etl_strava_activities to 2025-11-15 03:00:00+00:00, run_after=2025-11-16 03:00:00+00:00
[2025-11-15T23:00:18.497+0000] {processor.py:183} INFO - Processing /opt/airflow/dags/pipeline_strava_activities.py took 0.092 seconds
[2025-11-15T23:00:48.831+0000] {processor.py:161} INFO - Started process (PID=583) to work on /opt/airflow/dags/pipeline_strava_activities.py
[2025-11-15T23:00:48.833+0000] {processor.py:830} INFO - Processing file /opt/airflow/dags/pipeline_strava_activities.py for tasks to queue
[2025-11-15T23:00:48.834+0000] {logging_mixin.py:188} INFO - [2025-11-15T23:00:48.834+0000] {dagbag.py:545} INFO - Filling up the DagBag from /opt/airflow/dags/pipeline_strava_activities.py
[2025-11-15T23:00:48.846+0000] {processor.py:840} INFO - DAG(s) 'etl_strava_activities' retrieved from /opt/airflow/dags/pipeline_strava_activities.py
[2025-11-15T23:00:48.938+0000] {logging_mixin.py:188} INFO - [2025-11-15T23:00:48.937+0000] {dag.py:3089} INFO - Sync 1 DAGs
[2025-11-15T23:00:48.970+0000] {logging_mixin.py:188} INFO - [2025-11-15T23:00:48.970+0000] {dag.py:3947} INFO - Setting next_dagrun for etl_strava_activities to 2025-11-15 03:00:00+00:00, run_after=2025-11-16 03:00:00+00:00
[2025-11-15T23:00:49.015+0000] {processor.py:183} INFO - Processing /opt/airflow/dags/pipeline_strava_activities.py took 0.191 seconds
[2025-11-15T23:01:19.269+0000] {processor.py:161} INFO - Started process (PID=593) to work on /opt/airflow/dags/pipeline_strava_activities.py
[2025-11-15T23:01:19.271+0000] {processor.py:830} INFO - Processing file /opt/airflow/dags/pipeline_strava_activities.py for tasks to queue
[2025-11-15T23:01:19.272+0000] {logging_mixin.py:188} INFO - [2025-11-15T23:01:19.271+0000] {dagbag.py:545} INFO - Filling up the DagBag from /opt/airflow/dags/pipeline_strava_activities.py
[2025-11-15T23:01:19.281+0000] {processor.py:840} INFO - DAG(s) 'etl_strava_activities' retrieved from /opt/airflow/dags/pipeline_strava_activities.py
[2025-11-15T23:01:19.306+0000] {logging_mixin.py:188} INFO - [2025-11-15T23:01:19.306+0000] {dag.py:3089} INFO - Sync 1 DAGs
[2025-11-15T23:01:19.325+0000] {logging_mixin.py:188} INFO - [2025-11-15T23:01:19.325+0000] {dag.py:3947} INFO - Setting next_dagrun for etl_strava_activities to 2025-11-15 03:00:00+00:00, run_after=2025-11-16 03:00:00+00:00
[2025-11-15T23:01:19.338+0000] {processor.py:183} INFO - Processing /opt/airflow/dags/pipeline_strava_activities.py took 0.076 seconds
[2025-11-15T23:01:49.648+0000] {processor.py:161} INFO - Started process (PID=603) to work on /opt/airflow/dags/pipeline_strava_activities.py
[2025-11-15T23:01:49.649+0000] {processor.py:830} INFO - Processing file /opt/airflow/dags/pipeline_strava_activities.py for tasks to queue
[2025-11-15T23:01:49.650+0000] {logging_mixin.py:188} INFO - [2025-11-15T23:01:49.650+0000] {dagbag.py:545} INFO - Filling up the DagBag from /opt/airflow/dags/pipeline_strava_activities.py
[2025-11-15T23:01:49.673+0000] {processor.py:840} INFO - DAG(s) 'etl_strava_activities' retrieved from /opt/airflow/dags/pipeline_strava_activities.py
[2025-11-15T23:01:49.712+0000] {logging_mixin.py:188} INFO - [2025-11-15T23:01:49.712+0000] {dag.py:3089} INFO - Sync 1 DAGs
[2025-11-15T23:01:49.742+0000] {logging_mixin.py:188} INFO - [2025-11-15T23:01:49.742+0000] {dag.py:3947} INFO - Setting next_dagrun for etl_strava_activities to 2025-11-15 03:00:00+00:00, run_after=2025-11-16 03:00:00+00:00
[2025-11-15T23:01:49.761+0000] {processor.py:183} INFO - Processing /opt/airflow/dags/pipeline_strava_activities.py took 0.120 seconds
[2025-11-15T23:02:20.069+0000] {processor.py:161} INFO - Started process (PID=613) to work on /opt/airflow/dags/pipeline_strava_activities.py
[2025-11-15T23:02:20.072+0000] {processor.py:830} INFO - Processing file /opt/airflow/dags/pipeline_strava_activities.py for tasks to queue
[2025-11-15T23:02:20.073+0000] {logging_mixin.py:188} INFO - [2025-11-15T23:02:20.072+0000] {dagbag.py:545} INFO - Filling up the DagBag from /opt/airflow/dags/pipeline_strava_activities.py
[2025-11-15T23:02:20.086+0000] {processor.py:840} INFO - DAG(s) 'etl_strava_activities' retrieved from /opt/airflow/dags/pipeline_strava_activities.py
[2025-11-15T23:02:20.117+0000] {logging_mixin.py:188} INFO - [2025-11-15T23:02:20.116+0000] {dag.py:3089} INFO - Sync 1 DAGs
[2025-11-15T23:02:20.136+0000] {logging_mixin.py:188} INFO - [2025-11-15T23:02:20.136+0000] {dag.py:3947} INFO - Setting next_dagrun for etl_strava_activities to 2025-11-15 03:00:00+00:00, run_after=2025-11-16 03:00:00+00:00
[2025-11-15T23:02:20.153+0000] {processor.py:183} INFO - Processing /opt/airflow/dags/pipeline_strava_activities.py took 0.090 seconds
[2025-11-15T23:02:50.427+0000] {processor.py:161} INFO - Started process (PID=623) to work on /opt/airflow/dags/pipeline_strava_activities.py
[2025-11-15T23:02:50.429+0000] {processor.py:830} INFO - Processing file /opt/airflow/dags/pipeline_strava_activities.py for tasks to queue
[2025-11-15T23:02:50.429+0000] {logging_mixin.py:188} INFO - [2025-11-15T23:02:50.429+0000] {dagbag.py:545} INFO - Filling up the DagBag from /opt/airflow/dags/pipeline_strava_activities.py
[2025-11-15T23:02:50.452+0000] {processor.py:840} INFO - DAG(s) 'etl_strava_activities' retrieved from /opt/airflow/dags/pipeline_strava_activities.py
[2025-11-15T23:02:50.494+0000] {logging_mixin.py:188} INFO - [2025-11-15T23:02:50.493+0000] {dag.py:3089} INFO - Sync 1 DAGs
[2025-11-15T23:02:50.519+0000] {logging_mixin.py:188} INFO - [2025-11-15T23:02:50.519+0000] {dag.py:3947} INFO - Setting next_dagrun for etl_strava_activities to 2025-11-15 03:00:00+00:00, run_after=2025-11-16 03:00:00+00:00
[2025-11-15T23:02:50.536+0000] {processor.py:183} INFO - Processing /opt/airflow/dags/pipeline_strava_activities.py took 0.115 seconds
[2025-11-15T23:03:20.813+0000] {processor.py:161} INFO - Started process (PID=633) to work on /opt/airflow/dags/pipeline_strava_activities.py
[2025-11-15T23:03:20.815+0000] {processor.py:830} INFO - Processing file /opt/airflow/dags/pipeline_strava_activities.py for tasks to queue
[2025-11-15T23:03:20.816+0000] {logging_mixin.py:188} INFO - [2025-11-15T23:03:20.815+0000] {dagbag.py:545} INFO - Filling up the DagBag from /opt/airflow/dags/pipeline_strava_activities.py
[2025-11-15T23:03:20.831+0000] {processor.py:840} INFO - DAG(s) 'etl_strava_activities' retrieved from /opt/airflow/dags/pipeline_strava_activities.py
[2025-11-15T23:03:20.858+0000] {logging_mixin.py:188} INFO - [2025-11-15T23:03:20.858+0000] {dag.py:3089} INFO - Sync 1 DAGs
[2025-11-15T23:03:20.877+0000] {logging_mixin.py:188} INFO - [2025-11-15T23:03:20.877+0000] {dag.py:3947} INFO - Setting next_dagrun for etl_strava_activities to 2025-11-15 03:00:00+00:00, run_after=2025-11-16 03:00:00+00:00
[2025-11-15T23:03:20.891+0000] {processor.py:183} INFO - Processing /opt/airflow/dags/pipeline_strava_activities.py took 0.084 seconds
[2025-11-15T23:03:51.195+0000] {processor.py:161} INFO - Started process (PID=643) to work on /opt/airflow/dags/pipeline_strava_activities.py
[2025-11-15T23:03:51.197+0000] {processor.py:830} INFO - Processing file /opt/airflow/dags/pipeline_strava_activities.py for tasks to queue
[2025-11-15T23:03:51.198+0000] {logging_mixin.py:188} INFO - [2025-11-15T23:03:51.197+0000] {dagbag.py:545} INFO - Filling up the DagBag from /opt/airflow/dags/pipeline_strava_activities.py
[2025-11-15T23:03:51.210+0000] {processor.py:840} INFO - DAG(s) 'etl_strava_activities' retrieved from /opt/airflow/dags/pipeline_strava_activities.py
[2025-11-15T23:03:51.236+0000] {logging_mixin.py:188} INFO - [2025-11-15T23:03:51.235+0000] {dag.py:3089} INFO - Sync 1 DAGs
[2025-11-15T23:03:51.260+0000] {logging_mixin.py:188} INFO - [2025-11-15T23:03:51.260+0000] {dag.py:3947} INFO - Setting next_dagrun for etl_strava_activities to 2025-11-15 03:00:00+00:00, run_after=2025-11-16 03:00:00+00:00
[2025-11-15T23:03:51.274+0000] {processor.py:183} INFO - Processing /opt/airflow/dags/pipeline_strava_activities.py took 0.084 seconds
[2025-11-15T23:04:21.554+0000] {processor.py:161} INFO - Started process (PID=653) to work on /opt/airflow/dags/pipeline_strava_activities.py
[2025-11-15T23:04:21.557+0000] {processor.py:830} INFO - Processing file /opt/airflow/dags/pipeline_strava_activities.py for tasks to queue
[2025-11-15T23:04:21.557+0000] {logging_mixin.py:188} INFO - [2025-11-15T23:04:21.557+0000] {dagbag.py:545} INFO - Filling up the DagBag from /opt/airflow/dags/pipeline_strava_activities.py
[2025-11-15T23:04:21.569+0000] {processor.py:840} INFO - DAG(s) 'etl_strava_activities' retrieved from /opt/airflow/dags/pipeline_strava_activities.py
[2025-11-15T23:04:21.595+0000] {logging_mixin.py:188} INFO - [2025-11-15T23:04:21.595+0000] {dag.py:3089} INFO - Sync 1 DAGs
[2025-11-15T23:04:21.613+0000] {logging_mixin.py:188} INFO - [2025-11-15T23:04:21.613+0000] {dag.py:3947} INFO - Setting next_dagrun for etl_strava_activities to 2025-11-15 03:00:00+00:00, run_after=2025-11-16 03:00:00+00:00
[2025-11-15T23:04:21.625+0000] {processor.py:183} INFO - Processing /opt/airflow/dags/pipeline_strava_activities.py took 0.077 seconds
[2025-11-15T23:04:51.904+0000] {processor.py:161} INFO - Started process (PID=666) to work on /opt/airflow/dags/pipeline_strava_activities.py
[2025-11-15T23:04:51.905+0000] {processor.py:830} INFO - Processing file /opt/airflow/dags/pipeline_strava_activities.py for tasks to queue
[2025-11-15T23:04:51.906+0000] {logging_mixin.py:188} INFO - [2025-11-15T23:04:51.905+0000] {dagbag.py:545} INFO - Filling up the DagBag from /opt/airflow/dags/pipeline_strava_activities.py
[2025-11-15T23:04:51.915+0000] {processor.py:840} INFO - DAG(s) 'etl_strava_activities' retrieved from /opt/airflow/dags/pipeline_strava_activities.py
[2025-11-15T23:04:51.940+0000] {logging_mixin.py:188} INFO - [2025-11-15T23:04:51.940+0000] {dag.py:3089} INFO - Sync 1 DAGs
[2025-11-15T23:04:51.957+0000] {logging_mixin.py:188} INFO - [2025-11-15T23:04:51.957+0000] {dag.py:3947} INFO - Setting next_dagrun for etl_strava_activities to 2025-11-15 03:00:00+00:00, run_after=2025-11-16 03:00:00+00:00
[2025-11-15T23:04:51.969+0000] {processor.py:183} INFO - Processing /opt/airflow/dags/pipeline_strava_activities.py took 0.071 seconds
[2025-11-15T23:05:22.289+0000] {processor.py:161} INFO - Started process (PID=676) to work on /opt/airflow/dags/pipeline_strava_activities.py
[2025-11-15T23:05:22.290+0000] {processor.py:830} INFO - Processing file /opt/airflow/dags/pipeline_strava_activities.py for tasks to queue
[2025-11-15T23:05:22.291+0000] {logging_mixin.py:188} INFO - [2025-11-15T23:05:22.291+0000] {dagbag.py:545} INFO - Filling up the DagBag from /opt/airflow/dags/pipeline_strava_activities.py
[2025-11-15T23:05:22.309+0000] {processor.py:840} INFO - DAG(s) 'etl_strava_activities' retrieved from /opt/airflow/dags/pipeline_strava_activities.py
[2025-11-15T23:05:22.344+0000] {logging_mixin.py:188} INFO - [2025-11-15T23:05:22.343+0000] {dag.py:3089} INFO - Sync 1 DAGs
[2025-11-15T23:05:22.365+0000] {logging_mixin.py:188} INFO - [2025-11-15T23:05:22.365+0000] {dag.py:3947} INFO - Setting next_dagrun for etl_strava_activities to 2025-11-15 03:00:00+00:00, run_after=2025-11-16 03:00:00+00:00
[2025-11-15T23:05:22.379+0000] {processor.py:183} INFO - Processing /opt/airflow/dags/pipeline_strava_activities.py took 0.099 seconds
[2025-11-15T23:05:52.687+0000] {processor.py:161} INFO - Started process (PID=689) to work on /opt/airflow/dags/pipeline_strava_activities.py
[2025-11-15T23:05:52.690+0000] {processor.py:830} INFO - Processing file /opt/airflow/dags/pipeline_strava_activities.py for tasks to queue
[2025-11-15T23:05:52.692+0000] {logging_mixin.py:188} INFO - [2025-11-15T23:05:52.692+0000] {dagbag.py:545} INFO - Filling up the DagBag from /opt/airflow/dags/pipeline_strava_activities.py
[2025-11-15T23:05:52.711+0000] {processor.py:840} INFO - DAG(s) 'etl_strava_activities' retrieved from /opt/airflow/dags/pipeline_strava_activities.py
[2025-11-15T23:05:52.751+0000] {logging_mixin.py:188} INFO - [2025-11-15T23:05:52.751+0000] {dag.py:3089} INFO - Sync 1 DAGs
[2025-11-15T23:05:52.773+0000] {logging_mixin.py:188} INFO - [2025-11-15T23:05:52.773+0000] {dag.py:3947} INFO - Setting next_dagrun for etl_strava_activities to 2025-11-15 03:00:00+00:00, run_after=2025-11-16 03:00:00+00:00
[2025-11-15T23:05:52.786+0000] {processor.py:183} INFO - Processing /opt/airflow/dags/pipeline_strava_activities.py took 0.107 seconds
[2025-11-15T23:06:23.029+0000] {processor.py:161} INFO - Started process (PID=702) to work on /opt/airflow/dags/pipeline_strava_activities.py
[2025-11-15T23:06:23.032+0000] {processor.py:830} INFO - Processing file /opt/airflow/dags/pipeline_strava_activities.py for tasks to queue
[2025-11-15T23:06:23.033+0000] {logging_mixin.py:188} INFO - [2025-11-15T23:06:23.032+0000] {dagbag.py:545} INFO - Filling up the DagBag from /opt/airflow/dags/pipeline_strava_activities.py
[2025-11-15T23:06:23.046+0000] {processor.py:840} INFO - DAG(s) 'etl_strava_activities' retrieved from /opt/airflow/dags/pipeline_strava_activities.py
[2025-11-15T23:06:23.073+0000] {logging_mixin.py:188} INFO - [2025-11-15T23:06:23.072+0000] {dag.py:3089} INFO - Sync 1 DAGs
[2025-11-15T23:06:23.092+0000] {logging_mixin.py:188} INFO - [2025-11-15T23:06:23.091+0000] {dag.py:3947} INFO - Setting next_dagrun for etl_strava_activities to 2025-11-15 03:00:00+00:00, run_after=2025-11-16 03:00:00+00:00
[2025-11-15T23:06:23.105+0000] {processor.py:183} INFO - Processing /opt/airflow/dags/pipeline_strava_activities.py took 0.083 seconds
[2025-11-15T23:06:53.422+0000] {processor.py:161} INFO - Started process (PID=712) to work on /opt/airflow/dags/pipeline_strava_activities.py
[2025-11-15T23:06:53.423+0000] {processor.py:830} INFO - Processing file /opt/airflow/dags/pipeline_strava_activities.py for tasks to queue
[2025-11-15T23:06:53.424+0000] {logging_mixin.py:188} INFO - [2025-11-15T23:06:53.424+0000] {dagbag.py:545} INFO - Filling up the DagBag from /opt/airflow/dags/pipeline_strava_activities.py
[2025-11-15T23:06:53.435+0000] {processor.py:840} INFO - DAG(s) 'etl_strava_activities' retrieved from /opt/airflow/dags/pipeline_strava_activities.py
[2025-11-15T23:06:53.468+0000] {logging_mixin.py:188} INFO - [2025-11-15T23:06:53.468+0000] {dag.py:3089} INFO - Sync 1 DAGs
[2025-11-15T23:06:53.490+0000] {logging_mixin.py:188} INFO - [2025-11-15T23:06:53.490+0000] {dag.py:3947} INFO - Setting next_dagrun for etl_strava_activities to 2025-11-15 03:00:00+00:00, run_after=2025-11-16 03:00:00+00:00
[2025-11-15T23:06:53.505+0000] {processor.py:183} INFO - Processing /opt/airflow/dags/pipeline_strava_activities.py took 0.091 seconds
[2025-11-15T23:07:23.821+0000] {processor.py:161} INFO - Started process (PID=722) to work on /opt/airflow/dags/pipeline_strava_activities.py
[2025-11-15T23:07:23.823+0000] {processor.py:830} INFO - Processing file /opt/airflow/dags/pipeline_strava_activities.py for tasks to queue
[2025-11-15T23:07:23.824+0000] {logging_mixin.py:188} INFO - [2025-11-15T23:07:23.824+0000] {dagbag.py:545} INFO - Filling up the DagBag from /opt/airflow/dags/pipeline_strava_activities.py
[2025-11-15T23:07:23.843+0000] {processor.py:840} INFO - DAG(s) 'etl_strava_activities' retrieved from /opt/airflow/dags/pipeline_strava_activities.py
[2025-11-15T23:07:23.880+0000] {logging_mixin.py:188} INFO - [2025-11-15T23:07:23.880+0000] {dag.py:3089} INFO - Sync 1 DAGs
[2025-11-15T23:07:23.903+0000] {logging_mixin.py:188} INFO - [2025-11-15T23:07:23.903+0000] {dag.py:3947} INFO - Setting next_dagrun for etl_strava_activities to 2025-11-15 03:00:00+00:00, run_after=2025-11-16 03:00:00+00:00
[2025-11-15T23:07:23.917+0000] {processor.py:183} INFO - Processing /opt/airflow/dags/pipeline_strava_activities.py took 0.105 seconds
[2025-11-15T23:07:54.218+0000] {processor.py:161} INFO - Started process (PID=735) to work on /opt/airflow/dags/pipeline_strava_activities.py
[2025-11-15T23:07:54.220+0000] {processor.py:830} INFO - Processing file /opt/airflow/dags/pipeline_strava_activities.py for tasks to queue
[2025-11-15T23:07:54.221+0000] {logging_mixin.py:188} INFO - [2025-11-15T23:07:54.221+0000] {dagbag.py:545} INFO - Filling up the DagBag from /opt/airflow/dags/pipeline_strava_activities.py
[2025-11-15T23:07:54.239+0000] {processor.py:840} INFO - DAG(s) 'etl_strava_activities' retrieved from /opt/airflow/dags/pipeline_strava_activities.py
[2025-11-15T23:07:54.273+0000] {logging_mixin.py:188} INFO - [2025-11-15T23:07:54.273+0000] {dag.py:3089} INFO - Sync 1 DAGs
[2025-11-15T23:07:54.298+0000] {logging_mixin.py:188} INFO - [2025-11-15T23:07:54.298+0000] {dag.py:3947} INFO - Setting next_dagrun for etl_strava_activities to 2025-11-15 03:00:00+00:00, run_after=2025-11-16 03:00:00+00:00
[2025-11-15T23:07:54.317+0000] {processor.py:183} INFO - Processing /opt/airflow/dags/pipeline_strava_activities.py took 0.106 seconds
[2025-11-15T23:08:24.550+0000] {processor.py:161} INFO - Started process (PID=745) to work on /opt/airflow/dags/pipeline_strava_activities.py
[2025-11-15T23:08:24.551+0000] {processor.py:830} INFO - Processing file /opt/airflow/dags/pipeline_strava_activities.py for tasks to queue
[2025-11-15T23:08:24.551+0000] {logging_mixin.py:188} INFO - [2025-11-15T23:08:24.551+0000] {dagbag.py:545} INFO - Filling up the DagBag from /opt/airflow/dags/pipeline_strava_activities.py
[2025-11-15T23:08:24.562+0000] {processor.py:840} INFO - DAG(s) 'etl_strava_activities' retrieved from /opt/airflow/dags/pipeline_strava_activities.py
[2025-11-15T23:08:24.588+0000] {logging_mixin.py:188} INFO - [2025-11-15T23:08:24.587+0000] {dag.py:3089} INFO - Sync 1 DAGs
[2025-11-15T23:08:24.605+0000] {logging_mixin.py:188} INFO - [2025-11-15T23:08:24.605+0000] {dag.py:3947} INFO - Setting next_dagrun for etl_strava_activities to 2025-11-15 03:00:00+00:00, run_after=2025-11-16 03:00:00+00:00
[2025-11-15T23:08:24.619+0000] {processor.py:183} INFO - Processing /opt/airflow/dags/pipeline_strava_activities.py took 0.075 seconds
[2025-11-15T23:08:54.868+0000] {processor.py:161} INFO - Started process (PID=755) to work on /opt/airflow/dags/pipeline_strava_activities.py
[2025-11-15T23:08:54.870+0000] {processor.py:830} INFO - Processing file /opt/airflow/dags/pipeline_strava_activities.py for tasks to queue
[2025-11-15T23:08:54.871+0000] {logging_mixin.py:188} INFO - [2025-11-15T23:08:54.870+0000] {dagbag.py:545} INFO - Filling up the DagBag from /opt/airflow/dags/pipeline_strava_activities.py
[2025-11-15T23:08:54.897+0000] {processor.py:840} INFO - DAG(s) 'etl_strava_activities' retrieved from /opt/airflow/dags/pipeline_strava_activities.py
[2025-11-15T23:08:54.929+0000] {logging_mixin.py:188} INFO - [2025-11-15T23:08:54.928+0000] {dag.py:3089} INFO - Sync 1 DAGs
[2025-11-15T23:08:54.950+0000] {logging_mixin.py:188} INFO - [2025-11-15T23:08:54.950+0000] {dag.py:3947} INFO - Setting next_dagrun for etl_strava_activities to 2025-11-15 03:00:00+00:00, run_after=2025-11-16 03:00:00+00:00
[2025-11-15T23:08:54.964+0000] {processor.py:183} INFO - Processing /opt/airflow/dags/pipeline_strava_activities.py took 0.103 seconds
[2025-11-15T23:09:25.196+0000] {processor.py:161} INFO - Started process (PID=765) to work on /opt/airflow/dags/pipeline_strava_activities.py
[2025-11-15T23:09:25.197+0000] {processor.py:830} INFO - Processing file /opt/airflow/dags/pipeline_strava_activities.py for tasks to queue
[2025-11-15T23:09:25.197+0000] {logging_mixin.py:188} INFO - [2025-11-15T23:09:25.197+0000] {dagbag.py:545} INFO - Filling up the DagBag from /opt/airflow/dags/pipeline_strava_activities.py
[2025-11-15T23:09:25.211+0000] {processor.py:840} INFO - DAG(s) 'etl_strava_activities' retrieved from /opt/airflow/dags/pipeline_strava_activities.py
[2025-11-15T23:09:25.253+0000] {logging_mixin.py:188} INFO - [2025-11-15T23:09:25.253+0000] {dag.py:3089} INFO - Sync 1 DAGs
[2025-11-15T23:09:25.277+0000] {logging_mixin.py:188} INFO - [2025-11-15T23:09:25.277+0000] {dag.py:3947} INFO - Setting next_dagrun for etl_strava_activities to 2025-11-15 03:00:00+00:00, run_after=2025-11-16 03:00:00+00:00
[2025-11-15T23:09:25.292+0000] {processor.py:183} INFO - Processing /opt/airflow/dags/pipeline_strava_activities.py took 0.102 seconds
[2025-11-15T23:09:55.473+0000] {processor.py:161} INFO - Started process (PID=775) to work on /opt/airflow/dags/pipeline_strava_activities.py
[2025-11-15T23:09:55.475+0000] {processor.py:830} INFO - Processing file /opt/airflow/dags/pipeline_strava_activities.py for tasks to queue
[2025-11-15T23:09:55.476+0000] {logging_mixin.py:188} INFO - [2025-11-15T23:09:55.475+0000] {dagbag.py:545} INFO - Filling up the DagBag from /opt/airflow/dags/pipeline_strava_activities.py
[2025-11-15T23:09:55.495+0000] {processor.py:840} INFO - DAG(s) 'etl_strava_activities' retrieved from /opt/airflow/dags/pipeline_strava_activities.py
[2025-11-15T23:09:55.544+0000] {logging_mixin.py:188} INFO - [2025-11-15T23:09:55.543+0000] {dag.py:3089} INFO - Sync 1 DAGs
[2025-11-15T23:09:55.586+0000] {logging_mixin.py:188} INFO - [2025-11-15T23:09:55.586+0000] {dag.py:3947} INFO - Setting next_dagrun for etl_strava_activities to 2025-11-15 03:00:00+00:00, run_after=2025-11-16 03:00:00+00:00
[2025-11-15T23:09:55.602+0000] {processor.py:183} INFO - Processing /opt/airflow/dags/pipeline_strava_activities.py took 0.136 seconds
[2025-11-15T23:10:25.868+0000] {processor.py:161} INFO - Started process (PID=785) to work on /opt/airflow/dags/pipeline_strava_activities.py
[2025-11-15T23:10:25.869+0000] {processor.py:830} INFO - Processing file /opt/airflow/dags/pipeline_strava_activities.py for tasks to queue
[2025-11-15T23:10:25.870+0000] {logging_mixin.py:188} INFO - [2025-11-15T23:10:25.869+0000] {dagbag.py:545} INFO - Filling up the DagBag from /opt/airflow/dags/pipeline_strava_activities.py
[2025-11-15T23:10:25.880+0000] {processor.py:840} INFO - DAG(s) 'etl_strava_activities' retrieved from /opt/airflow/dags/pipeline_strava_activities.py
[2025-11-15T23:10:25.903+0000] {logging_mixin.py:188} INFO - [2025-11-15T23:10:25.903+0000] {dag.py:3089} INFO - Sync 1 DAGs
[2025-11-15T23:10:25.920+0000] {logging_mixin.py:188} INFO - [2025-11-15T23:10:25.920+0000] {dag.py:3947} INFO - Setting next_dagrun for etl_strava_activities to 2025-11-15 03:00:00+00:00, run_after=2025-11-16 03:00:00+00:00
[2025-11-15T23:10:25.932+0000] {processor.py:183} INFO - Processing /opt/airflow/dags/pipeline_strava_activities.py took 0.069 seconds
[2025-11-15T23:10:56.227+0000] {processor.py:161} INFO - Started process (PID=795) to work on /opt/airflow/dags/pipeline_strava_activities.py
[2025-11-15T23:10:56.229+0000] {processor.py:830} INFO - Processing file /opt/airflow/dags/pipeline_strava_activities.py for tasks to queue
[2025-11-15T23:10:56.229+0000] {logging_mixin.py:188} INFO - [2025-11-15T23:10:56.229+0000] {dagbag.py:545} INFO - Filling up the DagBag from /opt/airflow/dags/pipeline_strava_activities.py
[2025-11-15T23:10:56.241+0000] {processor.py:840} INFO - DAG(s) 'etl_strava_activities' retrieved from /opt/airflow/dags/pipeline_strava_activities.py
[2025-11-15T23:10:56.268+0000] {logging_mixin.py:188} INFO - [2025-11-15T23:10:56.268+0000] {dag.py:3089} INFO - Sync 1 DAGs
[2025-11-15T23:10:56.285+0000] {logging_mixin.py:188} INFO - [2025-11-15T23:10:56.285+0000] {dag.py:3947} INFO - Setting next_dagrun for etl_strava_activities to 2025-11-15 03:00:00+00:00, run_after=2025-11-16 03:00:00+00:00
[2025-11-15T23:10:56.299+0000] {processor.py:183} INFO - Processing /opt/airflow/dags/pipeline_strava_activities.py took 0.078 seconds
[2025-11-15T23:11:26.576+0000] {processor.py:161} INFO - Started process (PID=808) to work on /opt/airflow/dags/pipeline_strava_activities.py
[2025-11-15T23:11:26.578+0000] {processor.py:830} INFO - Processing file /opt/airflow/dags/pipeline_strava_activities.py for tasks to queue
[2025-11-15T23:11:26.579+0000] {logging_mixin.py:188} INFO - [2025-11-15T23:11:26.579+0000] {dagbag.py:545} INFO - Filling up the DagBag from /opt/airflow/dags/pipeline_strava_activities.py
[2025-11-15T23:11:26.593+0000] {processor.py:840} INFO - DAG(s) 'etl_strava_activities' retrieved from /opt/airflow/dags/pipeline_strava_activities.py
[2025-11-15T23:11:26.623+0000] {logging_mixin.py:188} INFO - [2025-11-15T23:11:26.623+0000] {dag.py:3089} INFO - Sync 1 DAGs
[2025-11-15T23:11:26.645+0000] {logging_mixin.py:188} INFO - [2025-11-15T23:11:26.645+0000] {dag.py:3947} INFO - Setting next_dagrun for etl_strava_activities to 2025-11-15 03:00:00+00:00, run_after=2025-11-16 03:00:00+00:00
[2025-11-15T23:11:26.659+0000] {processor.py:183} INFO - Processing /opt/airflow/dags/pipeline_strava_activities.py took 0.091 seconds
[2025-11-15T23:11:57.023+0000] {processor.py:161} INFO - Started process (PID=818) to work on /opt/airflow/dags/pipeline_strava_activities.py
[2025-11-15T23:11:57.026+0000] {processor.py:830} INFO - Processing file /opt/airflow/dags/pipeline_strava_activities.py for tasks to queue
[2025-11-15T23:11:57.027+0000] {logging_mixin.py:188} INFO - [2025-11-15T23:11:57.026+0000] {dagbag.py:545} INFO - Filling up the DagBag from /opt/airflow/dags/pipeline_strava_activities.py
[2025-11-15T23:11:57.054+0000] {processor.py:840} INFO - DAG(s) 'etl_strava_activities' retrieved from /opt/airflow/dags/pipeline_strava_activities.py
[2025-11-15T23:11:57.118+0000] {logging_mixin.py:188} INFO - [2025-11-15T23:11:57.117+0000] {dag.py:3089} INFO - Sync 1 DAGs
[2025-11-15T23:11:57.165+0000] {logging_mixin.py:188} INFO - [2025-11-15T23:11:57.164+0000] {dag.py:3947} INFO - Setting next_dagrun for etl_strava_activities to 2025-11-15 03:00:00+00:00, run_after=2025-11-16 03:00:00+00:00
[2025-11-15T23:11:57.249+0000] {processor.py:183} INFO - Processing /opt/airflow/dags/pipeline_strava_activities.py took 0.245 seconds
[2025-11-15T23:12:27.380+0000] {processor.py:161} INFO - Started process (PID=828) to work on /opt/airflow/dags/pipeline_strava_activities.py
[2025-11-15T23:12:27.381+0000] {processor.py:830} INFO - Processing file /opt/airflow/dags/pipeline_strava_activities.py for tasks to queue
[2025-11-15T23:12:27.382+0000] {logging_mixin.py:188} INFO - [2025-11-15T23:12:27.381+0000] {dagbag.py:545} INFO - Filling up the DagBag from /opt/airflow/dags/pipeline_strava_activities.py
[2025-11-15T23:12:27.394+0000] {processor.py:840} INFO - DAG(s) 'etl_strava_activities' retrieved from /opt/airflow/dags/pipeline_strava_activities.py
[2025-11-15T23:12:27.425+0000] {logging_mixin.py:188} INFO - [2025-11-15T23:12:27.425+0000] {dag.py:3089} INFO - Sync 1 DAGs
[2025-11-15T23:12:27.444+0000] {logging_mixin.py:188} INFO - [2025-11-15T23:12:27.444+0000] {dag.py:3947} INFO - Setting next_dagrun for etl_strava_activities to 2025-11-15 03:00:00+00:00, run_after=2025-11-16 03:00:00+00:00
[2025-11-15T23:12:27.458+0000] {processor.py:183} INFO - Processing /opt/airflow/dags/pipeline_strava_activities.py took 0.083 seconds
[2025-11-15T23:12:57.765+0000] {processor.py:161} INFO - Started process (PID=844) to work on /opt/airflow/dags/pipeline_strava_activities.py
[2025-11-15T23:12:57.767+0000] {processor.py:830} INFO - Processing file /opt/airflow/dags/pipeline_strava_activities.py for tasks to queue
[2025-11-15T23:12:57.769+0000] {logging_mixin.py:188} INFO - [2025-11-15T23:12:57.768+0000] {dagbag.py:545} INFO - Filling up the DagBag from /opt/airflow/dags/pipeline_strava_activities.py
[2025-11-15T23:12:57.790+0000] {processor.py:840} INFO - DAG(s) 'etl_strava_activities' retrieved from /opt/airflow/dags/pipeline_strava_activities.py
[2025-11-15T23:12:57.834+0000] {logging_mixin.py:188} INFO - [2025-11-15T23:12:57.834+0000] {dag.py:3089} INFO - Sync 1 DAGs
[2025-11-15T23:12:57.862+0000] {logging_mixin.py:188} INFO - [2025-11-15T23:12:57.862+0000] {dag.py:3947} INFO - Setting next_dagrun for etl_strava_activities to 2025-11-15 03:00:00+00:00, run_after=2025-11-16 03:00:00+00:00
[2025-11-15T23:12:57.880+0000] {processor.py:183} INFO - Processing /opt/airflow/dags/pipeline_strava_activities.py took 0.122 seconds
[2025-11-15T23:13:28.184+0000] {processor.py:161} INFO - Started process (PID=854) to work on /opt/airflow/dags/pipeline_strava_activities.py
[2025-11-15T23:13:28.187+0000] {processor.py:830} INFO - Processing file /opt/airflow/dags/pipeline_strava_activities.py for tasks to queue
[2025-11-15T23:13:28.188+0000] {logging_mixin.py:188} INFO - [2025-11-15T23:13:28.188+0000] {dagbag.py:545} INFO - Filling up the DagBag from /opt/airflow/dags/pipeline_strava_activities.py
[2025-11-15T23:13:28.201+0000] {processor.py:840} INFO - DAG(s) 'etl_strava_activities' retrieved from /opt/airflow/dags/pipeline_strava_activities.py
[2025-11-15T23:13:28.229+0000] {logging_mixin.py:188} INFO - [2025-11-15T23:13:28.229+0000] {dag.py:3089} INFO - Sync 1 DAGs
[2025-11-15T23:13:28.247+0000] {logging_mixin.py:188} INFO - [2025-11-15T23:13:28.247+0000] {dag.py:3947} INFO - Setting next_dagrun for etl_strava_activities to 2025-11-15 03:00:00+00:00, run_after=2025-11-16 03:00:00+00:00
[2025-11-15T23:13:28.260+0000] {processor.py:183} INFO - Processing /opt/airflow/dags/pipeline_strava_activities.py took 0.086 seconds
[2025-11-15T23:13:58.498+0000] {processor.py:161} INFO - Started process (PID=867) to work on /opt/airflow/dags/pipeline_strava_activities.py
[2025-11-15T23:13:58.500+0000] {processor.py:830} INFO - Processing file /opt/airflow/dags/pipeline_strava_activities.py for tasks to queue
[2025-11-15T23:13:58.500+0000] {logging_mixin.py:188} INFO - [2025-11-15T23:13:58.500+0000] {dagbag.py:545} INFO - Filling up the DagBag from /opt/airflow/dags/pipeline_strava_activities.py
[2025-11-15T23:13:58.517+0000] {processor.py:840} INFO - DAG(s) 'etl_strava_activities' retrieved from /opt/airflow/dags/pipeline_strava_activities.py
[2025-11-15T23:13:58.544+0000] {logging_mixin.py:188} INFO - [2025-11-15T23:13:58.543+0000] {dag.py:3089} INFO - Sync 1 DAGs
[2025-11-15T23:13:58.562+0000] {logging_mixin.py:188} INFO - [2025-11-15T23:13:58.562+0000] {dag.py:3947} INFO - Setting next_dagrun for etl_strava_activities to 2025-11-15 03:00:00+00:00, run_after=2025-11-16 03:00:00+00:00
[2025-11-15T23:13:58.579+0000] {processor.py:183} INFO - Processing /opt/airflow/dags/pipeline_strava_activities.py took 0.088 seconds
[2025-11-15T23:14:28.822+0000] {processor.py:161} INFO - Started process (PID=877) to work on /opt/airflow/dags/pipeline_strava_activities.py
[2025-11-15T23:14:28.824+0000] {processor.py:830} INFO - Processing file /opt/airflow/dags/pipeline_strava_activities.py for tasks to queue
[2025-11-15T23:14:28.825+0000] {logging_mixin.py:188} INFO - [2025-11-15T23:14:28.825+0000] {dagbag.py:545} INFO - Filling up the DagBag from /opt/airflow/dags/pipeline_strava_activities.py
[2025-11-15T23:14:28.840+0000] {processor.py:840} INFO - DAG(s) 'etl_strava_activities' retrieved from /opt/airflow/dags/pipeline_strava_activities.py
[2025-11-15T23:14:28.864+0000] {logging_mixin.py:188} INFO - [2025-11-15T23:14:28.864+0000] {dag.py:3089} INFO - Sync 1 DAGs
[2025-11-15T23:14:28.882+0000] {logging_mixin.py:188} INFO - [2025-11-15T23:14:28.882+0000] {dag.py:3947} INFO - Setting next_dagrun for etl_strava_activities to 2025-11-15 03:00:00+00:00, run_after=2025-11-16 03:00:00+00:00
[2025-11-15T23:14:28.894+0000] {processor.py:183} INFO - Processing /opt/airflow/dags/pipeline_strava_activities.py took 0.080 seconds
[2025-11-15T23:14:59.129+0000] {processor.py:161} INFO - Started process (PID=887) to work on /opt/airflow/dags/pipeline_strava_activities.py
[2025-11-15T23:14:59.130+0000] {processor.py:830} INFO - Processing file /opt/airflow/dags/pipeline_strava_activities.py for tasks to queue
[2025-11-15T23:14:59.131+0000] {logging_mixin.py:188} INFO - [2025-11-15T23:14:59.131+0000] {dagbag.py:545} INFO - Filling up the DagBag from /opt/airflow/dags/pipeline_strava_activities.py
[2025-11-15T23:14:59.149+0000] {processor.py:840} INFO - DAG(s) 'etl_strava_activities' retrieved from /opt/airflow/dags/pipeline_strava_activities.py
[2025-11-15T23:14:59.198+0000] {logging_mixin.py:188} INFO - [2025-11-15T23:14:59.197+0000] {dag.py:3089} INFO - Sync 1 DAGs
[2025-11-15T23:14:59.227+0000] {logging_mixin.py:188} INFO - [2025-11-15T23:14:59.227+0000] {dag.py:3947} INFO - Setting next_dagrun for etl_strava_activities to 2025-11-15 03:00:00+00:00, run_after=2025-11-16 03:00:00+00:00
[2025-11-15T23:14:59.242+0000] {processor.py:183} INFO - Processing /opt/airflow/dags/pipeline_strava_activities.py took 0.121 seconds
[2025-11-15T23:15:29.479+0000] {processor.py:161} INFO - Started process (PID=897) to work on /opt/airflow/dags/pipeline_strava_activities.py
[2025-11-15T23:15:29.480+0000] {processor.py:830} INFO - Processing file /opt/airflow/dags/pipeline_strava_activities.py for tasks to queue
[2025-11-15T23:15:29.481+0000] {logging_mixin.py:188} INFO - [2025-11-15T23:15:29.481+0000] {dagbag.py:545} INFO - Filling up the DagBag from /opt/airflow/dags/pipeline_strava_activities.py
[2025-11-15T23:15:29.492+0000] {processor.py:840} INFO - DAG(s) 'etl_strava_activities' retrieved from /opt/airflow/dags/pipeline_strava_activities.py
[2025-11-15T23:15:29.519+0000] {logging_mixin.py:188} INFO - [2025-11-15T23:15:29.519+0000] {dag.py:3089} INFO - Sync 1 DAGs
[2025-11-15T23:15:29.538+0000] {logging_mixin.py:188} INFO - [2025-11-15T23:15:29.538+0000] {dag.py:3947} INFO - Setting next_dagrun for etl_strava_activities to 2025-11-15 03:00:00+00:00, run_after=2025-11-16 03:00:00+00:00
[2025-11-15T23:15:29.552+0000] {processor.py:183} INFO - Processing /opt/airflow/dags/pipeline_strava_activities.py took 0.078 seconds
[2025-11-15T23:15:59.809+0000] {processor.py:161} INFO - Started process (PID=907) to work on /opt/airflow/dags/pipeline_strava_activities.py
[2025-11-15T23:15:59.810+0000] {processor.py:830} INFO - Processing file /opt/airflow/dags/pipeline_strava_activities.py for tasks to queue
[2025-11-15T23:15:59.811+0000] {logging_mixin.py:188} INFO - [2025-11-15T23:15:59.810+0000] {dagbag.py:545} INFO - Filling up the DagBag from /opt/airflow/dags/pipeline_strava_activities.py
[2025-11-15T23:15:59.820+0000] {processor.py:840} INFO - DAG(s) 'etl_strava_activities' retrieved from /opt/airflow/dags/pipeline_strava_activities.py
[2025-11-15T23:15:59.848+0000] {logging_mixin.py:188} INFO - [2025-11-15T23:15:59.847+0000] {dag.py:3089} INFO - Sync 1 DAGs
[2025-11-15T23:15:59.867+0000] {logging_mixin.py:188} INFO - [2025-11-15T23:15:59.866+0000] {dag.py:3947} INFO - Setting next_dagrun for etl_strava_activities to 2025-11-15 03:00:00+00:00, run_after=2025-11-16 03:00:00+00:00
[2025-11-15T23:15:59.878+0000] {processor.py:183} INFO - Processing /opt/airflow/dags/pipeline_strava_activities.py took 0.075 seconds
[2025-11-15T23:16:30.148+0000] {processor.py:161} INFO - Started process (PID=917) to work on /opt/airflow/dags/pipeline_strava_activities.py
[2025-11-15T23:16:30.150+0000] {processor.py:830} INFO - Processing file /opt/airflow/dags/pipeline_strava_activities.py for tasks to queue
[2025-11-15T23:16:30.151+0000] {logging_mixin.py:188} INFO - [2025-11-15T23:16:30.151+0000] {dagbag.py:545} INFO - Filling up the DagBag from /opt/airflow/dags/pipeline_strava_activities.py
[2025-11-15T23:16:30.164+0000] {processor.py:840} INFO - DAG(s) 'etl_strava_activities' retrieved from /opt/airflow/dags/pipeline_strava_activities.py
[2025-11-15T23:16:30.194+0000] {logging_mixin.py:188} INFO - [2025-11-15T23:16:30.193+0000] {dag.py:3089} INFO - Sync 1 DAGs
[2025-11-15T23:16:30.213+0000] {logging_mixin.py:188} INFO - [2025-11-15T23:16:30.213+0000] {dag.py:3947} INFO - Setting next_dagrun for etl_strava_activities to 2025-11-15 03:00:00+00:00, run_after=2025-11-16 03:00:00+00:00
[2025-11-15T23:16:30.227+0000] {processor.py:183} INFO - Processing /opt/airflow/dags/pipeline_strava_activities.py took 0.083 seconds
[2025-11-15T23:17:00.570+0000] {processor.py:161} INFO - Started process (PID=927) to work on /opt/airflow/dags/pipeline_strava_activities.py
[2025-11-15T23:17:00.571+0000] {processor.py:830} INFO - Processing file /opt/airflow/dags/pipeline_strava_activities.py for tasks to queue
[2025-11-15T23:17:00.572+0000] {logging_mixin.py:188} INFO - [2025-11-15T23:17:00.572+0000] {dagbag.py:545} INFO - Filling up the DagBag from /opt/airflow/dags/pipeline_strava_activities.py
[2025-11-15T23:17:00.585+0000] {processor.py:840} INFO - DAG(s) 'etl_strava_activities' retrieved from /opt/airflow/dags/pipeline_strava_activities.py
[2025-11-15T23:17:00.610+0000] {logging_mixin.py:188} INFO - [2025-11-15T23:17:00.610+0000] {dag.py:3089} INFO - Sync 1 DAGs
[2025-11-15T23:17:00.627+0000] {logging_mixin.py:188} INFO - [2025-11-15T23:17:00.627+0000] {dag.py:3947} INFO - Setting next_dagrun for etl_strava_activities to 2025-11-15 03:00:00+00:00, run_after=2025-11-16 03:00:00+00:00
[2025-11-15T23:17:00.641+0000] {processor.py:183} INFO - Processing /opt/airflow/dags/pipeline_strava_activities.py took 0.078 seconds
[2025-11-15T23:17:30.918+0000] {processor.py:161} INFO - Started process (PID=937) to work on /opt/airflow/dags/pipeline_strava_activities.py
[2025-11-15T23:17:30.919+0000] {processor.py:830} INFO - Processing file /opt/airflow/dags/pipeline_strava_activities.py for tasks to queue
[2025-11-15T23:17:30.920+0000] {logging_mixin.py:188} INFO - [2025-11-15T23:17:30.919+0000] {dagbag.py:545} INFO - Filling up the DagBag from /opt/airflow/dags/pipeline_strava_activities.py
[2025-11-15T23:17:30.938+0000] {processor.py:840} INFO - DAG(s) 'etl_strava_activities' retrieved from /opt/airflow/dags/pipeline_strava_activities.py
[2025-11-15T23:17:30.972+0000] {logging_mixin.py:188} INFO - [2025-11-15T23:17:30.972+0000] {dag.py:3089} INFO - Sync 1 DAGs
[2025-11-15T23:17:30.992+0000] {logging_mixin.py:188} INFO - [2025-11-15T23:17:30.992+0000] {dag.py:3947} INFO - Setting next_dagrun for etl_strava_activities to 2025-11-15 03:00:00+00:00, run_after=2025-11-16 03:00:00+00:00
[2025-11-15T23:17:31.005+0000] {processor.py:183} INFO - Processing /opt/airflow/dags/pipeline_strava_activities.py took 0.097 seconds
[2025-11-15T23:18:01.322+0000] {processor.py:161} INFO - Started process (PID=950) to work on /opt/airflow/dags/pipeline_strava_activities.py
[2025-11-15T23:18:01.324+0000] {processor.py:830} INFO - Processing file /opt/airflow/dags/pipeline_strava_activities.py for tasks to queue
[2025-11-15T23:18:01.324+0000] {logging_mixin.py:188} INFO - [2025-11-15T23:18:01.324+0000] {dagbag.py:545} INFO - Filling up the DagBag from /opt/airflow/dags/pipeline_strava_activities.py
[2025-11-15T23:18:01.335+0000] {processor.py:840} INFO - DAG(s) 'etl_strava_activities' retrieved from /opt/airflow/dags/pipeline_strava_activities.py
[2025-11-15T23:18:01.364+0000] {logging_mixin.py:188} INFO - [2025-11-15T23:18:01.364+0000] {dag.py:3089} INFO - Sync 1 DAGs
[2025-11-15T23:18:01.381+0000] {logging_mixin.py:188} INFO - [2025-11-15T23:18:01.381+0000] {dag.py:3947} INFO - Setting next_dagrun for etl_strava_activities to 2025-11-15 03:00:00+00:00, run_after=2025-11-16 03:00:00+00:00
[2025-11-15T23:18:01.395+0000] {processor.py:183} INFO - Processing /opt/airflow/dags/pipeline_strava_activities.py took 0.081 seconds
[2025-11-15T23:18:31.807+0000] {processor.py:161} INFO - Started process (PID=963) to work on /opt/airflow/dags/pipeline_strava_activities.py
[2025-11-15T23:18:31.809+0000] {processor.py:830} INFO - Processing file /opt/airflow/dags/pipeline_strava_activities.py for tasks to queue
[2025-11-15T23:18:31.810+0000] {logging_mixin.py:188} INFO - [2025-11-15T23:18:31.810+0000] {dagbag.py:545} INFO - Filling up the DagBag from /opt/airflow/dags/pipeline_strava_activities.py
[2025-11-15T23:18:31.826+0000] {processor.py:840} INFO - DAG(s) 'etl_strava_activities' retrieved from /opt/airflow/dags/pipeline_strava_activities.py
[2025-11-15T23:18:31.878+0000] {logging_mixin.py:188} INFO - [2025-11-15T23:18:31.877+0000] {dag.py:3089} INFO - Sync 1 DAGs
[2025-11-15T23:18:31.909+0000] {logging_mixin.py:188} INFO - [2025-11-15T23:18:31.909+0000] {dag.py:3947} INFO - Setting next_dagrun for etl_strava_activities to 2025-11-15 03:00:00+00:00, run_after=2025-11-16 03:00:00+00:00
[2025-11-15T23:18:31.930+0000] {processor.py:183} INFO - Processing /opt/airflow/dags/pipeline_strava_activities.py took 0.131 seconds
[2025-11-15T23:19:02.177+0000] {processor.py:161} INFO - Started process (PID=976) to work on /opt/airflow/dags/pipeline_strava_activities.py
[2025-11-15T23:19:02.178+0000] {processor.py:830} INFO - Processing file /opt/airflow/dags/pipeline_strava_activities.py for tasks to queue
[2025-11-15T23:19:02.179+0000] {logging_mixin.py:188} INFO - [2025-11-15T23:19:02.179+0000] {dagbag.py:545} INFO - Filling up the DagBag from /opt/airflow/dags/pipeline_strava_activities.py
[2025-11-15T23:19:02.189+0000] {processor.py:840} INFO - DAG(s) 'etl_strava_activities' retrieved from /opt/airflow/dags/pipeline_strava_activities.py
[2025-11-15T23:19:02.212+0000] {logging_mixin.py:188} INFO - [2025-11-15T23:19:02.212+0000] {dag.py:3089} INFO - Sync 1 DAGs
[2025-11-15T23:19:02.229+0000] {logging_mixin.py:188} INFO - [2025-11-15T23:19:02.229+0000] {dag.py:3947} INFO - Setting next_dagrun for etl_strava_activities to 2025-11-15 03:00:00+00:00, run_after=2025-11-16 03:00:00+00:00
[2025-11-15T23:19:02.242+0000] {processor.py:183} INFO - Processing /opt/airflow/dags/pipeline_strava_activities.py took 0.070 seconds
[2025-11-15T23:19:32.524+0000] {processor.py:161} INFO - Started process (PID=986) to work on /opt/airflow/dags/pipeline_strava_activities.py
[2025-11-15T23:19:32.526+0000] {processor.py:830} INFO - Processing file /opt/airflow/dags/pipeline_strava_activities.py for tasks to queue
[2025-11-15T23:19:32.527+0000] {logging_mixin.py:188} INFO - [2025-11-15T23:19:32.527+0000] {dagbag.py:545} INFO - Filling up the DagBag from /opt/airflow/dags/pipeline_strava_activities.py
[2025-11-15T23:19:32.542+0000] {processor.py:840} INFO - DAG(s) 'etl_strava_activities' retrieved from /opt/airflow/dags/pipeline_strava_activities.py
[2025-11-15T23:19:32.575+0000] {logging_mixin.py:188} INFO - [2025-11-15T23:19:32.575+0000] {dag.py:3089} INFO - Sync 1 DAGs
[2025-11-15T23:19:32.597+0000] {logging_mixin.py:188} INFO - [2025-11-15T23:19:32.597+0000] {dag.py:3947} INFO - Setting next_dagrun for etl_strava_activities to 2025-11-15 03:00:00+00:00, run_after=2025-11-16 03:00:00+00:00
[2025-11-15T23:19:32.610+0000] {processor.py:183} INFO - Processing /opt/airflow/dags/pipeline_strava_activities.py took 0.092 seconds
[2025-11-15T23:20:02.880+0000] {processor.py:161} INFO - Started process (PID=996) to work on /opt/airflow/dags/pipeline_strava_activities.py
[2025-11-15T23:20:02.882+0000] {processor.py:830} INFO - Processing file /opt/airflow/dags/pipeline_strava_activities.py for tasks to queue
[2025-11-15T23:20:02.882+0000] {logging_mixin.py:188} INFO - [2025-11-15T23:20:02.882+0000] {dagbag.py:545} INFO - Filling up the DagBag from /opt/airflow/dags/pipeline_strava_activities.py
[2025-11-15T23:20:02.893+0000] {processor.py:840} INFO - DAG(s) 'etl_strava_activities' retrieved from /opt/airflow/dags/pipeline_strava_activities.py
[2025-11-15T23:20:02.921+0000] {logging_mixin.py:188} INFO - [2025-11-15T23:20:02.921+0000] {dag.py:3089} INFO - Sync 1 DAGs
[2025-11-15T23:20:02.940+0000] {logging_mixin.py:188} INFO - [2025-11-15T23:20:02.939+0000] {dag.py:3947} INFO - Setting next_dagrun for etl_strava_activities to 2025-11-15 03:00:00+00:00, run_after=2025-11-16 03:00:00+00:00
[2025-11-15T23:20:02.954+0000] {processor.py:183} INFO - Processing /opt/airflow/dags/pipeline_strava_activities.py took 0.083 seconds
[2025-11-15T23:20:33.242+0000] {processor.py:161} INFO - Started process (PID=1006) to work on /opt/airflow/dags/pipeline_strava_activities.py
[2025-11-15T23:20:33.244+0000] {processor.py:830} INFO - Processing file /opt/airflow/dags/pipeline_strava_activities.py for tasks to queue
[2025-11-15T23:20:33.245+0000] {logging_mixin.py:188} INFO - [2025-11-15T23:20:33.244+0000] {dagbag.py:545} INFO - Filling up the DagBag from /opt/airflow/dags/pipeline_strava_activities.py
[2025-11-15T23:20:33.260+0000] {processor.py:840} INFO - DAG(s) 'etl_strava_activities' retrieved from /opt/airflow/dags/pipeline_strava_activities.py
[2025-11-15T23:20:33.298+0000] {logging_mixin.py:188} INFO - [2025-11-15T23:20:33.298+0000] {dag.py:3089} INFO - Sync 1 DAGs
[2025-11-15T23:20:33.320+0000] {logging_mixin.py:188} INFO - [2025-11-15T23:20:33.320+0000] {dag.py:3947} INFO - Setting next_dagrun for etl_strava_activities to 2025-11-15 03:00:00+00:00, run_after=2025-11-16 03:00:00+00:00
[2025-11-15T23:20:33.334+0000] {processor.py:183} INFO - Processing /opt/airflow/dags/pipeline_strava_activities.py took 0.099 seconds
[2025-11-15T23:21:03.616+0000] {processor.py:161} INFO - Started process (PID=1016) to work on /opt/airflow/dags/pipeline_strava_activities.py
[2025-11-15T23:21:03.617+0000] {processor.py:830} INFO - Processing file /opt/airflow/dags/pipeline_strava_activities.py for tasks to queue
[2025-11-15T23:21:03.618+0000] {logging_mixin.py:188} INFO - [2025-11-15T23:21:03.618+0000] {dagbag.py:545} INFO - Filling up the DagBag from /opt/airflow/dags/pipeline_strava_activities.py
[2025-11-15T23:21:03.627+0000] {processor.py:840} INFO - DAG(s) 'etl_strava_activities' retrieved from /opt/airflow/dags/pipeline_strava_activities.py
[2025-11-15T23:21:03.653+0000] {logging_mixin.py:188} INFO - [2025-11-15T23:21:03.652+0000] {dag.py:3089} INFO - Sync 1 DAGs
[2025-11-15T23:21:03.675+0000] {logging_mixin.py:188} INFO - [2025-11-15T23:21:03.674+0000] {dag.py:3947} INFO - Setting next_dagrun for etl_strava_activities to 2025-11-15 03:00:00+00:00, run_after=2025-11-16 03:00:00+00:00
[2025-11-15T23:21:03.690+0000] {processor.py:183} INFO - Processing /opt/airflow/dags/pipeline_strava_activities.py took 0.078 seconds
[2025-11-15T23:21:33.906+0000] {processor.py:161} INFO - Started process (PID=1026) to work on /opt/airflow/dags/pipeline_strava_activities.py
[2025-11-15T23:21:33.908+0000] {processor.py:830} INFO - Processing file /opt/airflow/dags/pipeline_strava_activities.py for tasks to queue
[2025-11-15T23:21:33.909+0000] {logging_mixin.py:188} INFO - [2025-11-15T23:21:33.908+0000] {dagbag.py:545} INFO - Filling up the DagBag from /opt/airflow/dags/pipeline_strava_activities.py
[2025-11-15T23:21:33.922+0000] {processor.py:840} INFO - DAG(s) 'etl_strava_activities' retrieved from /opt/airflow/dags/pipeline_strava_activities.py
[2025-11-15T23:21:33.951+0000] {logging_mixin.py:188} INFO - [2025-11-15T23:21:33.951+0000] {dag.py:3089} INFO - Sync 1 DAGs
[2025-11-15T23:21:33.973+0000] {logging_mixin.py:188} INFO - [2025-11-15T23:21:33.973+0000] {dag.py:3947} INFO - Setting next_dagrun for etl_strava_activities to 2025-11-15 03:00:00+00:00, run_after=2025-11-16 03:00:00+00:00
[2025-11-15T23:21:33.986+0000] {processor.py:183} INFO - Processing /opt/airflow/dags/pipeline_strava_activities.py took 0.086 seconds
[2025-11-15T23:22:04.233+0000] {processor.py:161} INFO - Started process (PID=1036) to work on /opt/airflow/dags/pipeline_strava_activities.py
[2025-11-15T23:22:04.237+0000] {processor.py:830} INFO - Processing file /opt/airflow/dags/pipeline_strava_activities.py for tasks to queue
[2025-11-15T23:22:04.237+0000] {logging_mixin.py:188} INFO - [2025-11-15T23:22:04.237+0000] {dagbag.py:545} INFO - Filling up the DagBag from /opt/airflow/dags/pipeline_strava_activities.py
[2025-11-15T23:22:04.251+0000] {processor.py:840} INFO - DAG(s) 'etl_strava_activities' retrieved from /opt/airflow/dags/pipeline_strava_activities.py
[2025-11-15T23:22:04.284+0000] {logging_mixin.py:188} INFO - [2025-11-15T23:22:04.283+0000] {dag.py:3089} INFO - Sync 1 DAGs
[2025-11-15T23:22:04.308+0000] {logging_mixin.py:188} INFO - [2025-11-15T23:22:04.308+0000] {dag.py:3947} INFO - Setting next_dagrun for etl_strava_activities to 2025-11-15 03:00:00+00:00, run_after=2025-11-16 03:00:00+00:00
[2025-11-15T23:22:04.324+0000] {processor.py:183} INFO - Processing /opt/airflow/dags/pipeline_strava_activities.py took 0.097 seconds
[2025-11-15T23:22:34.665+0000] {processor.py:161} INFO - Started process (PID=1046) to work on /opt/airflow/dags/pipeline_strava_activities.py
[2025-11-15T23:22:34.666+0000] {processor.py:830} INFO - Processing file /opt/airflow/dags/pipeline_strava_activities.py for tasks to queue
[2025-11-15T23:22:34.667+0000] {logging_mixin.py:188} INFO - [2025-11-15T23:22:34.666+0000] {dagbag.py:545} INFO - Filling up the DagBag from /opt/airflow/dags/pipeline_strava_activities.py
[2025-11-15T23:22:34.679+0000] {processor.py:840} INFO - DAG(s) 'etl_strava_activities' retrieved from /opt/airflow/dags/pipeline_strava_activities.py
[2025-11-15T23:22:34.709+0000] {logging_mixin.py:188} INFO - [2025-11-15T23:22:34.708+0000] {dag.py:3089} INFO - Sync 1 DAGs
[2025-11-15T23:22:34.733+0000] {logging_mixin.py:188} INFO - [2025-11-15T23:22:34.733+0000] {dag.py:3947} INFO - Setting next_dagrun for etl_strava_activities to 2025-11-15 03:00:00+00:00, run_after=2025-11-16 03:00:00+00:00
[2025-11-15T23:22:34.750+0000] {processor.py:183} INFO - Processing /opt/airflow/dags/pipeline_strava_activities.py took 0.091 seconds
[2025-11-15T23:23:05.073+0000] {processor.py:161} INFO - Started process (PID=1056) to work on /opt/airflow/dags/pipeline_strava_activities.py
[2025-11-15T23:23:05.074+0000] {processor.py:830} INFO - Processing file /opt/airflow/dags/pipeline_strava_activities.py for tasks to queue
[2025-11-15T23:23:05.075+0000] {logging_mixin.py:188} INFO - [2025-11-15T23:23:05.075+0000] {dagbag.py:545} INFO - Filling up the DagBag from /opt/airflow/dags/pipeline_strava_activities.py
[2025-11-15T23:23:05.085+0000] {processor.py:840} INFO - DAG(s) 'etl_strava_activities' retrieved from /opt/airflow/dags/pipeline_strava_activities.py
[2025-11-15T23:23:05.109+0000] {logging_mixin.py:188} INFO - [2025-11-15T23:23:05.109+0000] {dag.py:3089} INFO - Sync 1 DAGs
[2025-11-15T23:23:05.126+0000] {logging_mixin.py:188} INFO - [2025-11-15T23:23:05.126+0000] {dag.py:3947} INFO - Setting next_dagrun for etl_strava_activities to 2025-11-15 03:00:00+00:00, run_after=2025-11-16 03:00:00+00:00
[2025-11-15T23:23:05.138+0000] {processor.py:183} INFO - Processing /opt/airflow/dags/pipeline_strava_activities.py took 0.069 seconds
[2025-11-15T23:23:35.384+0000] {processor.py:161} INFO - Started process (PID=1069) to work on /opt/airflow/dags/pipeline_strava_activities.py
[2025-11-15T23:23:35.387+0000] {processor.py:830} INFO - Processing file /opt/airflow/dags/pipeline_strava_activities.py for tasks to queue
[2025-11-15T23:23:35.388+0000] {logging_mixin.py:188} INFO - [2025-11-15T23:23:35.387+0000] {dagbag.py:545} INFO - Filling up the DagBag from /opt/airflow/dags/pipeline_strava_activities.py
[2025-11-15T23:23:35.401+0000] {processor.py:840} INFO - DAG(s) 'etl_strava_activities' retrieved from /opt/airflow/dags/pipeline_strava_activities.py
[2025-11-15T23:23:35.429+0000] {logging_mixin.py:188} INFO - [2025-11-15T23:23:35.429+0000] {dag.py:3089} INFO - Sync 1 DAGs
[2025-11-15T23:23:35.449+0000] {logging_mixin.py:188} INFO - [2025-11-15T23:23:35.449+0000] {dag.py:3947} INFO - Setting next_dagrun for etl_strava_activities to 2025-11-15 03:00:00+00:00, run_after=2025-11-16 03:00:00+00:00
[2025-11-15T23:23:35.463+0000] {processor.py:183} INFO - Processing /opt/airflow/dags/pipeline_strava_activities.py took 0.084 seconds
[2025-11-15T23:24:05.711+0000] {processor.py:161} INFO - Started process (PID=1079) to work on /opt/airflow/dags/pipeline_strava_activities.py
[2025-11-15T23:24:05.713+0000] {processor.py:830} INFO - Processing file /opt/airflow/dags/pipeline_strava_activities.py for tasks to queue
[2025-11-15T23:24:05.713+0000] {logging_mixin.py:188} INFO - [2025-11-15T23:24:05.713+0000] {dagbag.py:545} INFO - Filling up the DagBag from /opt/airflow/dags/pipeline_strava_activities.py
[2025-11-15T23:24:05.724+0000] {processor.py:840} INFO - DAG(s) 'etl_strava_activities' retrieved from /opt/airflow/dags/pipeline_strava_activities.py
[2025-11-15T23:24:05.749+0000] {logging_mixin.py:188} INFO - [2025-11-15T23:24:05.749+0000] {dag.py:3089} INFO - Sync 1 DAGs
[2025-11-15T23:24:05.769+0000] {logging_mixin.py:188} INFO - [2025-11-15T23:24:05.769+0000] {dag.py:3947} INFO - Setting next_dagrun for etl_strava_activities to 2025-11-15 03:00:00+00:00, run_after=2025-11-16 03:00:00+00:00
[2025-11-15T23:24:05.783+0000] {processor.py:183} INFO - Processing /opt/airflow/dags/pipeline_strava_activities.py took 0.077 seconds
[2025-11-15T23:24:36.055+0000] {processor.py:161} INFO - Started process (PID=1089) to work on /opt/airflow/dags/pipeline_strava_activities.py
[2025-11-15T23:24:36.056+0000] {processor.py:830} INFO - Processing file /opt/airflow/dags/pipeline_strava_activities.py for tasks to queue
[2025-11-15T23:24:36.057+0000] {logging_mixin.py:188} INFO - [2025-11-15T23:24:36.057+0000] {dagbag.py:545} INFO - Filling up the DagBag from /opt/airflow/dags/pipeline_strava_activities.py
[2025-11-15T23:24:36.069+0000] {processor.py:840} INFO - DAG(s) 'etl_strava_activities' retrieved from /opt/airflow/dags/pipeline_strava_activities.py
[2025-11-15T23:24:36.095+0000] {logging_mixin.py:188} INFO - [2025-11-15T23:24:36.095+0000] {dag.py:3089} INFO - Sync 1 DAGs
[2025-11-15T23:24:36.115+0000] {logging_mixin.py:188} INFO - [2025-11-15T23:24:36.115+0000] {dag.py:3947} INFO - Setting next_dagrun for etl_strava_activities to 2025-11-15 03:00:00+00:00, run_after=2025-11-16 03:00:00+00:00
[2025-11-15T23:24:36.128+0000] {processor.py:183} INFO - Processing /opt/airflow/dags/pipeline_strava_activities.py took 0.079 seconds
[2025-11-15T23:25:06.383+0000] {processor.py:161} INFO - Started process (PID=1099) to work on /opt/airflow/dags/pipeline_strava_activities.py
[2025-11-15T23:25:06.384+0000] {processor.py:830} INFO - Processing file /opt/airflow/dags/pipeline_strava_activities.py for tasks to queue
[2025-11-15T23:25:06.386+0000] {logging_mixin.py:188} INFO - [2025-11-15T23:25:06.386+0000] {dagbag.py:545} INFO - Filling up the DagBag from /opt/airflow/dags/pipeline_strava_activities.py
[2025-11-15T23:25:06.396+0000] {processor.py:840} INFO - DAG(s) 'etl_strava_activities' retrieved from /opt/airflow/dags/pipeline_strava_activities.py
[2025-11-15T23:25:06.421+0000] {logging_mixin.py:188} INFO - [2025-11-15T23:25:06.421+0000] {dag.py:3089} INFO - Sync 1 DAGs
[2025-11-15T23:25:06.440+0000] {logging_mixin.py:188} INFO - [2025-11-15T23:25:06.439+0000] {dag.py:3947} INFO - Setting next_dagrun for etl_strava_activities to 2025-11-15 03:00:00+00:00, run_after=2025-11-16 03:00:00+00:00
[2025-11-15T23:25:06.454+0000] {processor.py:183} INFO - Processing /opt/airflow/dags/pipeline_strava_activities.py took 0.076 seconds
[2025-11-15T23:25:36.730+0000] {processor.py:161} INFO - Started process (PID=1109) to work on /opt/airflow/dags/pipeline_strava_activities.py
[2025-11-15T23:25:36.732+0000] {processor.py:830} INFO - Processing file /opt/airflow/dags/pipeline_strava_activities.py for tasks to queue
[2025-11-15T23:25:36.733+0000] {logging_mixin.py:188} INFO - [2025-11-15T23:25:36.733+0000] {dagbag.py:545} INFO - Filling up the DagBag from /opt/airflow/dags/pipeline_strava_activities.py
[2025-11-15T23:25:36.744+0000] {processor.py:840} INFO - DAG(s) 'etl_strava_activities' retrieved from /opt/airflow/dags/pipeline_strava_activities.py
[2025-11-15T23:25:36.773+0000] {logging_mixin.py:188} INFO - [2025-11-15T23:25:36.772+0000] {dag.py:3089} INFO - Sync 1 DAGs
[2025-11-15T23:25:36.791+0000] {logging_mixin.py:188} INFO - [2025-11-15T23:25:36.791+0000] {dag.py:3947} INFO - Setting next_dagrun for etl_strava_activities to 2025-11-15 03:00:00+00:00, run_after=2025-11-16 03:00:00+00:00
[2025-11-15T23:25:36.804+0000] {processor.py:183} INFO - Processing /opt/airflow/dags/pipeline_strava_activities.py took 0.081 seconds
[2025-11-15T23:26:07.059+0000] {processor.py:161} INFO - Started process (PID=1119) to work on /opt/airflow/dags/pipeline_strava_activities.py
[2025-11-15T23:26:07.061+0000] {processor.py:830} INFO - Processing file /opt/airflow/dags/pipeline_strava_activities.py for tasks to queue
[2025-11-15T23:26:07.061+0000] {logging_mixin.py:188} INFO - [2025-11-15T23:26:07.061+0000] {dagbag.py:545} INFO - Filling up the DagBag from /opt/airflow/dags/pipeline_strava_activities.py
[2025-11-15T23:26:07.071+0000] {processor.py:840} INFO - DAG(s) 'etl_strava_activities' retrieved from /opt/airflow/dags/pipeline_strava_activities.py
[2025-11-15T23:26:07.101+0000] {logging_mixin.py:188} INFO - [2025-11-15T23:26:07.100+0000] {dag.py:3089} INFO - Sync 1 DAGs
[2025-11-15T23:26:07.121+0000] {logging_mixin.py:188} INFO - [2025-11-15T23:26:07.121+0000] {dag.py:3947} INFO - Setting next_dagrun for etl_strava_activities to 2025-11-15 03:00:00+00:00, run_after=2025-11-16 03:00:00+00:00
[2025-11-15T23:26:07.135+0000] {processor.py:183} INFO - Processing /opt/airflow/dags/pipeline_strava_activities.py took 0.083 seconds
[2025-11-15T23:26:37.417+0000] {processor.py:161} INFO - Started process (PID=1129) to work on /opt/airflow/dags/pipeline_strava_activities.py
[2025-11-15T23:26:37.419+0000] {processor.py:830} INFO - Processing file /opt/airflow/dags/pipeline_strava_activities.py for tasks to queue
[2025-11-15T23:26:37.421+0000] {logging_mixin.py:188} INFO - [2025-11-15T23:26:37.420+0000] {dagbag.py:545} INFO - Filling up the DagBag from /opt/airflow/dags/pipeline_strava_activities.py
[2025-11-15T23:26:37.437+0000] {processor.py:840} INFO - DAG(s) 'etl_strava_activities' retrieved from /opt/airflow/dags/pipeline_strava_activities.py
[2025-11-15T23:26:37.465+0000] {logging_mixin.py:188} INFO - [2025-11-15T23:26:37.465+0000] {dag.py:3089} INFO - Sync 1 DAGs
[2025-11-15T23:26:37.485+0000] {logging_mixin.py:188} INFO - [2025-11-15T23:26:37.484+0000] {dag.py:3947} INFO - Setting next_dagrun for etl_strava_activities to 2025-11-15 03:00:00+00:00, run_after=2025-11-16 03:00:00+00:00
[2025-11-15T23:26:37.499+0000] {processor.py:183} INFO - Processing /opt/airflow/dags/pipeline_strava_activities.py took 0.090 seconds
[2025-11-15T23:27:07.757+0000] {processor.py:161} INFO - Started process (PID=1139) to work on /opt/airflow/dags/pipeline_strava_activities.py
[2025-11-15T23:27:07.759+0000] {processor.py:830} INFO - Processing file /opt/airflow/dags/pipeline_strava_activities.py for tasks to queue
[2025-11-15T23:27:07.760+0000] {logging_mixin.py:188} INFO - [2025-11-15T23:27:07.759+0000] {dagbag.py:545} INFO - Filling up the DagBag from /opt/airflow/dags/pipeline_strava_activities.py
[2025-11-15T23:27:07.772+0000] {processor.py:840} INFO - DAG(s) 'etl_strava_activities' retrieved from /opt/airflow/dags/pipeline_strava_activities.py
[2025-11-15T23:27:07.797+0000] {logging_mixin.py:188} INFO - [2025-11-15T23:27:07.797+0000] {dag.py:3089} INFO - Sync 1 DAGs
[2025-11-15T23:27:07.816+0000] {logging_mixin.py:188} INFO - [2025-11-15T23:27:07.816+0000] {dag.py:3947} INFO - Setting next_dagrun for etl_strava_activities to 2025-11-15 03:00:00+00:00, run_after=2025-11-16 03:00:00+00:00
[2025-11-15T23:27:07.830+0000] {processor.py:183} INFO - Processing /opt/airflow/dags/pipeline_strava_activities.py took 0.082 seconds
[2025-11-15T23:27:38.110+0000] {processor.py:161} INFO - Started process (PID=1149) to work on /opt/airflow/dags/pipeline_strava_activities.py
[2025-11-15T23:27:38.114+0000] {processor.py:830} INFO - Processing file /opt/airflow/dags/pipeline_strava_activities.py for tasks to queue
[2025-11-15T23:27:38.114+0000] {logging_mixin.py:188} INFO - [2025-11-15T23:27:38.114+0000] {dagbag.py:545} INFO - Filling up the DagBag from /opt/airflow/dags/pipeline_strava_activities.py
[2025-11-15T23:27:38.125+0000] {processor.py:840} INFO - DAG(s) 'etl_strava_activities' retrieved from /opt/airflow/dags/pipeline_strava_activities.py
[2025-11-15T23:27:38.151+0000] {logging_mixin.py:188} INFO - [2025-11-15T23:27:38.151+0000] {dag.py:3089} INFO - Sync 1 DAGs
[2025-11-15T23:27:38.172+0000] {logging_mixin.py:188} INFO - [2025-11-15T23:27:38.172+0000] {dag.py:3947} INFO - Setting next_dagrun for etl_strava_activities to 2025-11-15 03:00:00+00:00, run_after=2025-11-16 03:00:00+00:00
[2025-11-15T23:27:38.184+0000] {processor.py:183} INFO - Processing /opt/airflow/dags/pipeline_strava_activities.py took 0.080 seconds
[2025-11-15T23:28:08.465+0000] {processor.py:161} INFO - Started process (PID=1159) to work on /opt/airflow/dags/pipeline_strava_activities.py
[2025-11-15T23:28:08.466+0000] {processor.py:830} INFO - Processing file /opt/airflow/dags/pipeline_strava_activities.py for tasks to queue
[2025-11-15T23:28:08.467+0000] {logging_mixin.py:188} INFO - [2025-11-15T23:28:08.467+0000] {dagbag.py:545} INFO - Filling up the DagBag from /opt/airflow/dags/pipeline_strava_activities.py
[2025-11-15T23:28:08.483+0000] {processor.py:840} INFO - DAG(s) 'etl_strava_activities' retrieved from /opt/airflow/dags/pipeline_strava_activities.py
[2025-11-15T23:28:08.540+0000] {logging_mixin.py:188} INFO - [2025-11-15T23:28:08.539+0000] {dag.py:3089} INFO - Sync 1 DAGs
[2025-11-15T23:28:08.568+0000] {logging_mixin.py:188} INFO - [2025-11-15T23:28:08.568+0000] {dag.py:3947} INFO - Setting next_dagrun for etl_strava_activities to 2025-11-15 03:00:00+00:00, run_after=2025-11-16 03:00:00+00:00
[2025-11-15T23:28:08.591+0000] {processor.py:183} INFO - Processing /opt/airflow/dags/pipeline_strava_activities.py took 0.133 seconds
[2025-11-15T23:28:38.875+0000] {processor.py:161} INFO - Started process (PID=1169) to work on /opt/airflow/dags/pipeline_strava_activities.py
[2025-11-15T23:28:38.877+0000] {processor.py:830} INFO - Processing file /opt/airflow/dags/pipeline_strava_activities.py for tasks to queue
[2025-11-15T23:28:38.878+0000] {logging_mixin.py:188} INFO - [2025-11-15T23:28:38.877+0000] {dagbag.py:545} INFO - Filling up the DagBag from /opt/airflow/dags/pipeline_strava_activities.py
[2025-11-15T23:28:38.890+0000] {processor.py:840} INFO - DAG(s) 'etl_strava_activities' retrieved from /opt/airflow/dags/pipeline_strava_activities.py
[2025-11-15T23:28:38.918+0000] {logging_mixin.py:188} INFO - [2025-11-15T23:28:38.918+0000] {dag.py:3089} INFO - Sync 1 DAGs
[2025-11-15T23:28:38.938+0000] {logging_mixin.py:188} INFO - [2025-11-15T23:28:38.938+0000] {dag.py:3947} INFO - Setting next_dagrun for etl_strava_activities to 2025-11-15 03:00:00+00:00, run_after=2025-11-16 03:00:00+00:00
[2025-11-15T23:28:38.950+0000] {processor.py:183} INFO - Processing /opt/airflow/dags/pipeline_strava_activities.py took 0.082 seconds
[2025-11-15T23:29:09.239+0000] {processor.py:161} INFO - Started process (PID=1179) to work on /opt/airflow/dags/pipeline_strava_activities.py
[2025-11-15T23:29:09.240+0000] {processor.py:830} INFO - Processing file /opt/airflow/dags/pipeline_strava_activities.py for tasks to queue
[2025-11-15T23:29:09.241+0000] {logging_mixin.py:188} INFO - [2025-11-15T23:29:09.241+0000] {dagbag.py:545} INFO - Filling up the DagBag from /opt/airflow/dags/pipeline_strava_activities.py
[2025-11-15T23:29:09.252+0000] {processor.py:840} INFO - DAG(s) 'etl_strava_activities' retrieved from /opt/airflow/dags/pipeline_strava_activities.py
[2025-11-15T23:29:09.274+0000] {logging_mixin.py:188} INFO - [2025-11-15T23:29:09.274+0000] {dag.py:3089} INFO - Sync 1 DAGs
[2025-11-15T23:29:09.292+0000] {logging_mixin.py:188} INFO - [2025-11-15T23:29:09.292+0000] {dag.py:3947} INFO - Setting next_dagrun for etl_strava_activities to 2025-11-15 03:00:00+00:00, run_after=2025-11-16 03:00:00+00:00
[2025-11-15T23:29:09.305+0000] {processor.py:183} INFO - Processing /opt/airflow/dags/pipeline_strava_activities.py took 0.070 seconds
[2025-11-15T23:29:39.542+0000] {processor.py:161} INFO - Started process (PID=1189) to work on /opt/airflow/dags/pipeline_strava_activities.py
[2025-11-15T23:29:39.543+0000] {processor.py:830} INFO - Processing file /opt/airflow/dags/pipeline_strava_activities.py for tasks to queue
[2025-11-15T23:29:39.544+0000] {logging_mixin.py:188} INFO - [2025-11-15T23:29:39.544+0000] {dagbag.py:545} INFO - Filling up the DagBag from /opt/airflow/dags/pipeline_strava_activities.py
[2025-11-15T23:29:39.554+0000] {processor.py:840} INFO - DAG(s) 'etl_strava_activities' retrieved from /opt/airflow/dags/pipeline_strava_activities.py
[2025-11-15T23:29:39.576+0000] {logging_mixin.py:188} INFO - [2025-11-15T23:29:39.576+0000] {dag.py:3089} INFO - Sync 1 DAGs
[2025-11-15T23:29:39.592+0000] {logging_mixin.py:188} INFO - [2025-11-15T23:29:39.592+0000] {dag.py:3947} INFO - Setting next_dagrun for etl_strava_activities to 2025-11-15 03:00:00+00:00, run_after=2025-11-16 03:00:00+00:00
[2025-11-15T23:29:39.603+0000] {processor.py:183} INFO - Processing /opt/airflow/dags/pipeline_strava_activities.py took 0.067 seconds
[2025-11-15T23:30:09.943+0000] {processor.py:161} INFO - Started process (PID=1199) to work on /opt/airflow/dags/pipeline_strava_activities.py
[2025-11-15T23:30:09.945+0000] {processor.py:830} INFO - Processing file /opt/airflow/dags/pipeline_strava_activities.py for tasks to queue
[2025-11-15T23:30:09.946+0000] {logging_mixin.py:188} INFO - [2025-11-15T23:30:09.945+0000] {dagbag.py:545} INFO - Filling up the DagBag from /opt/airflow/dags/pipeline_strava_activities.py
[2025-11-15T23:30:09.964+0000] {processor.py:840} INFO - DAG(s) 'etl_strava_activities' retrieved from /opt/airflow/dags/pipeline_strava_activities.py
[2025-11-15T23:30:09.997+0000] {logging_mixin.py:188} INFO - [2025-11-15T23:30:09.997+0000] {dag.py:3089} INFO - Sync 1 DAGs
[2025-11-15T23:30:10.019+0000] {logging_mixin.py:188} INFO - [2025-11-15T23:30:10.019+0000] {dag.py:3947} INFO - Setting next_dagrun for etl_strava_activities to 2025-11-15 03:00:00+00:00, run_after=2025-11-16 03:00:00+00:00
[2025-11-15T23:30:10.035+0000] {processor.py:183} INFO - Processing /opt/airflow/dags/pipeline_strava_activities.py took 0.098 seconds
[2025-11-15T23:30:40.355+0000] {processor.py:161} INFO - Started process (PID=1209) to work on /opt/airflow/dags/pipeline_strava_activities.py
[2025-11-15T23:30:40.358+0000] {processor.py:830} INFO - Processing file /opt/airflow/dags/pipeline_strava_activities.py for tasks to queue
[2025-11-15T23:30:40.359+0000] {logging_mixin.py:188} INFO - [2025-11-15T23:30:40.359+0000] {dagbag.py:545} INFO - Filling up the DagBag from /opt/airflow/dags/pipeline_strava_activities.py
[2025-11-15T23:30:40.371+0000] {processor.py:840} INFO - DAG(s) 'etl_strava_activities' retrieved from /opt/airflow/dags/pipeline_strava_activities.py
[2025-11-15T23:30:40.396+0000] {logging_mixin.py:188} INFO - [2025-11-15T23:30:40.396+0000] {dag.py:3089} INFO - Sync 1 DAGs
[2025-11-15T23:30:40.416+0000] {logging_mixin.py:188} INFO - [2025-11-15T23:30:40.416+0000] {dag.py:3947} INFO - Setting next_dagrun for etl_strava_activities to 2025-11-15 03:00:00+00:00, run_after=2025-11-16 03:00:00+00:00
[2025-11-15T23:30:40.428+0000] {processor.py:183} INFO - Processing /opt/airflow/dags/pipeline_strava_activities.py took 0.079 seconds
[2025-11-15T23:31:10.717+0000] {processor.py:161} INFO - Started process (PID=1219) to work on /opt/airflow/dags/pipeline_strava_activities.py
[2025-11-15T23:31:10.718+0000] {processor.py:830} INFO - Processing file /opt/airflow/dags/pipeline_strava_activities.py for tasks to queue
[2025-11-15T23:31:10.719+0000] {logging_mixin.py:188} INFO - [2025-11-15T23:31:10.719+0000] {dagbag.py:545} INFO - Filling up the DagBag from /opt/airflow/dags/pipeline_strava_activities.py
[2025-11-15T23:31:10.730+0000] {processor.py:840} INFO - DAG(s) 'etl_strava_activities' retrieved from /opt/airflow/dags/pipeline_strava_activities.py
[2025-11-15T23:31:10.755+0000] {logging_mixin.py:188} INFO - [2025-11-15T23:31:10.755+0000] {dag.py:3089} INFO - Sync 1 DAGs
[2025-11-15T23:31:10.773+0000] {logging_mixin.py:188} INFO - [2025-11-15T23:31:10.773+0000] {dag.py:3947} INFO - Setting next_dagrun for etl_strava_activities to 2025-11-15 03:00:00+00:00, run_after=2025-11-16 03:00:00+00:00
[2025-11-15T23:31:10.788+0000] {processor.py:183} INFO - Processing /opt/airflow/dags/pipeline_strava_activities.py took 0.076 seconds
[2025-11-15T23:31:41.035+0000] {processor.py:161} INFO - Started process (PID=1232) to work on /opt/airflow/dags/pipeline_strava_activities.py
[2025-11-15T23:31:41.036+0000] {processor.py:830} INFO - Processing file /opt/airflow/dags/pipeline_strava_activities.py for tasks to queue
[2025-11-15T23:31:41.037+0000] {logging_mixin.py:188} INFO - [2025-11-15T23:31:41.037+0000] {dagbag.py:545} INFO - Filling up the DagBag from /opt/airflow/dags/pipeline_strava_activities.py
[2025-11-15T23:31:41.052+0000] {processor.py:840} INFO - DAG(s) 'etl_strava_activities' retrieved from /opt/airflow/dags/pipeline_strava_activities.py
[2025-11-15T23:31:41.080+0000] {logging_mixin.py:188} INFO - [2025-11-15T23:31:41.080+0000] {dag.py:3089} INFO - Sync 1 DAGs
[2025-11-15T23:31:41.099+0000] {logging_mixin.py:188} INFO - [2025-11-15T23:31:41.099+0000] {dag.py:3947} INFO - Setting next_dagrun for etl_strava_activities to 2025-11-15 03:00:00+00:00, run_after=2025-11-16 03:00:00+00:00
[2025-11-15T23:31:41.112+0000] {processor.py:183} INFO - Processing /opt/airflow/dags/pipeline_strava_activities.py took 0.082 seconds
[2025-11-15T23:32:11.408+0000] {processor.py:161} INFO - Started process (PID=1242) to work on /opt/airflow/dags/pipeline_strava_activities.py
[2025-11-15T23:32:11.410+0000] {processor.py:830} INFO - Processing file /opt/airflow/dags/pipeline_strava_activities.py for tasks to queue
[2025-11-15T23:32:11.411+0000] {logging_mixin.py:188} INFO - [2025-11-15T23:32:11.410+0000] {dagbag.py:545} INFO - Filling up the DagBag from /opt/airflow/dags/pipeline_strava_activities.py
[2025-11-15T23:32:11.425+0000] {processor.py:840} INFO - DAG(s) 'etl_strava_activities' retrieved from /opt/airflow/dags/pipeline_strava_activities.py
[2025-11-15T23:32:11.454+0000] {logging_mixin.py:188} INFO - [2025-11-15T23:32:11.453+0000] {dag.py:3089} INFO - Sync 1 DAGs
[2025-11-15T23:32:11.474+0000] {logging_mixin.py:188} INFO - [2025-11-15T23:32:11.474+0000] {dag.py:3947} INFO - Setting next_dagrun for etl_strava_activities to 2025-11-15 03:00:00+00:00, run_after=2025-11-16 03:00:00+00:00
[2025-11-15T23:32:11.489+0000] {processor.py:183} INFO - Processing /opt/airflow/dags/pipeline_strava_activities.py took 0.088 seconds
[2025-11-15T23:32:56.707+0000] {processor.py:161} INFO - Started process (PID=165) to work on /opt/airflow/dags/pipeline_strava_activities.py
[2025-11-15T23:32:56.709+0000] {processor.py:830} INFO - Processing file /opt/airflow/dags/pipeline_strava_activities.py for tasks to queue
[2025-11-15T23:32:56.711+0000] {logging_mixin.py:188} INFO - [2025-11-15T23:32:56.711+0000] {dagbag.py:545} INFO - Filling up the DagBag from /opt/airflow/dags/pipeline_strava_activities.py
[2025-11-15T23:32:56.732+0000] {processor.py:840} INFO - DAG(s) 'etl_strava_activities' retrieved from /opt/airflow/dags/pipeline_strava_activities.py
[2025-11-15T23:32:56.767+0000] {logging_mixin.py:188} INFO - [2025-11-15T23:32:56.767+0000] {dag.py:3089} INFO - Sync 1 DAGs
[2025-11-15T23:32:56.789+0000] {logging_mixin.py:188} INFO - [2025-11-15T23:32:56.789+0000] {dag.py:3947} INFO - Setting next_dagrun for etl_strava_activities to 2025-11-15 03:00:00+00:00, run_after=2025-11-16 03:00:00+00:00
[2025-11-15T23:32:56.804+0000] {processor.py:183} INFO - Processing /opt/airflow/dags/pipeline_strava_activities.py took 0.103 seconds
[2025-11-15T23:33:26.998+0000] {processor.py:161} INFO - Started process (PID=176) to work on /opt/airflow/dags/pipeline_strava_activities.py
[2025-11-15T23:33:27.000+0000] {processor.py:830} INFO - Processing file /opt/airflow/dags/pipeline_strava_activities.py for tasks to queue
[2025-11-15T23:33:27.003+0000] {logging_mixin.py:188} INFO - [2025-11-15T23:33:27.002+0000] {dagbag.py:545} INFO - Filling up the DagBag from /opt/airflow/dags/pipeline_strava_activities.py
[2025-11-15T23:33:27.016+0000] {processor.py:840} INFO - DAG(s) 'etl_strava_activities' retrieved from /opt/airflow/dags/pipeline_strava_activities.py
[2025-11-15T23:33:27.216+0000] {logging_mixin.py:188} INFO - [2025-11-15T23:33:27.215+0000] {dag.py:3089} INFO - Sync 1 DAGs
[2025-11-15T23:33:27.233+0000] {logging_mixin.py:188} INFO - [2025-11-15T23:33:27.233+0000] {dag.py:3947} INFO - Setting next_dagrun for etl_strava_activities to 2025-11-15 03:00:00+00:00, run_after=2025-11-16 03:00:00+00:00
[2025-11-15T23:33:27.247+0000] {processor.py:183} INFO - Processing /opt/airflow/dags/pipeline_strava_activities.py took 0.256 seconds
[2025-11-15T23:33:57.537+0000] {processor.py:161} INFO - Started process (PID=186) to work on /opt/airflow/dags/pipeline_strava_activities.py
[2025-11-15T23:33:57.540+0000] {processor.py:830} INFO - Processing file /opt/airflow/dags/pipeline_strava_activities.py for tasks to queue
[2025-11-15T23:33:57.542+0000] {logging_mixin.py:188} INFO - [2025-11-15T23:33:57.542+0000] {dagbag.py:545} INFO - Filling up the DagBag from /opt/airflow/dags/pipeline_strava_activities.py
[2025-11-15T23:33:57.557+0000] {processor.py:840} INFO - DAG(s) 'etl_strava_activities' retrieved from /opt/airflow/dags/pipeline_strava_activities.py
[2025-11-15T23:33:57.587+0000] {logging_mixin.py:188} INFO - [2025-11-15T23:33:57.587+0000] {dag.py:3089} INFO - Sync 1 DAGs
[2025-11-15T23:33:57.609+0000] {logging_mixin.py:188} INFO - [2025-11-15T23:33:57.609+0000] {dag.py:3947} INFO - Setting next_dagrun for etl_strava_activities to 2025-11-15 03:00:00+00:00, run_after=2025-11-16 03:00:00+00:00
[2025-11-15T23:33:57.622+0000] {processor.py:183} INFO - Processing /opt/airflow/dags/pipeline_strava_activities.py took 0.093 seconds
[2025-11-15T23:34:27.932+0000] {processor.py:161} INFO - Started process (PID=196) to work on /opt/airflow/dags/pipeline_strava_activities.py
[2025-11-15T23:34:27.934+0000] {processor.py:830} INFO - Processing file /opt/airflow/dags/pipeline_strava_activities.py for tasks to queue
[2025-11-15T23:34:27.935+0000] {logging_mixin.py:188} INFO - [2025-11-15T23:34:27.935+0000] {dagbag.py:545} INFO - Filling up the DagBag from /opt/airflow/dags/pipeline_strava_activities.py
[2025-11-15T23:34:27.945+0000] {processor.py:840} INFO - DAG(s) 'etl_strava_activities' retrieved from /opt/airflow/dags/pipeline_strava_activities.py
[2025-11-15T23:34:27.973+0000] {logging_mixin.py:188} INFO - [2025-11-15T23:34:27.973+0000] {dag.py:3089} INFO - Sync 1 DAGs
[2025-11-15T23:34:27.992+0000] {logging_mixin.py:188} INFO - [2025-11-15T23:34:27.992+0000] {dag.py:3947} INFO - Setting next_dagrun for etl_strava_activities to 2025-11-15 03:00:00+00:00, run_after=2025-11-16 03:00:00+00:00
[2025-11-15T23:34:28.005+0000] {processor.py:183} INFO - Processing /opt/airflow/dags/pipeline_strava_activities.py took 0.078 seconds
[2025-11-15T23:34:58.305+0000] {processor.py:161} INFO - Started process (PID=206) to work on /opt/airflow/dags/pipeline_strava_activities.py
[2025-11-15T23:34:58.307+0000] {processor.py:830} INFO - Processing file /opt/airflow/dags/pipeline_strava_activities.py for tasks to queue
[2025-11-15T23:34:58.310+0000] {logging_mixin.py:188} INFO - [2025-11-15T23:34:58.309+0000] {dagbag.py:545} INFO - Filling up the DagBag from /opt/airflow/dags/pipeline_strava_activities.py
[2025-11-15T23:34:58.331+0000] {processor.py:840} INFO - DAG(s) 'etl_strava_activities' retrieved from /opt/airflow/dags/pipeline_strava_activities.py
[2025-11-15T23:34:58.370+0000] {logging_mixin.py:188} INFO - [2025-11-15T23:34:58.370+0000] {dag.py:3089} INFO - Sync 1 DAGs
[2025-11-15T23:34:58.404+0000] {logging_mixin.py:188} INFO - [2025-11-15T23:34:58.404+0000] {dag.py:3947} INFO - Setting next_dagrun for etl_strava_activities to 2025-11-15 03:00:00+00:00, run_after=2025-11-16 03:00:00+00:00
[2025-11-15T23:34:58.425+0000] {processor.py:183} INFO - Processing /opt/airflow/dags/pipeline_strava_activities.py took 0.132 seconds
[2025-11-15T23:35:28.592+0000] {processor.py:161} INFO - Started process (PID=216) to work on /opt/airflow/dags/pipeline_strava_activities.py
[2025-11-15T23:35:28.594+0000] {processor.py:830} INFO - Processing file /opt/airflow/dags/pipeline_strava_activities.py for tasks to queue
[2025-11-15T23:35:28.596+0000] {logging_mixin.py:188} INFO - [2025-11-15T23:35:28.595+0000] {dagbag.py:545} INFO - Filling up the DagBag from /opt/airflow/dags/pipeline_strava_activities.py
[2025-11-15T23:35:28.613+0000] {processor.py:840} INFO - DAG(s) 'etl_strava_activities' retrieved from /opt/airflow/dags/pipeline_strava_activities.py
[2025-11-15T23:35:28.654+0000] {logging_mixin.py:188} INFO - [2025-11-15T23:35:28.653+0000] {dag.py:3089} INFO - Sync 1 DAGs
[2025-11-15T23:35:28.679+0000] {logging_mixin.py:188} INFO - [2025-11-15T23:35:28.679+0000] {dag.py:3947} INFO - Setting next_dagrun for etl_strava_activities to 2025-11-15 03:00:00+00:00, run_after=2025-11-16 03:00:00+00:00
[2025-11-15T23:35:28.695+0000] {processor.py:183} INFO - Processing /opt/airflow/dags/pipeline_strava_activities.py took 0.111 seconds
[2025-11-15T23:35:58.952+0000] {processor.py:161} INFO - Started process (PID=226) to work on /opt/airflow/dags/pipeline_strava_activities.py
[2025-11-15T23:35:58.956+0000] {processor.py:830} INFO - Processing file /opt/airflow/dags/pipeline_strava_activities.py for tasks to queue
[2025-11-15T23:35:58.959+0000] {logging_mixin.py:188} INFO - [2025-11-15T23:35:58.959+0000] {dagbag.py:545} INFO - Filling up the DagBag from /opt/airflow/dags/pipeline_strava_activities.py
[2025-11-15T23:35:58.980+0000] {processor.py:840} INFO - DAG(s) 'etl_strava_activities' retrieved from /opt/airflow/dags/pipeline_strava_activities.py
[2025-11-15T23:35:59.030+0000] {logging_mixin.py:188} INFO - [2025-11-15T23:35:59.029+0000] {dag.py:3089} INFO - Sync 1 DAGs
[2025-11-15T23:35:59.059+0000] {logging_mixin.py:188} INFO - [2025-11-15T23:35:59.058+0000] {dag.py:3947} INFO - Setting next_dagrun for etl_strava_activities to 2025-11-15 03:00:00+00:00, run_after=2025-11-16 03:00:00+00:00
[2025-11-15T23:35:59.098+0000] {processor.py:183} INFO - Processing /opt/airflow/dags/pipeline_strava_activities.py took 0.155 seconds
[2025-11-15T23:36:29.343+0000] {processor.py:161} INFO - Started process (PID=236) to work on /opt/airflow/dags/pipeline_strava_activities.py
[2025-11-15T23:36:29.345+0000] {processor.py:830} INFO - Processing file /opt/airflow/dags/pipeline_strava_activities.py for tasks to queue
[2025-11-15T23:36:29.347+0000] {logging_mixin.py:188} INFO - [2025-11-15T23:36:29.347+0000] {dagbag.py:545} INFO - Filling up the DagBag from /opt/airflow/dags/pipeline_strava_activities.py
[2025-11-15T23:36:29.357+0000] {processor.py:840} INFO - DAG(s) 'etl_strava_activities' retrieved from /opt/airflow/dags/pipeline_strava_activities.py
[2025-11-15T23:36:29.387+0000] {logging_mixin.py:188} INFO - [2025-11-15T23:36:29.386+0000] {dag.py:3089} INFO - Sync 1 DAGs
[2025-11-15T23:36:29.407+0000] {logging_mixin.py:188} INFO - [2025-11-15T23:36:29.407+0000] {dag.py:3947} INFO - Setting next_dagrun for etl_strava_activities to 2025-11-15 03:00:00+00:00, run_after=2025-11-16 03:00:00+00:00
[2025-11-15T23:36:29.419+0000] {processor.py:183} INFO - Processing /opt/airflow/dags/pipeline_strava_activities.py took 0.082 seconds
[2025-11-15T23:36:59.709+0000] {processor.py:161} INFO - Started process (PID=249) to work on /opt/airflow/dags/pipeline_strava_activities.py
[2025-11-15T23:36:59.712+0000] {processor.py:830} INFO - Processing file /opt/airflow/dags/pipeline_strava_activities.py for tasks to queue
[2025-11-15T23:36:59.715+0000] {logging_mixin.py:188} INFO - [2025-11-15T23:36:59.714+0000] {dagbag.py:545} INFO - Filling up the DagBag from /opt/airflow/dags/pipeline_strava_activities.py
[2025-11-15T23:36:59.731+0000] {processor.py:840} INFO - DAG(s) 'etl_strava_activities' retrieved from /opt/airflow/dags/pipeline_strava_activities.py
[2025-11-15T23:36:59.767+0000] {logging_mixin.py:188} INFO - [2025-11-15T23:36:59.766+0000] {dag.py:3089} INFO - Sync 1 DAGs
[2025-11-15T23:36:59.791+0000] {logging_mixin.py:188} INFO - [2025-11-15T23:36:59.791+0000] {dag.py:3947} INFO - Setting next_dagrun for etl_strava_activities to 2025-11-15 03:00:00+00:00, run_after=2025-11-16 03:00:00+00:00
[2025-11-15T23:36:59.807+0000] {processor.py:183} INFO - Processing /opt/airflow/dags/pipeline_strava_activities.py took 0.105 seconds
[2025-11-15T23:37:29.947+0000] {processor.py:161} INFO - Started process (PID=259) to work on /opt/airflow/dags/pipeline_strava_activities.py
[2025-11-15T23:37:29.948+0000] {processor.py:830} INFO - Processing file /opt/airflow/dags/pipeline_strava_activities.py for tasks to queue
[2025-11-15T23:37:29.949+0000] {logging_mixin.py:188} INFO - [2025-11-15T23:37:29.949+0000] {dagbag.py:545} INFO - Filling up the DagBag from /opt/airflow/dags/pipeline_strava_activities.py
[2025-11-15T23:37:29.965+0000] {processor.py:840} INFO - DAG(s) 'etl_strava_activities' retrieved from /opt/airflow/dags/pipeline_strava_activities.py
[2025-11-15T23:37:29.995+0000] {logging_mixin.py:188} INFO - [2025-11-15T23:37:29.994+0000] {dag.py:3089} INFO - Sync 1 DAGs
[2025-11-15T23:37:30.015+0000] {logging_mixin.py:188} INFO - [2025-11-15T23:37:30.015+0000] {dag.py:3947} INFO - Setting next_dagrun for etl_strava_activities to 2025-11-15 03:00:00+00:00, run_after=2025-11-16 03:00:00+00:00
[2025-11-15T23:37:30.031+0000] {processor.py:183} INFO - Processing /opt/airflow/dags/pipeline_strava_activities.py took 0.090 seconds
[2025-11-15T23:38:00.324+0000] {processor.py:161} INFO - Started process (PID=269) to work on /opt/airflow/dags/pipeline_strava_activities.py
[2025-11-15T23:38:00.326+0000] {processor.py:830} INFO - Processing file /opt/airflow/dags/pipeline_strava_activities.py for tasks to queue
[2025-11-15T23:38:00.328+0000] {logging_mixin.py:188} INFO - [2025-11-15T23:38:00.327+0000] {dagbag.py:545} INFO - Filling up the DagBag from /opt/airflow/dags/pipeline_strava_activities.py
[2025-11-15T23:38:00.351+0000] {processor.py:840} INFO - DAG(s) 'etl_strava_activities' retrieved from /opt/airflow/dags/pipeline_strava_activities.py
[2025-11-15T23:38:00.383+0000] {logging_mixin.py:188} INFO - [2025-11-15T23:38:00.383+0000] {dag.py:3089} INFO - Sync 1 DAGs
[2025-11-15T23:38:00.403+0000] {logging_mixin.py:188} INFO - [2025-11-15T23:38:00.402+0000] {dag.py:3947} INFO - Setting next_dagrun for etl_strava_activities to 2025-11-15 03:00:00+00:00, run_after=2025-11-16 03:00:00+00:00
[2025-11-15T23:38:00.416+0000] {processor.py:183} INFO - Processing /opt/airflow/dags/pipeline_strava_activities.py took 0.098 seconds
[2025-11-15T23:38:30.638+0000] {processor.py:161} INFO - Started process (PID=279) to work on /opt/airflow/dags/pipeline_strava_activities.py
[2025-11-15T23:38:30.641+0000] {processor.py:830} INFO - Processing file /opt/airflow/dags/pipeline_strava_activities.py for tasks to queue
[2025-11-15T23:38:30.643+0000] {logging_mixin.py:188} INFO - [2025-11-15T23:38:30.643+0000] {dagbag.py:545} INFO - Filling up the DagBag from /opt/airflow/dags/pipeline_strava_activities.py
[2025-11-15T23:38:30.664+0000] {processor.py:840} INFO - DAG(s) 'etl_strava_activities' retrieved from /opt/airflow/dags/pipeline_strava_activities.py
[2025-11-15T23:38:30.710+0000] {logging_mixin.py:188} INFO - [2025-11-15T23:38:30.710+0000] {dag.py:3089} INFO - Sync 1 DAGs
[2025-11-15T23:38:30.750+0000] {logging_mixin.py:188} INFO - [2025-11-15T23:38:30.749+0000] {dag.py:3947} INFO - Setting next_dagrun for etl_strava_activities to 2025-11-15 03:00:00+00:00, run_after=2025-11-16 03:00:00+00:00
[2025-11-15T23:38:30.785+0000] {processor.py:183} INFO - Processing /opt/airflow/dags/pipeline_strava_activities.py took 0.155 seconds
[2025-11-15T23:39:00.907+0000] {processor.py:161} INFO - Started process (PID=289) to work on /opt/airflow/dags/pipeline_strava_activities.py
[2025-11-15T23:39:00.909+0000] {processor.py:830} INFO - Processing file /opt/airflow/dags/pipeline_strava_activities.py for tasks to queue
[2025-11-15T23:39:00.910+0000] {logging_mixin.py:188} INFO - [2025-11-15T23:39:00.910+0000] {dagbag.py:545} INFO - Filling up the DagBag from /opt/airflow/dags/pipeline_strava_activities.py
[2025-11-15T23:39:00.920+0000] {processor.py:840} INFO - DAG(s) 'etl_strava_activities' retrieved from /opt/airflow/dags/pipeline_strava_activities.py
[2025-11-15T23:39:00.947+0000] {logging_mixin.py:188} INFO - [2025-11-15T23:39:00.947+0000] {dag.py:3089} INFO - Sync 1 DAGs
[2025-11-15T23:39:00.964+0000] {logging_mixin.py:188} INFO - [2025-11-15T23:39:00.964+0000] {dag.py:3947} INFO - Setting next_dagrun for etl_strava_activities to 2025-11-15 03:00:00+00:00, run_after=2025-11-16 03:00:00+00:00
[2025-11-15T23:39:00.977+0000] {processor.py:183} INFO - Processing /opt/airflow/dags/pipeline_strava_activities.py took 0.075 seconds
[2025-11-15T23:39:31.160+0000] {processor.py:161} INFO - Started process (PID=299) to work on /opt/airflow/dags/pipeline_strava_activities.py
[2025-11-15T23:39:31.166+0000] {processor.py:830} INFO - Processing file /opt/airflow/dags/pipeline_strava_activities.py for tasks to queue
[2025-11-15T23:39:31.169+0000] {logging_mixin.py:188} INFO - [2025-11-15T23:39:31.169+0000] {dagbag.py:545} INFO - Filling up the DagBag from /opt/airflow/dags/pipeline_strava_activities.py
[2025-11-15T23:39:31.182+0000] {processor.py:840} INFO - DAG(s) 'etl_strava_activities' retrieved from /opt/airflow/dags/pipeline_strava_activities.py
[2025-11-15T23:39:31.211+0000] {logging_mixin.py:188} INFO - [2025-11-15T23:39:31.211+0000] {dag.py:3089} INFO - Sync 1 DAGs
[2025-11-15T23:39:31.232+0000] {logging_mixin.py:188} INFO - [2025-11-15T23:39:31.232+0000] {dag.py:3947} INFO - Setting next_dagrun for etl_strava_activities to 2025-11-15 03:00:00+00:00, run_after=2025-11-16 03:00:00+00:00
[2025-11-15T23:39:31.246+0000] {processor.py:183} INFO - Processing /opt/airflow/dags/pipeline_strava_activities.py took 0.094 seconds
[2025-11-15T23:40:01.481+0000] {processor.py:161} INFO - Started process (PID=321) to work on /opt/airflow/dags/pipeline_strava_activities.py
[2025-11-15T23:40:01.483+0000] {processor.py:830} INFO - Processing file /opt/airflow/dags/pipeline_strava_activities.py for tasks to queue
[2025-11-15T23:40:01.485+0000] {logging_mixin.py:188} INFO - [2025-11-15T23:40:01.485+0000] {dagbag.py:545} INFO - Filling up the DagBag from /opt/airflow/dags/pipeline_strava_activities.py
[2025-11-15T23:40:01.499+0000] {processor.py:840} INFO - DAG(s) 'etl_strava_activities' retrieved from /opt/airflow/dags/pipeline_strava_activities.py
[2025-11-15T23:40:01.529+0000] {logging_mixin.py:188} INFO - [2025-11-15T23:40:01.529+0000] {dag.py:3089} INFO - Sync 1 DAGs
[2025-11-15T23:40:01.549+0000] {logging_mixin.py:188} INFO - [2025-11-15T23:40:01.549+0000] {dag.py:3947} INFO - Setting next_dagrun for etl_strava_activities to 2025-11-15 03:00:00+00:00, run_after=2025-11-16 03:00:00+00:00
[2025-11-15T23:40:01.563+0000] {processor.py:183} INFO - Processing /opt/airflow/dags/pipeline_strava_activities.py took 0.089 seconds
[2025-11-15T23:40:31.793+0000] {processor.py:161} INFO - Started process (PID=331) to work on /opt/airflow/dags/pipeline_strava_activities.py
[2025-11-15T23:40:31.798+0000] {processor.py:830} INFO - Processing file /opt/airflow/dags/pipeline_strava_activities.py for tasks to queue
[2025-11-15T23:40:31.802+0000] {logging_mixin.py:188} INFO - [2025-11-15T23:40:31.801+0000] {dagbag.py:545} INFO - Filling up the DagBag from /opt/airflow/dags/pipeline_strava_activities.py
[2025-11-15T23:40:31.826+0000] {processor.py:840} INFO - DAG(s) 'etl_strava_activities' retrieved from /opt/airflow/dags/pipeline_strava_activities.py
[2025-11-15T23:40:31.900+0000] {logging_mixin.py:188} INFO - [2025-11-15T23:40:31.900+0000] {dag.py:3089} INFO - Sync 1 DAGs
[2025-11-15T23:40:31.923+0000] {logging_mixin.py:188} INFO - [2025-11-15T23:40:31.923+0000] {dag.py:3947} INFO - Setting next_dagrun for etl_strava_activities to 2025-11-15 03:00:00+00:00, run_after=2025-11-16 03:00:00+00:00
[2025-11-15T23:40:31.943+0000] {processor.py:183} INFO - Processing /opt/airflow/dags/pipeline_strava_activities.py took 0.157 seconds
[2025-11-15T23:41:02.116+0000] {processor.py:161} INFO - Started process (PID=341) to work on /opt/airflow/dags/pipeline_strava_activities.py
[2025-11-15T23:41:02.118+0000] {processor.py:830} INFO - Processing file /opt/airflow/dags/pipeline_strava_activities.py for tasks to queue
[2025-11-15T23:41:02.119+0000] {logging_mixin.py:188} INFO - [2025-11-15T23:41:02.119+0000] {dagbag.py:545} INFO - Filling up the DagBag from /opt/airflow/dags/pipeline_strava_activities.py
[2025-11-15T23:41:02.130+0000] {processor.py:840} INFO - DAG(s) 'etl_strava_activities' retrieved from /opt/airflow/dags/pipeline_strava_activities.py
[2025-11-15T23:41:02.155+0000] {logging_mixin.py:188} INFO - [2025-11-15T23:41:02.154+0000] {dag.py:3089} INFO - Sync 1 DAGs
[2025-11-15T23:41:02.180+0000] {logging_mixin.py:188} INFO - [2025-11-15T23:41:02.180+0000] {dag.py:3947} INFO - Setting next_dagrun for etl_strava_activities to 2025-11-15 03:00:00+00:00, run_after=2025-11-16 03:00:00+00:00
[2025-11-15T23:41:02.192+0000] {processor.py:183} INFO - Processing /opt/airflow/dags/pipeline_strava_activities.py took 0.081 seconds
[2025-11-15T23:41:32.472+0000] {processor.py:161} INFO - Started process (PID=351) to work on /opt/airflow/dags/pipeline_strava_activities.py
[2025-11-15T23:41:32.475+0000] {processor.py:830} INFO - Processing file /opt/airflow/dags/pipeline_strava_activities.py for tasks to queue
[2025-11-15T23:41:32.478+0000] {logging_mixin.py:188} INFO - [2025-11-15T23:41:32.477+0000] {dagbag.py:545} INFO - Filling up the DagBag from /opt/airflow/dags/pipeline_strava_activities.py
[2025-11-15T23:41:32.501+0000] {processor.py:840} INFO - DAG(s) 'etl_strava_activities' retrieved from /opt/airflow/dags/pipeline_strava_activities.py
[2025-11-15T23:41:32.544+0000] {logging_mixin.py:188} INFO - [2025-11-15T23:41:32.544+0000] {dag.py:3089} INFO - Sync 1 DAGs
[2025-11-15T23:41:32.570+0000] {logging_mixin.py:188} INFO - [2025-11-15T23:41:32.570+0000] {dag.py:3947} INFO - Setting next_dagrun for etl_strava_activities to 2025-11-15 03:00:00+00:00, run_after=2025-11-16 03:00:00+00:00
[2025-11-15T23:41:32.586+0000] {processor.py:183} INFO - Processing /opt/airflow/dags/pipeline_strava_activities.py took 0.122 seconds
[2025-11-15T23:42:02.710+0000] {processor.py:161} INFO - Started process (PID=361) to work on /opt/airflow/dags/pipeline_strava_activities.py
[2025-11-15T23:42:02.713+0000] {processor.py:830} INFO - Processing file /opt/airflow/dags/pipeline_strava_activities.py for tasks to queue
[2025-11-15T23:42:02.717+0000] {logging_mixin.py:188} INFO - [2025-11-15T23:42:02.716+0000] {dagbag.py:545} INFO - Filling up the DagBag from /opt/airflow/dags/pipeline_strava_activities.py
[2025-11-15T23:42:02.745+0000] {processor.py:840} INFO - DAG(s) 'etl_strava_activities' retrieved from /opt/airflow/dags/pipeline_strava_activities.py
[2025-11-15T23:42:02.787+0000] {logging_mixin.py:188} INFO - [2025-11-15T23:42:02.787+0000] {dag.py:3089} INFO - Sync 1 DAGs
[2025-11-15T23:42:02.814+0000] {logging_mixin.py:188} INFO - [2025-11-15T23:42:02.814+0000] {dag.py:3947} INFO - Setting next_dagrun for etl_strava_activities to 2025-11-15 03:00:00+00:00, run_after=2025-11-16 03:00:00+00:00
[2025-11-15T23:42:02.830+0000] {processor.py:183} INFO - Processing /opt/airflow/dags/pipeline_strava_activities.py took 0.131 seconds
[2025-11-15T23:42:33.050+0000] {processor.py:161} INFO - Started process (PID=371) to work on /opt/airflow/dags/pipeline_strava_activities.py
[2025-11-15T23:42:33.052+0000] {processor.py:830} INFO - Processing file /opt/airflow/dags/pipeline_strava_activities.py for tasks to queue
[2025-11-15T23:42:33.056+0000] {logging_mixin.py:188} INFO - [2025-11-15T23:42:33.055+0000] {dagbag.py:545} INFO - Filling up the DagBag from /opt/airflow/dags/pipeline_strava_activities.py
[2025-11-15T23:42:33.077+0000] {processor.py:840} INFO - DAG(s) 'etl_strava_activities' retrieved from /opt/airflow/dags/pipeline_strava_activities.py
[2025-11-15T23:42:33.122+0000] {logging_mixin.py:188} INFO - [2025-11-15T23:42:33.121+0000] {dag.py:3089} INFO - Sync 1 DAGs
[2025-11-15T23:42:33.149+0000] {logging_mixin.py:188} INFO - [2025-11-15T23:42:33.149+0000] {dag.py:3947} INFO - Setting next_dagrun for etl_strava_activities to 2025-11-15 03:00:00+00:00, run_after=2025-11-16 03:00:00+00:00
[2025-11-15T23:42:33.174+0000] {processor.py:183} INFO - Processing /opt/airflow/dags/pipeline_strava_activities.py took 0.135 seconds
[2025-11-15T23:43:03.499+0000] {processor.py:161} INFO - Started process (PID=386) to work on /opt/airflow/dags/pipeline_strava_activities.py
[2025-11-15T23:43:03.502+0000] {processor.py:830} INFO - Processing file /opt/airflow/dags/pipeline_strava_activities.py for tasks to queue
[2025-11-15T23:43:03.504+0000] {logging_mixin.py:188} INFO - [2025-11-15T23:43:03.504+0000] {dagbag.py:545} INFO - Filling up the DagBag from /opt/airflow/dags/pipeline_strava_activities.py
[2025-11-15T23:43:03.522+0000] {processor.py:840} INFO - DAG(s) 'etl_strava_activities' retrieved from /opt/airflow/dags/pipeline_strava_activities.py
[2025-11-15T23:43:03.575+0000] {logging_mixin.py:188} INFO - [2025-11-15T23:43:03.575+0000] {dag.py:3089} INFO - Sync 1 DAGs
[2025-11-15T23:43:03.624+0000] {logging_mixin.py:188} INFO - [2025-11-15T23:43:03.624+0000] {dag.py:3947} INFO - Setting next_dagrun for etl_strava_activities to 2025-11-15 03:00:00+00:00, run_after=2025-11-16 03:00:00+00:00
[2025-11-15T23:43:03.649+0000] {processor.py:183} INFO - Processing /opt/airflow/dags/pipeline_strava_activities.py took 0.162 seconds
[2025-11-15T23:43:34.121+0000] {processor.py:161} INFO - Started process (PID=396) to work on /opt/airflow/dags/pipeline_strava_activities.py
[2025-11-15T23:43:34.126+0000] {processor.py:830} INFO - Processing file /opt/airflow/dags/pipeline_strava_activities.py for tasks to queue
[2025-11-15T23:43:34.128+0000] {logging_mixin.py:188} INFO - [2025-11-15T23:43:34.127+0000] {dagbag.py:545} INFO - Filling up the DagBag from /opt/airflow/dags/pipeline_strava_activities.py
[2025-11-15T23:43:34.148+0000] {processor.py:840} INFO - DAG(s) 'etl_strava_activities' retrieved from /opt/airflow/dags/pipeline_strava_activities.py
[2025-11-15T23:43:34.193+0000] {logging_mixin.py:188} INFO - [2025-11-15T23:43:34.193+0000] {dag.py:3089} INFO - Sync 1 DAGs
[2025-11-15T23:43:34.221+0000] {logging_mixin.py:188} INFO - [2025-11-15T23:43:34.221+0000] {dag.py:3947} INFO - Setting next_dagrun for etl_strava_activities to 2025-11-15 03:00:00+00:00, run_after=2025-11-16 03:00:00+00:00
[2025-11-15T23:43:34.238+0000] {processor.py:183} INFO - Processing /opt/airflow/dags/pipeline_strava_activities.py took 0.133 seconds
[2025-11-15T23:44:04.417+0000] {processor.py:161} INFO - Started process (PID=418) to work on /opt/airflow/dags/pipeline_strava_activities.py
[2025-11-15T23:44:04.418+0000] {processor.py:830} INFO - Processing file /opt/airflow/dags/pipeline_strava_activities.py for tasks to queue
[2025-11-15T23:44:04.419+0000] {logging_mixin.py:188} INFO - [2025-11-15T23:44:04.419+0000] {dagbag.py:545} INFO - Filling up the DagBag from /opt/airflow/dags/pipeline_strava_activities.py
[2025-11-15T23:44:04.434+0000] {processor.py:840} INFO - DAG(s) 'etl_strava_activities' retrieved from /opt/airflow/dags/pipeline_strava_activities.py
[2025-11-15T23:44:04.467+0000] {logging_mixin.py:188} INFO - [2025-11-15T23:44:04.466+0000] {dag.py:3089} INFO - Sync 1 DAGs
[2025-11-15T23:44:04.487+0000] {logging_mixin.py:188} INFO - [2025-11-15T23:44:04.487+0000] {dag.py:3947} INFO - Setting next_dagrun for etl_strava_activities to 2025-11-15 03:00:00+00:00, run_after=2025-11-16 03:00:00+00:00
[2025-11-15T23:44:04.500+0000] {processor.py:183} INFO - Processing /opt/airflow/dags/pipeline_strava_activities.py took 0.091 seconds
[2025-11-15T23:44:34.804+0000] {processor.py:161} INFO - Started process (PID=428) to work on /opt/airflow/dags/pipeline_strava_activities.py
[2025-11-15T23:44:34.808+0000] {processor.py:830} INFO - Processing file /opt/airflow/dags/pipeline_strava_activities.py for tasks to queue
[2025-11-15T23:44:34.810+0000] {logging_mixin.py:188} INFO - [2025-11-15T23:44:34.809+0000] {dagbag.py:545} INFO - Filling up the DagBag from /opt/airflow/dags/pipeline_strava_activities.py
[2025-11-15T23:44:34.849+0000] {processor.py:840} INFO - DAG(s) 'etl_strava_activities' retrieved from /opt/airflow/dags/pipeline_strava_activities.py
[2025-11-15T23:44:34.921+0000] {logging_mixin.py:188} INFO - [2025-11-15T23:44:34.921+0000] {dag.py:3089} INFO - Sync 1 DAGs
[2025-11-15T23:44:34.960+0000] {logging_mixin.py:188} INFO - [2025-11-15T23:44:34.959+0000] {dag.py:3947} INFO - Setting next_dagrun for etl_strava_activities to 2025-11-15 03:00:00+00:00, run_after=2025-11-16 03:00:00+00:00
[2025-11-15T23:44:35.017+0000] {processor.py:183} INFO - Processing /opt/airflow/dags/pipeline_strava_activities.py took 0.227 seconds
[2025-11-15T23:45:05.171+0000] {processor.py:161} INFO - Started process (PID=438) to work on /opt/airflow/dags/pipeline_strava_activities.py
[2025-11-15T23:45:05.174+0000] {processor.py:830} INFO - Processing file /opt/airflow/dags/pipeline_strava_activities.py for tasks to queue
[2025-11-15T23:45:05.176+0000] {logging_mixin.py:188} INFO - [2025-11-15T23:45:05.176+0000] {dagbag.py:545} INFO - Filling up the DagBag from /opt/airflow/dags/pipeline_strava_activities.py
[2025-11-15T23:45:05.203+0000] {processor.py:840} INFO - DAG(s) 'etl_strava_activities' retrieved from /opt/airflow/dags/pipeline_strava_activities.py
[2025-11-15T23:45:05.254+0000] {logging_mixin.py:188} INFO - [2025-11-15T23:45:05.253+0000] {dag.py:3089} INFO - Sync 1 DAGs
[2025-11-15T23:45:05.284+0000] {logging_mixin.py:188} INFO - [2025-11-15T23:45:05.283+0000] {dag.py:3947} INFO - Setting next_dagrun for etl_strava_activities to 2025-11-15 03:00:00+00:00, run_after=2025-11-16 03:00:00+00:00
[2025-11-15T23:45:05.305+0000] {processor.py:183} INFO - Processing /opt/airflow/dags/pipeline_strava_activities.py took 0.143 seconds
[2025-11-15T23:45:35.611+0000] {processor.py:161} INFO - Started process (PID=448) to work on /opt/airflow/dags/pipeline_strava_activities.py
[2025-11-15T23:45:35.614+0000] {processor.py:830} INFO - Processing file /opt/airflow/dags/pipeline_strava_activities.py for tasks to queue
[2025-11-15T23:45:35.615+0000] {logging_mixin.py:188} INFO - [2025-11-15T23:45:35.614+0000] {dagbag.py:545} INFO - Filling up the DagBag from /opt/airflow/dags/pipeline_strava_activities.py
[2025-11-15T23:45:35.636+0000] {processor.py:840} INFO - DAG(s) 'etl_strava_activities' retrieved from /opt/airflow/dags/pipeline_strava_activities.py
[2025-11-15T23:45:35.673+0000] {logging_mixin.py:188} INFO - [2025-11-15T23:45:35.673+0000] {dag.py:3089} INFO - Sync 1 DAGs
[2025-11-15T23:45:35.704+0000] {logging_mixin.py:188} INFO - [2025-11-15T23:45:35.704+0000] {dag.py:3947} INFO - Setting next_dagrun for etl_strava_activities to 2025-11-15 03:00:00+00:00, run_after=2025-11-16 03:00:00+00:00
[2025-11-15T23:45:35.725+0000] {processor.py:183} INFO - Processing /opt/airflow/dags/pipeline_strava_activities.py took 0.122 seconds
[2025-11-15T23:46:06.070+0000] {processor.py:161} INFO - Started process (PID=458) to work on /opt/airflow/dags/pipeline_strava_activities.py
[2025-11-15T23:46:06.073+0000] {processor.py:830} INFO - Processing file /opt/airflow/dags/pipeline_strava_activities.py for tasks to queue
[2025-11-15T23:46:06.074+0000] {logging_mixin.py:188} INFO - [2025-11-15T23:46:06.073+0000] {dagbag.py:545} INFO - Filling up the DagBag from /opt/airflow/dags/pipeline_strava_activities.py
[2025-11-15T23:46:06.093+0000] {processor.py:840} INFO - DAG(s) 'etl_strava_activities' retrieved from /opt/airflow/dags/pipeline_strava_activities.py
[2025-11-15T23:46:06.142+0000] {logging_mixin.py:188} INFO - [2025-11-15T23:46:06.142+0000] {dag.py:3089} INFO - Sync 1 DAGs
[2025-11-15T23:46:06.175+0000] {logging_mixin.py:188} INFO - [2025-11-15T23:46:06.175+0000] {dag.py:3947} INFO - Setting next_dagrun for etl_strava_activities to 2025-11-15 03:00:00+00:00, run_after=2025-11-16 03:00:00+00:00
[2025-11-15T23:46:06.200+0000] {processor.py:183} INFO - Processing /opt/airflow/dags/pipeline_strava_activities.py took 0.138 seconds
[2025-11-15T23:46:36.358+0000] {processor.py:161} INFO - Started process (PID=468) to work on /opt/airflow/dags/pipeline_strava_activities.py
[2025-11-15T23:46:36.359+0000] {processor.py:830} INFO - Processing file /opt/airflow/dags/pipeline_strava_activities.py for tasks to queue
[2025-11-15T23:46:36.361+0000] {logging_mixin.py:188} INFO - [2025-11-15T23:46:36.360+0000] {dagbag.py:545} INFO - Filling up the DagBag from /opt/airflow/dags/pipeline_strava_activities.py
[2025-11-15T23:46:36.381+0000] {processor.py:840} INFO - DAG(s) 'etl_strava_activities' retrieved from /opt/airflow/dags/pipeline_strava_activities.py
[2025-11-15T23:46:36.426+0000] {logging_mixin.py:188} INFO - [2025-11-15T23:46:36.425+0000] {dag.py:3089} INFO - Sync 1 DAGs
[2025-11-15T23:46:36.468+0000] {logging_mixin.py:188} INFO - [2025-11-15T23:46:36.467+0000] {dag.py:3947} INFO - Setting next_dagrun for etl_strava_activities to 2025-11-15 03:00:00+00:00, run_after=2025-11-16 03:00:00+00:00
[2025-11-15T23:46:36.488+0000] {processor.py:183} INFO - Processing /opt/airflow/dags/pipeline_strava_activities.py took 0.138 seconds
[2025-11-15T23:47:06.809+0000] {processor.py:161} INFO - Started process (PID=478) to work on /opt/airflow/dags/pipeline_strava_activities.py
[2025-11-15T23:47:06.811+0000] {processor.py:830} INFO - Processing file /opt/airflow/dags/pipeline_strava_activities.py for tasks to queue
[2025-11-15T23:47:06.812+0000] {logging_mixin.py:188} INFO - [2025-11-15T23:47:06.811+0000] {dagbag.py:545} INFO - Filling up the DagBag from /opt/airflow/dags/pipeline_strava_activities.py
[2025-11-15T23:47:06.822+0000] {processor.py:840} INFO - DAG(s) 'etl_strava_activities' retrieved from /opt/airflow/dags/pipeline_strava_activities.py
[2025-11-15T23:47:06.854+0000] {logging_mixin.py:188} INFO - [2025-11-15T23:47:06.853+0000] {dag.py:3089} INFO - Sync 1 DAGs
[2025-11-15T23:47:06.873+0000] {logging_mixin.py:188} INFO - [2025-11-15T23:47:06.873+0000] {dag.py:3947} INFO - Setting next_dagrun for etl_strava_activities to 2025-11-15 03:00:00+00:00, run_after=2025-11-16 03:00:00+00:00
[2025-11-15T23:47:06.886+0000] {processor.py:183} INFO - Processing /opt/airflow/dags/pipeline_strava_activities.py took 0.082 seconds
[2025-11-15T23:47:37.181+0000] {processor.py:161} INFO - Started process (PID=488) to work on /opt/airflow/dags/pipeline_strava_activities.py
[2025-11-15T23:47:37.184+0000] {processor.py:830} INFO - Processing file /opt/airflow/dags/pipeline_strava_activities.py for tasks to queue
[2025-11-15T23:47:37.185+0000] {logging_mixin.py:188} INFO - [2025-11-15T23:47:37.185+0000] {dagbag.py:545} INFO - Filling up the DagBag from /opt/airflow/dags/pipeline_strava_activities.py
[2025-11-15T23:47:37.216+0000] {processor.py:840} INFO - DAG(s) 'etl_strava_activities' retrieved from /opt/airflow/dags/pipeline_strava_activities.py
[2025-11-15T23:47:37.267+0000] {logging_mixin.py:188} INFO - [2025-11-15T23:47:37.267+0000] {dag.py:3089} INFO - Sync 1 DAGs
[2025-11-15T23:47:37.298+0000] {logging_mixin.py:188} INFO - [2025-11-15T23:47:37.298+0000] {dag.py:3947} INFO - Setting next_dagrun for etl_strava_activities to 2025-11-15 03:00:00+00:00, run_after=2025-11-16 03:00:00+00:00
[2025-11-15T23:47:37.315+0000] {processor.py:183} INFO - Processing /opt/airflow/dags/pipeline_strava_activities.py took 0.143 seconds
[2025-11-15T23:48:07.593+0000] {processor.py:161} INFO - Started process (PID=503) to work on /opt/airflow/dags/pipeline_strava_activities.py
[2025-11-15T23:48:07.595+0000] {processor.py:830} INFO - Processing file /opt/airflow/dags/pipeline_strava_activities.py for tasks to queue
[2025-11-15T23:48:07.595+0000] {logging_mixin.py:188} INFO - [2025-11-15T23:48:07.595+0000] {dagbag.py:545} INFO - Filling up the DagBag from /opt/airflow/dags/pipeline_strava_activities.py
[2025-11-15T23:48:07.606+0000] {processor.py:840} INFO - DAG(s) 'etl_strava_activities' retrieved from /opt/airflow/dags/pipeline_strava_activities.py
[2025-11-15T23:48:07.629+0000] {logging_mixin.py:188} INFO - [2025-11-15T23:48:07.629+0000] {dag.py:3089} INFO - Sync 1 DAGs
[2025-11-15T23:48:07.653+0000] {logging_mixin.py:188} INFO - [2025-11-15T23:48:07.652+0000] {dag.py:3947} INFO - Setting next_dagrun for etl_strava_activities to 2025-11-15 03:00:00+00:00, run_after=2025-11-16 03:00:00+00:00
[2025-11-15T23:48:07.668+0000] {processor.py:183} INFO - Processing /opt/airflow/dags/pipeline_strava_activities.py took 0.080 seconds
[2025-11-15T23:48:37.986+0000] {processor.py:161} INFO - Started process (PID=518) to work on /opt/airflow/dags/pipeline_strava_activities.py
[2025-11-15T23:48:37.988+0000] {processor.py:830} INFO - Processing file /opt/airflow/dags/pipeline_strava_activities.py for tasks to queue
[2025-11-15T23:48:37.988+0000] {logging_mixin.py:188} INFO - [2025-11-15T23:48:37.988+0000] {dagbag.py:545} INFO - Filling up the DagBag from /opt/airflow/dags/pipeline_strava_activities.py
[2025-11-15T23:48:38.004+0000] {processor.py:840} INFO - DAG(s) 'etl_strava_activities' retrieved from /opt/airflow/dags/pipeline_strava_activities.py
[2025-11-15T23:48:38.033+0000] {logging_mixin.py:188} INFO - [2025-11-15T23:48:38.033+0000] {dag.py:3089} INFO - Sync 1 DAGs
[2025-11-15T23:48:38.052+0000] {logging_mixin.py:188} INFO - [2025-11-15T23:48:38.052+0000] {dag.py:3947} INFO - Setting next_dagrun for etl_strava_activities to 2025-11-15 03:00:00+00:00, run_after=2025-11-16 03:00:00+00:00
[2025-11-15T23:48:38.065+0000] {processor.py:183} INFO - Processing /opt/airflow/dags/pipeline_strava_activities.py took 0.086 seconds
[2025-11-15T23:49:08.365+0000] {processor.py:161} INFO - Started process (PID=533) to work on /opt/airflow/dags/pipeline_strava_activities.py
[2025-11-15T23:49:08.367+0000] {processor.py:830} INFO - Processing file /opt/airflow/dags/pipeline_strava_activities.py for tasks to queue
[2025-11-15T23:49:08.367+0000] {logging_mixin.py:188} INFO - [2025-11-15T23:49:08.367+0000] {dagbag.py:545} INFO - Filling up the DagBag from /opt/airflow/dags/pipeline_strava_activities.py
[2025-11-15T23:49:08.384+0000] {processor.py:840} INFO - DAG(s) 'etl_strava_activities' retrieved from /opt/airflow/dags/pipeline_strava_activities.py
[2025-11-15T23:49:08.420+0000] {logging_mixin.py:188} INFO - [2025-11-15T23:49:08.420+0000] {dag.py:3089} INFO - Sync 1 DAGs
[2025-11-15T23:49:08.445+0000] {logging_mixin.py:188} INFO - [2025-11-15T23:49:08.444+0000] {dag.py:3947} INFO - Setting next_dagrun for etl_strava_activities to 2025-11-15 03:00:00+00:00, run_after=2025-11-16 03:00:00+00:00
[2025-11-15T23:49:08.462+0000] {processor.py:183} INFO - Processing /opt/airflow/dags/pipeline_strava_activities.py took 0.104 seconds
[2025-11-15T23:49:38.705+0000] {processor.py:161} INFO - Started process (PID=548) to work on /opt/airflow/dags/pipeline_strava_activities.py
[2025-11-15T23:49:38.706+0000] {processor.py:830} INFO - Processing file /opt/airflow/dags/pipeline_strava_activities.py for tasks to queue
[2025-11-15T23:49:38.707+0000] {logging_mixin.py:188} INFO - [2025-11-15T23:49:38.707+0000] {dagbag.py:545} INFO - Filling up the DagBag from /opt/airflow/dags/pipeline_strava_activities.py
[2025-11-15T23:49:38.718+0000] {processor.py:840} INFO - DAG(s) 'etl_strava_activities' retrieved from /opt/airflow/dags/pipeline_strava_activities.py
[2025-11-15T23:49:38.748+0000] {logging_mixin.py:188} INFO - [2025-11-15T23:49:38.748+0000] {dag.py:3089} INFO - Sync 1 DAGs
[2025-11-15T23:49:38.769+0000] {logging_mixin.py:188} INFO - [2025-11-15T23:49:38.769+0000] {dag.py:3947} INFO - Setting next_dagrun for etl_strava_activities to 2025-11-15 03:00:00+00:00, run_after=2025-11-16 03:00:00+00:00
[2025-11-15T23:49:38.782+0000] {processor.py:183} INFO - Processing /opt/airflow/dags/pipeline_strava_activities.py took 0.083 seconds
[2025-11-15T23:50:09.089+0000] {processor.py:161} INFO - Started process (PID=563) to work on /opt/airflow/dags/pipeline_strava_activities.py
[2025-11-15T23:50:09.090+0000] {processor.py:830} INFO - Processing file /opt/airflow/dags/pipeline_strava_activities.py for tasks to queue
[2025-11-15T23:50:09.092+0000] {logging_mixin.py:188} INFO - [2025-11-15T23:50:09.092+0000] {dagbag.py:545} INFO - Filling up the DagBag from /opt/airflow/dags/pipeline_strava_activities.py
[2025-11-15T23:50:09.101+0000] {processor.py:840} INFO - DAG(s) 'etl_strava_activities' retrieved from /opt/airflow/dags/pipeline_strava_activities.py
[2025-11-15T23:50:09.136+0000] {logging_mixin.py:188} INFO - [2025-11-15T23:50:09.136+0000] {dag.py:3089} INFO - Sync 1 DAGs
[2025-11-15T23:50:09.168+0000] {logging_mixin.py:188} INFO - [2025-11-15T23:50:09.168+0000] {dag.py:3947} INFO - Setting next_dagrun for etl_strava_activities to 2025-11-15 03:00:00+00:00, run_after=2025-11-16 03:00:00+00:00
[2025-11-15T23:50:09.186+0000] {processor.py:183} INFO - Processing /opt/airflow/dags/pipeline_strava_activities.py took 0.103 seconds
[2025-11-15T23:50:39.467+0000] {processor.py:161} INFO - Started process (PID=578) to work on /opt/airflow/dags/pipeline_strava_activities.py
[2025-11-15T23:50:39.468+0000] {processor.py:830} INFO - Processing file /opt/airflow/dags/pipeline_strava_activities.py for tasks to queue
[2025-11-15T23:50:39.470+0000] {logging_mixin.py:188} INFO - [2025-11-15T23:50:39.469+0000] {dagbag.py:545} INFO - Filling up the DagBag from /opt/airflow/dags/pipeline_strava_activities.py
[2025-11-15T23:50:39.484+0000] {processor.py:840} INFO - DAG(s) 'etl_strava_activities' retrieved from /opt/airflow/dags/pipeline_strava_activities.py
[2025-11-15T23:50:39.519+0000] {logging_mixin.py:188} INFO - [2025-11-15T23:50:39.519+0000] {dag.py:3089} INFO - Sync 1 DAGs
[2025-11-15T23:50:39.544+0000] {logging_mixin.py:188} INFO - [2025-11-15T23:50:39.544+0000] {dag.py:3947} INFO - Setting next_dagrun for etl_strava_activities to 2025-11-15 03:00:00+00:00, run_after=2025-11-16 03:00:00+00:00
[2025-11-15T23:50:39.564+0000] {processor.py:183} INFO - Processing /opt/airflow/dags/pipeline_strava_activities.py took 0.104 seconds
[2025-11-15T23:51:09.904+0000] {processor.py:161} INFO - Started process (PID=593) to work on /opt/airflow/dags/pipeline_strava_activities.py
[2025-11-15T23:51:09.905+0000] {processor.py:830} INFO - Processing file /opt/airflow/dags/pipeline_strava_activities.py for tasks to queue
[2025-11-15T23:51:09.906+0000] {logging_mixin.py:188} INFO - [2025-11-15T23:51:09.906+0000] {dagbag.py:545} INFO - Filling up the DagBag from /opt/airflow/dags/pipeline_strava_activities.py
[2025-11-15T23:51:09.921+0000] {processor.py:840} INFO - DAG(s) 'etl_strava_activities' retrieved from /opt/airflow/dags/pipeline_strava_activities.py
[2025-11-15T23:51:09.960+0000] {logging_mixin.py:188} INFO - [2025-11-15T23:51:09.960+0000] {dag.py:3089} INFO - Sync 1 DAGs
[2025-11-15T23:51:09.984+0000] {logging_mixin.py:188} INFO - [2025-11-15T23:51:09.984+0000] {dag.py:3947} INFO - Setting next_dagrun for etl_strava_activities to 2025-11-15 03:00:00+00:00, run_after=2025-11-16 03:00:00+00:00
[2025-11-15T23:51:09.999+0000] {processor.py:183} INFO - Processing /opt/airflow/dags/pipeline_strava_activities.py took 0.105 seconds
[2025-11-15T23:51:40.285+0000] {processor.py:161} INFO - Started process (PID=608) to work on /opt/airflow/dags/pipeline_strava_activities.py
[2025-11-15T23:51:40.288+0000] {processor.py:830} INFO - Processing file /opt/airflow/dags/pipeline_strava_activities.py for tasks to queue
[2025-11-15T23:51:40.288+0000] {logging_mixin.py:188} INFO - [2025-11-15T23:51:40.288+0000] {dagbag.py:545} INFO - Filling up the DagBag from /opt/airflow/dags/pipeline_strava_activities.py
[2025-11-15T23:51:40.299+0000] {processor.py:840} INFO - DAG(s) 'etl_strava_activities' retrieved from /opt/airflow/dags/pipeline_strava_activities.py
[2025-11-15T23:51:40.331+0000] {logging_mixin.py:188} INFO - [2025-11-15T23:51:40.331+0000] {dag.py:3089} INFO - Sync 1 DAGs
[2025-11-15T23:51:40.365+0000] {logging_mixin.py:188} INFO - [2025-11-15T23:51:40.365+0000] {dag.py:3947} INFO - Setting next_dagrun for etl_strava_activities to 2025-11-15 03:00:00+00:00, run_after=2025-11-16 03:00:00+00:00
[2025-11-15T23:51:40.379+0000] {processor.py:183} INFO - Processing /opt/airflow/dags/pipeline_strava_activities.py took 0.100 seconds
[2025-11-15T23:52:10.674+0000] {processor.py:161} INFO - Started process (PID=623) to work on /opt/airflow/dags/pipeline_strava_activities.py
[2025-11-15T23:52:10.681+0000] {processor.py:830} INFO - Processing file /opt/airflow/dags/pipeline_strava_activities.py for tasks to queue
[2025-11-15T23:52:10.683+0000] {logging_mixin.py:188} INFO - [2025-11-15T23:52:10.683+0000] {dagbag.py:545} INFO - Filling up the DagBag from /opt/airflow/dags/pipeline_strava_activities.py
[2025-11-15T23:52:10.717+0000] {processor.py:840} INFO - DAG(s) 'etl_strava_activities' retrieved from /opt/airflow/dags/pipeline_strava_activities.py
[2025-11-15T23:52:10.783+0000] {logging_mixin.py:188} INFO - [2025-11-15T23:52:10.783+0000] {dag.py:3089} INFO - Sync 1 DAGs
[2025-11-15T23:52:10.814+0000] {logging_mixin.py:188} INFO - [2025-11-15T23:52:10.814+0000] {dag.py:3947} INFO - Setting next_dagrun for etl_strava_activities to 2025-11-15 03:00:00+00:00, run_after=2025-11-16 03:00:00+00:00
[2025-11-15T23:52:10.830+0000] {processor.py:183} INFO - Processing /opt/airflow/dags/pipeline_strava_activities.py took 0.171 seconds
[2025-11-15T23:52:41.061+0000] {processor.py:161} INFO - Started process (PID=638) to work on /opt/airflow/dags/pipeline_strava_activities.py
[2025-11-15T23:52:41.063+0000] {processor.py:830} INFO - Processing file /opt/airflow/dags/pipeline_strava_activities.py for tasks to queue
[2025-11-15T23:52:41.064+0000] {logging_mixin.py:188} INFO - [2025-11-15T23:52:41.064+0000] {dagbag.py:545} INFO - Filling up the DagBag from /opt/airflow/dags/pipeline_strava_activities.py
[2025-11-15T23:52:41.074+0000] {processor.py:840} INFO - DAG(s) 'etl_strava_activities' retrieved from /opt/airflow/dags/pipeline_strava_activities.py
[2025-11-15T23:52:41.121+0000] {logging_mixin.py:188} INFO - [2025-11-15T23:52:41.121+0000] {dag.py:3089} INFO - Sync 1 DAGs
[2025-11-15T23:52:41.143+0000] {logging_mixin.py:188} INFO - [2025-11-15T23:52:41.143+0000] {dag.py:3947} INFO - Setting next_dagrun for etl_strava_activities to 2025-11-15 03:00:00+00:00, run_after=2025-11-16 03:00:00+00:00
[2025-11-15T23:52:41.157+0000] {processor.py:183} INFO - Processing /opt/airflow/dags/pipeline_strava_activities.py took 0.101 seconds
[2025-11-15T23:53:11.453+0000] {processor.py:161} INFO - Started process (PID=653) to work on /opt/airflow/dags/pipeline_strava_activities.py
[2025-11-15T23:53:11.454+0000] {processor.py:830} INFO - Processing file /opt/airflow/dags/pipeline_strava_activities.py for tasks to queue
[2025-11-15T23:53:11.455+0000] {logging_mixin.py:188} INFO - [2025-11-15T23:53:11.455+0000] {dagbag.py:545} INFO - Filling up the DagBag from /opt/airflow/dags/pipeline_strava_activities.py
[2025-11-15T23:53:11.469+0000] {processor.py:840} INFO - DAG(s) 'etl_strava_activities' retrieved from /opt/airflow/dags/pipeline_strava_activities.py
[2025-11-15T23:53:11.505+0000] {logging_mixin.py:188} INFO - [2025-11-15T23:53:11.504+0000] {dag.py:3089} INFO - Sync 1 DAGs
[2025-11-15T23:53:11.532+0000] {logging_mixin.py:188} INFO - [2025-11-15T23:53:11.531+0000] {dag.py:3947} INFO - Setting next_dagrun for etl_strava_activities to 2025-11-15 03:00:00+00:00, run_after=2025-11-16 03:00:00+00:00
[2025-11-15T23:53:11.549+0000] {processor.py:183} INFO - Processing /opt/airflow/dags/pipeline_strava_activities.py took 0.102 seconds
[2025-11-15T23:53:41.885+0000] {processor.py:161} INFO - Started process (PID=668) to work on /opt/airflow/dags/pipeline_strava_activities.py
[2025-11-15T23:53:41.887+0000] {processor.py:830} INFO - Processing file /opt/airflow/dags/pipeline_strava_activities.py for tasks to queue
[2025-11-15T23:53:41.888+0000] {logging_mixin.py:188} INFO - [2025-11-15T23:53:41.887+0000] {dagbag.py:545} INFO - Filling up the DagBag from /opt/airflow/dags/pipeline_strava_activities.py
[2025-11-15T23:53:41.898+0000] {processor.py:840} INFO - DAG(s) 'etl_strava_activities' retrieved from /opt/airflow/dags/pipeline_strava_activities.py
[2025-11-15T23:53:41.928+0000] {logging_mixin.py:188} INFO - [2025-11-15T23:53:41.928+0000] {dag.py:3089} INFO - Sync 1 DAGs
[2025-11-15T23:53:41.947+0000] {logging_mixin.py:188} INFO - [2025-11-15T23:53:41.947+0000] {dag.py:3947} INFO - Setting next_dagrun for etl_strava_activities to 2025-11-15 03:00:00+00:00, run_after=2025-11-16 03:00:00+00:00
[2025-11-15T23:53:41.961+0000] {processor.py:183} INFO - Processing /opt/airflow/dags/pipeline_strava_activities.py took 0.084 seconds
[2025-11-15T23:54:12.278+0000] {processor.py:161} INFO - Started process (PID=683) to work on /opt/airflow/dags/pipeline_strava_activities.py
[2025-11-15T23:54:12.279+0000] {processor.py:830} INFO - Processing file /opt/airflow/dags/pipeline_strava_activities.py for tasks to queue
[2025-11-15T23:54:12.280+0000] {logging_mixin.py:188} INFO - [2025-11-15T23:54:12.279+0000] {dagbag.py:545} INFO - Filling up the DagBag from /opt/airflow/dags/pipeline_strava_activities.py
[2025-11-15T23:54:12.292+0000] {processor.py:840} INFO - DAG(s) 'etl_strava_activities' retrieved from /opt/airflow/dags/pipeline_strava_activities.py
[2025-11-15T23:54:12.321+0000] {logging_mixin.py:188} INFO - [2025-11-15T23:54:12.321+0000] {dag.py:3089} INFO - Sync 1 DAGs
[2025-11-15T23:54:12.343+0000] {logging_mixin.py:188} INFO - [2025-11-15T23:54:12.343+0000] {dag.py:3947} INFO - Setting next_dagrun for etl_strava_activities to 2025-11-15 03:00:00+00:00, run_after=2025-11-16 03:00:00+00:00
[2025-11-15T23:54:12.358+0000] {processor.py:183} INFO - Processing /opt/airflow/dags/pipeline_strava_activities.py took 0.087 seconds
[2025-11-15T23:54:42.724+0000] {processor.py:161} INFO - Started process (PID=698) to work on /opt/airflow/dags/pipeline_strava_activities.py
[2025-11-15T23:54:42.726+0000] {processor.py:830} INFO - Processing file /opt/airflow/dags/pipeline_strava_activities.py for tasks to queue
[2025-11-15T23:54:42.727+0000] {logging_mixin.py:188} INFO - [2025-11-15T23:54:42.727+0000] {dagbag.py:545} INFO - Filling up the DagBag from /opt/airflow/dags/pipeline_strava_activities.py
[2025-11-15T23:54:42.745+0000] {processor.py:840} INFO - DAG(s) 'etl_strava_activities' retrieved from /opt/airflow/dags/pipeline_strava_activities.py
[2025-11-15T23:54:42.789+0000] {logging_mixin.py:188} INFO - [2025-11-15T23:54:42.789+0000] {dag.py:3089} INFO - Sync 1 DAGs
[2025-11-15T23:54:42.815+0000] {logging_mixin.py:188} INFO - [2025-11-15T23:54:42.815+0000] {dag.py:3947} INFO - Setting next_dagrun for etl_strava_activities to 2025-11-15 03:00:00+00:00, run_after=2025-11-16 03:00:00+00:00
[2025-11-15T23:54:42.832+0000] {processor.py:183} INFO - Processing /opt/airflow/dags/pipeline_strava_activities.py took 0.117 seconds
[2025-11-15T23:55:13.077+0000] {processor.py:161} INFO - Started process (PID=713) to work on /opt/airflow/dags/pipeline_strava_activities.py
[2025-11-15T23:55:13.078+0000] {processor.py:830} INFO - Processing file /opt/airflow/dags/pipeline_strava_activities.py for tasks to queue
[2025-11-15T23:55:13.078+0000] {logging_mixin.py:188} INFO - [2025-11-15T23:55:13.078+0000] {dagbag.py:545} INFO - Filling up the DagBag from /opt/airflow/dags/pipeline_strava_activities.py
[2025-11-15T23:55:13.092+0000] {processor.py:840} INFO - DAG(s) 'etl_strava_activities' retrieved from /opt/airflow/dags/pipeline_strava_activities.py
[2025-11-15T23:55:13.117+0000] {logging_mixin.py:188} INFO - [2025-11-15T23:55:13.117+0000] {dag.py:3089} INFO - Sync 1 DAGs
[2025-11-15T23:55:13.138+0000] {logging_mixin.py:188} INFO - [2025-11-15T23:55:13.138+0000] {dag.py:3947} INFO - Setting next_dagrun for etl_strava_activities to 2025-11-15 03:00:00+00:00, run_after=2025-11-16 03:00:00+00:00
[2025-11-15T23:55:13.153+0000] {processor.py:183} INFO - Processing /opt/airflow/dags/pipeline_strava_activities.py took 0.082 seconds
[2025-11-15T23:55:43.410+0000] {processor.py:161} INFO - Started process (PID=728) to work on /opt/airflow/dags/pipeline_strava_activities.py
[2025-11-15T23:55:43.418+0000] {processor.py:830} INFO - Processing file /opt/airflow/dags/pipeline_strava_activities.py for tasks to queue
[2025-11-15T23:55:43.419+0000] {logging_mixin.py:188} INFO - [2025-11-15T23:55:43.418+0000] {dagbag.py:545} INFO - Filling up the DagBag from /opt/airflow/dags/pipeline_strava_activities.py
[2025-11-15T23:55:43.427+0000] {processor.py:840} INFO - DAG(s) 'etl_strava_activities' retrieved from /opt/airflow/dags/pipeline_strava_activities.py
[2025-11-15T23:55:43.449+0000] {logging_mixin.py:188} INFO - [2025-11-15T23:55:43.449+0000] {dag.py:3089} INFO - Sync 1 DAGs
[2025-11-15T23:55:43.467+0000] {logging_mixin.py:188} INFO - [2025-11-15T23:55:43.467+0000] {dag.py:3947} INFO - Setting next_dagrun for etl_strava_activities to 2025-11-15 03:00:00+00:00, run_after=2025-11-16 03:00:00+00:00
[2025-11-15T23:55:43.480+0000] {processor.py:183} INFO - Processing /opt/airflow/dags/pipeline_strava_activities.py took 0.074 seconds
[2025-11-15T23:56:13.731+0000] {processor.py:161} INFO - Started process (PID=743) to work on /opt/airflow/dags/pipeline_strava_activities.py
[2025-11-15T23:56:13.732+0000] {processor.py:830} INFO - Processing file /opt/airflow/dags/pipeline_strava_activities.py for tasks to queue
[2025-11-15T23:56:13.734+0000] {logging_mixin.py:188} INFO - [2025-11-15T23:56:13.734+0000] {dagbag.py:545} INFO - Filling up the DagBag from /opt/airflow/dags/pipeline_strava_activities.py
[2025-11-15T23:56:13.747+0000] {processor.py:840} INFO - DAG(s) 'etl_strava_activities' retrieved from /opt/airflow/dags/pipeline_strava_activities.py
[2025-11-15T23:56:13.774+0000] {logging_mixin.py:188} INFO - [2025-11-15T23:56:13.774+0000] {dag.py:3089} INFO - Sync 1 DAGs
[2025-11-15T23:56:13.800+0000] {logging_mixin.py:188} INFO - [2025-11-15T23:56:13.800+0000] {dag.py:3947} INFO - Setting next_dagrun for etl_strava_activities to 2025-11-15 03:00:00+00:00, run_after=2025-11-16 03:00:00+00:00
[2025-11-15T23:56:13.814+0000] {processor.py:183} INFO - Processing /opt/airflow/dags/pipeline_strava_activities.py took 0.090 seconds
[2025-11-15T23:56:44.116+0000] {processor.py:161} INFO - Started process (PID=758) to work on /opt/airflow/dags/pipeline_strava_activities.py
[2025-11-15T23:56:44.117+0000] {processor.py:830} INFO - Processing file /opt/airflow/dags/pipeline_strava_activities.py for tasks to queue
[2025-11-15T23:56:44.118+0000] {logging_mixin.py:188} INFO - [2025-11-15T23:56:44.117+0000] {dagbag.py:545} INFO - Filling up the DagBag from /opt/airflow/dags/pipeline_strava_activities.py
[2025-11-15T23:56:44.128+0000] {processor.py:840} INFO - DAG(s) 'etl_strava_activities' retrieved from /opt/airflow/dags/pipeline_strava_activities.py
[2025-11-15T23:56:44.161+0000] {logging_mixin.py:188} INFO - [2025-11-15T23:56:44.161+0000] {dag.py:3089} INFO - Sync 1 DAGs
[2025-11-15T23:56:44.182+0000] {logging_mixin.py:188} INFO - [2025-11-15T23:56:44.182+0000] {dag.py:3947} INFO - Setting next_dagrun for etl_strava_activities to 2025-11-15 03:00:00+00:00, run_after=2025-11-16 03:00:00+00:00
[2025-11-15T23:56:44.196+0000] {processor.py:183} INFO - Processing /opt/airflow/dags/pipeline_strava_activities.py took 0.086 seconds
[2025-11-15T23:57:14.505+0000] {processor.py:161} INFO - Started process (PID=773) to work on /opt/airflow/dags/pipeline_strava_activities.py
[2025-11-15T23:57:14.506+0000] {processor.py:830} INFO - Processing file /opt/airflow/dags/pipeline_strava_activities.py for tasks to queue
[2025-11-15T23:57:14.507+0000] {logging_mixin.py:188} INFO - [2025-11-15T23:57:14.507+0000] {dagbag.py:545} INFO - Filling up the DagBag from /opt/airflow/dags/pipeline_strava_activities.py
[2025-11-15T23:57:14.517+0000] {processor.py:840} INFO - DAG(s) 'etl_strava_activities' retrieved from /opt/airflow/dags/pipeline_strava_activities.py
[2025-11-15T23:57:14.548+0000] {logging_mixin.py:188} INFO - [2025-11-15T23:57:14.548+0000] {dag.py:3089} INFO - Sync 1 DAGs
[2025-11-15T23:57:14.567+0000] {logging_mixin.py:188} INFO - [2025-11-15T23:57:14.567+0000] {dag.py:3947} INFO - Setting next_dagrun for etl_strava_activities to 2025-11-15 03:00:00+00:00, run_after=2025-11-16 03:00:00+00:00
[2025-11-15T23:57:14.578+0000] {processor.py:183} INFO - Processing /opt/airflow/dags/pipeline_strava_activities.py took 0.079 seconds
[2025-11-15T23:57:44.893+0000] {processor.py:161} INFO - Started process (PID=788) to work on /opt/airflow/dags/pipeline_strava_activities.py
[2025-11-15T23:57:44.895+0000] {processor.py:830} INFO - Processing file /opt/airflow/dags/pipeline_strava_activities.py for tasks to queue
[2025-11-15T23:57:44.895+0000] {logging_mixin.py:188} INFO - [2025-11-15T23:57:44.895+0000] {dagbag.py:545} INFO - Filling up the DagBag from /opt/airflow/dags/pipeline_strava_activities.py
[2025-11-15T23:57:44.907+0000] {processor.py:840} INFO - DAG(s) 'etl_strava_activities' retrieved from /opt/airflow/dags/pipeline_strava_activities.py
[2025-11-15T23:57:44.940+0000] {logging_mixin.py:188} INFO - [2025-11-15T23:57:44.940+0000] {dag.py:3089} INFO - Sync 1 DAGs
[2025-11-15T23:57:44.959+0000] {logging_mixin.py:188} INFO - [2025-11-15T23:57:44.959+0000] {dag.py:3947} INFO - Setting next_dagrun for etl_strava_activities to 2025-11-15 03:00:00+00:00, run_after=2025-11-16 03:00:00+00:00
[2025-11-15T23:57:44.972+0000] {processor.py:183} INFO - Processing /opt/airflow/dags/pipeline_strava_activities.py took 0.086 seconds
[2025-11-15T23:58:15.300+0000] {processor.py:161} INFO - Started process (PID=803) to work on /opt/airflow/dags/pipeline_strava_activities.py
[2025-11-15T23:58:15.301+0000] {processor.py:830} INFO - Processing file /opt/airflow/dags/pipeline_strava_activities.py for tasks to queue
[2025-11-15T23:58:15.302+0000] {logging_mixin.py:188} INFO - [2025-11-15T23:58:15.302+0000] {dagbag.py:545} INFO - Filling up the DagBag from /opt/airflow/dags/pipeline_strava_activities.py
[2025-11-15T23:58:15.316+0000] {processor.py:840} INFO - DAG(s) 'etl_strava_activities' retrieved from /opt/airflow/dags/pipeline_strava_activities.py
[2025-11-15T23:58:15.348+0000] {logging_mixin.py:188} INFO - [2025-11-15T23:58:15.348+0000] {dag.py:3089} INFO - Sync 1 DAGs
[2025-11-15T23:58:15.372+0000] {logging_mixin.py:188} INFO - [2025-11-15T23:58:15.372+0000] {dag.py:3947} INFO - Setting next_dagrun for etl_strava_activities to 2025-11-15 03:00:00+00:00, run_after=2025-11-16 03:00:00+00:00
[2025-11-15T23:58:15.386+0000] {processor.py:183} INFO - Processing /opt/airflow/dags/pipeline_strava_activities.py took 0.093 seconds
[2025-11-15T23:58:45.627+0000] {processor.py:161} INFO - Started process (PID=818) to work on /opt/airflow/dags/pipeline_strava_activities.py
[2025-11-15T23:58:45.628+0000] {processor.py:830} INFO - Processing file /opt/airflow/dags/pipeline_strava_activities.py for tasks to queue
[2025-11-15T23:58:45.629+0000] {logging_mixin.py:188} INFO - [2025-11-15T23:58:45.629+0000] {dagbag.py:545} INFO - Filling up the DagBag from /opt/airflow/dags/pipeline_strava_activities.py
[2025-11-15T23:58:45.639+0000] {processor.py:840} INFO - DAG(s) 'etl_strava_activities' retrieved from /opt/airflow/dags/pipeline_strava_activities.py
[2025-11-15T23:58:45.668+0000] {logging_mixin.py:188} INFO - [2025-11-15T23:58:45.667+0000] {dag.py:3089} INFO - Sync 1 DAGs
[2025-11-15T23:58:45.684+0000] {logging_mixin.py:188} INFO - [2025-11-15T23:58:45.683+0000] {dag.py:3947} INFO - Setting next_dagrun for etl_strava_activities to 2025-11-15 03:00:00+00:00, run_after=2025-11-16 03:00:00+00:00
[2025-11-15T23:58:45.695+0000] {processor.py:183} INFO - Processing /opt/airflow/dags/pipeline_strava_activities.py took 0.074 seconds
[2025-11-15T23:59:16.012+0000] {processor.py:161} INFO - Started process (PID=833) to work on /opt/airflow/dags/pipeline_strava_activities.py
[2025-11-15T23:59:16.012+0000] {processor.py:830} INFO - Processing file /opt/airflow/dags/pipeline_strava_activities.py for tasks to queue
[2025-11-15T23:59:16.013+0000] {logging_mixin.py:188} INFO - [2025-11-15T23:59:16.013+0000] {dagbag.py:545} INFO - Filling up the DagBag from /opt/airflow/dags/pipeline_strava_activities.py
[2025-11-15T23:59:16.023+0000] {processor.py:840} INFO - DAG(s) 'etl_strava_activities' retrieved from /opt/airflow/dags/pipeline_strava_activities.py
[2025-11-15T23:59:16.052+0000] {logging_mixin.py:188} INFO - [2025-11-15T23:59:16.052+0000] {dag.py:3089} INFO - Sync 1 DAGs
[2025-11-15T23:59:16.072+0000] {logging_mixin.py:188} INFO - [2025-11-15T23:59:16.072+0000] {dag.py:3947} INFO - Setting next_dagrun for etl_strava_activities to 2025-11-15 03:00:00+00:00, run_after=2025-11-16 03:00:00+00:00
[2025-11-15T23:59:16.166+0000] {processor.py:183} INFO - Processing /opt/airflow/dags/pipeline_strava_activities.py took 0.159 seconds
[2025-11-15T23:59:46.550+0000] {processor.py:161} INFO - Started process (PID=848) to work on /opt/airflow/dags/pipeline_strava_activities.py
[2025-11-15T23:59:46.551+0000] {processor.py:830} INFO - Processing file /opt/airflow/dags/pipeline_strava_activities.py for tasks to queue
[2025-11-15T23:59:46.554+0000] {logging_mixin.py:188} INFO - [2025-11-15T23:59:46.554+0000] {dagbag.py:545} INFO - Filling up the DagBag from /opt/airflow/dags/pipeline_strava_activities.py
[2025-11-15T23:59:46.565+0000] {processor.py:840} INFO - DAG(s) 'etl_strava_activities' retrieved from /opt/airflow/dags/pipeline_strava_activities.py
[2025-11-15T23:59:46.589+0000] {logging_mixin.py:188} INFO - [2025-11-15T23:59:46.589+0000] {dag.py:3089} INFO - Sync 1 DAGs
[2025-11-15T23:59:46.607+0000] {logging_mixin.py:188} INFO - [2025-11-15T23:59:46.607+0000] {dag.py:3947} INFO - Setting next_dagrun for etl_strava_activities to 2025-11-15 03:00:00+00:00, run_after=2025-11-16 03:00:00+00:00
[2025-11-15T23:59:46.621+0000] {processor.py:183} INFO - Processing /opt/airflow/dags/pipeline_strava_activities.py took 0.076 seconds
