[2025-11-18T22:27:48.434+0000] {local_task_job_runner.py:120} INFO - ::group::Pre task execution logs
[2025-11-18T22:27:48.463+0000] {taskinstance.py:2076} INFO - Dependencies all met for dep_context=non-requeueable deps ti=<TaskInstance: etl_strava_activities.gold_activitties_to_postgres_bi manual__2025-11-18T22:22:23.106240+00:00 [queued]>
[2025-11-18T22:27:48.467+0000] {taskinstance.py:2076} INFO - Dependencies all met for dep_context=requeueable deps ti=<TaskInstance: etl_strava_activities.gold_activitties_to_postgres_bi manual__2025-11-18T22:22:23.106240+00:00 [queued]>
[2025-11-18T22:27:48.468+0000] {taskinstance.py:2306} INFO - Starting attempt 1 of 2
[2025-11-18T22:27:48.480+0000] {taskinstance.py:2330} INFO - Executing <Task(BashOperator): gold_activitties_to_postgres_bi> on 2025-11-18 22:22:23.106240+00:00
[2025-11-18T22:27:48.488+0000] {standard_task_runner.py:90} INFO - Running: ['***', 'tasks', 'run', 'etl_strava_activities', 'gold_activitties_to_postgres_bi', 'manual__2025-11-18T22:22:23.106240+00:00', '--job-id', '37', '--raw', '--subdir', 'DAGS_FOLDER/pipeline_strava_activities.py', '--cfg-path', '/tmp/tmpqvoq23s_']
[2025-11-18T22:27:48.490+0000] {standard_task_runner.py:91} INFO - Job 37: Subtask gold_activitties_to_postgres_bi
[2025-11-18T22:27:48.492+0000] {logging_mixin.py:188} WARNING - /home/***/.local/lib/python3.12/site-packages/***/task/task_runner/standard_task_runner.py:62 DeprecationWarning: This process (pid=2291) is multi-threaded, use of fork() may lead to deadlocks in the child.
[2025-11-18T22:27:48.492+0000] {standard_task_runner.py:64} INFO - Started process 2292 to run task
[2025-11-18T22:27:48.527+0000] {task_command.py:426} INFO - Running <TaskInstance: etl_strava_activities.gold_activitties_to_postgres_bi manual__2025-11-18T22:22:23.106240+00:00 [running]> on host 1f6ebb9bd530
[2025-11-18T22:27:48.596+0000] {taskinstance.py:2648} INFO - Exporting env vars: AIRFLOW_CTX_DAG_OWNER='rayane' AIRFLOW_CTX_DAG_ID='etl_strava_activities' AIRFLOW_CTX_TASK_ID='gold_activitties_to_postgres_bi' AIRFLOW_CTX_EXECUTION_DATE='2025-11-18T22:22:23.106240+00:00' AIRFLOW_CTX_TRY_NUMBER='1' AIRFLOW_CTX_DAG_RUN_ID='manual__2025-11-18T22:22:23.106240+00:00'
[2025-11-18T22:27:48.597+0000] {taskinstance.py:430} INFO - ::endgroup::
[2025-11-18T22:27:48.619+0000] {subprocess.py:63} INFO - Tmp dir root location: /tmp
[2025-11-18T22:27:48.620+0000] {subprocess.py:75} INFO - Running command: ['/usr/bin/bash', '-c', 'python /opt/***/apps/03-gold/fact_user_activities_strava.py']
[2025-11-18T22:27:48.625+0000] {subprocess.py:86} INFO - Output:
[2025-11-18T22:27:49.860+0000] {subprocess.py:93} INFO - 25/11/18 22:27:49 WARN NativeCodeLoader: Unable to load native-hadoop library for your platform... using builtin-java classes where applicable
[2025-11-18T22:27:49.935+0000] {subprocess.py:93} INFO - Setting default log level to "WARN".
[2025-11-18T22:27:49.935+0000] {subprocess.py:93} INFO - To adjust logging level use sc.setLogLevel(newLevel). For SparkR, use setLogLevel(newLevel).
[2025-11-18T22:27:51.738+0000] {subprocess.py:93} INFO - 25/11/18 22:27:51 WARN MetricsConfig: Cannot locate configuration: tried hadoop-metrics2-s3a-file-system.properties,hadoop-metrics2.properties
[2025-11-18T22:27:54.207+0000] {subprocess.py:93} INFO - [Stage 0:================================>                       (24 + 10) / 42]                                                                                25/11/18 22:27:54 WARN SparkStringUtils: Truncated the string representation of a plan since it was too large. This behavior can be adjusted by setting 'spark.sql.debug.maxToStringFields'.
[2025-11-18T22:27:59.547+0000] {subprocess.py:93} INFO - [Stage 3:==>                (1 + 8) / 9][Stage 4:===>               (1 + 2) / 5]                                                                                [Stage 8:>                                                          (0 + 1) / 1]25/11/18 22:27:59 WARN RenameOperation: While completing all active copies
[2025-11-18T22:27:59.550+0000] {subprocess.py:93} INFO - org.apache.hadoop.fs.s3a.RemoteFileChangedException: copyFile(fact_user_activities_labels/_temporary/0/_temporary/attempt_202511182227568012574343533228553_0008_m_000000_59/year=2021/month=10/part-00000-d918f539-44c6-44ff-bc00-70807f940037.c000.snappy.parquet, fact_user_activities_labels/_temporary/0/task_202511182227568012574343533228553_0008_m_000000/year=2021/month=10/part-00000-d918f539-44c6-44ff-bc00-70807f940037.c000.snappy.parquet) `s3a://gold-strava-activities-labels-delta/fact_user_activities_labels/_temporary/0/_temporary/attempt_202511182227568012574343533228553_0008_m_000000_59/year=2021/month=10/part-00000-d918f539-44c6-44ff-bc00-70807f940037.c000.snappy.parquet': File to rename not found on unguarded S3 store: copyFile(fact_user_activities_labels/_temporary/0/_temporary/attempt_202511182227568012574343533228553_0008_m_000000_59/year=2021/month=10/part-00000-d918f539-44c6-44ff-bc00-70807f940037.c000.snappy.parquet, fact_user_activities_labels/_temporary/0/task_202511182227568012574343533228553_0008_m_000000/year=2021/month=10/part-00000-d918f539-44c6-44ff-bc00-70807f940037.c000.snappy.parquet) on fact_user_activities_labels/_temporary/0/_temporary/attempt_202511182227568012574343533228553_0008_m_000000_59/year=2021/month=10/part-00000-d918f539-44c6-44ff-bc00-70807f940037.c000.snappy.parquet: com.amazonaws.services.s3.model.AmazonS3Exception: Not Found (Service: Amazon S3; Status Code: 404; Error Code: 404 Not Found; Request ID: 18793A582CF74004; S3 Extended Request ID: dd9025bab4ad464b049177c95eb6ebf374d3b3fd1af9251148b658df7ac2e3e8; Proxy: null), S3 Extended Request ID: dd9025bab4ad464b049177c95eb6ebf374d3b3fd1af9251148b658df7ac2e3e8:404 Not Found
[2025-11-18T22:27:59.550+0000] {subprocess.py:93} INFO - 	at org.apache.hadoop.fs.s3a.S3AFileSystem.copyFile(S3AFileSystem.java:4302)
[2025-11-18T22:27:59.550+0000] {subprocess.py:93} INFO - 	at org.apache.hadoop.fs.s3a.S3AFileSystem.access$1200(S3AFileSystem.java:259)
[2025-11-18T22:27:59.551+0000] {subprocess.py:93} INFO - 	at org.apache.hadoop.fs.s3a.S3AFileSystem$OperationCallbacksImpl.copyFile(S3AFileSystem.java:2084)
[2025-11-18T22:27:59.551+0000] {subprocess.py:93} INFO - 	at org.apache.hadoop.fs.s3a.impl.RenameOperation.copySourceAndUpdateTracker(RenameOperation.java:638)
[2025-11-18T22:27:59.551+0000] {subprocess.py:93} INFO - 	at org.apache.hadoop.fs.s3a.impl.RenameOperation.lambda$initiateCopy$1(RenameOperation.java:602)
[2025-11-18T22:27:59.551+0000] {subprocess.py:93} INFO - 	at org.apache.hadoop.fs.store.audit.AuditingFunctions.lambda$callableWithinAuditSpan$3(AuditingFunctions.java:117)
[2025-11-18T22:27:59.552+0000] {subprocess.py:93} INFO - 	at org.apache.hadoop.fs.s3a.impl.CallableSupplier.get(CallableSupplier.java:87)
[2025-11-18T22:27:59.552+0000] {subprocess.py:93} INFO - 	at java.base/java.util.concurrent.CompletableFuture$AsyncSupply.run(CompletableFuture.java:1768)
[2025-11-18T22:27:59.552+0000] {subprocess.py:93} INFO - 	at org.apache.hadoop.util.SemaphoredDelegatingExecutor$RunnableWithPermitRelease.run(SemaphoredDelegatingExecutor.java:196)
[2025-11-18T22:27:59.552+0000] {subprocess.py:93} INFO - 	at java.base/java.util.concurrent.ThreadPoolExecutor.runWorker(ThreadPoolExecutor.java:1136)
[2025-11-18T22:27:59.553+0000] {subprocess.py:93} INFO - 	at java.base/java.util.concurrent.ThreadPoolExecutor$Worker.run(ThreadPoolExecutor.java:635)
[2025-11-18T22:27:59.553+0000] {subprocess.py:93} INFO - 	at java.base/java.lang.Thread.run(Thread.java:840)
[2025-11-18T22:27:59.553+0000] {subprocess.py:93} INFO - Caused by: java.io.FileNotFoundException: copyFile(fact_user_activities_labels/_temporary/0/_temporary/attempt_202511182227568012574343533228553_0008_m_000000_59/year=2021/month=10/part-00000-d918f539-44c6-44ff-bc00-70807f940037.c000.snappy.parquet, fact_user_activities_labels/_temporary/0/task_202511182227568012574343533228553_0008_m_000000/year=2021/month=10/part-00000-d918f539-44c6-44ff-bc00-70807f940037.c000.snappy.parquet) on fact_user_activities_labels/_temporary/0/_temporary/attempt_202511182227568012574343533228553_0008_m_000000_59/year=2021/month=10/part-00000-d918f539-44c6-44ff-bc00-70807f940037.c000.snappy.parquet: com.amazonaws.services.s3.model.AmazonS3Exception: Not Found (Service: Amazon S3; Status Code: 404; Error Code: 404 Not Found; Request ID: 18793A582CF74004; S3 Extended Request ID: dd9025bab4ad464b049177c95eb6ebf374d3b3fd1af9251148b658df7ac2e3e8; Proxy: null), S3 Extended Request ID: dd9025bab4ad464b049177c95eb6ebf374d3b3fd1af9251148b658df7ac2e3e8:404 Not Found
[2025-11-18T22:27:59.554+0000] {subprocess.py:93} INFO - 	at org.apache.hadoop.fs.s3a.S3AUtils.translateException(S3AUtils.java:266)
[2025-11-18T22:27:59.554+0000] {subprocess.py:93} INFO - 	at org.apache.hadoop.fs.s3a.Invoker.once(Invoker.java:119)
[2025-11-18T22:27:59.554+0000] {subprocess.py:93} INFO - 	at org.apache.hadoop.fs.s3a.S3AFileSystem.copyFile(S3AFileSystem.java:4284)
[2025-11-18T22:27:59.554+0000] {subprocess.py:93} INFO - 	... 11 more
[2025-11-18T22:27:59.554+0000] {subprocess.py:93} INFO - Caused by: com.amazonaws.services.s3.model.AmazonS3Exception: Not Found (Service: Amazon S3; Status Code: 404; Error Code: 404 Not Found; Request ID: 18793A582CF74004; S3 Extended Request ID: dd9025bab4ad464b049177c95eb6ebf374d3b3fd1af9251148b658df7ac2e3e8; Proxy: null), S3 Extended Request ID: dd9025bab4ad464b049177c95eb6ebf374d3b3fd1af9251148b658df7ac2e3e8
[2025-11-18T22:27:59.555+0000] {subprocess.py:93} INFO - 	at com.amazonaws.http.AmazonHttpClient$RequestExecutor.handleErrorResponse(AmazonHttpClient.java:1879)
[2025-11-18T22:27:59.555+0000] {subprocess.py:93} INFO - 	at com.amazonaws.http.AmazonHttpClient$RequestExecutor.handleServiceErrorResponse(AmazonHttpClient.java:1418)
[2025-11-18T22:27:59.555+0000] {subprocess.py:93} INFO - 	at com.amazonaws.http.AmazonHttpClient$RequestExecutor.executeOneRequest(AmazonHttpClient.java:1387)
[2025-11-18T22:27:59.555+0000] {subprocess.py:93} INFO - 	at com.amazonaws.http.AmazonHttpClient$RequestExecutor.executeHelper(AmazonHttpClient.java:1157)
[2025-11-18T22:27:59.556+0000] {subprocess.py:93} INFO - 	at com.amazonaws.http.AmazonHttpClient$RequestExecutor.doExecute(AmazonHttpClient.java:814)
[2025-11-18T22:27:59.556+0000] {subprocess.py:93} INFO - 	at com.amazonaws.http.AmazonHttpClient$RequestExecutor.executeWithTimer(AmazonHttpClient.java:781)
[2025-11-18T22:27:59.556+0000] {subprocess.py:93} INFO - 	at com.amazonaws.http.AmazonHttpClient$RequestExecutor.execute(AmazonHttpClient.java:755)
[2025-11-18T22:27:59.556+0000] {subprocess.py:93} INFO - 	at com.amazonaws.http.AmazonHttpClient$RequestExecutor.access$500(AmazonHttpClient.java:715)
[2025-11-18T22:27:59.556+0000] {subprocess.py:93} INFO - 	at com.amazonaws.http.AmazonHttpClient$RequestExecutionBuilderImpl.execute(AmazonHttpClient.java:697)
[2025-11-18T22:27:59.557+0000] {subprocess.py:93} INFO - 	at com.amazonaws.http.AmazonHttpClient.execute(AmazonHttpClient.java:561)
[2025-11-18T22:27:59.557+0000] {subprocess.py:93} INFO - 	at com.amazonaws.http.AmazonHttpClient.execute(AmazonHttpClient.java:541)
[2025-11-18T22:27:59.557+0000] {subprocess.py:93} INFO - 	at com.amazonaws.services.s3.AmazonS3Client.invoke(AmazonS3Client.java:5456)
[2025-11-18T22:27:59.558+0000] {subprocess.py:93} INFO - 	at com.amazonaws.services.s3.AmazonS3Client.invoke(AmazonS3Client.java:5403)
[2025-11-18T22:27:59.558+0000] {subprocess.py:93} INFO - 	at com.amazonaws.services.s3.AmazonS3Client.getObjectMetadata(AmazonS3Client.java:1372)
[2025-11-18T22:27:59.558+0000] {subprocess.py:93} INFO - 	at org.apache.hadoop.fs.s3a.S3AFileSystem.lambda$getObjectMetadata$10(S3AFileSystem.java:2545)
[2025-11-18T22:27:59.559+0000] {subprocess.py:93} INFO - 	at org.apache.hadoop.fs.s3a.Invoker.retryUntranslated(Invoker.java:414)
[2025-11-18T22:27:59.559+0000] {subprocess.py:93} INFO - 	at org.apache.hadoop.fs.s3a.Invoker.retryUntranslated(Invoker.java:377)
[2025-11-18T22:27:59.559+0000] {subprocess.py:93} INFO - 	at org.apache.hadoop.fs.s3a.S3AFileSystem.getObjectMetadata(S3AFileSystem.java:2533)
[2025-11-18T22:27:59.560+0000] {subprocess.py:93} INFO - 	at org.apache.hadoop.fs.s3a.S3AFileSystem.lambda$copyFile$28(S3AFileSystem.java:4286)
[2025-11-18T22:27:59.560+0000] {subprocess.py:93} INFO - 	at org.apache.hadoop.fs.s3a.Invoker.once(Invoker.java:117)
[2025-11-18T22:27:59.560+0000] {subprocess.py:93} INFO - 	... 12 more
[2025-11-18T22:27:59.560+0000] {subprocess.py:93} INFO - 25/11/18 22:27:59 ERROR SparkHadoopMapRedUtil: Error committing the output of task: attempt_202511182227568012574343533228553_0008_m_000000_59
[2025-11-18T22:27:59.561+0000] {subprocess.py:93} INFO - org.apache.hadoop.fs.s3a.RemoteFileChangedException: copyFile(fact_user_activities_labels/_temporary/0/_temporary/attempt_202511182227568012574343533228553_0008_m_000000_59/year=2021/month=10/part-00000-d918f539-44c6-44ff-bc00-70807f940037.c000.snappy.parquet, fact_user_activities_labels/_temporary/0/task_202511182227568012574343533228553_0008_m_000000/year=2021/month=10/part-00000-d918f539-44c6-44ff-bc00-70807f940037.c000.snappy.parquet) `s3a://gold-strava-activities-labels-delta/fact_user_activities_labels/_temporary/0/_temporary/attempt_202511182227568012574343533228553_0008_m_000000_59/year=2021/month=10/part-00000-d918f539-44c6-44ff-bc00-70807f940037.c000.snappy.parquet': File to rename not found on unguarded S3 store: copyFile(fact_user_activities_labels/_temporary/0/_temporary/attempt_202511182227568012574343533228553_0008_m_000000_59/year=2021/month=10/part-00000-d918f539-44c6-44ff-bc00-70807f940037.c000.snappy.parquet, fact_user_activities_labels/_temporary/0/task_202511182227568012574343533228553_0008_m_000000/year=2021/month=10/part-00000-d918f539-44c6-44ff-bc00-70807f940037.c000.snappy.parquet) on fact_user_activities_labels/_temporary/0/_temporary/attempt_202511182227568012574343533228553_0008_m_000000_59/year=2021/month=10/part-00000-d918f539-44c6-44ff-bc00-70807f940037.c000.snappy.parquet: com.amazonaws.services.s3.model.AmazonS3Exception: Not Found (Service: Amazon S3; Status Code: 404; Error Code: 404 Not Found; Request ID: 18793A582CF74004; S3 Extended Request ID: dd9025bab4ad464b049177c95eb6ebf374d3b3fd1af9251148b658df7ac2e3e8; Proxy: null), S3 Extended Request ID: dd9025bab4ad464b049177c95eb6ebf374d3b3fd1af9251148b658df7ac2e3e8:404 Not Found
[2025-11-18T22:27:59.561+0000] {subprocess.py:93} INFO - 	at org.apache.hadoop.fs.s3a.S3AFileSystem.copyFile(S3AFileSystem.java:4302)
[2025-11-18T22:27:59.562+0000] {subprocess.py:93} INFO - 	at org.apache.hadoop.fs.s3a.S3AFileSystem.access$1200(S3AFileSystem.java:259)
[2025-11-18T22:27:59.562+0000] {subprocess.py:93} INFO - 	at org.apache.hadoop.fs.s3a.S3AFileSystem$OperationCallbacksImpl.copyFile(S3AFileSystem.java:2084)
[2025-11-18T22:27:59.562+0000] {subprocess.py:93} INFO - 	at org.apache.hadoop.fs.s3a.impl.RenameOperation.copySourceAndUpdateTracker(RenameOperation.java:638)
[2025-11-18T22:27:59.563+0000] {subprocess.py:93} INFO - 	at org.apache.hadoop.fs.s3a.impl.RenameOperation.lambda$initiateCopy$1(RenameOperation.java:602)
[2025-11-18T22:27:59.563+0000] {subprocess.py:93} INFO - 	at org.apache.hadoop.fs.store.audit.AuditingFunctions.lambda$callableWithinAuditSpan$3(AuditingFunctions.java:117)
[2025-11-18T22:27:59.563+0000] {subprocess.py:93} INFO - 	at org.apache.hadoop.fs.s3a.impl.CallableSupplier.get(CallableSupplier.java:87)
[2025-11-18T22:27:59.564+0000] {subprocess.py:93} INFO - 	at java.base/java.util.concurrent.CompletableFuture$AsyncSupply.run(CompletableFuture.java:1768)
[2025-11-18T22:27:59.564+0000] {subprocess.py:93} INFO - 	at org.apache.hadoop.util.SemaphoredDelegatingExecutor$RunnableWithPermitRelease.run(SemaphoredDelegatingExecutor.java:196)
[2025-11-18T22:27:59.564+0000] {subprocess.py:93} INFO - 	at java.base/java.util.concurrent.ThreadPoolExecutor.runWorker(ThreadPoolExecutor.java:1136)
[2025-11-18T22:27:59.564+0000] {subprocess.py:93} INFO - 	at java.base/java.util.concurrent.ThreadPoolExecutor$Worker.run(ThreadPoolExecutor.java:635)
[2025-11-18T22:27:59.565+0000] {subprocess.py:93} INFO - 	at java.base/java.lang.Thread.run(Thread.java:840)
[2025-11-18T22:27:59.565+0000] {subprocess.py:93} INFO - Caused by: java.io.FileNotFoundException: copyFile(fact_user_activities_labels/_temporary/0/_temporary/attempt_202511182227568012574343533228553_0008_m_000000_59/year=2021/month=10/part-00000-d918f539-44c6-44ff-bc00-70807f940037.c000.snappy.parquet, fact_user_activities_labels/_temporary/0/task_202511182227568012574343533228553_0008_m_000000/year=2021/month=10/part-00000-d918f539-44c6-44ff-bc00-70807f940037.c000.snappy.parquet) on fact_user_activities_labels/_temporary/0/_temporary/attempt_202511182227568012574343533228553_0008_m_000000_59/year=2021/month=10/part-00000-d918f539-44c6-44ff-bc00-70807f940037.c000.snappy.parquet: com.amazonaws.services.s3.model.AmazonS3Exception: Not Found (Service: Amazon S3; Status Code: 404; Error Code: 404 Not Found; Request ID: 18793A582CF74004; S3 Extended Request ID: dd9025bab4ad464b049177c95eb6ebf374d3b3fd1af9251148b658df7ac2e3e8; Proxy: null), S3 Extended Request ID: dd9025bab4ad464b049177c95eb6ebf374d3b3fd1af9251148b658df7ac2e3e8:404 Not Found
[2025-11-18T22:27:59.565+0000] {subprocess.py:93} INFO - 	at org.apache.hadoop.fs.s3a.S3AUtils.translateException(S3AUtils.java:266)
[2025-11-18T22:27:59.565+0000] {subprocess.py:93} INFO - 	at org.apache.hadoop.fs.s3a.Invoker.once(Invoker.java:119)
[2025-11-18T22:27:59.565+0000] {subprocess.py:93} INFO - 	at org.apache.hadoop.fs.s3a.S3AFileSystem.copyFile(S3AFileSystem.java:4284)
[2025-11-18T22:27:59.565+0000] {subprocess.py:93} INFO - 	... 11 more
[2025-11-18T22:27:59.566+0000] {subprocess.py:93} INFO - Caused by: com.amazonaws.services.s3.model.AmazonS3Exception: Not Found (Service: Amazon S3; Status Code: 404; Error Code: 404 Not Found; Request ID: 18793A582CF74004; S3 Extended Request ID: dd9025bab4ad464b049177c95eb6ebf374d3b3fd1af9251148b658df7ac2e3e8; Proxy: null), S3 Extended Request ID: dd9025bab4ad464b049177c95eb6ebf374d3b3fd1af9251148b658df7ac2e3e8
[2025-11-18T22:27:59.566+0000] {subprocess.py:93} INFO - 	at com.amazonaws.http.AmazonHttpClient$RequestExecutor.handleErrorResponse(AmazonHttpClient.java:1879)
[2025-11-18T22:27:59.566+0000] {subprocess.py:93} INFO - 	at com.amazonaws.http.AmazonHttpClient$RequestExecutor.handleServiceErrorResponse(AmazonHttpClient.java:1418)
[2025-11-18T22:27:59.566+0000] {subprocess.py:93} INFO - 	at com.amazonaws.http.AmazonHttpClient$RequestExecutor.executeOneRequest(AmazonHttpClient.java:1387)
[2025-11-18T22:27:59.566+0000] {subprocess.py:93} INFO - 	at com.amazonaws.http.AmazonHttpClient$RequestExecutor.executeHelper(AmazonHttpClient.java:1157)
[2025-11-18T22:27:59.566+0000] {subprocess.py:93} INFO - 	at com.amazonaws.http.AmazonHttpClient$RequestExecutor.doExecute(AmazonHttpClient.java:814)
[2025-11-18T22:27:59.566+0000] {subprocess.py:93} INFO - 	at com.amazonaws.http.AmazonHttpClient$RequestExecutor.executeWithTimer(AmazonHttpClient.java:781)
[2025-11-18T22:27:59.566+0000] {subprocess.py:93} INFO - 	at com.amazonaws.http.AmazonHttpClient$RequestExecutor.execute(AmazonHttpClient.java:755)
[2025-11-18T22:27:59.566+0000] {subprocess.py:93} INFO - 	at com.amazonaws.http.AmazonHttpClient$RequestExecutor.access$500(AmazonHttpClient.java:715)
[2025-11-18T22:27:59.566+0000] {subprocess.py:93} INFO - 	at com.amazonaws.http.AmazonHttpClient$RequestExecutionBuilderImpl.execute(AmazonHttpClient.java:697)
[2025-11-18T22:27:59.566+0000] {subprocess.py:93} INFO - 	at com.amazonaws.http.AmazonHttpClient.execute(AmazonHttpClient.java:561)
[2025-11-18T22:27:59.566+0000] {subprocess.py:93} INFO - 	at com.amazonaws.http.AmazonHttpClient.execute(AmazonHttpClient.java:541)
[2025-11-18T22:27:59.567+0000] {subprocess.py:93} INFO - 	at com.amazonaws.services.s3.AmazonS3Client.invoke(AmazonS3Client.java:5456)
[2025-11-18T22:27:59.567+0000] {subprocess.py:93} INFO - 	at com.amazonaws.services.s3.AmazonS3Client.invoke(AmazonS3Client.java:5403)
[2025-11-18T22:27:59.567+0000] {subprocess.py:93} INFO - 	at com.amazonaws.services.s3.AmazonS3Client.getObjectMetadata(AmazonS3Client.java:1372)
[2025-11-18T22:27:59.567+0000] {subprocess.py:93} INFO - 	at org.apache.hadoop.fs.s3a.S3AFileSystem.lambda$getObjectMetadata$10(S3AFileSystem.java:2545)
[2025-11-18T22:27:59.567+0000] {subprocess.py:93} INFO - 	at org.apache.hadoop.fs.s3a.Invoker.retryUntranslated(Invoker.java:414)
[2025-11-18T22:27:59.567+0000] {subprocess.py:93} INFO - 	at org.apache.hadoop.fs.s3a.Invoker.retryUntranslated(Invoker.java:377)
[2025-11-18T22:27:59.567+0000] {subprocess.py:93} INFO - 	at org.apache.hadoop.fs.s3a.S3AFileSystem.getObjectMetadata(S3AFileSystem.java:2533)
[2025-11-18T22:27:59.567+0000] {subprocess.py:93} INFO - 	at org.apache.hadoop.fs.s3a.S3AFileSystem.lambda$copyFile$28(S3AFileSystem.java:4286)
[2025-11-18T22:27:59.568+0000] {subprocess.py:93} INFO - 	at org.apache.hadoop.fs.s3a.Invoker.once(Invoker.java:117)
[2025-11-18T22:27:59.568+0000] {subprocess.py:93} INFO - 	... 12 more
[2025-11-18T22:27:59.568+0000] {subprocess.py:93} INFO - 25/11/18 22:27:59 WARN FileOutputCommitter: Could not delete s3a://gold-strava-activities-labels-delta/fact_user_activities_labels/_temporary/0/_temporary/attempt_202511182227568012574343533228553_0008_m_000000_59
[2025-11-18T22:27:59.568+0000] {subprocess.py:93} INFO - 25/11/18 22:27:59 ERROR Utils: Aborting task
[2025-11-18T22:27:59.568+0000] {subprocess.py:93} INFO - org.apache.hadoop.fs.s3a.RemoteFileChangedException: copyFile(fact_user_activities_labels/_temporary/0/_temporary/attempt_202511182227568012574343533228553_0008_m_000000_59/year=2021/month=10/part-00000-d918f539-44c6-44ff-bc00-70807f940037.c000.snappy.parquet, fact_user_activities_labels/_temporary/0/task_202511182227568012574343533228553_0008_m_000000/year=2021/month=10/part-00000-d918f539-44c6-44ff-bc00-70807f940037.c000.snappy.parquet) `s3a://gold-strava-activities-labels-delta/fact_user_activities_labels/_temporary/0/_temporary/attempt_202511182227568012574343533228553_0008_m_000000_59/year=2021/month=10/part-00000-d918f539-44c6-44ff-bc00-70807f940037.c000.snappy.parquet': File to rename not found on unguarded S3 store: copyFile(fact_user_activities_labels/_temporary/0/_temporary/attempt_202511182227568012574343533228553_0008_m_000000_59/year=2021/month=10/part-00000-d918f539-44c6-44ff-bc00-70807f940037.c000.snappy.parquet, fact_user_activities_labels/_temporary/0/task_202511182227568012574343533228553_0008_m_000000/year=2021/month=10/part-00000-d918f539-44c6-44ff-bc00-70807f940037.c000.snappy.parquet) on fact_user_activities_labels/_temporary/0/_temporary/attempt_202511182227568012574343533228553_0008_m_000000_59/year=2021/month=10/part-00000-d918f539-44c6-44ff-bc00-70807f940037.c000.snappy.parquet: com.amazonaws.services.s3.model.AmazonS3Exception: Not Found (Service: Amazon S3; Status Code: 404; Error Code: 404 Not Found; Request ID: 18793A582CF74004; S3 Extended Request ID: dd9025bab4ad464b049177c95eb6ebf374d3b3fd1af9251148b658df7ac2e3e8; Proxy: null), S3 Extended Request ID: dd9025bab4ad464b049177c95eb6ebf374d3b3fd1af9251148b658df7ac2e3e8:404 Not Found
[2025-11-18T22:27:59.568+0000] {subprocess.py:93} INFO - 	at org.apache.hadoop.fs.s3a.S3AFileSystem.copyFile(S3AFileSystem.java:4302)
[2025-11-18T22:27:59.568+0000] {subprocess.py:93} INFO - 	at org.apache.hadoop.fs.s3a.S3AFileSystem.access$1200(S3AFileSystem.java:259)
[2025-11-18T22:27:59.569+0000] {subprocess.py:93} INFO - 	at org.apache.hadoop.fs.s3a.S3AFileSystem$OperationCallbacksImpl.copyFile(S3AFileSystem.java:2084)
[2025-11-18T22:27:59.569+0000] {subprocess.py:93} INFO - 	at org.apache.hadoop.fs.s3a.impl.RenameOperation.copySourceAndUpdateTracker(RenameOperation.java:638)
[2025-11-18T22:27:59.569+0000] {subprocess.py:93} INFO - 	at org.apache.hadoop.fs.s3a.impl.RenameOperation.lambda$initiateCopy$1(RenameOperation.java:602)
[2025-11-18T22:27:59.569+0000] {subprocess.py:93} INFO - 	at org.apache.hadoop.fs.store.audit.AuditingFunctions.lambda$callableWithinAuditSpan$3(AuditingFunctions.java:117)
[2025-11-18T22:27:59.569+0000] {subprocess.py:93} INFO - 	at org.apache.hadoop.fs.s3a.impl.CallableSupplier.get(CallableSupplier.java:87)
[2025-11-18T22:27:59.569+0000] {subprocess.py:93} INFO - 	at java.base/java.util.concurrent.CompletableFuture$AsyncSupply.run(CompletableFuture.java:1768)
[2025-11-18T22:27:59.569+0000] {subprocess.py:93} INFO - 	at org.apache.hadoop.util.SemaphoredDelegatingExecutor$RunnableWithPermitRelease.run(SemaphoredDelegatingExecutor.java:196)
[2025-11-18T22:27:59.569+0000] {subprocess.py:93} INFO - 	at java.base/java.util.concurrent.ThreadPoolExecutor.runWorker(ThreadPoolExecutor.java:1136)
[2025-11-18T22:27:59.570+0000] {subprocess.py:93} INFO - 	at java.base/java.util.concurrent.ThreadPoolExecutor$Worker.run(ThreadPoolExecutor.java:635)
[2025-11-18T22:27:59.570+0000] {subprocess.py:93} INFO - 	at java.base/java.lang.Thread.run(Thread.java:840)
[2025-11-18T22:27:59.570+0000] {subprocess.py:93} INFO - Caused by: java.io.FileNotFoundException: copyFile(fact_user_activities_labels/_temporary/0/_temporary/attempt_202511182227568012574343533228553_0008_m_000000_59/year=2021/month=10/part-00000-d918f539-44c6-44ff-bc00-70807f940037.c000.snappy.parquet, fact_user_activities_labels/_temporary/0/task_202511182227568012574343533228553_0008_m_000000/year=2021/month=10/part-00000-d918f539-44c6-44ff-bc00-70807f940037.c000.snappy.parquet) on fact_user_activities_labels/_temporary/0/_temporary/attempt_202511182227568012574343533228553_0008_m_000000_59/year=2021/month=10/part-00000-d918f539-44c6-44ff-bc00-70807f940037.c000.snappy.parquet: com.amazonaws.services.s3.model.AmazonS3Exception: Not Found (Service: Amazon S3; Status Code: 404; Error Code: 404 Not Found; Request ID: 18793A582CF74004; S3 Extended Request ID: dd9025bab4ad464b049177c95eb6ebf374d3b3fd1af9251148b658df7ac2e3e8; Proxy: null), S3 Extended Request ID: dd9025bab4ad464b049177c95eb6ebf374d3b3fd1af9251148b658df7ac2e3e8:404 Not Found
[2025-11-18T22:27:59.570+0000] {subprocess.py:93} INFO - 	at org.apache.hadoop.fs.s3a.S3AUtils.translateException(S3AUtils.java:266)
[2025-11-18T22:27:59.570+0000] {subprocess.py:93} INFO - 	at org.apache.hadoop.fs.s3a.Invoker.once(Invoker.java:119)
[2025-11-18T22:27:59.571+0000] {subprocess.py:93} INFO - 	at org.apache.hadoop.fs.s3a.S3AFileSystem.copyFile(S3AFileSystem.java:4284)
[2025-11-18T22:27:59.571+0000] {subprocess.py:93} INFO - 	... 11 more
[2025-11-18T22:27:59.571+0000] {subprocess.py:93} INFO - Caused by: com.amazonaws.services.s3.model.AmazonS3Exception: Not Found (Service: Amazon S3; Status Code: 404; Error Code: 404 Not Found; Request ID: 18793A582CF74004; S3 Extended Request ID: dd9025bab4ad464b049177c95eb6ebf374d3b3fd1af9251148b658df7ac2e3e8; Proxy: null), S3 Extended Request ID: dd9025bab4ad464b049177c95eb6ebf374d3b3fd1af9251148b658df7ac2e3e8
[2025-11-18T22:27:59.571+0000] {subprocess.py:93} INFO - 	at com.amazonaws.http.AmazonHttpClient$RequestExecutor.handleErrorResponse(AmazonHttpClient.java:1879)
[2025-11-18T22:27:59.571+0000] {subprocess.py:93} INFO - 	at com.amazonaws.http.AmazonHttpClient$RequestExecutor.handleServiceErrorResponse(AmazonHttpClient.java:1418)
[2025-11-18T22:27:59.571+0000] {subprocess.py:93} INFO - 	at com.amazonaws.http.AmazonHttpClient$RequestExecutor.executeOneRequest(AmazonHttpClient.java:1387)
[2025-11-18T22:27:59.571+0000] {subprocess.py:93} INFO - 	at com.amazonaws.http.AmazonHttpClient$RequestExecutor.executeHelper(AmazonHttpClient.java:1157)
[2025-11-18T22:27:59.571+0000] {subprocess.py:93} INFO - 	at com.amazonaws.http.AmazonHttpClient$RequestExecutor.doExecute(AmazonHttpClient.java:814)
[2025-11-18T22:27:59.572+0000] {subprocess.py:93} INFO - 	at com.amazonaws.http.AmazonHttpClient$RequestExecutor.executeWithTimer(AmazonHttpClient.java:781)
[2025-11-18T22:27:59.572+0000] {subprocess.py:93} INFO - 	at com.amazonaws.http.AmazonHttpClient$RequestExecutor.execute(AmazonHttpClient.java:755)
[2025-11-18T22:27:59.572+0000] {subprocess.py:93} INFO - 	at com.amazonaws.http.AmazonHttpClient$RequestExecutor.access$500(AmazonHttpClient.java:715)
[2025-11-18T22:27:59.573+0000] {subprocess.py:93} INFO - 	at com.amazonaws.http.AmazonHttpClient$RequestExecutionBuilderImpl.execute(AmazonHttpClient.java:697)
[2025-11-18T22:27:59.573+0000] {subprocess.py:93} INFO - 	at com.amazonaws.http.AmazonHttpClient.execute(AmazonHttpClient.java:561)
[2025-11-18T22:27:59.573+0000] {subprocess.py:93} INFO - 	at com.amazonaws.http.AmazonHttpClient.execute(AmazonHttpClient.java:541)
[2025-11-18T22:27:59.573+0000] {subprocess.py:93} INFO - 	at com.amazonaws.services.s3.AmazonS3Client.invoke(AmazonS3Client.java:5456)
[2025-11-18T22:27:59.574+0000] {subprocess.py:93} INFO - 	at com.amazonaws.services.s3.AmazonS3Client.invoke(AmazonS3Client.java:5403)
[2025-11-18T22:27:59.574+0000] {subprocess.py:93} INFO - 	at com.amazonaws.services.s3.AmazonS3Client.getObjectMetadata(AmazonS3Client.java:1372)
[2025-11-18T22:27:59.574+0000] {subprocess.py:93} INFO - 	at org.apache.hadoop.fs.s3a.S3AFileSystem.lambda$getObjectMetadata$10(S3AFileSystem.java:2545)
[2025-11-18T22:27:59.574+0000] {subprocess.py:93} INFO - 	at org.apache.hadoop.fs.s3a.Invoker.retryUntranslated(Invoker.java:414)
[2025-11-18T22:27:59.575+0000] {subprocess.py:93} INFO - 	at org.apache.hadoop.fs.s3a.Invoker.retryUntranslated(Invoker.java:377)
[2025-11-18T22:27:59.575+0000] {subprocess.py:93} INFO - 	at org.apache.hadoop.fs.s3a.S3AFileSystem.getObjectMetadata(S3AFileSystem.java:2533)
[2025-11-18T22:27:59.575+0000] {subprocess.py:93} INFO - 	at org.apache.hadoop.fs.s3a.S3AFileSystem.lambda$copyFile$28(S3AFileSystem.java:4286)
[2025-11-18T22:27:59.575+0000] {subprocess.py:93} INFO - 	at org.apache.hadoop.fs.s3a.Invoker.once(Invoker.java:117)
[2025-11-18T22:27:59.575+0000] {subprocess.py:93} INFO - 	... 12 more
[2025-11-18T22:27:59.576+0000] {subprocess.py:93} INFO - 25/11/18 22:27:59 WARN FileOutputCommitter: Could not delete s3a://gold-strava-activities-labels-delta/fact_user_activities_labels/_temporary/0/_temporary/attempt_202511182227568012574343533228553_0008_m_000000_59
[2025-11-18T22:27:59.576+0000] {subprocess.py:93} INFO - 25/11/18 22:27:59 ERROR FileFormatWriter: Job job_202511182227568012574343533228553_0008 aborted.
[2025-11-18T22:27:59.632+0000] {subprocess.py:93} INFO - 25/11/18 22:27:59 ERROR Executor: Exception in task 0.0 in stage 8.0 (TID 59)
[2025-11-18T22:27:59.633+0000] {subprocess.py:93} INFO - org.apache.spark.SparkException: [TASK_WRITE_FAILED] Task failed while writing rows to s3a://gold-strava-activities-labels-delta/fact_user_activities_labels.
[2025-11-18T22:27:59.634+0000] {subprocess.py:93} INFO - 	at org.apache.spark.sql.errors.QueryExecutionErrors$.taskFailedWhileWritingRowsError(QueryExecutionErrors.scala:774)
[2025-11-18T22:27:59.634+0000] {subprocess.py:93} INFO - 	at org.apache.spark.sql.execution.datasources.FileFormatWriter$.executeTask(FileFormatWriter.scala:420)
[2025-11-18T22:27:59.634+0000] {subprocess.py:93} INFO - 	at org.apache.spark.sql.execution.datasources.WriteFilesExec.$anonfun$doExecuteWrite$1(WriteFiles.scala:100)
[2025-11-18T22:27:59.634+0000] {subprocess.py:93} INFO - 	at org.apache.spark.rdd.RDD.$anonfun$mapPartitionsInternal$2(RDD.scala:893)
[2025-11-18T22:27:59.635+0000] {subprocess.py:93} INFO - 	at org.apache.spark.rdd.RDD.$anonfun$mapPartitionsInternal$2$adapted(RDD.scala:893)
[2025-11-18T22:27:59.635+0000] {subprocess.py:93} INFO - 	at org.apache.spark.rdd.MapPartitionsRDD.compute(MapPartitionsRDD.scala:52)
[2025-11-18T22:27:59.635+0000] {subprocess.py:93} INFO - 	at org.apache.spark.rdd.RDD.computeOrReadCheckpoint(RDD.scala:367)
[2025-11-18T22:27:59.635+0000] {subprocess.py:93} INFO - 	at org.apache.spark.rdd.RDD.iterator(RDD.scala:331)
[2025-11-18T22:27:59.635+0000] {subprocess.py:93} INFO - 	at org.apache.spark.scheduler.ResultTask.runTask(ResultTask.scala:93)
[2025-11-18T22:27:59.635+0000] {subprocess.py:93} INFO - 	at org.apache.spark.TaskContext.runTaskWithListeners(TaskContext.scala:166)
[2025-11-18T22:27:59.636+0000] {subprocess.py:93} INFO - 	at org.apache.spark.scheduler.Task.run(Task.scala:141)
[2025-11-18T22:27:59.636+0000] {subprocess.py:93} INFO - 	at org.apache.spark.executor.Executor$TaskRunner.$anonfun$run$4(Executor.scala:620)
[2025-11-18T22:27:59.636+0000] {subprocess.py:93} INFO - 	at org.apache.spark.util.SparkErrorUtils.tryWithSafeFinally(SparkErrorUtils.scala:64)
[2025-11-18T22:27:59.637+0000] {subprocess.py:93} INFO - 	at org.apache.spark.util.SparkErrorUtils.tryWithSafeFinally$(SparkErrorUtils.scala:61)
[2025-11-18T22:27:59.637+0000] {subprocess.py:93} INFO - 	at org.apache.spark.util.Utils$.tryWithSafeFinally(Utils.scala:94)
[2025-11-18T22:27:59.637+0000] {subprocess.py:93} INFO - 	at org.apache.spark.executor.Executor$TaskRunner.run(Executor.scala:623)
[2025-11-18T22:27:59.638+0000] {subprocess.py:93} INFO - 	at java.base/java.util.concurrent.ThreadPoolExecutor.runWorker(ThreadPoolExecutor.java:1136)
[2025-11-18T22:27:59.638+0000] {subprocess.py:93} INFO - 	at java.base/java.util.concurrent.ThreadPoolExecutor$Worker.run(ThreadPoolExecutor.java:635)
[2025-11-18T22:27:59.638+0000] {subprocess.py:93} INFO - 	at java.base/java.lang.Thread.run(Thread.java:840)
[2025-11-18T22:27:59.639+0000] {subprocess.py:93} INFO - Caused by: org.apache.hadoop.fs.s3a.RemoteFileChangedException: copyFile(fact_user_activities_labels/_temporary/0/_temporary/attempt_202511182227568012574343533228553_0008_m_000000_59/year=2021/month=10/part-00000-d918f539-44c6-44ff-bc00-70807f940037.c000.snappy.parquet, fact_user_activities_labels/_temporary/0/task_202511182227568012574343533228553_0008_m_000000/year=2021/month=10/part-00000-d918f539-44c6-44ff-bc00-70807f940037.c000.snappy.parquet) `s3a://gold-strava-activities-labels-delta/fact_user_activities_labels/_temporary/0/_temporary/attempt_202511182227568012574343533228553_0008_m_000000_59/year=2021/month=10/part-00000-d918f539-44c6-44ff-bc00-70807f940037.c000.snappy.parquet': File to rename not found on unguarded S3 store: copyFile(fact_user_activities_labels/_temporary/0/_temporary/attempt_202511182227568012574343533228553_0008_m_000000_59/year=2021/month=10/part-00000-d918f539-44c6-44ff-bc00-70807f940037.c000.snappy.parquet, fact_user_activities_labels/_temporary/0/task_202511182227568012574343533228553_0008_m_000000/year=2021/month=10/part-00000-d918f539-44c6-44ff-bc00-70807f940037.c000.snappy.parquet) on fact_user_activities_labels/_temporary/0/_temporary/attempt_202511182227568012574343533228553_0008_m_000000_59/year=2021/month=10/part-00000-d918f539-44c6-44ff-bc00-70807f940037.c000.snappy.parquet: com.amazonaws.services.s3.model.AmazonS3Exception: Not Found (Service: Amazon S3; Status Code: 404; Error Code: 404 Not Found; Request ID: 18793A582CF74004; S3 Extended Request ID: dd9025bab4ad464b049177c95eb6ebf374d3b3fd1af9251148b658df7ac2e3e8; Proxy: null), S3 Extended Request ID: dd9025bab4ad464b049177c95eb6ebf374d3b3fd1af9251148b658df7ac2e3e8:404 Not Found
[2025-11-18T22:27:59.639+0000] {subprocess.py:93} INFO - 	at org.apache.hadoop.fs.s3a.S3AFileSystem.copyFile(S3AFileSystem.java:4302)
[2025-11-18T22:27:59.639+0000] {subprocess.py:93} INFO - 	at org.apache.hadoop.fs.s3a.S3AFileSystem.access$1200(S3AFileSystem.java:259)
[2025-11-18T22:27:59.639+0000] {subprocess.py:93} INFO - 	at org.apache.hadoop.fs.s3a.S3AFileSystem$OperationCallbacksImpl.copyFile(S3AFileSystem.java:2084)
[2025-11-18T22:27:59.640+0000] {subprocess.py:93} INFO - 	at org.apache.hadoop.fs.s3a.impl.RenameOperation.copySourceAndUpdateTracker(RenameOperation.java:638)
[2025-11-18T22:27:59.640+0000] {subprocess.py:93} INFO - 	at org.apache.hadoop.fs.s3a.impl.RenameOperation.lambda$initiateCopy$1(RenameOperation.java:602)
[2025-11-18T22:27:59.640+0000] {subprocess.py:93} INFO - 	at org.apache.hadoop.fs.store.audit.AuditingFunctions.lambda$callableWithinAuditSpan$3(AuditingFunctions.java:117)
[2025-11-18T22:27:59.640+0000] {subprocess.py:93} INFO - 	at org.apache.hadoop.fs.s3a.impl.CallableSupplier.get(CallableSupplier.java:87)
[2025-11-18T22:27:59.641+0000] {subprocess.py:93} INFO - 	at java.base/java.util.concurrent.CompletableFuture$AsyncSupply.run(CompletableFuture.java:1768)
[2025-11-18T22:27:59.641+0000] {subprocess.py:93} INFO - 	at org.apache.hadoop.util.SemaphoredDelegatingExecutor$RunnableWithPermitRelease.run(SemaphoredDelegatingExecutor.java:196)
[2025-11-18T22:27:59.641+0000] {subprocess.py:93} INFO - 	... 3 more
[2025-11-18T22:27:59.641+0000] {subprocess.py:93} INFO - Caused by: java.io.FileNotFoundException: copyFile(fact_user_activities_labels/_temporary/0/_temporary/attempt_202511182227568012574343533228553_0008_m_000000_59/year=2021/month=10/part-00000-d918f539-44c6-44ff-bc00-70807f940037.c000.snappy.parquet, fact_user_activities_labels/_temporary/0/task_202511182227568012574343533228553_0008_m_000000/year=2021/month=10/part-00000-d918f539-44c6-44ff-bc00-70807f940037.c000.snappy.parquet) on fact_user_activities_labels/_temporary/0/_temporary/attempt_202511182227568012574343533228553_0008_m_000000_59/year=2021/month=10/part-00000-d918f539-44c6-44ff-bc00-70807f940037.c000.snappy.parquet: com.amazonaws.services.s3.model.AmazonS3Exception: Not Found (Service: Amazon S3; Status Code: 404; Error Code: 404 Not Found; Request ID: 18793A582CF74004; S3 Extended Request ID: dd9025bab4ad464b049177c95eb6ebf374d3b3fd1af9251148b658df7ac2e3e8; Proxy: null), S3 Extended Request ID: dd9025bab4ad464b049177c95eb6ebf374d3b3fd1af9251148b658df7ac2e3e8:404 Not Found
[2025-11-18T22:27:59.641+0000] {subprocess.py:93} INFO - 	at org.apache.hadoop.fs.s3a.S3AUtils.translateException(S3AUtils.java:266)
[2025-11-18T22:27:59.642+0000] {subprocess.py:93} INFO - 	at org.apache.hadoop.fs.s3a.Invoker.once(Invoker.java:119)
[2025-11-18T22:27:59.642+0000] {subprocess.py:93} INFO - 	at org.apache.hadoop.fs.s3a.S3AFileSystem.copyFile(S3AFileSystem.java:4284)
[2025-11-18T22:27:59.643+0000] {subprocess.py:93} INFO - 	... 11 more
[2025-11-18T22:27:59.643+0000] {subprocess.py:93} INFO - Caused by: com.amazonaws.services.s3.model.AmazonS3Exception: Not Found (Service: Amazon S3; Status Code: 404; Error Code: 404 Not Found; Request ID: 18793A582CF74004; S3 Extended Request ID: dd9025bab4ad464b049177c95eb6ebf374d3b3fd1af9251148b658df7ac2e3e8; Proxy: null), S3 Extended Request ID: dd9025bab4ad464b049177c95eb6ebf374d3b3fd1af9251148b658df7ac2e3e8
[2025-11-18T22:27:59.643+0000] {subprocess.py:93} INFO - 	at com.amazonaws.http.AmazonHttpClient$RequestExecutor.handleErrorResponse(AmazonHttpClient.java:1879)
[2025-11-18T22:27:59.644+0000] {subprocess.py:93} INFO - 	at com.amazonaws.http.AmazonHttpClient$RequestExecutor.handleServiceErrorResponse(AmazonHttpClient.java:1418)
[2025-11-18T22:27:59.644+0000] {subprocess.py:93} INFO - 	at com.amazonaws.http.AmazonHttpClient$RequestExecutor.executeOneRequest(AmazonHttpClient.java:1387)
[2025-11-18T22:27:59.644+0000] {subprocess.py:93} INFO - 	at com.amazonaws.http.AmazonHttpClient$RequestExecutor.executeHelper(AmazonHttpClient.java:1157)
[2025-11-18T22:27:59.645+0000] {subprocess.py:93} INFO - 	at com.amazonaws.http.AmazonHttpClient$RequestExecutor.doExecute(AmazonHttpClient.java:814)
[2025-11-18T22:27:59.645+0000] {subprocess.py:93} INFO - 	at com.amazonaws.http.AmazonHttpClient$RequestExecutor.executeWithTimer(AmazonHttpClient.java:781)
[2025-11-18T22:27:59.645+0000] {subprocess.py:93} INFO - 	at com.amazonaws.http.AmazonHttpClient$RequestExecutor.execute(AmazonHttpClient.java:755)
[2025-11-18T22:27:59.646+0000] {subprocess.py:93} INFO - 	at com.amazonaws.http.AmazonHttpClient$RequestExecutor.access$500(AmazonHttpClient.java:715)
[2025-11-18T22:27:59.646+0000] {subprocess.py:93} INFO - 	at com.amazonaws.http.AmazonHttpClient$RequestExecutionBuilderImpl.execute(AmazonHttpClient.java:697)
[2025-11-18T22:27:59.646+0000] {subprocess.py:93} INFO - 	at com.amazonaws.http.AmazonHttpClient.execute(AmazonHttpClient.java:561)
[2025-11-18T22:27:59.646+0000] {subprocess.py:93} INFO - 	at com.amazonaws.http.AmazonHttpClient.execute(AmazonHttpClient.java:541)
[2025-11-18T22:27:59.647+0000] {subprocess.py:93} INFO - 	at com.amazonaws.services.s3.AmazonS3Client.invoke(AmazonS3Client.java:5456)
[2025-11-18T22:27:59.647+0000] {subprocess.py:93} INFO - 	at com.amazonaws.services.s3.AmazonS3Client.invoke(AmazonS3Client.java:5403)
[2025-11-18T22:27:59.647+0000] {subprocess.py:93} INFO - 	at com.amazonaws.services.s3.AmazonS3Client.getObjectMetadata(AmazonS3Client.java:1372)
[2025-11-18T22:27:59.647+0000] {subprocess.py:93} INFO - 	at org.apache.hadoop.fs.s3a.S3AFileSystem.lambda$getObjectMetadata$10(S3AFileSystem.java:2545)
[2025-11-18T22:27:59.648+0000] {subprocess.py:93} INFO - 	at org.apache.hadoop.fs.s3a.Invoker.retryUntranslated(Invoker.java:414)
[2025-11-18T22:27:59.648+0000] {subprocess.py:93} INFO - 	at org.apache.hadoop.fs.s3a.Invoker.retryUntranslated(Invoker.java:377)
[2025-11-18T22:27:59.648+0000] {subprocess.py:93} INFO - 	at org.apache.hadoop.fs.s3a.S3AFileSystem.getObjectMetadata(S3AFileSystem.java:2533)
[2025-11-18T22:27:59.648+0000] {subprocess.py:93} INFO - 	at org.apache.hadoop.fs.s3a.S3AFileSystem.lambda$copyFile$28(S3AFileSystem.java:4286)
[2025-11-18T22:27:59.649+0000] {subprocess.py:93} INFO - 	at org.apache.hadoop.fs.s3a.Invoker.once(Invoker.java:117)
[2025-11-18T22:27:59.649+0000] {subprocess.py:93} INFO - 	... 12 more
[2025-11-18T22:27:59.649+0000] {subprocess.py:93} INFO - 25/11/18 22:27:59 WARN TaskSetManager: Lost task 0.0 in stage 8.0 (TID 59) (1f6ebb9bd530 executor driver): org.apache.spark.SparkException: [TASK_WRITE_FAILED] Task failed while writing rows to s3a://gold-strava-activities-labels-delta/fact_user_activities_labels.
[2025-11-18T22:27:59.649+0000] {subprocess.py:93} INFO - 	at org.apache.spark.sql.errors.QueryExecutionErrors$.taskFailedWhileWritingRowsError(QueryExecutionErrors.scala:774)
[2025-11-18T22:27:59.650+0000] {subprocess.py:93} INFO - 	at org.apache.spark.sql.execution.datasources.FileFormatWriter$.executeTask(FileFormatWriter.scala:420)
[2025-11-18T22:27:59.650+0000] {subprocess.py:93} INFO - 	at org.apache.spark.sql.execution.datasources.WriteFilesExec.$anonfun$doExecuteWrite$1(WriteFiles.scala:100)
[2025-11-18T22:27:59.650+0000] {subprocess.py:93} INFO - 	at org.apache.spark.rdd.RDD.$anonfun$mapPartitionsInternal$2(RDD.scala:893)
[2025-11-18T22:27:59.651+0000] {subprocess.py:93} INFO - 	at org.apache.spark.rdd.RDD.$anonfun$mapPartitionsInternal$2$adapted(RDD.scala:893)
[2025-11-18T22:27:59.651+0000] {subprocess.py:93} INFO - 	at org.apache.spark.rdd.MapPartitionsRDD.compute(MapPartitionsRDD.scala:52)
[2025-11-18T22:27:59.651+0000] {subprocess.py:93} INFO - 	at org.apache.spark.rdd.RDD.computeOrReadCheckpoint(RDD.scala:367)
[2025-11-18T22:27:59.651+0000] {subprocess.py:93} INFO - 	at org.apache.spark.rdd.RDD.iterator(RDD.scala:331)
[2025-11-18T22:27:59.652+0000] {subprocess.py:93} INFO - 	at org.apache.spark.scheduler.ResultTask.runTask(ResultTask.scala:93)
[2025-11-18T22:27:59.652+0000] {subprocess.py:93} INFO - 	at org.apache.spark.TaskContext.runTaskWithListeners(TaskContext.scala:166)
[2025-11-18T22:27:59.653+0000] {subprocess.py:93} INFO - 	at org.apache.spark.scheduler.Task.run(Task.scala:141)
[2025-11-18T22:27:59.653+0000] {subprocess.py:93} INFO - 	at org.apache.spark.executor.Executor$TaskRunner.$anonfun$run$4(Executor.scala:620)
[2025-11-18T22:27:59.653+0000] {subprocess.py:93} INFO - 	at org.apache.spark.util.SparkErrorUtils.tryWithSafeFinally(SparkErrorUtils.scala:64)
[2025-11-18T22:27:59.654+0000] {subprocess.py:93} INFO - 	at org.apache.spark.util.SparkErrorUtils.tryWithSafeFinally$(SparkErrorUtils.scala:61)
[2025-11-18T22:27:59.654+0000] {subprocess.py:93} INFO - 	at org.apache.spark.util.Utils$.tryWithSafeFinally(Utils.scala:94)
[2025-11-18T22:27:59.654+0000] {subprocess.py:93} INFO - 	at org.apache.spark.executor.Executor$TaskRunner.run(Executor.scala:623)
[2025-11-18T22:27:59.654+0000] {subprocess.py:93} INFO - 	at java.base/java.util.concurrent.ThreadPoolExecutor.runWorker(ThreadPoolExecutor.java:1136)
[2025-11-18T22:27:59.655+0000] {subprocess.py:93} INFO - 	at java.base/java.util.concurrent.ThreadPoolExecutor$Worker.run(ThreadPoolExecutor.java:635)
[2025-11-18T22:27:59.655+0000] {subprocess.py:93} INFO - 	at java.base/java.lang.Thread.run(Thread.java:840)
[2025-11-18T22:27:59.655+0000] {subprocess.py:93} INFO - Caused by: org.apache.hadoop.fs.s3a.RemoteFileChangedException: copyFile(fact_user_activities_labels/_temporary/0/_temporary/attempt_202511182227568012574343533228553_0008_m_000000_59/year=2021/month=10/part-00000-d918f539-44c6-44ff-bc00-70807f940037.c000.snappy.parquet, fact_user_activities_labels/_temporary/0/task_202511182227568012574343533228553_0008_m_000000/year=2021/month=10/part-00000-d918f539-44c6-44ff-bc00-70807f940037.c000.snappy.parquet) `s3a://gold-strava-activities-labels-delta/fact_user_activities_labels/_temporary/0/_temporary/attempt_202511182227568012574343533228553_0008_m_000000_59/year=2021/month=10/part-00000-d918f539-44c6-44ff-bc00-70807f940037.c000.snappy.parquet': File to rename not found on unguarded S3 store: copyFile(fact_user_activities_labels/_temporary/0/_temporary/attempt_202511182227568012574343533228553_0008_m_000000_59/year=2021/month=10/part-00000-d918f539-44c6-44ff-bc00-70807f940037.c000.snappy.parquet, fact_user_activities_labels/_temporary/0/task_202511182227568012574343533228553_0008_m_000000/year=2021/month=10/part-00000-d918f539-44c6-44ff-bc00-70807f940037.c000.snappy.parquet) on fact_user_activities_labels/_temporary/0/_temporary/attempt_202511182227568012574343533228553_0008_m_000000_59/year=2021/month=10/part-00000-d918f539-44c6-44ff-bc00-70807f940037.c000.snappy.parquet: com.amazonaws.services.s3.model.AmazonS3Exception: Not Found (Service: Amazon S3; Status Code: 404; Error Code: 404 Not Found; Request ID: 18793A582CF74004; S3 Extended Request ID: dd9025bab4ad464b049177c95eb6ebf374d3b3fd1af9251148b658df7ac2e3e8; Proxy: null), S3 Extended Request ID: dd9025bab4ad464b049177c95eb6ebf374d3b3fd1af9251148b658df7ac2e3e8:404 Not Found
[2025-11-18T22:27:59.655+0000] {subprocess.py:93} INFO - 	at org.apache.hadoop.fs.s3a.S3AFileSystem.copyFile(S3AFileSystem.java:4302)
[2025-11-18T22:27:59.656+0000] {subprocess.py:93} INFO - 	at org.apache.hadoop.fs.s3a.S3AFileSystem.access$1200(S3AFileSystem.java:259)
[2025-11-18T22:27:59.656+0000] {subprocess.py:93} INFO - 	at org.apache.hadoop.fs.s3a.S3AFileSystem$OperationCallbacksImpl.copyFile(S3AFileSystem.java:2084)
[2025-11-18T22:27:59.656+0000] {subprocess.py:93} INFO - 	at org.apache.hadoop.fs.s3a.impl.RenameOperation.copySourceAndUpdateTracker(RenameOperation.java:638)
[2025-11-18T22:27:59.656+0000] {subprocess.py:93} INFO - 	at org.apache.hadoop.fs.s3a.impl.RenameOperation.lambda$initiateCopy$1(RenameOperation.java:602)
[2025-11-18T22:27:59.657+0000] {subprocess.py:93} INFO - 	at org.apache.hadoop.fs.store.audit.AuditingFunctions.lambda$callableWithinAuditSpan$3(AuditingFunctions.java:117)
[2025-11-18T22:27:59.657+0000] {subprocess.py:93} INFO - 	at org.apache.hadoop.fs.s3a.impl.CallableSupplier.get(CallableSupplier.java:87)
[2025-11-18T22:27:59.657+0000] {subprocess.py:93} INFO - 	at java.base/java.util.concurrent.CompletableFuture$AsyncSupply.run(CompletableFuture.java:1768)
[2025-11-18T22:27:59.657+0000] {subprocess.py:93} INFO - 	at org.apache.hadoop.util.SemaphoredDelegatingExecutor$RunnableWithPermitRelease.run(SemaphoredDelegatingExecutor.java:196)
[2025-11-18T22:27:59.657+0000] {subprocess.py:93} INFO - 	... 3 more
[2025-11-18T22:27:59.658+0000] {subprocess.py:93} INFO - Caused by: java.io.FileNotFoundException: copyFile(fact_user_activities_labels/_temporary/0/_temporary/attempt_202511182227568012574343533228553_0008_m_000000_59/year=2021/month=10/part-00000-d918f539-44c6-44ff-bc00-70807f940037.c000.snappy.parquet, fact_user_activities_labels/_temporary/0/task_202511182227568012574343533228553_0008_m_000000/year=2021/month=10/part-00000-d918f539-44c6-44ff-bc00-70807f940037.c000.snappy.parquet) on fact_user_activities_labels/_temporary/0/_temporary/attempt_202511182227568012574343533228553_0008_m_000000_59/year=2021/month=10/part-00000-d918f539-44c6-44ff-bc00-70807f940037.c000.snappy.parquet: com.amazonaws.services.s3.model.AmazonS3Exception: Not Found (Service: Amazon S3; Status Code: 404; Error Code: 404 Not Found; Request ID: 18793A582CF74004; S3 Extended Request ID: dd9025bab4ad464b049177c95eb6ebf374d3b3fd1af9251148b658df7ac2e3e8; Proxy: null), S3 Extended Request ID: dd9025bab4ad464b049177c95eb6ebf374d3b3fd1af9251148b658df7ac2e3e8:404 Not Found
[2025-11-18T22:27:59.658+0000] {subprocess.py:93} INFO - 	at org.apache.hadoop.fs.s3a.S3AUtils.translateException(S3AUtils.java:266)
[2025-11-18T22:27:59.658+0000] {subprocess.py:93} INFO - 	at org.apache.hadoop.fs.s3a.Invoker.once(Invoker.java:119)
[2025-11-18T22:27:59.659+0000] {subprocess.py:93} INFO - 	at org.apache.hadoop.fs.s3a.S3AFileSystem.copyFile(S3AFileSystem.java:4284)
[2025-11-18T22:27:59.659+0000] {subprocess.py:93} INFO - 	... 11 more
[2025-11-18T22:27:59.659+0000] {subprocess.py:93} INFO - Caused by: com.amazonaws.services.s3.model.AmazonS3Exception: Not Found (Service: Amazon S3; Status Code: 404; Error Code: 404 Not Found; Request ID: 18793A582CF74004; S3 Extended Request ID: dd9025bab4ad464b049177c95eb6ebf374d3b3fd1af9251148b658df7ac2e3e8; Proxy: null), S3 Extended Request ID: dd9025bab4ad464b049177c95eb6ebf374d3b3fd1af9251148b658df7ac2e3e8
[2025-11-18T22:27:59.660+0000] {subprocess.py:93} INFO - 	at com.amazonaws.http.AmazonHttpClient$RequestExecutor.handleErrorResponse(AmazonHttpClient.java:1879)
[2025-11-18T22:27:59.661+0000] {subprocess.py:93} INFO - 	at com.amazonaws.http.AmazonHttpClient$RequestExecutor.handleServiceErrorResponse(AmazonHttpClient.java:1418)
[2025-11-18T22:27:59.661+0000] {subprocess.py:93} INFO - 	at com.amazonaws.http.AmazonHttpClient$RequestExecutor.executeOneRequest(AmazonHttpClient.java:1387)
[2025-11-18T22:27:59.661+0000] {subprocess.py:93} INFO - 	at com.amazonaws.http.AmazonHttpClient$RequestExecutor.executeHelper(AmazonHttpClient.java:1157)
[2025-11-18T22:27:59.661+0000] {subprocess.py:93} INFO - 	at com.amazonaws.http.AmazonHttpClient$RequestExecutor.doExecute(AmazonHttpClient.java:814)
[2025-11-18T22:27:59.661+0000] {subprocess.py:93} INFO - 	at com.amazonaws.http.AmazonHttpClient$RequestExecutor.executeWithTimer(AmazonHttpClient.java:781)
[2025-11-18T22:27:59.661+0000] {subprocess.py:93} INFO - 	at com.amazonaws.http.AmazonHttpClient$RequestExecutor.execute(AmazonHttpClient.java:755)
[2025-11-18T22:27:59.661+0000] {subprocess.py:93} INFO - 	at com.amazonaws.http.AmazonHttpClient$RequestExecutor.access$500(AmazonHttpClient.java:715)
[2025-11-18T22:27:59.661+0000] {subprocess.py:93} INFO - 	at com.amazonaws.http.AmazonHttpClient$RequestExecutionBuilderImpl.execute(AmazonHttpClient.java:697)
[2025-11-18T22:27:59.662+0000] {subprocess.py:93} INFO - 	at com.amazonaws.http.AmazonHttpClient.execute(AmazonHttpClient.java:561)
[2025-11-18T22:27:59.662+0000] {subprocess.py:93} INFO - 	at com.amazonaws.http.AmazonHttpClient.execute(AmazonHttpClient.java:541)
[2025-11-18T22:27:59.662+0000] {subprocess.py:93} INFO - 	at com.amazonaws.services.s3.AmazonS3Client.invoke(AmazonS3Client.java:5456)
[2025-11-18T22:27:59.662+0000] {subprocess.py:93} INFO - 	at com.amazonaws.services.s3.AmazonS3Client.invoke(AmazonS3Client.java:5403)
[2025-11-18T22:27:59.662+0000] {subprocess.py:93} INFO - 	at com.amazonaws.services.s3.AmazonS3Client.getObjectMetadata(AmazonS3Client.java:1372)
[2025-11-18T22:27:59.663+0000] {subprocess.py:93} INFO - 	at org.apache.hadoop.fs.s3a.S3AFileSystem.lambda$getObjectMetadata$10(S3AFileSystem.java:2545)
[2025-11-18T22:27:59.663+0000] {subprocess.py:93} INFO - 	at org.apache.hadoop.fs.s3a.Invoker.retryUntranslated(Invoker.java:414)
[2025-11-18T22:27:59.663+0000] {subprocess.py:93} INFO - 	at org.apache.hadoop.fs.s3a.Invoker.retryUntranslated(Invoker.java:377)
[2025-11-18T22:27:59.663+0000] {subprocess.py:93} INFO - 	at org.apache.hadoop.fs.s3a.S3AFileSystem.getObjectMetadata(S3AFileSystem.java:2533)
[2025-11-18T22:27:59.663+0000] {subprocess.py:93} INFO - 	at org.apache.hadoop.fs.s3a.S3AFileSystem.lambda$copyFile$28(S3AFileSystem.java:4286)
[2025-11-18T22:27:59.663+0000] {subprocess.py:93} INFO - 	at org.apache.hadoop.fs.s3a.Invoker.once(Invoker.java:117)
[2025-11-18T22:27:59.664+0000] {subprocess.py:93} INFO - 	... 12 more
[2025-11-18T22:27:59.664+0000] {subprocess.py:93} INFO - 
[2025-11-18T22:27:59.664+0000] {subprocess.py:93} INFO - 25/11/18 22:27:59 ERROR TaskSetManager: Task 0 in stage 8.0 failed 1 times; aborting job
[2025-11-18T22:27:59.664+0000] {subprocess.py:93} INFO - 25/11/18 22:27:59 ERROR FileFormatWriter: Aborting job 3e67ab6d-6063-47a0-839c-5272559607c9.
[2025-11-18T22:27:59.664+0000] {subprocess.py:93} INFO - org.apache.spark.SparkException: Job aborted due to stage failure: Task 0 in stage 8.0 failed 1 times, most recent failure: Lost task 0.0 in stage 8.0 (TID 59) (1f6ebb9bd530 executor driver): org.apache.spark.SparkException: [TASK_WRITE_FAILED] Task failed while writing rows to s3a://gold-strava-activities-labels-delta/fact_user_activities_labels.
[2025-11-18T22:27:59.665+0000] {subprocess.py:93} INFO - 	at org.apache.spark.sql.errors.QueryExecutionErrors$.taskFailedWhileWritingRowsError(QueryExecutionErrors.scala:774)
[2025-11-18T22:27:59.665+0000] {subprocess.py:93} INFO - 	at org.apache.spark.sql.execution.datasources.FileFormatWriter$.executeTask(FileFormatWriter.scala:420)
[2025-11-18T22:27:59.665+0000] {subprocess.py:93} INFO - 	at org.apache.spark.sql.execution.datasources.WriteFilesExec.$anonfun$doExecuteWrite$1(WriteFiles.scala:100)
[2025-11-18T22:27:59.666+0000] {subprocess.py:93} INFO - 	at org.apache.spark.rdd.RDD.$anonfun$mapPartitionsInternal$2(RDD.scala:893)
[2025-11-18T22:27:59.666+0000] {subprocess.py:93} INFO - 	at org.apache.spark.rdd.RDD.$anonfun$mapPartitionsInternal$2$adapted(RDD.scala:893)
[2025-11-18T22:27:59.666+0000] {subprocess.py:93} INFO - 	at org.apache.spark.rdd.MapPartitionsRDD.compute(MapPartitionsRDD.scala:52)
[2025-11-18T22:27:59.667+0000] {subprocess.py:93} INFO - 	at org.apache.spark.rdd.RDD.computeOrReadCheckpoint(RDD.scala:367)
[2025-11-18T22:27:59.667+0000] {subprocess.py:93} INFO - 	at org.apache.spark.rdd.RDD.iterator(RDD.scala:331)
[2025-11-18T22:27:59.667+0000] {subprocess.py:93} INFO - 	at org.apache.spark.scheduler.ResultTask.runTask(ResultTask.scala:93)
[2025-11-18T22:27:59.668+0000] {subprocess.py:93} INFO - 	at org.apache.spark.TaskContext.runTaskWithListeners(TaskContext.scala:166)
[2025-11-18T22:27:59.668+0000] {subprocess.py:93} INFO - 	at org.apache.spark.scheduler.Task.run(Task.scala:141)
[2025-11-18T22:27:59.668+0000] {subprocess.py:93} INFO - 	at org.apache.spark.executor.Executor$TaskRunner.$anonfun$run$4(Executor.scala:620)
[2025-11-18T22:27:59.668+0000] {subprocess.py:93} INFO - 	at org.apache.spark.util.SparkErrorUtils.tryWithSafeFinally(SparkErrorUtils.scala:64)
[2025-11-18T22:27:59.669+0000] {subprocess.py:93} INFO - 	at org.apache.spark.util.SparkErrorUtils.tryWithSafeFinally$(SparkErrorUtils.scala:61)
[2025-11-18T22:27:59.669+0000] {subprocess.py:93} INFO - 	at org.apache.spark.util.Utils$.tryWithSafeFinally(Utils.scala:94)
[2025-11-18T22:27:59.670+0000] {subprocess.py:93} INFO - 	at org.apache.spark.executor.Executor$TaskRunner.run(Executor.scala:623)
[2025-11-18T22:27:59.670+0000] {subprocess.py:93} INFO - 	at java.base/java.util.concurrent.ThreadPoolExecutor.runWorker(ThreadPoolExecutor.java:1136)
[2025-11-18T22:27:59.670+0000] {subprocess.py:93} INFO - 	at java.base/java.util.concurrent.ThreadPoolExecutor$Worker.run(ThreadPoolExecutor.java:635)
[2025-11-18T22:27:59.670+0000] {subprocess.py:93} INFO - 	at java.base/java.lang.Thread.run(Thread.java:840)
[2025-11-18T22:27:59.671+0000] {subprocess.py:93} INFO - Caused by: org.apache.hadoop.fs.s3a.RemoteFileChangedException: copyFile(fact_user_activities_labels/_temporary/0/_temporary/attempt_202511182227568012574343533228553_0008_m_000000_59/year=2021/month=10/part-00000-d918f539-44c6-44ff-bc00-70807f940037.c000.snappy.parquet, fact_user_activities_labels/_temporary/0/task_202511182227568012574343533228553_0008_m_000000/year=2021/month=10/part-00000-d918f539-44c6-44ff-bc00-70807f940037.c000.snappy.parquet) `s3a://gold-strava-activities-labels-delta/fact_user_activities_labels/_temporary/0/_temporary/attempt_202511182227568012574343533228553_0008_m_000000_59/year=2021/month=10/part-00000-d918f539-44c6-44ff-bc00-70807f940037.c000.snappy.parquet': File to rename not found on unguarded S3 store: copyFile(fact_user_activities_labels/_temporary/0/_temporary/attempt_202511182227568012574343533228553_0008_m_000000_59/year=2021/month=10/part-00000-d918f539-44c6-44ff-bc00-70807f940037.c000.snappy.parquet, fact_user_activities_labels/_temporary/0/task_202511182227568012574343533228553_0008_m_000000/year=2021/month=10/part-00000-d918f539-44c6-44ff-bc00-70807f940037.c000.snappy.parquet) on fact_user_activities_labels/_temporary/0/_temporary/attempt_202511182227568012574343533228553_0008_m_000000_59/year=2021/month=10/part-00000-d918f539-44c6-44ff-bc00-70807f940037.c000.snappy.parquet: com.amazonaws.services.s3.model.AmazonS3Exception: Not Found (Service: Amazon S3; Status Code: 404; Error Code: 404 Not Found; Request ID: 18793A582CF74004; S3 Extended Request ID: dd9025bab4ad464b049177c95eb6ebf374d3b3fd1af9251148b658df7ac2e3e8; Proxy: null), S3 Extended Request ID: dd9025bab4ad464b049177c95eb6ebf374d3b3fd1af9251148b658df7ac2e3e8:404 Not Found
[2025-11-18T22:27:59.671+0000] {subprocess.py:93} INFO - 	at org.apache.hadoop.fs.s3a.S3AFileSystem.copyFile(S3AFileSystem.java:4302)
[2025-11-18T22:27:59.672+0000] {subprocess.py:93} INFO - 	at org.apache.hadoop.fs.s3a.S3AFileSystem.access$1200(S3AFileSystem.java:259)
[2025-11-18T22:27:59.672+0000] {subprocess.py:93} INFO - 	at org.apache.hadoop.fs.s3a.S3AFileSystem$OperationCallbacksImpl.copyFile(S3AFileSystem.java:2084)
[2025-11-18T22:27:59.673+0000] {subprocess.py:93} INFO - 	at org.apache.hadoop.fs.s3a.impl.RenameOperation.copySourceAndUpdateTracker(RenameOperation.java:638)
[2025-11-18T22:27:59.673+0000] {subprocess.py:93} INFO - 	at org.apache.hadoop.fs.s3a.impl.RenameOperation.lambda$initiateCopy$1(RenameOperation.java:602)
[2025-11-18T22:27:59.673+0000] {subprocess.py:93} INFO - 	at org.apache.hadoop.fs.store.audit.AuditingFunctions.lambda$callableWithinAuditSpan$3(AuditingFunctions.java:117)
[2025-11-18T22:27:59.673+0000] {subprocess.py:93} INFO - 	at org.apache.hadoop.fs.s3a.impl.CallableSupplier.get(CallableSupplier.java:87)
[2025-11-18T22:27:59.673+0000] {subprocess.py:93} INFO - 	at java.base/java.util.concurrent.CompletableFuture$AsyncSupply.run(CompletableFuture.java:1768)
[2025-11-18T22:27:59.674+0000] {subprocess.py:93} INFO - 	at org.apache.hadoop.util.SemaphoredDelegatingExecutor$RunnableWithPermitRelease.run(SemaphoredDelegatingExecutor.java:196)
[2025-11-18T22:27:59.674+0000] {subprocess.py:93} INFO - 	... 3 more
[2025-11-18T22:27:59.674+0000] {subprocess.py:93} INFO - Caused by: java.io.FileNotFoundException: copyFile(fact_user_activities_labels/_temporary/0/_temporary/attempt_202511182227568012574343533228553_0008_m_000000_59/year=2021/month=10/part-00000-d918f539-44c6-44ff-bc00-70807f940037.c000.snappy.parquet, fact_user_activities_labels/_temporary/0/task_202511182227568012574343533228553_0008_m_000000/year=2021/month=10/part-00000-d918f539-44c6-44ff-bc00-70807f940037.c000.snappy.parquet) on fact_user_activities_labels/_temporary/0/_temporary/attempt_202511182227568012574343533228553_0008_m_000000_59/year=2021/month=10/part-00000-d918f539-44c6-44ff-bc00-70807f940037.c000.snappy.parquet: com.amazonaws.services.s3.model.AmazonS3Exception: Not Found (Service: Amazon S3; Status Code: 404; Error Code: 404 Not Found; Request ID: 18793A582CF74004; S3 Extended Request ID: dd9025bab4ad464b049177c95eb6ebf374d3b3fd1af9251148b658df7ac2e3e8; Proxy: null), S3 Extended Request ID: dd9025bab4ad464b049177c95eb6ebf374d3b3fd1af9251148b658df7ac2e3e8:404 Not Found
[2025-11-18T22:27:59.675+0000] {subprocess.py:93} INFO - 	at org.apache.hadoop.fs.s3a.S3AUtils.translateException(S3AUtils.java:266)
[2025-11-18T22:27:59.675+0000] {subprocess.py:93} INFO - 	at org.apache.hadoop.fs.s3a.Invoker.once(Invoker.java:119)
[2025-11-18T22:27:59.675+0000] {subprocess.py:93} INFO - 	at org.apache.hadoop.fs.s3a.S3AFileSystem.copyFile(S3AFileSystem.java:4284)
[2025-11-18T22:27:59.675+0000] {subprocess.py:93} INFO - 	... 11 more
[2025-11-18T22:27:59.675+0000] {subprocess.py:93} INFO - Caused by: com.amazonaws.services.s3.model.AmazonS3Exception: Not Found (Service: Amazon S3; Status Code: 404; Error Code: 404 Not Found; Request ID: 18793A582CF74004; S3 Extended Request ID: dd9025bab4ad464b049177c95eb6ebf374d3b3fd1af9251148b658df7ac2e3e8; Proxy: null), S3 Extended Request ID: dd9025bab4ad464b049177c95eb6ebf374d3b3fd1af9251148b658df7ac2e3e8
[2025-11-18T22:27:59.675+0000] {subprocess.py:93} INFO - 	at com.amazonaws.http.AmazonHttpClient$RequestExecutor.handleErrorResponse(AmazonHttpClient.java:1879)
[2025-11-18T22:27:59.676+0000] {subprocess.py:93} INFO - 	at com.amazonaws.http.AmazonHttpClient$RequestExecutor.handleServiceErrorResponse(AmazonHttpClient.java:1418)
[2025-11-18T22:27:59.676+0000] {subprocess.py:93} INFO - 	at com.amazonaws.http.AmazonHttpClient$RequestExecutor.executeOneRequest(AmazonHttpClient.java:1387)
[2025-11-18T22:27:59.676+0000] {subprocess.py:93} INFO - 	at com.amazonaws.http.AmazonHttpClient$RequestExecutor.executeHelper(AmazonHttpClient.java:1157)
[2025-11-18T22:27:59.676+0000] {subprocess.py:93} INFO - 	at com.amazonaws.http.AmazonHttpClient$RequestExecutor.doExecute(AmazonHttpClient.java:814)
[2025-11-18T22:27:59.677+0000] {subprocess.py:93} INFO - 	at com.amazonaws.http.AmazonHttpClient$RequestExecutor.executeWithTimer(AmazonHttpClient.java:781)
[2025-11-18T22:27:59.677+0000] {subprocess.py:93} INFO - 	at com.amazonaws.http.AmazonHttpClient$RequestExecutor.execute(AmazonHttpClient.java:755)
[2025-11-18T22:27:59.677+0000] {subprocess.py:93} INFO - 	at com.amazonaws.http.AmazonHttpClient$RequestExecutor.access$500(AmazonHttpClient.java:715)
[2025-11-18T22:27:59.677+0000] {subprocess.py:93} INFO - 	at com.amazonaws.http.AmazonHttpClient$RequestExecutionBuilderImpl.execute(AmazonHttpClient.java:697)
[2025-11-18T22:27:59.678+0000] {subprocess.py:93} INFO - 	at com.amazonaws.http.AmazonHttpClient.execute(AmazonHttpClient.java:561)
[2025-11-18T22:27:59.678+0000] {subprocess.py:93} INFO - 	at com.amazonaws.http.AmazonHttpClient.execute(AmazonHttpClient.java:541)
[2025-11-18T22:27:59.678+0000] {subprocess.py:93} INFO - 	at com.amazonaws.services.s3.AmazonS3Client.invoke(AmazonS3Client.java:5456)
[2025-11-18T22:27:59.679+0000] {subprocess.py:93} INFO - 	at com.amazonaws.services.s3.AmazonS3Client.invoke(AmazonS3Client.java:5403)
[2025-11-18T22:27:59.679+0000] {subprocess.py:93} INFO - 	at com.amazonaws.services.s3.AmazonS3Client.getObjectMetadata(AmazonS3Client.java:1372)
[2025-11-18T22:27:59.679+0000] {subprocess.py:93} INFO - 	at org.apache.hadoop.fs.s3a.S3AFileSystem.lambda$getObjectMetadata$10(S3AFileSystem.java:2545)
[2025-11-18T22:27:59.680+0000] {subprocess.py:93} INFO - 	at org.apache.hadoop.fs.s3a.Invoker.retryUntranslated(Invoker.java:414)
[2025-11-18T22:27:59.680+0000] {subprocess.py:93} INFO - 	at org.apache.hadoop.fs.s3a.Invoker.retryUntranslated(Invoker.java:377)
[2025-11-18T22:27:59.680+0000] {subprocess.py:93} INFO - 	at org.apache.hadoop.fs.s3a.S3AFileSystem.getObjectMetadata(S3AFileSystem.java:2533)
[2025-11-18T22:27:59.680+0000] {subprocess.py:93} INFO - 	at org.apache.hadoop.fs.s3a.S3AFileSystem.lambda$copyFile$28(S3AFileSystem.java:4286)
[2025-11-18T22:27:59.681+0000] {subprocess.py:93} INFO - 	at org.apache.hadoop.fs.s3a.Invoker.once(Invoker.java:117)
[2025-11-18T22:27:59.681+0000] {subprocess.py:93} INFO - 	... 12 more
[2025-11-18T22:27:59.681+0000] {subprocess.py:93} INFO - 
[2025-11-18T22:27:59.681+0000] {subprocess.py:93} INFO - Driver stacktrace:
[2025-11-18T22:27:59.682+0000] {subprocess.py:93} INFO - 	at org.apache.spark.scheduler.DAGScheduler.failJobAndIndependentStages(DAGScheduler.scala:2856)
[2025-11-18T22:27:59.682+0000] {subprocess.py:93} INFO - 	at org.apache.spark.scheduler.DAGScheduler.$anonfun$abortStage$2(DAGScheduler.scala:2792)
[2025-11-18T22:27:59.683+0000] {subprocess.py:93} INFO - 	at org.apache.spark.scheduler.DAGScheduler.$anonfun$abortStage$2$adapted(DAGScheduler.scala:2791)
[2025-11-18T22:27:59.684+0000] {subprocess.py:93} INFO - 	at scala.collection.mutable.ResizableArray.foreach(ResizableArray.scala:62)
[2025-11-18T22:27:59.684+0000] {subprocess.py:93} INFO - 	at scala.collection.mutable.ResizableArray.foreach$(ResizableArray.scala:55)
[2025-11-18T22:27:59.684+0000] {subprocess.py:93} INFO - 	at scala.collection.mutable.ArrayBuffer.foreach(ArrayBuffer.scala:49)
[2025-11-18T22:27:59.685+0000] {subprocess.py:93} INFO - 	at org.apache.spark.scheduler.DAGScheduler.abortStage(DAGScheduler.scala:2791)
[2025-11-18T22:27:59.685+0000] {subprocess.py:93} INFO - 	at org.apache.spark.scheduler.DAGScheduler.$anonfun$handleTaskSetFailed$1(DAGScheduler.scala:1247)
[2025-11-18T22:27:59.685+0000] {subprocess.py:93} INFO - 	at org.apache.spark.scheduler.DAGScheduler.$anonfun$handleTaskSetFailed$1$adapted(DAGScheduler.scala:1247)
[2025-11-18T22:27:59.686+0000] {subprocess.py:93} INFO - 	at scala.Option.foreach(Option.scala:407)
[2025-11-18T22:27:59.687+0000] {subprocess.py:93} INFO - 	at org.apache.spark.scheduler.DAGScheduler.handleTaskSetFailed(DAGScheduler.scala:1247)
[2025-11-18T22:27:59.687+0000] {subprocess.py:93} INFO - 	at org.apache.spark.scheduler.DAGSchedulerEventProcessLoop.doOnReceive(DAGScheduler.scala:3060)
[2025-11-18T22:27:59.687+0000] {subprocess.py:93} INFO - 	at org.apache.spark.scheduler.DAGSchedulerEventProcessLoop.onReceive(DAGScheduler.scala:2994)
[2025-11-18T22:27:59.688+0000] {subprocess.py:93} INFO - 	at org.apache.spark.scheduler.DAGSchedulerEventProcessLoop.onReceive(DAGScheduler.scala:2983)
[2025-11-18T22:27:59.688+0000] {subprocess.py:93} INFO - 	at org.apache.spark.util.EventLoop$$anon$1.run(EventLoop.scala:49)
[2025-11-18T22:27:59.688+0000] {subprocess.py:93} INFO - 	at org.apache.spark.scheduler.DAGScheduler.runJob(DAGScheduler.scala:989)
[2025-11-18T22:27:59.689+0000] {subprocess.py:93} INFO - 	at org.apache.spark.SparkContext.runJob(SparkContext.scala:2398)
[2025-11-18T22:27:59.689+0000] {subprocess.py:93} INFO - 	at org.apache.spark.sql.execution.datasources.FileFormatWriter$.$anonfun$executeWrite$4(FileFormatWriter.scala:307)
[2025-11-18T22:27:59.689+0000] {subprocess.py:93} INFO - 	at org.apache.spark.sql.execution.datasources.FileFormatWriter$.writeAndCommit(FileFormatWriter.scala:271)
[2025-11-18T22:27:59.690+0000] {subprocess.py:93} INFO - 	at org.apache.spark.sql.execution.datasources.FileFormatWriter$.executeWrite(FileFormatWriter.scala:304)
[2025-11-18T22:27:59.690+0000] {subprocess.py:93} INFO - 	at org.apache.spark.sql.execution.datasources.FileFormatWriter$.write(FileFormatWriter.scala:190)
[2025-11-18T22:27:59.690+0000] {subprocess.py:93} INFO - 	at org.apache.spark.sql.execution.datasources.InsertIntoHadoopFsRelationCommand.run(InsertIntoHadoopFsRelationCommand.scala:190)
[2025-11-18T22:27:59.691+0000] {subprocess.py:93} INFO - 	at org.apache.spark.sql.execution.command.DataWritingCommandExec.sideEffectResult$lzycompute(commands.scala:113)
[2025-11-18T22:27:59.691+0000] {subprocess.py:93} INFO - 	at org.apache.spark.sql.execution.command.DataWritingCommandExec.sideEffectResult(commands.scala:111)
[2025-11-18T22:27:59.691+0000] {subprocess.py:93} INFO - 	at org.apache.spark.sql.execution.command.DataWritingCommandExec.executeCollect(commands.scala:125)
[2025-11-18T22:27:59.692+0000] {subprocess.py:93} INFO - 	at org.apache.spark.sql.execution.adaptive.AdaptiveSparkPlanExec.$anonfun$executeCollect$1(AdaptiveSparkPlanExec.scala:390)
[2025-11-18T22:27:59.692+0000] {subprocess.py:93} INFO - 	at org.apache.spark.sql.execution.adaptive.AdaptiveSparkPlanExec.withFinalPlanUpdate(AdaptiveSparkPlanExec.scala:418)
[2025-11-18T22:27:59.692+0000] {subprocess.py:93} INFO - 	at org.apache.spark.sql.execution.adaptive.AdaptiveSparkPlanExec.executeCollect(AdaptiveSparkPlanExec.scala:390)
[2025-11-18T22:27:59.693+0000] {subprocess.py:93} INFO - 	at org.apache.spark.sql.execution.QueryExecution$$anonfun$eagerlyExecuteCommands$1.$anonfun$applyOrElse$1(QueryExecution.scala:107)
[2025-11-18T22:27:59.693+0000] {subprocess.py:93} INFO - 	at org.apache.spark.sql.execution.SQLExecution$.$anonfun$withNewExecutionId$6(SQLExecution.scala:125)
[2025-11-18T22:27:59.693+0000] {subprocess.py:93} INFO - 	at org.apache.spark.sql.execution.SQLExecution$.withSQLConfPropagated(SQLExecution.scala:201)
[2025-11-18T22:27:59.694+0000] {subprocess.py:93} INFO - 	at org.apache.spark.sql.execution.SQLExecution$.$anonfun$withNewExecutionId$1(SQLExecution.scala:108)
[2025-11-18T22:27:59.694+0000] {subprocess.py:93} INFO - 	at org.apache.spark.sql.SparkSession.withActive(SparkSession.scala:900)
[2025-11-18T22:27:59.695+0000] {subprocess.py:93} INFO - 	at org.apache.spark.sql.execution.SQLExecution$.withNewExecutionId(SQLExecution.scala:66)
[2025-11-18T22:27:59.695+0000] {subprocess.py:93} INFO - 	at org.apache.spark.sql.execution.QueryExecution$$anonfun$eagerlyExecuteCommands$1.applyOrElse(QueryExecution.scala:107)
[2025-11-18T22:27:59.695+0000] {subprocess.py:93} INFO - 	at org.apache.spark.sql.execution.QueryExecution$$anonfun$eagerlyExecuteCommands$1.applyOrElse(QueryExecution.scala:98)
[2025-11-18T22:27:59.696+0000] {subprocess.py:93} INFO - 	at org.apache.spark.sql.catalyst.trees.TreeNode.$anonfun$transformDownWithPruning$1(TreeNode.scala:461)
[2025-11-18T22:27:59.696+0000] {subprocess.py:93} INFO - 	at org.apache.spark.sql.catalyst.trees.CurrentOrigin$.withOrigin(origin.scala:76)
[2025-11-18T22:27:59.696+0000] {subprocess.py:93} INFO - 	at org.apache.spark.sql.catalyst.trees.TreeNode.transformDownWithPruning(TreeNode.scala:461)
[2025-11-18T22:27:59.697+0000] {subprocess.py:93} INFO - 	at org.apache.spark.sql.catalyst.plans.logical.LogicalPlan.org$apache$spark$sql$catalyst$plans$logical$AnalysisHelper$$super$transformDownWithPruning(LogicalPlan.scala:32)
[2025-11-18T22:27:59.697+0000] {subprocess.py:93} INFO - 	at org.apache.spark.sql.catalyst.plans.logical.AnalysisHelper.transformDownWithPruning(AnalysisHelper.scala:267)
[2025-11-18T22:27:59.698+0000] {subprocess.py:93} INFO - 	at org.apache.spark.sql.catalyst.plans.logical.AnalysisHelper.transformDownWithPruning$(AnalysisHelper.scala:263)
[2025-11-18T22:27:59.698+0000] {subprocess.py:93} INFO - 	at org.apache.spark.sql.catalyst.plans.logical.LogicalPlan.transformDownWithPruning(LogicalPlan.scala:32)
[2025-11-18T22:27:59.698+0000] {subprocess.py:93} INFO - 	at org.apache.spark.sql.catalyst.plans.logical.LogicalPlan.transformDownWithPruning(LogicalPlan.scala:32)
[2025-11-18T22:27:59.698+0000] {subprocess.py:93} INFO - 	at org.apache.spark.sql.catalyst.trees.TreeNode.transformDown(TreeNode.scala:437)
[2025-11-18T22:27:59.698+0000] {subprocess.py:93} INFO - 	at org.apache.spark.sql.execution.QueryExecution.eagerlyExecuteCommands(QueryExecution.scala:98)
[2025-11-18T22:27:59.698+0000] {subprocess.py:93} INFO - 	at org.apache.spark.sql.execution.QueryExecution.commandExecuted$lzycompute(QueryExecution.scala:85)
[2025-11-18T22:27:59.699+0000] {subprocess.py:93} INFO - 	at org.apache.spark.sql.execution.QueryExecution.commandExecuted(QueryExecution.scala:83)
[2025-11-18T22:27:59.699+0000] {subprocess.py:93} INFO - 	at org.apache.spark.sql.execution.QueryExecution.assertCommandExecuted(QueryExecution.scala:142)
[2025-11-18T22:27:59.699+0000] {subprocess.py:93} INFO - 	at org.apache.spark.sql.DataFrameWriter.runCommand(DataFrameWriter.scala:859)
[2025-11-18T22:27:59.699+0000] {subprocess.py:93} INFO - 	at org.apache.spark.sql.DataFrameWriter.saveToV1Source(DataFrameWriter.scala:388)
[2025-11-18T22:27:59.699+0000] {subprocess.py:93} INFO - 	at org.apache.spark.sql.DataFrameWriter.saveInternal(DataFrameWriter.scala:361)
[2025-11-18T22:27:59.700+0000] {subprocess.py:93} INFO - 	at org.apache.spark.sql.DataFrameWriter.save(DataFrameWriter.scala:240)
[2025-11-18T22:27:59.700+0000] {subprocess.py:93} INFO - 	at org.apache.spark.sql.DataFrameWriter.parquet(DataFrameWriter.scala:792)
[2025-11-18T22:27:59.700+0000] {subprocess.py:93} INFO - 	at java.base/jdk.internal.reflect.NativeMethodAccessorImpl.invoke0(Native Method)
[2025-11-18T22:27:59.701+0000] {subprocess.py:93} INFO - 	at java.base/jdk.internal.reflect.NativeMethodAccessorImpl.invoke(NativeMethodAccessorImpl.java:77)
[2025-11-18T22:27:59.701+0000] {subprocess.py:93} INFO - 	at java.base/jdk.internal.reflect.DelegatingMethodAccessorImpl.invoke(DelegatingMethodAccessorImpl.java:43)
[2025-11-18T22:27:59.701+0000] {subprocess.py:93} INFO - 	at java.base/java.lang.reflect.Method.invoke(Method.java:569)
[2025-11-18T22:27:59.701+0000] {subprocess.py:93} INFO - 	at py4j.reflection.MethodInvoker.invoke(MethodInvoker.java:244)
[2025-11-18T22:27:59.701+0000] {subprocess.py:93} INFO - 	at py4j.reflection.ReflectionEngine.invoke(ReflectionEngine.java:374)
[2025-11-18T22:27:59.702+0000] {subprocess.py:93} INFO - 	at py4j.Gateway.invoke(Gateway.java:282)
[2025-11-18T22:27:59.702+0000] {subprocess.py:93} INFO - 	at py4j.commands.AbstractCommand.invokeMethod(AbstractCommand.java:132)
[2025-11-18T22:27:59.702+0000] {subprocess.py:93} INFO - 	at py4j.commands.CallCommand.execute(CallCommand.java:79)
[2025-11-18T22:27:59.702+0000] {subprocess.py:93} INFO - 	at py4j.ClientServerConnection.waitForCommands(ClientServerConnection.java:182)
[2025-11-18T22:27:59.702+0000] {subprocess.py:93} INFO - 	at py4j.ClientServerConnection.run(ClientServerConnection.java:106)
[2025-11-18T22:27:59.702+0000] {subprocess.py:93} INFO - 	at java.base/java.lang.Thread.run(Thread.java:840)
[2025-11-18T22:27:59.703+0000] {subprocess.py:93} INFO - Caused by: org.apache.spark.SparkException: [TASK_WRITE_FAILED] Task failed while writing rows to s3a://gold-strava-activities-labels-delta/fact_user_activities_labels.
[2025-11-18T22:27:59.703+0000] {subprocess.py:93} INFO - 	at org.apache.spark.sql.errors.QueryExecutionErrors$.taskFailedWhileWritingRowsError(QueryExecutionErrors.scala:774)
[2025-11-18T22:27:59.703+0000] {subprocess.py:93} INFO - 	at org.apache.spark.sql.execution.datasources.FileFormatWriter$.executeTask(FileFormatWriter.scala:420)
[2025-11-18T22:27:59.704+0000] {subprocess.py:93} INFO - 	at org.apache.spark.sql.execution.datasources.WriteFilesExec.$anonfun$doExecuteWrite$1(WriteFiles.scala:100)
[2025-11-18T22:27:59.704+0000] {subprocess.py:93} INFO - 	at org.apache.spark.rdd.RDD.$anonfun$mapPartitionsInternal$2(RDD.scala:893)
[2025-11-18T22:27:59.704+0000] {subprocess.py:93} INFO - 	at org.apache.spark.rdd.RDD.$anonfun$mapPartitionsInternal$2$adapted(RDD.scala:893)
[2025-11-18T22:27:59.704+0000] {subprocess.py:93} INFO - 	at org.apache.spark.rdd.MapPartitionsRDD.compute(MapPartitionsRDD.scala:52)
[2025-11-18T22:27:59.705+0000] {subprocess.py:93} INFO - 	at org.apache.spark.rdd.RDD.computeOrReadCheckpoint(RDD.scala:367)
[2025-11-18T22:27:59.705+0000] {subprocess.py:93} INFO - 	at org.apache.spark.rdd.RDD.iterator(RDD.scala:331)
[2025-11-18T22:27:59.705+0000] {subprocess.py:93} INFO - 	at org.apache.spark.scheduler.ResultTask.runTask(ResultTask.scala:93)
[2025-11-18T22:27:59.705+0000] {subprocess.py:93} INFO - 	at org.apache.spark.TaskContext.runTaskWithListeners(TaskContext.scala:166)
[2025-11-18T22:27:59.706+0000] {subprocess.py:93} INFO - 	at org.apache.spark.scheduler.Task.run(Task.scala:141)
[2025-11-18T22:27:59.706+0000] {subprocess.py:93} INFO - 	at org.apache.spark.executor.Executor$TaskRunner.$anonfun$run$4(Executor.scala:620)
[2025-11-18T22:27:59.706+0000] {subprocess.py:93} INFO - 	at org.apache.spark.util.SparkErrorUtils.tryWithSafeFinally(SparkErrorUtils.scala:64)
[2025-11-18T22:27:59.706+0000] {subprocess.py:93} INFO - 	at org.apache.spark.util.SparkErrorUtils.tryWithSafeFinally$(SparkErrorUtils.scala:61)
[2025-11-18T22:27:59.706+0000] {subprocess.py:93} INFO - 	at org.apache.spark.util.Utils$.tryWithSafeFinally(Utils.scala:94)
[2025-11-18T22:27:59.706+0000] {subprocess.py:93} INFO - 	at org.apache.spark.executor.Executor$TaskRunner.run(Executor.scala:623)
[2025-11-18T22:27:59.706+0000] {subprocess.py:93} INFO - 	at java.base/java.util.concurrent.ThreadPoolExecutor.runWorker(ThreadPoolExecutor.java:1136)
[2025-11-18T22:27:59.707+0000] {subprocess.py:93} INFO - 	at java.base/java.util.concurrent.ThreadPoolExecutor$Worker.run(ThreadPoolExecutor.java:635)
[2025-11-18T22:27:59.707+0000] {subprocess.py:93} INFO - 	... 1 more
[2025-11-18T22:27:59.707+0000] {subprocess.py:93} INFO - Caused by: org.apache.hadoop.fs.s3a.RemoteFileChangedException: copyFile(fact_user_activities_labels/_temporary/0/_temporary/attempt_202511182227568012574343533228553_0008_m_000000_59/year=2021/month=10/part-00000-d918f539-44c6-44ff-bc00-70807f940037.c000.snappy.parquet, fact_user_activities_labels/_temporary/0/task_202511182227568012574343533228553_0008_m_000000/year=2021/month=10/part-00000-d918f539-44c6-44ff-bc00-70807f940037.c000.snappy.parquet) `s3a://gold-strava-activities-labels-delta/fact_user_activities_labels/_temporary/0/_temporary/attempt_202511182227568012574343533228553_0008_m_000000_59/year=2021/month=10/part-00000-d918f539-44c6-44ff-bc00-70807f940037.c000.snappy.parquet': File to rename not found on unguarded S3 store: copyFile(fact_user_activities_labels/_temporary/0/_temporary/attempt_202511182227568012574343533228553_0008_m_000000_59/year=2021/month=10/part-00000-d918f539-44c6-44ff-bc00-70807f940037.c000.snappy.parquet, fact_user_activities_labels/_temporary/0/task_202511182227568012574343533228553_0008_m_000000/year=2021/month=10/part-00000-d918f539-44c6-44ff-bc00-70807f940037.c000.snappy.parquet) on fact_user_activities_labels/_temporary/0/_temporary/attempt_202511182227568012574343533228553_0008_m_000000_59/year=2021/month=10/part-00000-d918f539-44c6-44ff-bc00-70807f940037.c000.snappy.parquet: com.amazonaws.services.s3.model.AmazonS3Exception: Not Found (Service: Amazon S3; Status Code: 404; Error Code: 404 Not Found; Request ID: 18793A582CF74004; S3 Extended Request ID: dd9025bab4ad464b049177c95eb6ebf374d3b3fd1af9251148b658df7ac2e3e8; Proxy: null), S3 Extended Request ID: dd9025bab4ad464b049177c95eb6ebf374d3b3fd1af9251148b658df7ac2e3e8:404 Not Found
[2025-11-18T22:27:59.707+0000] {subprocess.py:93} INFO - 	at org.apache.hadoop.fs.s3a.S3AFileSystem.copyFile(S3AFileSystem.java:4302)
[2025-11-18T22:27:59.708+0000] {subprocess.py:93} INFO - 	at org.apache.hadoop.fs.s3a.S3AFileSystem.access$1200(S3AFileSystem.java:259)
[2025-11-18T22:27:59.708+0000] {subprocess.py:93} INFO - 	at org.apache.hadoop.fs.s3a.S3AFileSystem$OperationCallbacksImpl.copyFile(S3AFileSystem.java:2084)
[2025-11-18T22:27:59.708+0000] {subprocess.py:93} INFO - 	at org.apache.hadoop.fs.s3a.impl.RenameOperation.copySourceAndUpdateTracker(RenameOperation.java:638)
[2025-11-18T22:27:59.708+0000] {subprocess.py:93} INFO - 	at org.apache.hadoop.fs.s3a.impl.RenameOperation.lambda$initiateCopy$1(RenameOperation.java:602)
[2025-11-18T22:27:59.708+0000] {subprocess.py:93} INFO - 	at org.apache.hadoop.fs.store.audit.AuditingFunctions.lambda$callableWithinAuditSpan$3(AuditingFunctions.java:117)
[2025-11-18T22:27:59.709+0000] {subprocess.py:93} INFO - 	at org.apache.hadoop.fs.s3a.impl.CallableSupplier.get(CallableSupplier.java:87)
[2025-11-18T22:27:59.709+0000] {subprocess.py:93} INFO - 	at java.base/java.util.concurrent.CompletableFuture$AsyncSupply.run(CompletableFuture.java:1768)
[2025-11-18T22:27:59.709+0000] {subprocess.py:93} INFO - 	at org.apache.hadoop.util.SemaphoredDelegatingExecutor$RunnableWithPermitRelease.run(SemaphoredDelegatingExecutor.java:196)
[2025-11-18T22:27:59.709+0000] {subprocess.py:93} INFO - 	... 3 more
[2025-11-18T22:27:59.710+0000] {subprocess.py:93} INFO - Caused by: java.io.FileNotFoundException: copyFile(fact_user_activities_labels/_temporary/0/_temporary/attempt_202511182227568012574343533228553_0008_m_000000_59/year=2021/month=10/part-00000-d918f539-44c6-44ff-bc00-70807f940037.c000.snappy.parquet, fact_user_activities_labels/_temporary/0/task_202511182227568012574343533228553_0008_m_000000/year=2021/month=10/part-00000-d918f539-44c6-44ff-bc00-70807f940037.c000.snappy.parquet) on fact_user_activities_labels/_temporary/0/_temporary/attempt_202511182227568012574343533228553_0008_m_000000_59/year=2021/month=10/part-00000-d918f539-44c6-44ff-bc00-70807f940037.c000.snappy.parquet: com.amazonaws.services.s3.model.AmazonS3Exception: Not Found (Service: Amazon S3; Status Code: 404; Error Code: 404 Not Found; Request ID: 18793A582CF74004; S3 Extended Request ID: dd9025bab4ad464b049177c95eb6ebf374d3b3fd1af9251148b658df7ac2e3e8; Proxy: null), S3 Extended Request ID: dd9025bab4ad464b049177c95eb6ebf374d3b3fd1af9251148b658df7ac2e3e8:404 Not Found
[2025-11-18T22:27:59.710+0000] {subprocess.py:93} INFO - 	at org.apache.hadoop.fs.s3a.S3AUtils.translateException(S3AUtils.java:266)
[2025-11-18T22:27:59.710+0000] {subprocess.py:93} INFO - 	at org.apache.hadoop.fs.s3a.Invoker.once(Invoker.java:119)
[2025-11-18T22:27:59.711+0000] {subprocess.py:93} INFO - 	at org.apache.hadoop.fs.s3a.S3AFileSystem.copyFile(S3AFileSystem.java:4284)
[2025-11-18T22:27:59.711+0000] {subprocess.py:93} INFO - 	... 11 more
[2025-11-18T22:27:59.711+0000] {subprocess.py:93} INFO - Caused by: com.amazonaws.services.s3.model.AmazonS3Exception: Not Found (Service: Amazon S3; Status Code: 404; Error Code: 404 Not Found; Request ID: 18793A582CF74004; S3 Extended Request ID: dd9025bab4ad464b049177c95eb6ebf374d3b3fd1af9251148b658df7ac2e3e8; Proxy: null), S3 Extended Request ID: dd9025bab4ad464b049177c95eb6ebf374d3b3fd1af9251148b658df7ac2e3e8
[2025-11-18T22:27:59.712+0000] {subprocess.py:93} INFO - 	at com.amazonaws.http.AmazonHttpClient$RequestExecutor.handleErrorResponse(AmazonHttpClient.java:1879)
[2025-11-18T22:27:59.712+0000] {subprocess.py:93} INFO - 	at com.amazonaws.http.AmazonHttpClient$RequestExecutor.handleServiceErrorResponse(AmazonHttpClient.java:1418)
[2025-11-18T22:27:59.712+0000] {subprocess.py:93} INFO - 	at com.amazonaws.http.AmazonHttpClient$RequestExecutor.executeOneRequest(AmazonHttpClient.java:1387)
[2025-11-18T22:27:59.712+0000] {subprocess.py:93} INFO - 	at com.amazonaws.http.AmazonHttpClient$RequestExecutor.executeHelper(AmazonHttpClient.java:1157)
[2025-11-18T22:27:59.713+0000] {subprocess.py:93} INFO - 	at com.amazonaws.http.AmazonHttpClient$RequestExecutor.doExecute(AmazonHttpClient.java:814)
[2025-11-18T22:27:59.713+0000] {subprocess.py:93} INFO - 	at com.amazonaws.http.AmazonHttpClient$RequestExecutor.executeWithTimer(AmazonHttpClient.java:781)
[2025-11-18T22:27:59.713+0000] {subprocess.py:93} INFO - 	at com.amazonaws.http.AmazonHttpClient$RequestExecutor.execute(AmazonHttpClient.java:755)
[2025-11-18T22:27:59.713+0000] {subprocess.py:93} INFO - 	at com.amazonaws.http.AmazonHttpClient$RequestExecutor.access$500(AmazonHttpClient.java:715)
[2025-11-18T22:27:59.713+0000] {subprocess.py:93} INFO - 	at com.amazonaws.http.AmazonHttpClient$RequestExecutionBuilderImpl.execute(AmazonHttpClient.java:697)
[2025-11-18T22:27:59.714+0000] {subprocess.py:93} INFO - 	at com.amazonaws.http.AmazonHttpClient.execute(AmazonHttpClient.java:561)
[2025-11-18T22:27:59.714+0000] {subprocess.py:93} INFO - 	at com.amazonaws.http.AmazonHttpClient.execute(AmazonHttpClient.java:541)
[2025-11-18T22:27:59.714+0000] {subprocess.py:93} INFO - 	at com.amazonaws.services.s3.AmazonS3Client.invoke(AmazonS3Client.java:5456)
[2025-11-18T22:27:59.714+0000] {subprocess.py:93} INFO - 	at com.amazonaws.services.s3.AmazonS3Client.invoke(AmazonS3Client.java:5403)
[2025-11-18T22:27:59.715+0000] {subprocess.py:93} INFO - 	at com.amazonaws.services.s3.AmazonS3Client.getObjectMetadata(AmazonS3Client.java:1372)
[2025-11-18T22:27:59.715+0000] {subprocess.py:93} INFO - 	at org.apache.hadoop.fs.s3a.S3AFileSystem.lambda$getObjectMetadata$10(S3AFileSystem.java:2545)
[2025-11-18T22:27:59.715+0000] {subprocess.py:93} INFO - 	at org.apache.hadoop.fs.s3a.Invoker.retryUntranslated(Invoker.java:414)
[2025-11-18T22:27:59.715+0000] {subprocess.py:93} INFO - 	at org.apache.hadoop.fs.s3a.Invoker.retryUntranslated(Invoker.java:377)
[2025-11-18T22:27:59.715+0000] {subprocess.py:93} INFO - 	at org.apache.hadoop.fs.s3a.S3AFileSystem.getObjectMetadata(S3AFileSystem.java:2533)
[2025-11-18T22:27:59.716+0000] {subprocess.py:93} INFO - 	at org.apache.hadoop.fs.s3a.S3AFileSystem.lambda$copyFile$28(S3AFileSystem.java:4286)
[2025-11-18T22:27:59.716+0000] {subprocess.py:93} INFO - 	at org.apache.hadoop.fs.s3a.Invoker.once(Invoker.java:117)
[2025-11-18T22:27:59.716+0000] {subprocess.py:93} INFO - 	... 12 more
[2025-11-18T22:27:59.832+0000] {subprocess.py:93} INFO - Usando o arquivo de variaveis em: /opt/***/apps/.env
[2025-11-18T22:27:59.833+0000] {subprocess.py:93} INFO - Schema da GOLD (antes de escrever em Delta):
[2025-11-18T22:27:59.833+0000] {subprocess.py:93} INFO - root
[2025-11-18T22:27:59.833+0000] {subprocess.py:93} INFO -  |-- activity_id: long (nullable = true)
[2025-11-18T22:27:59.834+0000] {subprocess.py:93} INFO -  |-- hash_id: string (nullable = true)
[2025-11-18T22:27:59.834+0000] {subprocess.py:93} INFO -  |-- timestamp: string (nullable = true)
[2025-11-18T22:27:59.834+0000] {subprocess.py:93} INFO -  |-- start_date: string (nullable = true)
[2025-11-18T22:27:59.835+0000] {subprocess.py:93} INFO -  |-- start_date_local: string (nullable = true)
[2025-11-18T22:27:59.835+0000] {subprocess.py:93} INFO -  |-- timezone: string (nullable = true)
[2025-11-18T22:27:59.835+0000] {subprocess.py:93} INFO -  |-- name: string (nullable = true)
[2025-11-18T22:27:59.835+0000] {subprocess.py:93} INFO -  |-- sport_type: string (nullable = true)
[2025-11-18T22:27:59.835+0000] {subprocess.py:93} INFO -  |-- type: string (nullable = true)
[2025-11-18T22:27:59.835+0000] {subprocess.py:93} INFO -  |-- workout_type: double (nullable = true)
[2025-11-18T22:27:59.835+0000] {subprocess.py:93} INFO -  |-- distance: double (nullable = true)
[2025-11-18T22:27:59.836+0000] {subprocess.py:93} INFO -  |-- elapsed_time: long (nullable = true)
[2025-11-18T22:27:59.836+0000] {subprocess.py:93} INFO -  |-- moving_time: long (nullable = true)
[2025-11-18T22:27:59.836+0000] {subprocess.py:93} INFO -  |-- average_speed: double (nullable = true)
[2025-11-18T22:27:59.836+0000] {subprocess.py:93} INFO -  |-- max_speed: double (nullable = true)
[2025-11-18T22:27:59.836+0000] {subprocess.py:93} INFO -  |-- total_elevation_gain: double (nullable = true)
[2025-11-18T22:27:59.836+0000] {subprocess.py:93} INFO -  |-- elev_high: double (nullable = true)
[2025-11-18T22:27:59.836+0000] {subprocess.py:93} INFO -  |-- elev_low: double (nullable = true)
[2025-11-18T22:27:59.837+0000] {subprocess.py:93} INFO -  |-- average_cadence: double (nullable = true)
[2025-11-18T22:27:59.837+0000] {subprocess.py:93} INFO -  |-- max_cadence: integer (nullable = true)
[2025-11-18T22:27:59.837+0000] {subprocess.py:93} INFO -  |-- average_watts: double (nullable = true)
[2025-11-18T22:27:59.837+0000] {subprocess.py:93} INFO -  |-- max_watts: double (nullable = true)
[2025-11-18T22:27:59.837+0000] {subprocess.py:93} INFO -  |-- weighted_average_watts: double (nullable = true)
[2025-11-18T22:27:59.837+0000] {subprocess.py:93} INFO -  |-- has_heartrate: boolean (nullable = true)
[2025-11-18T22:27:59.837+0000] {subprocess.py:93} INFO -  |-- average_heartrate: double (nullable = true)
[2025-11-18T22:27:59.837+0000] {subprocess.py:93} INFO -  |-- max_heartrate: double (nullable = true)
[2025-11-18T22:27:59.837+0000] {subprocess.py:93} INFO -  |-- suffer_score: double (nullable = true)
[2025-11-18T22:27:59.837+0000] {subprocess.py:93} INFO -  |-- trainer: boolean (nullable = true)
[2025-11-18T22:27:59.837+0000] {subprocess.py:93} INFO -  |-- commute: boolean (nullable = true)
[2025-11-18T22:27:59.837+0000] {subprocess.py:93} INFO -  |-- private: boolean (nullable = true)
[2025-11-18T22:27:59.838+0000] {subprocess.py:93} INFO -  |-- visibility: string (nullable = true)
[2025-11-18T22:27:59.838+0000] {subprocess.py:93} INFO -  |-- manual: boolean (nullable = true)
[2025-11-18T22:27:59.838+0000] {subprocess.py:93} INFO -  |-- kudos_count: long (nullable = true)
[2025-11-18T22:27:59.838+0000] {subprocess.py:93} INFO -  |-- athlete_id: long (nullable = true)
[2025-11-18T22:27:59.838+0000] {subprocess.py:93} INFO -  |-- map_id: string (nullable = true)
[2025-11-18T22:27:59.838+0000] {subprocess.py:93} INFO -  |-- start_date_local_dt: timestamp (nullable = true)
[2025-11-18T22:27:59.838+0000] {subprocess.py:93} INFO -  |-- ano: string (nullable = true)
[2025-11-18T22:27:59.838+0000] {subprocess.py:93} INFO -  |-- mes: string (nullable = true)
[2025-11-18T22:27:59.838+0000] {subprocess.py:93} INFO -  |-- hub_rank: integer (nullable = false)
[2025-11-18T22:27:59.838+0000] {subprocess.py:93} INFO -  |-- task_id: long (nullable = true)
[2025-11-18T22:27:59.838+0000] {subprocess.py:93} INFO -  |-- annotation_id: long (nullable = true)
[2025-11-18T22:27:59.838+0000] {subprocess.py:93} INFO -  |-- task_created_at: string (nullable = true)
[2025-11-18T22:27:59.838+0000] {subprocess.py:93} INFO -  |-- task_updated_at: string (nullable = true)
[2025-11-18T22:27:59.839+0000] {subprocess.py:93} INFO -  |-- annotation_created_at: string (nullable = true)
[2025-11-18T22:27:59.839+0000] {subprocess.py:93} INFO -  |-- annotation_updated_at: string (nullable = true)
[2025-11-18T22:27:59.839+0000] {subprocess.py:93} INFO -  |-- completed_by: long (nullable = true)
[2025-11-18T22:27:59.839+0000] {subprocess.py:93} INFO -  |-- was_cancelled: boolean (nullable = true)
[2025-11-18T22:27:59.839+0000] {subprocess.py:93} INFO -  |-- ground_truth: boolean (nullable = true)
[2025-11-18T22:27:59.839+0000] {subprocess.py:93} INFO -  |-- annotation_result: string (nullable = true)
[2025-11-18T22:27:59.839+0000] {subprocess.py:93} INFO -  |-- activity_date: date (nullable = true)
[2025-11-18T22:27:59.839+0000] {subprocess.py:93} INFO -  |-- year: integer (nullable = true)
[2025-11-18T22:27:59.840+0000] {subprocess.py:93} INFO -  |-- month: integer (nullable = true)
[2025-11-18T22:27:59.840+0000] {subprocess.py:93} INFO - 
[2025-11-18T22:27:59.840+0000] {subprocess.py:93} INFO - Escrevendo GOLD em Delta no MinIO em: s3a://gold-strava-activities-labels-delta/fact_user_activities_labels
[2025-11-18T22:27:59.840+0000] {subprocess.py:93} INFO - Traceback (most recent call last):
[2025-11-18T22:27:59.841+0000] {subprocess.py:93} INFO -   File "/opt/***/apps/03-gold/fact_user_activities_strava.py", line 120, in <module>
[2025-11-18T22:27:59.841+0000] {subprocess.py:93} INFO -     .parquet(GOLD_DELTA_PATH)
[2025-11-18T22:27:59.841+0000] {subprocess.py:93} INFO -      ^^^^^^^^^^^^^^^^^^^^^^^^
[2025-11-18T22:27:59.841+0000] {subprocess.py:93} INFO -   File "/home/***/.local/lib/python3.12/site-packages/pyspark/sql/readwriter.py", line 1721, in parquet
[2025-11-18T22:27:59.841+0000] {subprocess.py:93} INFO -     self._jwrite.parquet(path)
[2025-11-18T22:27:59.841+0000] {subprocess.py:93} INFO -   File "/home/***/.local/lib/python3.12/site-packages/py4j/java_gateway.py", line 1322, in __call__
[2025-11-18T22:27:59.841+0000] {subprocess.py:93} INFO -     return_value = get_return_value(
[2025-11-18T22:27:59.841+0000] {subprocess.py:93} INFO -                    ^^^^^^^^^^^^^^^^^
[2025-11-18T22:27:59.841+0000] {subprocess.py:93} INFO -   File "/home/***/.local/lib/python3.12/site-packages/pyspark/errors/exceptions/captured.py", line 179, in deco
[2025-11-18T22:27:59.841+0000] {subprocess.py:93} INFO -     return f(*a, **kw)
[2025-11-18T22:27:59.841+0000] {subprocess.py:93} INFO -            ^^^^^^^^^^^
[2025-11-18T22:27:59.842+0000] {subprocess.py:93} INFO -   File "/home/***/.local/lib/python3.12/site-packages/py4j/protocol.py", line 326, in get_return_value
[2025-11-18T22:27:59.842+0000] {subprocess.py:93} INFO -     raise Py4JJavaError(
[2025-11-18T22:27:59.880+0000] {subprocess.py:93} INFO - py4j.protocol.Py4JJavaError: An error occurred while calling o56.parquet.
[2025-11-18T22:27:59.881+0000] {subprocess.py:93} INFO - : org.apache.spark.SparkException: Job aborted due to stage failure: Task 0 in stage 8.0 failed 1 times, most recent failure: Lost task 0.0 in stage 8.0 (TID 59) (1f6ebb9bd530 executor driver): org.apache.spark.SparkException: [TASK_WRITE_FAILED] Task failed while writing rows to s3a://gold-strava-activities-labels-delta/fact_user_activities_labels.
[2025-11-18T22:27:59.881+0000] {subprocess.py:93} INFO - 	at org.apache.spark.sql.errors.QueryExecutionErrors$.taskFailedWhileWritingRowsError(QueryExecutionErrors.scala:774)
[2025-11-18T22:27:59.881+0000] {subprocess.py:93} INFO - 	at org.apache.spark.sql.execution.datasources.FileFormatWriter$.executeTask(FileFormatWriter.scala:420)
[2025-11-18T22:27:59.881+0000] {subprocess.py:93} INFO - 	at org.apache.spark.sql.execution.datasources.WriteFilesExec.$anonfun$doExecuteWrite$1(WriteFiles.scala:100)
[2025-11-18T22:27:59.881+0000] {subprocess.py:93} INFO - 	at org.apache.spark.rdd.RDD.$anonfun$mapPartitionsInternal$2(RDD.scala:893)
[2025-11-18T22:27:59.881+0000] {subprocess.py:93} INFO - 	at org.apache.spark.rdd.RDD.$anonfun$mapPartitionsInternal$2$adapted(RDD.scala:893)
[2025-11-18T22:27:59.881+0000] {subprocess.py:93} INFO - 	at org.apache.spark.rdd.MapPartitionsRDD.compute(MapPartitionsRDD.scala:52)
[2025-11-18T22:27:59.881+0000] {subprocess.py:93} INFO - 	at org.apache.spark.rdd.RDD.computeOrReadCheckpoint(RDD.scala:367)
[2025-11-18T22:27:59.882+0000] {subprocess.py:93} INFO - 	at org.apache.spark.rdd.RDD.iterator(RDD.scala:331)
[2025-11-18T22:27:59.882+0000] {subprocess.py:93} INFO - 	at org.apache.spark.scheduler.ResultTask.runTask(ResultTask.scala:93)
[2025-11-18T22:27:59.882+0000] {subprocess.py:93} INFO - 	at org.apache.spark.TaskContext.runTaskWithListeners(TaskContext.scala:166)
[2025-11-18T22:27:59.882+0000] {subprocess.py:93} INFO - 	at org.apache.spark.scheduler.Task.run(Task.scala:141)
[2025-11-18T22:27:59.882+0000] {subprocess.py:93} INFO - 	at org.apache.spark.executor.Executor$TaskRunner.$anonfun$run$4(Executor.scala:620)
[2025-11-18T22:27:59.882+0000] {subprocess.py:93} INFO - 	at org.apache.spark.util.SparkErrorUtils.tryWithSafeFinally(SparkErrorUtils.scala:64)
[2025-11-18T22:27:59.882+0000] {subprocess.py:93} INFO - 	at org.apache.spark.util.SparkErrorUtils.tryWithSafeFinally$(SparkErrorUtils.scala:61)
[2025-11-18T22:27:59.882+0000] {subprocess.py:93} INFO - 	at org.apache.spark.util.Utils$.tryWithSafeFinally(Utils.scala:94)
[2025-11-18T22:27:59.882+0000] {subprocess.py:93} INFO - 	at org.apache.spark.executor.Executor$TaskRunner.run(Executor.scala:623)
[2025-11-18T22:27:59.882+0000] {subprocess.py:93} INFO - 	at java.base/java.util.concurrent.ThreadPoolExecutor.runWorker(ThreadPoolExecutor.java:1136)
[2025-11-18T22:27:59.882+0000] {subprocess.py:93} INFO - 	at java.base/java.util.concurrent.ThreadPoolExecutor$Worker.run(ThreadPoolExecutor.java:635)
[2025-11-18T22:27:59.882+0000] {subprocess.py:93} INFO - 	at java.base/java.lang.Thread.run(Thread.java:840)
[2025-11-18T22:27:59.882+0000] {subprocess.py:93} INFO - Caused by: org.apache.hadoop.fs.s3a.RemoteFileChangedException: copyFile(fact_user_activities_labels/_temporary/0/_temporary/attempt_202511182227568012574343533228553_0008_m_000000_59/year=2021/month=10/part-00000-d918f539-44c6-44ff-bc00-70807f940037.c000.snappy.parquet, fact_user_activities_labels/_temporary/0/task_202511182227568012574343533228553_0008_m_000000/year=2021/month=10/part-00000-d918f539-44c6-44ff-bc00-70807f940037.c000.snappy.parquet) `s3a://gold-strava-activities-labels-delta/fact_user_activities_labels/_temporary/0/_temporary/attempt_202511182227568012574343533228553_0008_m_000000_59/year=2021/month=10/part-00000-d918f539-44c6-44ff-bc00-70807f940037.c000.snappy.parquet': File to rename not found on unguarded S3 store: copyFile(fact_user_activities_labels/_temporary/0/_temporary/attempt_202511182227568012574343533228553_0008_m_000000_59/year=2021/month=10/part-00000-d918f539-44c6-44ff-bc00-70807f940037.c000.snappy.parquet, fact_user_activities_labels/_temporary/0/task_202511182227568012574343533228553_0008_m_000000/year=2021/month=10/part-00000-d918f539-44c6-44ff-bc00-70807f940037.c000.snappy.parquet) on fact_user_activities_labels/_temporary/0/_temporary/attempt_202511182227568012574343533228553_0008_m_000000_59/year=2021/month=10/part-00000-d918f539-44c6-44ff-bc00-70807f940037.c000.snappy.parquet: com.amazonaws.services.s3.model.AmazonS3Exception: Not Found (Service: Amazon S3; Status Code: 404; Error Code: 404 Not Found; Request ID: 18793A582CF74004; S3 Extended Request ID: dd9025bab4ad464b049177c95eb6ebf374d3b3fd1af9251148b658df7ac2e3e8; Proxy: null), S3 Extended Request ID: dd9025bab4ad464b049177c95eb6ebf374d3b3fd1af9251148b658df7ac2e3e8:404 Not Found
[2025-11-18T22:27:59.883+0000] {subprocess.py:93} INFO - 	at org.apache.hadoop.fs.s3a.S3AFileSystem.copyFile(S3AFileSystem.java:4302)
[2025-11-18T22:27:59.883+0000] {subprocess.py:93} INFO - 	at org.apache.hadoop.fs.s3a.S3AFileSystem.access$1200(S3AFileSystem.java:259)
[2025-11-18T22:27:59.883+0000] {subprocess.py:93} INFO - 	at org.apache.hadoop.fs.s3a.S3AFileSystem$OperationCallbacksImpl.copyFile(S3AFileSystem.java:2084)
[2025-11-18T22:27:59.883+0000] {subprocess.py:93} INFO - 	at org.apache.hadoop.fs.s3a.impl.RenameOperation.copySourceAndUpdateTracker(RenameOperation.java:638)
[2025-11-18T22:27:59.883+0000] {subprocess.py:93} INFO - 	at org.apache.hadoop.fs.s3a.impl.RenameOperation.lambda$initiateCopy$1(RenameOperation.java:602)
[2025-11-18T22:27:59.883+0000] {subprocess.py:93} INFO - 	at org.apache.hadoop.fs.store.audit.AuditingFunctions.lambda$callableWithinAuditSpan$3(AuditingFunctions.java:117)
[2025-11-18T22:27:59.883+0000] {subprocess.py:93} INFO - 	at org.apache.hadoop.fs.s3a.impl.CallableSupplier.get(CallableSupplier.java:87)
[2025-11-18T22:27:59.883+0000] {subprocess.py:93} INFO - 	at java.base/java.util.concurrent.CompletableFuture$AsyncSupply.run(CompletableFuture.java:1768)
[2025-11-18T22:27:59.883+0000] {subprocess.py:93} INFO - 	at org.apache.hadoop.util.SemaphoredDelegatingExecutor$RunnableWithPermitRelease.run(SemaphoredDelegatingExecutor.java:196)
[2025-11-18T22:27:59.884+0000] {subprocess.py:93} INFO - 	... 3 more
[2025-11-18T22:27:59.884+0000] {subprocess.py:93} INFO - Caused by: java.io.FileNotFoundException: copyFile(fact_user_activities_labels/_temporary/0/_temporary/attempt_202511182227568012574343533228553_0008_m_000000_59/year=2021/month=10/part-00000-d918f539-44c6-44ff-bc00-70807f940037.c000.snappy.parquet, fact_user_activities_labels/_temporary/0/task_202511182227568012574343533228553_0008_m_000000/year=2021/month=10/part-00000-d918f539-44c6-44ff-bc00-70807f940037.c000.snappy.parquet) on fact_user_activities_labels/_temporary/0/_temporary/attempt_202511182227568012574343533228553_0008_m_000000_59/year=2021/month=10/part-00000-d918f539-44c6-44ff-bc00-70807f940037.c000.snappy.parquet: com.amazonaws.services.s3.model.AmazonS3Exception: Not Found (Service: Amazon S3; Status Code: 404; Error Code: 404 Not Found; Request ID: 18793A582CF74004; S3 Extended Request ID: dd9025bab4ad464b049177c95eb6ebf374d3b3fd1af9251148b658df7ac2e3e8; Proxy: null), S3 Extended Request ID: dd9025bab4ad464b049177c95eb6ebf374d3b3fd1af9251148b658df7ac2e3e8:404 Not Found
[2025-11-18T22:27:59.884+0000] {subprocess.py:93} INFO - 	at org.apache.hadoop.fs.s3a.S3AUtils.translateException(S3AUtils.java:266)
[2025-11-18T22:27:59.884+0000] {subprocess.py:93} INFO - 	at org.apache.hadoop.fs.s3a.Invoker.once(Invoker.java:119)
[2025-11-18T22:27:59.884+0000] {subprocess.py:93} INFO - 	at org.apache.hadoop.fs.s3a.S3AFileSystem.copyFile(S3AFileSystem.java:4284)
[2025-11-18T22:27:59.884+0000] {subprocess.py:93} INFO - 	... 11 more
[2025-11-18T22:27:59.884+0000] {subprocess.py:93} INFO - Caused by: com.amazonaws.services.s3.model.AmazonS3Exception: Not Found (Service: Amazon S3; Status Code: 404; Error Code: 404 Not Found; Request ID: 18793A582CF74004; S3 Extended Request ID: dd9025bab4ad464b049177c95eb6ebf374d3b3fd1af9251148b658df7ac2e3e8; Proxy: null), S3 Extended Request ID: dd9025bab4ad464b049177c95eb6ebf374d3b3fd1af9251148b658df7ac2e3e8
[2025-11-18T22:27:59.884+0000] {subprocess.py:93} INFO - 	at com.amazonaws.http.AmazonHttpClient$RequestExecutor.handleErrorResponse(AmazonHttpClient.java:1879)
[2025-11-18T22:27:59.884+0000] {subprocess.py:93} INFO - 	at com.amazonaws.http.AmazonHttpClient$RequestExecutor.handleServiceErrorResponse(AmazonHttpClient.java:1418)
[2025-11-18T22:27:59.884+0000] {subprocess.py:93} INFO - 	at com.amazonaws.http.AmazonHttpClient$RequestExecutor.executeOneRequest(AmazonHttpClient.java:1387)
[2025-11-18T22:27:59.885+0000] {subprocess.py:93} INFO - 	at com.amazonaws.http.AmazonHttpClient$RequestExecutor.executeHelper(AmazonHttpClient.java:1157)
[2025-11-18T22:27:59.886+0000] {subprocess.py:93} INFO - 	at com.amazonaws.http.AmazonHttpClient$RequestExecutor.doExecute(AmazonHttpClient.java:814)
[2025-11-18T22:27:59.886+0000] {subprocess.py:93} INFO - 	at com.amazonaws.http.AmazonHttpClient$RequestExecutor.executeWithTimer(AmazonHttpClient.java:781)
[2025-11-18T22:27:59.886+0000] {subprocess.py:93} INFO - 	at com.amazonaws.http.AmazonHttpClient$RequestExecutor.execute(AmazonHttpClient.java:755)
[2025-11-18T22:27:59.886+0000] {subprocess.py:93} INFO - 	at com.amazonaws.http.AmazonHttpClient$RequestExecutor.access$500(AmazonHttpClient.java:715)
[2025-11-18T22:27:59.886+0000] {subprocess.py:93} INFO - 	at com.amazonaws.http.AmazonHttpClient$RequestExecutionBuilderImpl.execute(AmazonHttpClient.java:697)
[2025-11-18T22:27:59.886+0000] {subprocess.py:93} INFO - 	at com.amazonaws.http.AmazonHttpClient.execute(AmazonHttpClient.java:561)
[2025-11-18T22:27:59.886+0000] {subprocess.py:93} INFO - 	at com.amazonaws.http.AmazonHttpClient.execute(AmazonHttpClient.java:541)
[2025-11-18T22:27:59.887+0000] {subprocess.py:93} INFO - 	at com.amazonaws.services.s3.AmazonS3Client.invoke(AmazonS3Client.java:5456)
[2025-11-18T22:27:59.887+0000] {subprocess.py:93} INFO - 	at com.amazonaws.services.s3.AmazonS3Client.invoke(AmazonS3Client.java:5403)
[2025-11-18T22:27:59.887+0000] {subprocess.py:93} INFO - 	at com.amazonaws.services.s3.AmazonS3Client.getObjectMetadata(AmazonS3Client.java:1372)
[2025-11-18T22:27:59.887+0000] {subprocess.py:93} INFO - 	at org.apache.hadoop.fs.s3a.S3AFileSystem.lambda$getObjectMetadata$10(S3AFileSystem.java:2545)
[2025-11-18T22:27:59.887+0000] {subprocess.py:93} INFO - 	at org.apache.hadoop.fs.s3a.Invoker.retryUntranslated(Invoker.java:414)
[2025-11-18T22:27:59.887+0000] {subprocess.py:93} INFO - 	at org.apache.hadoop.fs.s3a.Invoker.retryUntranslated(Invoker.java:377)
[2025-11-18T22:27:59.887+0000] {subprocess.py:93} INFO - 	at org.apache.hadoop.fs.s3a.S3AFileSystem.getObjectMetadata(S3AFileSystem.java:2533)
[2025-11-18T22:27:59.887+0000] {subprocess.py:93} INFO - 	at org.apache.hadoop.fs.s3a.S3AFileSystem.lambda$copyFile$28(S3AFileSystem.java:4286)
[2025-11-18T22:27:59.887+0000] {subprocess.py:93} INFO - 	at org.apache.hadoop.fs.s3a.Invoker.once(Invoker.java:117)
[2025-11-18T22:27:59.888+0000] {subprocess.py:93} INFO - 	... 12 more
[2025-11-18T22:27:59.888+0000] {subprocess.py:93} INFO - 
[2025-11-18T22:27:59.888+0000] {subprocess.py:93} INFO - Driver stacktrace:
[2025-11-18T22:27:59.888+0000] {subprocess.py:93} INFO - 	at org.apache.spark.scheduler.DAGScheduler.failJobAndIndependentStages(DAGScheduler.scala:2856)
[2025-11-18T22:27:59.888+0000] {subprocess.py:93} INFO - 	at org.apache.spark.scheduler.DAGScheduler.$anonfun$abortStage$2(DAGScheduler.scala:2792)
[2025-11-18T22:27:59.888+0000] {subprocess.py:93} INFO - 	at org.apache.spark.scheduler.DAGScheduler.$anonfun$abortStage$2$adapted(DAGScheduler.scala:2791)
[2025-11-18T22:27:59.888+0000] {subprocess.py:93} INFO - 	at scala.collection.mutable.ResizableArray.foreach(ResizableArray.scala:62)
[2025-11-18T22:27:59.888+0000] {subprocess.py:93} INFO - 	at scala.collection.mutable.ResizableArray.foreach$(ResizableArray.scala:55)
[2025-11-18T22:27:59.891+0000] {subprocess.py:93} INFO - 	at scala.collection.mutable.ArrayBuffer.foreach(ArrayBuffer.scala:49)
[2025-11-18T22:27:59.891+0000] {subprocess.py:93} INFO - 	at org.apache.spark.scheduler.DAGScheduler.abortStage(DAGScheduler.scala:2791)
[2025-11-18T22:27:59.891+0000] {subprocess.py:93} INFO - 	at org.apache.spark.scheduler.DAGScheduler.$anonfun$handleTaskSetFailed$1(DAGScheduler.scala:1247)
[2025-11-18T22:27:59.891+0000] {subprocess.py:93} INFO - 	at org.apache.spark.scheduler.DAGScheduler.$anonfun$handleTaskSetFailed$1$adapted(DAGScheduler.scala:1247)
[2025-11-18T22:27:59.891+0000] {subprocess.py:93} INFO - 	at scala.Option.foreach(Option.scala:407)
[2025-11-18T22:27:59.891+0000] {subprocess.py:93} INFO - 	at org.apache.spark.scheduler.DAGScheduler.handleTaskSetFailed(DAGScheduler.scala:1247)
[2025-11-18T22:27:59.891+0000] {subprocess.py:93} INFO - 	at org.apache.spark.scheduler.DAGSchedulerEventProcessLoop.doOnReceive(DAGScheduler.scala:3060)
[2025-11-18T22:27:59.892+0000] {subprocess.py:93} INFO - 	at org.apache.spark.scheduler.DAGSchedulerEventProcessLoop.onReceive(DAGScheduler.scala:2994)
[2025-11-18T22:27:59.892+0000] {subprocess.py:93} INFO - 	at org.apache.spark.scheduler.DAGSchedulerEventProcessLoop.onReceive(DAGScheduler.scala:2983)
[2025-11-18T22:27:59.892+0000] {subprocess.py:93} INFO - 	at org.apache.spark.util.EventLoop$$anon$1.run(EventLoop.scala:49)
[2025-11-18T22:27:59.892+0000] {subprocess.py:93} INFO - 	at org.apache.spark.scheduler.DAGScheduler.runJob(DAGScheduler.scala:989)
[2025-11-18T22:27:59.892+0000] {subprocess.py:93} INFO - 	at org.apache.spark.SparkContext.runJob(SparkContext.scala:2398)
[2025-11-18T22:27:59.892+0000] {subprocess.py:93} INFO - 	at org.apache.spark.sql.execution.datasources.FileFormatWriter$.$anonfun$executeWrite$4(FileFormatWriter.scala:307)
[2025-11-18T22:27:59.892+0000] {subprocess.py:93} INFO - 	at org.apache.spark.sql.execution.datasources.FileFormatWriter$.writeAndCommit(FileFormatWriter.scala:271)
[2025-11-18T22:27:59.892+0000] {subprocess.py:93} INFO - 	at org.apache.spark.sql.execution.datasources.FileFormatWriter$.executeWrite(FileFormatWriter.scala:304)
[2025-11-18T22:27:59.892+0000] {subprocess.py:93} INFO - 	at org.apache.spark.sql.execution.datasources.FileFormatWriter$.write(FileFormatWriter.scala:190)
[2025-11-18T22:27:59.893+0000] {subprocess.py:93} INFO - 	at org.apache.spark.sql.execution.datasources.InsertIntoHadoopFsRelationCommand.run(InsertIntoHadoopFsRelationCommand.scala:190)
[2025-11-18T22:27:59.893+0000] {subprocess.py:93} INFO - 	at org.apache.spark.sql.execution.command.DataWritingCommandExec.sideEffectResult$lzycompute(commands.scala:113)
[2025-11-18T22:27:59.893+0000] {subprocess.py:93} INFO - 	at org.apache.spark.sql.execution.command.DataWritingCommandExec.sideEffectResult(commands.scala:111)
[2025-11-18T22:27:59.893+0000] {subprocess.py:93} INFO - 	at org.apache.spark.sql.execution.command.DataWritingCommandExec.executeCollect(commands.scala:125)
[2025-11-18T22:27:59.893+0000] {subprocess.py:93} INFO - 	at org.apache.spark.sql.execution.adaptive.AdaptiveSparkPlanExec.$anonfun$executeCollect$1(AdaptiveSparkPlanExec.scala:390)
[2025-11-18T22:27:59.893+0000] {subprocess.py:93} INFO - 	at org.apache.spark.sql.execution.adaptive.AdaptiveSparkPlanExec.withFinalPlanUpdate(AdaptiveSparkPlanExec.scala:418)
[2025-11-18T22:27:59.893+0000] {subprocess.py:93} INFO - 	at org.apache.spark.sql.execution.adaptive.AdaptiveSparkPlanExec.executeCollect(AdaptiveSparkPlanExec.scala:390)
[2025-11-18T22:27:59.893+0000] {subprocess.py:93} INFO - 	at org.apache.spark.sql.execution.QueryExecution$$anonfun$eagerlyExecuteCommands$1.$anonfun$applyOrElse$1(QueryExecution.scala:107)
[2025-11-18T22:27:59.893+0000] {subprocess.py:93} INFO - 	at org.apache.spark.sql.execution.SQLExecution$.$anonfun$withNewExecutionId$6(SQLExecution.scala:125)
[2025-11-18T22:27:59.893+0000] {subprocess.py:93} INFO - 	at org.apache.spark.sql.execution.SQLExecution$.withSQLConfPropagated(SQLExecution.scala:201)
[2025-11-18T22:27:59.893+0000] {subprocess.py:93} INFO - 	at org.apache.spark.sql.execution.SQLExecution$.$anonfun$withNewExecutionId$1(SQLExecution.scala:108)
[2025-11-18T22:27:59.893+0000] {subprocess.py:93} INFO - 	at org.apache.spark.sql.SparkSession.withActive(SparkSession.scala:900)
[2025-11-18T22:27:59.893+0000] {subprocess.py:93} INFO - 	at org.apache.spark.sql.execution.SQLExecution$.withNewExecutionId(SQLExecution.scala:66)
[2025-11-18T22:27:59.894+0000] {subprocess.py:93} INFO - 	at org.apache.spark.sql.execution.QueryExecution$$anonfun$eagerlyExecuteCommands$1.applyOrElse(QueryExecution.scala:107)
[2025-11-18T22:27:59.894+0000] {subprocess.py:93} INFO - 	at org.apache.spark.sql.execution.QueryExecution$$anonfun$eagerlyExecuteCommands$1.applyOrElse(QueryExecution.scala:98)
[2025-11-18T22:27:59.894+0000] {subprocess.py:93} INFO - 	at org.apache.spark.sql.catalyst.trees.TreeNode.$anonfun$transformDownWithPruning$1(TreeNode.scala:461)
[2025-11-18T22:27:59.894+0000] {subprocess.py:93} INFO - 	at org.apache.spark.sql.catalyst.trees.CurrentOrigin$.withOrigin(origin.scala:76)
[2025-11-18T22:27:59.894+0000] {subprocess.py:93} INFO - 	at org.apache.spark.sql.catalyst.trees.TreeNode.transformDownWithPruning(TreeNode.scala:461)
[2025-11-18T22:27:59.894+0000] {subprocess.py:93} INFO - 	at org.apache.spark.sql.catalyst.plans.logical.LogicalPlan.org$apache$spark$sql$catalyst$plans$logical$AnalysisHelper$$super$transformDownWithPruning(LogicalPlan.scala:32)
[2025-11-18T22:27:59.894+0000] {subprocess.py:93} INFO - 	at org.apache.spark.sql.catalyst.plans.logical.AnalysisHelper.transformDownWithPruning(AnalysisHelper.scala:267)
[2025-11-18T22:27:59.894+0000] {subprocess.py:93} INFO - 	at org.apache.spark.sql.catalyst.plans.logical.AnalysisHelper.transformDownWithPruning$(AnalysisHelper.scala:263)
[2025-11-18T22:27:59.894+0000] {subprocess.py:93} INFO - 	at org.apache.spark.sql.catalyst.plans.logical.LogicalPlan.transformDownWithPruning(LogicalPlan.scala:32)
[2025-11-18T22:27:59.894+0000] {subprocess.py:93} INFO - 	at org.apache.spark.sql.catalyst.plans.logical.LogicalPlan.transformDownWithPruning(LogicalPlan.scala:32)
[2025-11-18T22:27:59.894+0000] {subprocess.py:93} INFO - 	at org.apache.spark.sql.catalyst.trees.TreeNode.transformDown(TreeNode.scala:437)
[2025-11-18T22:27:59.894+0000] {subprocess.py:93} INFO - 	at org.apache.spark.sql.execution.QueryExecution.eagerlyExecuteCommands(QueryExecution.scala:98)
[2025-11-18T22:27:59.895+0000] {subprocess.py:93} INFO - 	at org.apache.spark.sql.execution.QueryExecution.commandExecuted$lzycompute(QueryExecution.scala:85)
[2025-11-18T22:27:59.895+0000] {subprocess.py:93} INFO - 	at org.apache.spark.sql.execution.QueryExecution.commandExecuted(QueryExecution.scala:83)
[2025-11-18T22:27:59.895+0000] {subprocess.py:93} INFO - 	at org.apache.spark.sql.execution.QueryExecution.assertCommandExecuted(QueryExecution.scala:142)
[2025-11-18T22:27:59.895+0000] {subprocess.py:93} INFO - 	at org.apache.spark.sql.DataFrameWriter.runCommand(DataFrameWriter.scala:859)
[2025-11-18T22:27:59.895+0000] {subprocess.py:93} INFO - 	at org.apache.spark.sql.DataFrameWriter.saveToV1Source(DataFrameWriter.scala:388)
[2025-11-18T22:27:59.896+0000] {subprocess.py:93} INFO - 	at org.apache.spark.sql.DataFrameWriter.saveInternal(DataFrameWriter.scala:361)
[2025-11-18T22:27:59.896+0000] {subprocess.py:93} INFO - 	at org.apache.spark.sql.DataFrameWriter.save(DataFrameWriter.scala:240)
[2025-11-18T22:27:59.896+0000] {subprocess.py:93} INFO - 	at org.apache.spark.sql.DataFrameWriter.parquet(DataFrameWriter.scala:792)
[2025-11-18T22:27:59.896+0000] {subprocess.py:93} INFO - 	at java.base/jdk.internal.reflect.NativeMethodAccessorImpl.invoke0(Native Method)
[2025-11-18T22:27:59.896+0000] {subprocess.py:93} INFO - 	at java.base/jdk.internal.reflect.NativeMethodAccessorImpl.invoke(NativeMethodAccessorImpl.java:77)
[2025-11-18T22:27:59.896+0000] {subprocess.py:93} INFO - 	at java.base/jdk.internal.reflect.DelegatingMethodAccessorImpl.invoke(DelegatingMethodAccessorImpl.java:43)
[2025-11-18T22:27:59.896+0000] {subprocess.py:93} INFO - 	at java.base/java.lang.reflect.Method.invoke(Method.java:569)
[2025-11-18T22:27:59.897+0000] {subprocess.py:93} INFO - 	at py4j.reflection.MethodInvoker.invoke(MethodInvoker.java:244)
[2025-11-18T22:27:59.897+0000] {subprocess.py:93} INFO - 	at py4j.reflection.ReflectionEngine.invoke(ReflectionEngine.java:374)
[2025-11-18T22:27:59.897+0000] {subprocess.py:93} INFO - 	at py4j.Gateway.invoke(Gateway.java:282)
[2025-11-18T22:27:59.897+0000] {subprocess.py:93} INFO - 	at py4j.commands.AbstractCommand.invokeMethod(AbstractCommand.java:132)
[2025-11-18T22:27:59.897+0000] {subprocess.py:93} INFO - 	at py4j.commands.CallCommand.execute(CallCommand.java:79)
[2025-11-18T22:27:59.897+0000] {subprocess.py:93} INFO - 	at py4j.ClientServerConnection.waitForCommands(ClientServerConnection.java:182)
[2025-11-18T22:27:59.898+0000] {subprocess.py:93} INFO - 	at py4j.ClientServerConnection.run(ClientServerConnection.java:106)
[2025-11-18T22:27:59.898+0000] {subprocess.py:93} INFO - 	at java.base/java.lang.Thread.run(Thread.java:840)
[2025-11-18T22:27:59.898+0000] {subprocess.py:93} INFO - Caused by: org.apache.spark.SparkException: [TASK_WRITE_FAILED] Task failed while writing rows to s3a://gold-strava-activities-labels-delta/fact_user_activities_labels.
[2025-11-18T22:27:59.898+0000] {subprocess.py:93} INFO - 	at org.apache.spark.sql.errors.QueryExecutionErrors$.taskFailedWhileWritingRowsError(QueryExecutionErrors.scala:774)
[2025-11-18T22:27:59.898+0000] {subprocess.py:93} INFO - 	at org.apache.spark.sql.execution.datasources.FileFormatWriter$.executeTask(FileFormatWriter.scala:420)
[2025-11-18T22:27:59.898+0000] {subprocess.py:93} INFO - 	at org.apache.spark.sql.execution.datasources.WriteFilesExec.$anonfun$doExecuteWrite$1(WriteFiles.scala:100)
[2025-11-18T22:27:59.898+0000] {subprocess.py:93} INFO - 	at org.apache.spark.rdd.RDD.$anonfun$mapPartitionsInternal$2(RDD.scala:893)
[2025-11-18T22:27:59.898+0000] {subprocess.py:93} INFO - 	at org.apache.spark.rdd.RDD.$anonfun$mapPartitionsInternal$2$adapted(RDD.scala:893)
[2025-11-18T22:27:59.899+0000] {subprocess.py:93} INFO - 	at org.apache.spark.rdd.MapPartitionsRDD.compute(MapPartitionsRDD.scala:52)
[2025-11-18T22:27:59.899+0000] {subprocess.py:93} INFO - 	at org.apache.spark.rdd.RDD.computeOrReadCheckpoint(RDD.scala:367)
[2025-11-18T22:27:59.900+0000] {subprocess.py:93} INFO - 	at org.apache.spark.rdd.RDD.iterator(RDD.scala:331)
[2025-11-18T22:27:59.902+0000] {subprocess.py:93} INFO - 	at org.apache.spark.scheduler.ResultTask.runTask(ResultTask.scala:93)
[2025-11-18T22:27:59.902+0000] {subprocess.py:93} INFO - 	at org.apache.spark.TaskContext.runTaskWithListeners(TaskContext.scala:166)
[2025-11-18T22:27:59.902+0000] {subprocess.py:93} INFO - 	at org.apache.spark.scheduler.Task.run(Task.scala:141)
[2025-11-18T22:27:59.902+0000] {subprocess.py:93} INFO - 	at org.apache.spark.executor.Executor$TaskRunner.$anonfun$run$4(Executor.scala:620)
[2025-11-18T22:27:59.902+0000] {subprocess.py:93} INFO - 	at org.apache.spark.util.SparkErrorUtils.tryWithSafeFinally(SparkErrorUtils.scala:64)
[2025-11-18T22:27:59.902+0000] {subprocess.py:93} INFO - 	at org.apache.spark.util.SparkErrorUtils.tryWithSafeFinally$(SparkErrorUtils.scala:61)
[2025-11-18T22:27:59.903+0000] {subprocess.py:93} INFO - 	at org.apache.spark.util.Utils$.tryWithSafeFinally(Utils.scala:94)
[2025-11-18T22:27:59.903+0000] {subprocess.py:93} INFO - 	at org.apache.spark.executor.Executor$TaskRunner.run(Executor.scala:623)
[2025-11-18T22:27:59.903+0000] {subprocess.py:93} INFO - 	at java.base/java.util.concurrent.ThreadPoolExecutor.runWorker(ThreadPoolExecutor.java:1136)
[2025-11-18T22:27:59.903+0000] {subprocess.py:93} INFO - 	at java.base/java.util.concurrent.ThreadPoolExecutor$Worker.run(ThreadPoolExecutor.java:635)
[2025-11-18T22:27:59.903+0000] {subprocess.py:93} INFO - 	... 1 more
[2025-11-18T22:27:59.904+0000] {subprocess.py:93} INFO - Caused by: org.apache.hadoop.fs.s3a.RemoteFileChangedException: copyFile(fact_user_activities_labels/_temporary/0/_temporary/attempt_202511182227568012574343533228553_0008_m_000000_59/year=2021/month=10/part-00000-d918f539-44c6-44ff-bc00-70807f940037.c000.snappy.parquet, fact_user_activities_labels/_temporary/0/task_202511182227568012574343533228553_0008_m_000000/year=2021/month=10/part-00000-d918f539-44c6-44ff-bc00-70807f940037.c000.snappy.parquet) `s3a://gold-strava-activities-labels-delta/fact_user_activities_labels/_temporary/0/_temporary/attempt_202511182227568012574343533228553_0008_m_000000_59/year=2021/month=10/part-00000-d918f539-44c6-44ff-bc00-70807f940037.c000.snappy.parquet': File to rename not found on unguarded S3 store: copyFile(fact_user_activities_labels/_temporary/0/_temporary/attempt_202511182227568012574343533228553_0008_m_000000_59/year=2021/month=10/part-00000-d918f539-44c6-44ff-bc00-70807f940037.c000.snappy.parquet, fact_user_activities_labels/_temporary/0/task_202511182227568012574343533228553_0008_m_000000/year=2021/month=10/part-00000-d918f539-44c6-44ff-bc00-70807f940037.c000.snappy.parquet) on fact_user_activities_labels/_temporary/0/_temporary/attempt_202511182227568012574343533228553_0008_m_000000_59/year=2021/month=10/part-00000-d918f539-44c6-44ff-bc00-70807f940037.c000.snappy.parquet: com.amazonaws.services.s3.model.AmazonS3Exception: Not Found (Service: Amazon S3; Status Code: 404; Error Code: 404 Not Found; Request ID: 18793A582CF74004; S3 Extended Request ID: dd9025bab4ad464b049177c95eb6ebf374d3b3fd1af9251148b658df7ac2e3e8; Proxy: null), S3 Extended Request ID: dd9025bab4ad464b049177c95eb6ebf374d3b3fd1af9251148b658df7ac2e3e8:404 Not Found
[2025-11-18T22:27:59.904+0000] {subprocess.py:93} INFO - 	at org.apache.hadoop.fs.s3a.S3AFileSystem.copyFile(S3AFileSystem.java:4302)
[2025-11-18T22:27:59.904+0000] {subprocess.py:93} INFO - 	at org.apache.hadoop.fs.s3a.S3AFileSystem.access$1200(S3AFileSystem.java:259)
[2025-11-18T22:27:59.904+0000] {subprocess.py:93} INFO - 	at org.apache.hadoop.fs.s3a.S3AFileSystem$OperationCallbacksImpl.copyFile(S3AFileSystem.java:2084)
[2025-11-18T22:27:59.904+0000] {subprocess.py:93} INFO - 	at org.apache.hadoop.fs.s3a.impl.RenameOperation.copySourceAndUpdateTracker(RenameOperation.java:638)
[2025-11-18T22:27:59.904+0000] {subprocess.py:93} INFO - 	at org.apache.hadoop.fs.s3a.impl.RenameOperation.lambda$initiateCopy$1(RenameOperation.java:602)
[2025-11-18T22:27:59.904+0000] {subprocess.py:93} INFO - 	at org.apache.hadoop.fs.store.audit.AuditingFunctions.lambda$callableWithinAuditSpan$3(AuditingFunctions.java:117)
[2025-11-18T22:27:59.905+0000] {subprocess.py:93} INFO - 	at org.apache.hadoop.fs.s3a.impl.CallableSupplier.get(CallableSupplier.java:87)
[2025-11-18T22:27:59.905+0000] {subprocess.py:93} INFO - 	at java.base/java.util.concurrent.CompletableFuture$AsyncSupply.run(CompletableFuture.java:1768)
[2025-11-18T22:27:59.906+0000] {subprocess.py:93} INFO - 	at org.apache.hadoop.util.SemaphoredDelegatingExecutor$RunnableWithPermitRelease.run(SemaphoredDelegatingExecutor.java:196)
[2025-11-18T22:27:59.906+0000] {subprocess.py:93} INFO - 	... 3 more
[2025-11-18T22:27:59.906+0000] {subprocess.py:93} INFO - Caused by: java.io.FileNotFoundException: copyFile(fact_user_activities_labels/_temporary/0/_temporary/attempt_202511182227568012574343533228553_0008_m_000000_59/year=2021/month=10/part-00000-d918f539-44c6-44ff-bc00-70807f940037.c000.snappy.parquet, fact_user_activities_labels/_temporary/0/task_202511182227568012574343533228553_0008_m_000000/year=2021/month=10/part-00000-d918f539-44c6-44ff-bc00-70807f940037.c000.snappy.parquet) on fact_user_activities_labels/_temporary/0/_temporary/attempt_202511182227568012574343533228553_0008_m_000000_59/year=2021/month=10/part-00000-d918f539-44c6-44ff-bc00-70807f940037.c000.snappy.parquet: com.amazonaws.services.s3.model.AmazonS3Exception: Not Found (Service: Amazon S3; Status Code: 404; Error Code: 404 Not Found; Request ID: 18793A582CF74004; S3 Extended Request ID: dd9025bab4ad464b049177c95eb6ebf374d3b3fd1af9251148b658df7ac2e3e8; Proxy: null), S3 Extended Request ID: dd9025bab4ad464b049177c95eb6ebf374d3b3fd1af9251148b658df7ac2e3e8:404 Not Found
[2025-11-18T22:27:59.907+0000] {subprocess.py:93} INFO - 	at org.apache.hadoop.fs.s3a.S3AUtils.translateException(S3AUtils.java:266)
[2025-11-18T22:27:59.907+0000] {subprocess.py:93} INFO - 	at org.apache.hadoop.fs.s3a.Invoker.once(Invoker.java:119)
[2025-11-18T22:27:59.907+0000] {subprocess.py:93} INFO - 	at org.apache.hadoop.fs.s3a.S3AFileSystem.copyFile(S3AFileSystem.java:4284)
[2025-11-18T22:27:59.907+0000] {subprocess.py:93} INFO - 	... 11 more
[2025-11-18T22:27:59.907+0000] {subprocess.py:93} INFO - Caused by: com.amazonaws.services.s3.model.AmazonS3Exception: Not Found (Service: Amazon S3; Status Code: 404; Error Code: 404 Not Found; Request ID: 18793A582CF74004; S3 Extended Request ID: dd9025bab4ad464b049177c95eb6ebf374d3b3fd1af9251148b658df7ac2e3e8; Proxy: null), S3 Extended Request ID: dd9025bab4ad464b049177c95eb6ebf374d3b3fd1af9251148b658df7ac2e3e8
[2025-11-18T22:27:59.908+0000] {subprocess.py:93} INFO - 	at com.amazonaws.http.AmazonHttpClient$RequestExecutor.handleErrorResponse(AmazonHttpClient.java:1879)
[2025-11-18T22:27:59.908+0000] {subprocess.py:93} INFO - 	at com.amazonaws.http.AmazonHttpClient$RequestExecutor.handleServiceErrorResponse(AmazonHttpClient.java:1418)
[2025-11-18T22:27:59.908+0000] {subprocess.py:93} INFO - 	at com.amazonaws.http.AmazonHttpClient$RequestExecutor.executeOneRequest(AmazonHttpClient.java:1387)
[2025-11-18T22:27:59.908+0000] {subprocess.py:93} INFO - 	at com.amazonaws.http.AmazonHttpClient$RequestExecutor.executeHelper(AmazonHttpClient.java:1157)
[2025-11-18T22:27:59.908+0000] {subprocess.py:93} INFO - 	at com.amazonaws.http.AmazonHttpClient$RequestExecutor.doExecute(AmazonHttpClient.java:814)
[2025-11-18T22:27:59.908+0000] {subprocess.py:93} INFO - 	at com.amazonaws.http.AmazonHttpClient$RequestExecutor.executeWithTimer(AmazonHttpClient.java:781)
[2025-11-18T22:27:59.909+0000] {subprocess.py:93} INFO - 	at com.amazonaws.http.AmazonHttpClient$RequestExecutor.execute(AmazonHttpClient.java:755)
[2025-11-18T22:27:59.909+0000] {subprocess.py:93} INFO - 	at com.amazonaws.http.AmazonHttpClient$RequestExecutor.access$500(AmazonHttpClient.java:715)
[2025-11-18T22:27:59.912+0000] {subprocess.py:93} INFO - 	at com.amazonaws.http.AmazonHttpClient$RequestExecutionBuilderImpl.execute(AmazonHttpClient.java:697)
[2025-11-18T22:27:59.912+0000] {subprocess.py:93} INFO - 	at com.amazonaws.http.AmazonHttpClient.execute(AmazonHttpClient.java:561)
[2025-11-18T22:27:59.912+0000] {subprocess.py:93} INFO - 	at com.amazonaws.http.AmazonHttpClient.execute(AmazonHttpClient.java:541)
[2025-11-18T22:27:59.912+0000] {subprocess.py:93} INFO - 	at com.amazonaws.services.s3.AmazonS3Client.invoke(AmazonS3Client.java:5456)
[2025-11-18T22:27:59.912+0000] {subprocess.py:93} INFO - 	at com.amazonaws.services.s3.AmazonS3Client.invoke(AmazonS3Client.java:5403)
[2025-11-18T22:27:59.912+0000] {subprocess.py:93} INFO - 	at com.amazonaws.services.s3.AmazonS3Client.getObjectMetadata(AmazonS3Client.java:1372)
[2025-11-18T22:27:59.912+0000] {subprocess.py:93} INFO - 	at org.apache.hadoop.fs.s3a.S3AFileSystem.lambda$getObjectMetadata$10(S3AFileSystem.java:2545)
[2025-11-18T22:27:59.913+0000] {subprocess.py:93} INFO - 	at org.apache.hadoop.fs.s3a.Invoker.retryUntranslated(Invoker.java:414)
[2025-11-18T22:27:59.913+0000] {subprocess.py:93} INFO - 	at org.apache.hadoop.fs.s3a.Invoker.retryUntranslated(Invoker.java:377)
[2025-11-18T22:27:59.913+0000] {subprocess.py:93} INFO - 	at org.apache.hadoop.fs.s3a.S3AFileSystem.getObjectMetadata(S3AFileSystem.java:2533)
[2025-11-18T22:27:59.913+0000] {subprocess.py:93} INFO - 	at org.apache.hadoop.fs.s3a.S3AFileSystem.lambda$copyFile$28(S3AFileSystem.java:4286)
[2025-11-18T22:27:59.913+0000] {subprocess.py:93} INFO - 	at org.apache.hadoop.fs.s3a.Invoker.once(Invoker.java:117)
[2025-11-18T22:27:59.913+0000] {subprocess.py:93} INFO - 	... 12 more
[2025-11-18T22:27:59.913+0000] {subprocess.py:93} INFO - 
[2025-11-18T22:28:00.436+0000] {subprocess.py:97} INFO - Command exited with return code 1
[2025-11-18T22:28:00.437+0000] {taskinstance.py:441} INFO - ::group::Post task execution logs
[2025-11-18T22:28:00.454+0000] {taskinstance.py:2905} ERROR - Task failed with exception
Traceback (most recent call last):
  File "/home/airflow/.local/lib/python3.12/site-packages/airflow/models/taskinstance.py", line 465, in _execute_task
    result = _execute_callable(context=context, **execute_callable_kwargs)
             ^^^^^^^^^^^^^^^^^^^^^^^^^^^^^^^^^^^^^^^^^^^^^^^^^^^^^^^^^^^^^
  File "/home/airflow/.local/lib/python3.12/site-packages/airflow/models/taskinstance.py", line 432, in _execute_callable
    return execute_callable(context=context, **execute_callable_kwargs)
           ^^^^^^^^^^^^^^^^^^^^^^^^^^^^^^^^^^^^^^^^^^^^^^^^^^^^^^^^^^^^
  File "/home/airflow/.local/lib/python3.12/site-packages/airflow/models/baseoperator.py", line 401, in wrapper
    return func(self, *args, **kwargs)
           ^^^^^^^^^^^^^^^^^^^^^^^^^^^
  File "/home/airflow/.local/lib/python3.12/site-packages/airflow/operators/bash.py", line 243, in execute
    raise AirflowException(
airflow.exceptions.AirflowException: Bash command failed. The command returned a non-zero exit code 1.
[2025-11-18T22:28:00.460+0000] {taskinstance.py:1206} INFO - Marking task as UP_FOR_RETRY. dag_id=etl_strava_activities, task_id=gold_activitties_to_postgres_bi, run_id=manual__2025-11-18T22:22:23.106240+00:00, execution_date=20251118T222223, start_date=20251118T222748, end_date=20251118T222800
[2025-11-18T22:28:00.483+0000] {standard_task_runner.py:110} ERROR - Failed to execute job 37 for task gold_activitties_to_postgres_bi (Bash command failed. The command returned a non-zero exit code 1.; 2292)
[2025-11-18T22:28:00.493+0000] {local_task_job_runner.py:243} INFO - Task exited with return code 1
[2025-11-18T22:28:00.512+0000] {taskinstance.py:3503} INFO - 0 downstream tasks scheduled from follow-on schedule check
[2025-11-18T22:28:00.514+0000] {local_task_job_runner.py:222} INFO - ::endgroup::
