[2025-11-18T00:13:51.800+0000] {processor.py:161} INFO - Started process (PID=1111) to work on /opt/airflow/dags/pipeline_strava_activities.py
[2025-11-18T00:13:51.803+0000] {processor.py:830} INFO - Processing file /opt/airflow/dags/pipeline_strava_activities.py for tasks to queue
[2025-11-18T00:13:51.811+0000] {logging_mixin.py:188} INFO - [2025-11-18T00:13:51.809+0000] {dagbag.py:545} INFO - Filling up the DagBag from /opt/airflow/dags/pipeline_strava_activities.py
[2025-11-18T00:13:51.842+0000] {processor.py:840} INFO - DAG(s) 'etl_strava_activities' retrieved from /opt/airflow/dags/pipeline_strava_activities.py
[2025-11-18T00:13:51.888+0000] {logging_mixin.py:188} INFO - [2025-11-18T00:13:51.887+0000] {dag.py:3089} INFO - Sync 1 DAGs
[2025-11-18T00:13:51.915+0000] {logging_mixin.py:188} INFO - [2025-11-18T00:13:51.914+0000] {dag.py:3947} INFO - Setting next_dagrun for etl_strava_activities to 2025-11-17 03:00:00+00:00, run_after=2025-11-18 03:00:00+00:00
[2025-11-18T00:13:51.930+0000] {processor.py:183} INFO - Processing /opt/airflow/dags/pipeline_strava_activities.py took 0.152 seconds
[2025-11-18T00:15:36.922+0000] {processor.py:161} INFO - Started process (PID=1126) to work on /opt/airflow/dags/pipeline_strava_activities.py
[2025-11-18T00:15:36.924+0000] {processor.py:830} INFO - Processing file /opt/airflow/dags/pipeline_strava_activities.py for tasks to queue
[2025-11-18T00:15:36.927+0000] {logging_mixin.py:188} INFO - [2025-11-18T00:15:36.926+0000] {dagbag.py:545} INFO - Filling up the DagBag from /opt/airflow/dags/pipeline_strava_activities.py
[2025-11-18T00:15:36.947+0000] {processor.py:840} INFO - DAG(s) 'etl_strava_activities' retrieved from /opt/airflow/dags/pipeline_strava_activities.py
[2025-11-18T00:15:36.994+0000] {logging_mixin.py:188} INFO - [2025-11-18T00:15:36.993+0000] {dag.py:3089} INFO - Sync 1 DAGs
[2025-11-18T00:15:37.030+0000] {logging_mixin.py:188} INFO - [2025-11-18T00:15:37.029+0000] {dag.py:3947} INFO - Setting next_dagrun for etl_strava_activities to 2025-11-17 03:00:00+00:00, run_after=2025-11-18 03:00:00+00:00
[2025-11-18T00:15:37.048+0000] {processor.py:183} INFO - Processing /opt/airflow/dags/pipeline_strava_activities.py took 0.134 seconds
[2025-11-18T01:19:31.022+0000] {processor.py:161} INFO - Started process (PID=1141) to work on /opt/airflow/dags/pipeline_strava_activities.py
[2025-11-18T01:19:31.023+0000] {processor.py:830} INFO - Processing file /opt/airflow/dags/pipeline_strava_activities.py for tasks to queue
[2025-11-18T01:19:31.025+0000] {logging_mixin.py:188} INFO - [2025-11-18T01:19:31.025+0000] {dagbag.py:545} INFO - Filling up the DagBag from /opt/airflow/dags/pipeline_strava_activities.py
[2025-11-18T01:19:31.041+0000] {processor.py:840} INFO - DAG(s) 'etl_strava_activities' retrieved from /opt/airflow/dags/pipeline_strava_activities.py
[2025-11-18T01:19:31.075+0000] {logging_mixin.py:188} INFO - [2025-11-18T01:19:31.074+0000] {dag.py:3089} INFO - Sync 1 DAGs
[2025-11-18T01:19:31.098+0000] {logging_mixin.py:188} INFO - [2025-11-18T01:19:31.098+0000] {dag.py:3947} INFO - Setting next_dagrun for etl_strava_activities to 2025-11-17 03:00:00+00:00, run_after=2025-11-18 03:00:00+00:00
[2025-11-18T01:19:31.120+0000] {processor.py:183} INFO - Processing /opt/airflow/dags/pipeline_strava_activities.py took 0.104 seconds
[2025-11-18T01:21:16.109+0000] {processor.py:161} INFO - Started process (PID=1156) to work on /opt/airflow/dags/pipeline_strava_activities.py
[2025-11-18T01:21:16.111+0000] {processor.py:830} INFO - Processing file /opt/airflow/dags/pipeline_strava_activities.py for tasks to queue
[2025-11-18T01:21:16.115+0000] {logging_mixin.py:188} INFO - [2025-11-18T01:21:16.114+0000] {dagbag.py:545} INFO - Filling up the DagBag from /opt/airflow/dags/pipeline_strava_activities.py
[2025-11-18T01:21:16.142+0000] {processor.py:840} INFO - DAG(s) 'etl_strava_activities' retrieved from /opt/airflow/dags/pipeline_strava_activities.py
[2025-11-18T01:21:16.183+0000] {logging_mixin.py:188} INFO - [2025-11-18T01:21:16.183+0000] {dag.py:3089} INFO - Sync 1 DAGs
[2025-11-18T01:21:16.211+0000] {logging_mixin.py:188} INFO - [2025-11-18T01:21:16.211+0000] {dag.py:3947} INFO - Setting next_dagrun for etl_strava_activities to 2025-11-17 03:00:00+00:00, run_after=2025-11-18 03:00:00+00:00
[2025-11-18T01:21:16.226+0000] {processor.py:183} INFO - Processing /opt/airflow/dags/pipeline_strava_activities.py took 0.124 seconds
[2025-11-18T01:37:36.124+0000] {processor.py:161} INFO - Started process (PID=1171) to work on /opt/airflow/dags/pipeline_strava_activities.py
[2025-11-18T01:37:36.126+0000] {processor.py:830} INFO - Processing file /opt/airflow/dags/pipeline_strava_activities.py for tasks to queue
[2025-11-18T01:37:36.132+0000] {logging_mixin.py:188} INFO - [2025-11-18T01:37:36.130+0000] {dagbag.py:545} INFO - Filling up the DagBag from /opt/airflow/dags/pipeline_strava_activities.py
[2025-11-18T01:37:36.199+0000] {processor.py:840} INFO - DAG(s) 'etl_strava_activities' retrieved from /opt/airflow/dags/pipeline_strava_activities.py
[2025-11-18T01:37:36.263+0000] {logging_mixin.py:188} INFO - [2025-11-18T01:37:36.263+0000] {dag.py:3089} INFO - Sync 1 DAGs
[2025-11-18T01:37:36.295+0000] {logging_mixin.py:188} INFO - [2025-11-18T01:37:36.295+0000] {dag.py:3947} INFO - Setting next_dagrun for etl_strava_activities to 2025-11-17 03:00:00+00:00, run_after=2025-11-18 03:00:00+00:00
[2025-11-18T01:37:36.315+0000] {processor.py:183} INFO - Processing /opt/airflow/dags/pipeline_strava_activities.py took 0.198 seconds
[2025-11-18T01:39:21.144+0000] {processor.py:161} INFO - Started process (PID=1186) to work on /opt/airflow/dags/pipeline_strava_activities.py
[2025-11-18T01:39:21.147+0000] {processor.py:830} INFO - Processing file /opt/airflow/dags/pipeline_strava_activities.py for tasks to queue
[2025-11-18T01:39:21.150+0000] {logging_mixin.py:188} INFO - [2025-11-18T01:39:21.149+0000] {dagbag.py:545} INFO - Filling up the DagBag from /opt/airflow/dags/pipeline_strava_activities.py
[2025-11-18T01:39:21.173+0000] {processor.py:840} INFO - DAG(s) 'etl_strava_activities' retrieved from /opt/airflow/dags/pipeline_strava_activities.py
[2025-11-18T01:39:21.352+0000] {logging_mixin.py:188} INFO - [2025-11-18T01:39:21.352+0000] {dag.py:3089} INFO - Sync 1 DAGs
[2025-11-18T01:39:21.419+0000] {logging_mixin.py:188} INFO - [2025-11-18T01:39:21.419+0000] {dag.py:3947} INFO - Setting next_dagrun for etl_strava_activities to 2025-11-17 03:00:00+00:00, run_after=2025-11-18 03:00:00+00:00
[2025-11-18T01:39:21.442+0000] {processor.py:183} INFO - Processing /opt/airflow/dags/pipeline_strava_activities.py took 0.307 seconds
[2025-11-18T02:20:43.320+0000] {processor.py:161} INFO - Started process (PID=1201) to work on /opt/airflow/dags/pipeline_strava_activities.py
[2025-11-18T02:20:43.321+0000] {processor.py:830} INFO - Processing file /opt/airflow/dags/pipeline_strava_activities.py for tasks to queue
[2025-11-18T02:20:43.324+0000] {logging_mixin.py:188} INFO - [2025-11-18T02:20:43.324+0000] {dagbag.py:545} INFO - Filling up the DagBag from /opt/airflow/dags/pipeline_strava_activities.py
[2025-11-18T02:20:43.347+0000] {processor.py:840} INFO - DAG(s) 'etl_strava_activities' retrieved from /opt/airflow/dags/pipeline_strava_activities.py
[2025-11-18T02:20:43.387+0000] {logging_mixin.py:188} INFO - [2025-11-18T02:20:43.387+0000] {dag.py:3089} INFO - Sync 1 DAGs
[2025-11-18T02:20:43.412+0000] {logging_mixin.py:188} INFO - [2025-11-18T02:20:43.411+0000] {dag.py:3947} INFO - Setting next_dagrun for etl_strava_activities to 2025-11-17 03:00:00+00:00, run_after=2025-11-18 03:00:00+00:00
[2025-11-18T02:20:43.425+0000] {processor.py:183} INFO - Processing /opt/airflow/dags/pipeline_strava_activities.py took 0.115 seconds
[2025-11-18T02:22:28.467+0000] {processor.py:161} INFO - Started process (PID=1216) to work on /opt/airflow/dags/pipeline_strava_activities.py
[2025-11-18T02:22:28.493+0000] {processor.py:830} INFO - Processing file /opt/airflow/dags/pipeline_strava_activities.py for tasks to queue
[2025-11-18T02:22:28.497+0000] {logging_mixin.py:188} INFO - [2025-11-18T02:22:28.496+0000] {dagbag.py:545} INFO - Filling up the DagBag from /opt/airflow/dags/pipeline_strava_activities.py
[2025-11-18T02:22:28.520+0000] {processor.py:840} INFO - DAG(s) 'etl_strava_activities' retrieved from /opt/airflow/dags/pipeline_strava_activities.py
[2025-11-18T02:22:28.583+0000] {logging_mixin.py:188} INFO - [2025-11-18T02:22:28.583+0000] {dag.py:3089} INFO - Sync 1 DAGs
[2025-11-18T02:22:28.630+0000] {logging_mixin.py:188} INFO - [2025-11-18T02:22:28.630+0000] {dag.py:3947} INFO - Setting next_dagrun for etl_strava_activities to 2025-11-17 03:00:00+00:00, run_after=2025-11-18 03:00:00+00:00
[2025-11-18T02:22:28.646+0000] {processor.py:183} INFO - Processing /opt/airflow/dags/pipeline_strava_activities.py took 0.186 seconds
[2025-11-18T02:39:38.302+0000] {processor.py:161} INFO - Started process (PID=1231) to work on /opt/airflow/dags/pipeline_strava_activities.py
[2025-11-18T02:39:38.305+0000] {processor.py:830} INFO - Processing file /opt/airflow/dags/pipeline_strava_activities.py for tasks to queue
[2025-11-18T02:39:38.311+0000] {logging_mixin.py:188} INFO - [2025-11-18T02:39:38.310+0000] {dagbag.py:545} INFO - Filling up the DagBag from /opt/airflow/dags/pipeline_strava_activities.py
[2025-11-18T02:39:38.333+0000] {processor.py:840} INFO - DAG(s) 'etl_strava_activities' retrieved from /opt/airflow/dags/pipeline_strava_activities.py
[2025-11-18T02:39:38.377+0000] {logging_mixin.py:188} INFO - [2025-11-18T02:39:38.376+0000] {dag.py:3089} INFO - Sync 1 DAGs
[2025-11-18T02:39:38.399+0000] {logging_mixin.py:188} INFO - [2025-11-18T02:39:38.399+0000] {dag.py:3947} INFO - Setting next_dagrun for etl_strava_activities to 2025-11-17 03:00:00+00:00, run_after=2025-11-18 03:00:00+00:00
[2025-11-18T02:39:38.415+0000] {processor.py:183} INFO - Processing /opt/airflow/dags/pipeline_strava_activities.py took 0.122 seconds
[2025-11-18T02:41:23.317+0000] {processor.py:161} INFO - Started process (PID=1246) to work on /opt/airflow/dags/pipeline_strava_activities.py
[2025-11-18T02:41:23.319+0000] {processor.py:830} INFO - Processing file /opt/airflow/dags/pipeline_strava_activities.py for tasks to queue
[2025-11-18T02:41:23.322+0000] {logging_mixin.py:188} INFO - [2025-11-18T02:41:23.322+0000] {dagbag.py:545} INFO - Filling up the DagBag from /opt/airflow/dags/pipeline_strava_activities.py
[2025-11-18T02:41:23.342+0000] {processor.py:840} INFO - DAG(s) 'etl_strava_activities' retrieved from /opt/airflow/dags/pipeline_strava_activities.py
[2025-11-18T02:41:23.388+0000] {logging_mixin.py:188} INFO - [2025-11-18T02:41:23.387+0000] {dag.py:3089} INFO - Sync 1 DAGs
[2025-11-18T02:41:23.420+0000] {logging_mixin.py:188} INFO - [2025-11-18T02:41:23.419+0000] {dag.py:3947} INFO - Setting next_dagrun for etl_strava_activities to 2025-11-17 03:00:00+00:00, run_after=2025-11-18 03:00:00+00:00
[2025-11-18T02:41:23.436+0000] {processor.py:183} INFO - Processing /opt/airflow/dags/pipeline_strava_activities.py took 0.129 seconds
[2025-11-18T04:22:31.182+0000] {processor.py:161} INFO - Started process (PID=1261) to work on /opt/airflow/dags/pipeline_strava_activities.py
[2025-11-18T04:22:31.184+0000] {processor.py:830} INFO - Processing file /opt/airflow/dags/pipeline_strava_activities.py for tasks to queue
[2025-11-18T04:22:31.187+0000] {logging_mixin.py:188} INFO - [2025-11-18T04:22:31.186+0000] {dagbag.py:545} INFO - Filling up the DagBag from /opt/airflow/dags/pipeline_strava_activities.py
[2025-11-18T04:22:31.218+0000] {processor.py:840} INFO - DAG(s) 'etl_strava_activities' retrieved from /opt/airflow/dags/pipeline_strava_activities.py
[2025-11-18T04:22:31.279+0000] {logging_mixin.py:188} INFO - [2025-11-18T04:22:31.279+0000] {dag.py:3089} INFO - Sync 1 DAGs
[2025-11-18T04:22:31.322+0000] {logging_mixin.py:188} INFO - [2025-11-18T04:22:31.322+0000] {dag.py:3947} INFO - Setting next_dagrun for etl_strava_activities to 2025-11-17 03:00:00+00:00, run_after=2025-11-18 03:00:00+00:00
[2025-11-18T04:22:31.340+0000] {processor.py:183} INFO - Processing /opt/airflow/dags/pipeline_strava_activities.py took 0.174 seconds
[2025-11-18T04:38:26.099+0000] {processor.py:161} INFO - Started process (PID=1577) to work on /opt/airflow/dags/pipeline_strava_activities.py
[2025-11-18T04:38:26.103+0000] {processor.py:830} INFO - Processing file /opt/airflow/dags/pipeline_strava_activities.py for tasks to queue
[2025-11-18T04:38:26.115+0000] {logging_mixin.py:188} INFO - [2025-11-18T04:38:26.114+0000] {dagbag.py:545} INFO - Filling up the DagBag from /opt/airflow/dags/pipeline_strava_activities.py
[2025-11-18T04:38:26.196+0000] {processor.py:840} INFO - DAG(s) 'etl_strava_activities' retrieved from /opt/airflow/dags/pipeline_strava_activities.py
[2025-11-18T04:38:26.345+0000] {logging_mixin.py:188} INFO - [2025-11-18T04:38:26.344+0000] {dag.py:3089} INFO - Sync 1 DAGs
[2025-11-18T04:38:26.419+0000] {logging_mixin.py:188} INFO - [2025-11-18T04:38:26.419+0000] {dag.py:3947} INFO - Setting next_dagrun for etl_strava_activities to 2025-11-18 03:00:00+00:00, run_after=2025-11-19 03:00:00+00:00
[2025-11-18T04:38:26.467+0000] {processor.py:183} INFO - Processing /opt/airflow/dags/pipeline_strava_activities.py took 0.389 seconds
[2025-11-18T04:39:45.595+0000] {processor.py:161} INFO - Started process (PID=1800) to work on /opt/airflow/dags/pipeline_strava_activities.py
[2025-11-18T04:39:45.597+0000] {processor.py:830} INFO - Processing file /opt/airflow/dags/pipeline_strava_activities.py for tasks to queue
[2025-11-18T04:39:45.601+0000] {logging_mixin.py:188} INFO - [2025-11-18T04:39:45.600+0000] {dagbag.py:545} INFO - Filling up the DagBag from /opt/airflow/dags/pipeline_strava_activities.py
[2025-11-18T04:39:45.657+0000] {processor.py:840} INFO - DAG(s) 'etl_strava_activities' retrieved from /opt/airflow/dags/pipeline_strava_activities.py
[2025-11-18T04:39:45.714+0000] {logging_mixin.py:188} INFO - [2025-11-18T04:39:45.714+0000] {dag.py:3089} INFO - Sync 1 DAGs
[2025-11-18T04:39:45.754+0000] {logging_mixin.py:188} INFO - [2025-11-18T04:39:45.754+0000] {dag.py:3947} INFO - Setting next_dagrun for etl_strava_activities to 2025-11-18 03:00:00+00:00, run_after=2025-11-19 03:00:00+00:00
[2025-11-18T04:39:45.774+0000] {processor.py:183} INFO - Processing /opt/airflow/dags/pipeline_strava_activities.py took 0.187 seconds
[2025-11-18T04:41:29.614+0000] {processor.py:161} INFO - Started process (PID=1815) to work on /opt/airflow/dags/pipeline_strava_activities.py
[2025-11-18T04:41:29.617+0000] {processor.py:830} INFO - Processing file /opt/airflow/dags/pipeline_strava_activities.py for tasks to queue
[2025-11-18T04:41:29.622+0000] {logging_mixin.py:188} INFO - [2025-11-18T04:41:29.621+0000] {dagbag.py:545} INFO - Filling up the DagBag from /opt/airflow/dags/pipeline_strava_activities.py
[2025-11-18T04:41:29.645+0000] {processor.py:840} INFO - DAG(s) 'etl_strava_activities' retrieved from /opt/airflow/dags/pipeline_strava_activities.py
[2025-11-18T04:41:29.706+0000] {logging_mixin.py:188} INFO - [2025-11-18T04:41:29.706+0000] {dag.py:3089} INFO - Sync 1 DAGs
[2025-11-18T04:41:29.759+0000] {logging_mixin.py:188} INFO - [2025-11-18T04:41:29.759+0000] {dag.py:3947} INFO - Setting next_dagrun for etl_strava_activities to 2025-11-18 03:00:00+00:00, run_after=2025-11-19 03:00:00+00:00
[2025-11-18T04:41:29.780+0000] {processor.py:183} INFO - Processing /opt/airflow/dags/pipeline_strava_activities.py took 0.175 seconds
[2025-11-18T05:24:48.494+0000] {processor.py:161} INFO - Started process (PID=1833) to work on /opt/airflow/dags/pipeline_strava_activities.py
[2025-11-18T05:24:48.496+0000] {processor.py:830} INFO - Processing file /opt/airflow/dags/pipeline_strava_activities.py for tasks to queue
[2025-11-18T05:24:48.499+0000] {logging_mixin.py:188} INFO - [2025-11-18T05:24:48.499+0000] {dagbag.py:545} INFO - Filling up the DagBag from /opt/airflow/dags/pipeline_strava_activities.py
[2025-11-18T05:24:48.522+0000] {processor.py:840} INFO - DAG(s) 'etl_strava_activities' retrieved from /opt/airflow/dags/pipeline_strava_activities.py
[2025-11-18T05:24:48.565+0000] {logging_mixin.py:188} INFO - [2025-11-18T05:24:48.565+0000] {dag.py:3089} INFO - Sync 1 DAGs
[2025-11-18T05:24:48.587+0000] {logging_mixin.py:188} INFO - [2025-11-18T05:24:48.587+0000] {dag.py:3947} INFO - Setting next_dagrun for etl_strava_activities to 2025-11-18 03:00:00+00:00, run_after=2025-11-19 03:00:00+00:00
[2025-11-18T05:24:48.606+0000] {processor.py:183} INFO - Processing /opt/airflow/dags/pipeline_strava_activities.py took 0.125 seconds
[2025-11-18T05:26:31.726+0000] {processor.py:161} INFO - Started process (PID=2277) to work on /opt/airflow/dags/pipeline_strava_activities.py
[2025-11-18T05:26:31.731+0000] {processor.py:830} INFO - Processing file /opt/airflow/dags/pipeline_strava_activities.py for tasks to queue
[2025-11-18T05:26:31.736+0000] {logging_mixin.py:188} INFO - [2025-11-18T05:26:31.735+0000] {dagbag.py:545} INFO - Filling up the DagBag from /opt/airflow/dags/pipeline_strava_activities.py
[2025-11-18T05:26:31.766+0000] {processor.py:840} INFO - DAG(s) 'etl_strava_activities' retrieved from /opt/airflow/dags/pipeline_strava_activities.py
[2025-11-18T05:26:31.813+0000] {logging_mixin.py:188} INFO - [2025-11-18T05:26:31.813+0000] {dag.py:3089} INFO - Sync 1 DAGs
[2025-11-18T05:26:31.844+0000] {logging_mixin.py:188} INFO - [2025-11-18T05:26:31.844+0000] {dag.py:3947} INFO - Setting next_dagrun for etl_strava_activities to 2025-11-18 03:00:00+00:00, run_after=2025-11-19 03:00:00+00:00
[2025-11-18T05:26:31.863+0000] {processor.py:183} INFO - Processing /opt/airflow/dags/pipeline_strava_activities.py took 0.144 seconds
[2025-11-18T06:24:41.338+0000] {processor.py:161} INFO - Started process (PID=2292) to work on /opt/airflow/dags/pipeline_strava_activities.py
[2025-11-18T06:24:41.342+0000] {processor.py:830} INFO - Processing file /opt/airflow/dags/pipeline_strava_activities.py for tasks to queue
[2025-11-18T06:24:41.345+0000] {logging_mixin.py:188} INFO - [2025-11-18T06:24:41.345+0000] {dagbag.py:545} INFO - Filling up the DagBag from /opt/airflow/dags/pipeline_strava_activities.py
[2025-11-18T06:24:41.373+0000] {processor.py:840} INFO - DAG(s) 'etl_strava_activities' retrieved from /opt/airflow/dags/pipeline_strava_activities.py
[2025-11-18T06:24:41.442+0000] {logging_mixin.py:188} INFO - [2025-11-18T06:24:41.441+0000] {dag.py:3089} INFO - Sync 1 DAGs
[2025-11-18T06:24:41.474+0000] {logging_mixin.py:188} INFO - [2025-11-18T06:24:41.474+0000] {dag.py:3947} INFO - Setting next_dagrun for etl_strava_activities to 2025-11-18 03:00:00+00:00, run_after=2025-11-19 03:00:00+00:00
[2025-11-18T06:24:41.508+0000] {processor.py:183} INFO - Processing /opt/airflow/dags/pipeline_strava_activities.py took 0.180 seconds
[2025-11-18T06:41:27.362+0000] {processor.py:161} INFO - Started process (PID=2307) to work on /opt/airflow/dags/pipeline_strava_activities.py
[2025-11-18T06:41:27.364+0000] {processor.py:830} INFO - Processing file /opt/airflow/dags/pipeline_strava_activities.py for tasks to queue
[2025-11-18T06:41:27.368+0000] {logging_mixin.py:188} INFO - [2025-11-18T06:41:27.368+0000] {dagbag.py:545} INFO - Filling up the DagBag from /opt/airflow/dags/pipeline_strava_activities.py
[2025-11-18T06:41:27.390+0000] {processor.py:840} INFO - DAG(s) 'etl_strava_activities' retrieved from /opt/airflow/dags/pipeline_strava_activities.py
[2025-11-18T06:41:27.433+0000] {logging_mixin.py:188} INFO - [2025-11-18T06:41:27.433+0000] {dag.py:3089} INFO - Sync 1 DAGs
[2025-11-18T06:41:27.459+0000] {logging_mixin.py:188} INFO - [2025-11-18T06:41:27.459+0000] {dag.py:3947} INFO - Setting next_dagrun for etl_strava_activities to 2025-11-18 03:00:00+00:00, run_after=2025-11-19 03:00:00+00:00
[2025-11-18T06:41:27.475+0000] {processor.py:183} INFO - Processing /opt/airflow/dags/pipeline_strava_activities.py took 0.123 seconds
[2025-11-18T06:54:56.843+0000] {processor.py:161} INFO - Started process (PID=2322) to work on /opt/airflow/dags/pipeline_strava_activities.py
[2025-11-18T06:54:56.845+0000] {processor.py:830} INFO - Processing file /opt/airflow/dags/pipeline_strava_activities.py for tasks to queue
[2025-11-18T06:54:56.849+0000] {logging_mixin.py:188} INFO - [2025-11-18T06:54:56.848+0000] {dagbag.py:545} INFO - Filling up the DagBag from /opt/airflow/dags/pipeline_strava_activities.py
[2025-11-18T06:54:56.872+0000] {processor.py:840} INFO - DAG(s) 'etl_strava_activities' retrieved from /opt/airflow/dags/pipeline_strava_activities.py
[2025-11-18T06:54:56.924+0000] {logging_mixin.py:188} INFO - [2025-11-18T06:54:56.924+0000] {dag.py:3089} INFO - Sync 1 DAGs
[2025-11-18T06:54:56.954+0000] {logging_mixin.py:188} INFO - [2025-11-18T06:54:56.954+0000] {dag.py:3947} INFO - Setting next_dagrun for etl_strava_activities to 2025-11-18 03:00:00+00:00, run_after=2025-11-19 03:00:00+00:00
[2025-11-18T06:54:56.972+0000] {processor.py:183} INFO - Processing /opt/airflow/dags/pipeline_strava_activities.py took 0.139 seconds
[2025-11-18T07:26:40.156+0000] {processor.py:161} INFO - Started process (PID=2337) to work on /opt/airflow/dags/pipeline_strava_activities.py
[2025-11-18T07:26:40.158+0000] {processor.py:830} INFO - Processing file /opt/airflow/dags/pipeline_strava_activities.py for tasks to queue
[2025-11-18T07:26:40.163+0000] {logging_mixin.py:188} INFO - [2025-11-18T07:26:40.162+0000] {dagbag.py:545} INFO - Filling up the DagBag from /opt/airflow/dags/pipeline_strava_activities.py
[2025-11-18T07:26:40.191+0000] {processor.py:840} INFO - DAG(s) 'etl_strava_activities' retrieved from /opt/airflow/dags/pipeline_strava_activities.py
[2025-11-18T07:26:40.249+0000] {logging_mixin.py:188} INFO - [2025-11-18T07:26:40.249+0000] {dag.py:3089} INFO - Sync 1 DAGs
[2025-11-18T07:26:40.280+0000] {logging_mixin.py:188} INFO - [2025-11-18T07:26:40.280+0000] {dag.py:3947} INFO - Setting next_dagrun for etl_strava_activities to 2025-11-18 03:00:00+00:00, run_after=2025-11-19 03:00:00+00:00
[2025-11-18T07:26:40.298+0000] {processor.py:183} INFO - Processing /opt/airflow/dags/pipeline_strava_activities.py took 0.158 seconds
[2025-11-18T07:43:25.219+0000] {processor.py:161} INFO - Started process (PID=2352) to work on /opt/airflow/dags/pipeline_strava_activities.py
[2025-11-18T07:43:25.221+0000] {processor.py:830} INFO - Processing file /opt/airflow/dags/pipeline_strava_activities.py for tasks to queue
[2025-11-18T07:43:25.225+0000] {logging_mixin.py:188} INFO - [2025-11-18T07:43:25.224+0000] {dagbag.py:545} INFO - Filling up the DagBag from /opt/airflow/dags/pipeline_strava_activities.py
[2025-11-18T07:43:25.258+0000] {processor.py:840} INFO - DAG(s) 'etl_strava_activities' retrieved from /opt/airflow/dags/pipeline_strava_activities.py
[2025-11-18T07:43:25.311+0000] {logging_mixin.py:188} INFO - [2025-11-18T07:43:25.310+0000] {dag.py:3089} INFO - Sync 1 DAGs
[2025-11-18T07:43:25.338+0000] {logging_mixin.py:188} INFO - [2025-11-18T07:43:25.338+0000] {dag.py:3947} INFO - Setting next_dagrun for etl_strava_activities to 2025-11-18 03:00:00+00:00, run_after=2025-11-19 03:00:00+00:00
[2025-11-18T07:43:25.359+0000] {processor.py:183} INFO - Processing /opt/airflow/dags/pipeline_strava_activities.py took 0.152 seconds
[2025-11-18T07:45:09.425+0000] {processor.py:161} INFO - Started process (PID=2367) to work on /opt/airflow/dags/pipeline_strava_activities.py
[2025-11-18T07:45:09.430+0000] {processor.py:830} INFO - Processing file /opt/airflow/dags/pipeline_strava_activities.py for tasks to queue
[2025-11-18T07:45:09.444+0000] {logging_mixin.py:188} INFO - [2025-11-18T07:45:09.443+0000] {dagbag.py:545} INFO - Filling up the DagBag from /opt/airflow/dags/pipeline_strava_activities.py
[2025-11-18T07:45:09.474+0000] {processor.py:840} INFO - DAG(s) 'etl_strava_activities' retrieved from /opt/airflow/dags/pipeline_strava_activities.py
[2025-11-18T07:45:09.533+0000] {logging_mixin.py:188} INFO - [2025-11-18T07:45:09.533+0000] {dag.py:3089} INFO - Sync 1 DAGs
[2025-11-18T07:45:09.569+0000] {logging_mixin.py:188} INFO - [2025-11-18T07:45:09.569+0000] {dag.py:3947} INFO - Setting next_dagrun for etl_strava_activities to 2025-11-18 03:00:00+00:00, run_after=2025-11-19 03:00:00+00:00
[2025-11-18T07:45:09.587+0000] {processor.py:183} INFO - Processing /opt/airflow/dags/pipeline_strava_activities.py took 0.177 seconds
[2025-11-18T07:46:04.789+0000] {processor.py:161} INFO - Started process (PID=2382) to work on /opt/airflow/dags/pipeline_strava_activities.py
[2025-11-18T07:46:04.792+0000] {processor.py:830} INFO - Processing file /opt/airflow/dags/pipeline_strava_activities.py for tasks to queue
[2025-11-18T07:46:04.796+0000] {logging_mixin.py:188} INFO - [2025-11-18T07:46:04.795+0000] {dagbag.py:545} INFO - Filling up the DagBag from /opt/airflow/dags/pipeline_strava_activities.py
[2025-11-18T07:46:04.822+0000] {processor.py:840} INFO - DAG(s) 'etl_strava_activities' retrieved from /opt/airflow/dags/pipeline_strava_activities.py
[2025-11-18T07:46:04.880+0000] {logging_mixin.py:188} INFO - [2025-11-18T07:46:04.879+0000] {dag.py:3089} INFO - Sync 1 DAGs
[2025-11-18T07:46:04.915+0000] {logging_mixin.py:188} INFO - [2025-11-18T07:46:04.915+0000] {dag.py:3947} INFO - Setting next_dagrun for etl_strava_activities to 2025-11-18 03:00:00+00:00, run_after=2025-11-19 03:00:00+00:00
[2025-11-18T07:46:04.937+0000] {processor.py:183} INFO - Processing /opt/airflow/dags/pipeline_strava_activities.py took 0.160 seconds
[2025-11-18T08:03:13.957+0000] {processor.py:161} INFO - Started process (PID=2397) to work on /opt/airflow/dags/pipeline_strava_activities.py
[2025-11-18T08:03:13.959+0000] {processor.py:830} INFO - Processing file /opt/airflow/dags/pipeline_strava_activities.py for tasks to queue
[2025-11-18T08:03:13.963+0000] {logging_mixin.py:188} INFO - [2025-11-18T08:03:13.962+0000] {dagbag.py:545} INFO - Filling up the DagBag from /opt/airflow/dags/pipeline_strava_activities.py
[2025-11-18T08:03:13.980+0000] {processor.py:840} INFO - DAG(s) 'etl_strava_activities' retrieved from /opt/airflow/dags/pipeline_strava_activities.py
[2025-11-18T08:03:14.025+0000] {logging_mixin.py:188} INFO - [2025-11-18T08:03:14.025+0000] {dag.py:3089} INFO - Sync 1 DAGs
[2025-11-18T08:03:14.058+0000] {logging_mixin.py:188} INFO - [2025-11-18T08:03:14.058+0000] {dag.py:3947} INFO - Setting next_dagrun for etl_strava_activities to 2025-11-18 03:00:00+00:00, run_after=2025-11-19 03:00:00+00:00
[2025-11-18T08:03:14.085+0000] {processor.py:183} INFO - Processing /opt/airflow/dags/pipeline_strava_activities.py took 0.137 seconds
[2025-11-18T08:26:32.885+0000] {processor.py:161} INFO - Started process (PID=2412) to work on /opt/airflow/dags/pipeline_strava_activities.py
[2025-11-18T08:26:32.886+0000] {processor.py:830} INFO - Processing file /opt/airflow/dags/pipeline_strava_activities.py for tasks to queue
[2025-11-18T08:26:32.898+0000] {logging_mixin.py:188} INFO - [2025-11-18T08:26:32.895+0000] {dagbag.py:545} INFO - Filling up the DagBag from /opt/airflow/dags/pipeline_strava_activities.py
[2025-11-18T08:26:32.920+0000] {processor.py:840} INFO - DAG(s) 'etl_strava_activities' retrieved from /opt/airflow/dags/pipeline_strava_activities.py
[2025-11-18T08:26:32.975+0000] {logging_mixin.py:188} INFO - [2025-11-18T08:26:32.974+0000] {dag.py:3089} INFO - Sync 1 DAGs
[2025-11-18T08:26:33.020+0000] {logging_mixin.py:188} INFO - [2025-11-18T08:26:33.020+0000] {dag.py:3947} INFO - Setting next_dagrun for etl_strava_activities to 2025-11-18 03:00:00+00:00, run_after=2025-11-19 03:00:00+00:00
[2025-11-18T08:26:33.039+0000] {processor.py:183} INFO - Processing /opt/airflow/dags/pipeline_strava_activities.py took 0.161 seconds
[2025-11-18T08:28:16.972+0000] {processor.py:161} INFO - Started process (PID=2427) to work on /opt/airflow/dags/pipeline_strava_activities.py
[2025-11-18T08:28:16.975+0000] {processor.py:830} INFO - Processing file /opt/airflow/dags/pipeline_strava_activities.py for tasks to queue
[2025-11-18T08:28:16.980+0000] {logging_mixin.py:188} INFO - [2025-11-18T08:28:16.979+0000] {dagbag.py:545} INFO - Filling up the DagBag from /opt/airflow/dags/pipeline_strava_activities.py
[2025-11-18T08:28:17.003+0000] {processor.py:840} INFO - DAG(s) 'etl_strava_activities' retrieved from /opt/airflow/dags/pipeline_strava_activities.py
[2025-11-18T08:28:17.056+0000] {logging_mixin.py:188} INFO - [2025-11-18T08:28:17.056+0000] {dag.py:3089} INFO - Sync 1 DAGs
[2025-11-18T08:28:17.088+0000] {logging_mixin.py:188} INFO - [2025-11-18T08:28:17.087+0000] {dag.py:3947} INFO - Setting next_dagrun for etl_strava_activities to 2025-11-18 03:00:00+00:00, run_after=2025-11-19 03:00:00+00:00
[2025-11-18T08:28:17.108+0000] {processor.py:183} INFO - Processing /opt/airflow/dags/pipeline_strava_activities.py took 0.148 seconds
[2025-11-18T08:30:01.980+0000] {processor.py:161} INFO - Started process (PID=2442) to work on /opt/airflow/dags/pipeline_strava_activities.py
[2025-11-18T08:30:01.981+0000] {processor.py:830} INFO - Processing file /opt/airflow/dags/pipeline_strava_activities.py for tasks to queue
[2025-11-18T08:30:01.983+0000] {logging_mixin.py:188} INFO - [2025-11-18T08:30:01.983+0000] {dagbag.py:545} INFO - Filling up the DagBag from /opt/airflow/dags/pipeline_strava_activities.py
[2025-11-18T08:30:01.997+0000] {processor.py:840} INFO - DAG(s) 'etl_strava_activities' retrieved from /opt/airflow/dags/pipeline_strava_activities.py
[2025-11-18T08:30:02.046+0000] {logging_mixin.py:188} INFO - [2025-11-18T08:30:02.046+0000] {dag.py:3089} INFO - Sync 1 DAGs
[2025-11-18T08:30:02.075+0000] {logging_mixin.py:188} INFO - [2025-11-18T08:30:02.075+0000] {dag.py:3947} INFO - Setting next_dagrun for etl_strava_activities to 2025-11-18 03:00:00+00:00, run_after=2025-11-19 03:00:00+00:00
[2025-11-18T08:30:02.096+0000] {processor.py:183} INFO - Processing /opt/airflow/dags/pipeline_strava_activities.py took 0.123 seconds
[2025-11-18T08:48:49.067+0000] {processor.py:161} INFO - Started process (PID=2457) to work on /opt/airflow/dags/pipeline_strava_activities.py
[2025-11-18T08:48:49.072+0000] {processor.py:830} INFO - Processing file /opt/airflow/dags/pipeline_strava_activities.py for tasks to queue
[2025-11-18T08:48:49.078+0000] {logging_mixin.py:188} INFO - [2025-11-18T08:48:49.077+0000] {dagbag.py:545} INFO - Filling up the DagBag from /opt/airflow/dags/pipeline_strava_activities.py
[2025-11-18T08:48:49.120+0000] {processor.py:840} INFO - DAG(s) 'etl_strava_activities' retrieved from /opt/airflow/dags/pipeline_strava_activities.py
[2025-11-18T08:48:49.167+0000] {logging_mixin.py:188} INFO - [2025-11-18T08:48:49.167+0000] {dag.py:3089} INFO - Sync 1 DAGs
[2025-11-18T08:48:49.200+0000] {logging_mixin.py:188} INFO - [2025-11-18T08:48:49.200+0000] {dag.py:3947} INFO - Setting next_dagrun for etl_strava_activities to 2025-11-18 03:00:00+00:00, run_after=2025-11-19 03:00:00+00:00
[2025-11-18T08:48:49.219+0000] {processor.py:183} INFO - Processing /opt/airflow/dags/pipeline_strava_activities.py took 0.163 seconds
[2025-11-18T08:49:20.226+0000] {processor.py:161} INFO - Started process (PID=2472) to work on /opt/airflow/dags/pipeline_strava_activities.py
[2025-11-18T08:49:20.230+0000] {processor.py:830} INFO - Processing file /opt/airflow/dags/pipeline_strava_activities.py for tasks to queue
[2025-11-18T08:49:20.238+0000] {logging_mixin.py:188} INFO - [2025-11-18T08:49:20.237+0000] {dagbag.py:545} INFO - Filling up the DagBag from /opt/airflow/dags/pipeline_strava_activities.py
[2025-11-18T08:49:20.277+0000] {processor.py:840} INFO - DAG(s) 'etl_strava_activities' retrieved from /opt/airflow/dags/pipeline_strava_activities.py
[2025-11-18T08:49:20.378+0000] {logging_mixin.py:188} INFO - [2025-11-18T08:49:20.378+0000] {dag.py:3089} INFO - Sync 1 DAGs
[2025-11-18T08:49:20.430+0000] {logging_mixin.py:188} INFO - [2025-11-18T08:49:20.430+0000] {dag.py:3947} INFO - Setting next_dagrun for etl_strava_activities to 2025-11-18 03:00:00+00:00, run_after=2025-11-19 03:00:00+00:00
[2025-11-18T08:49:20.463+0000] {processor.py:183} INFO - Processing /opt/airflow/dags/pipeline_strava_activities.py took 0.248 seconds
[2025-11-18T09:06:30.233+0000] {processor.py:161} INFO - Started process (PID=2487) to work on /opt/airflow/dags/pipeline_strava_activities.py
[2025-11-18T09:06:30.235+0000] {processor.py:830} INFO - Processing file /opt/airflow/dags/pipeline_strava_activities.py for tasks to queue
[2025-11-18T09:06:30.239+0000] {logging_mixin.py:188} INFO - [2025-11-18T09:06:30.238+0000] {dagbag.py:545} INFO - Filling up the DagBag from /opt/airflow/dags/pipeline_strava_activities.py
[2025-11-18T09:06:30.260+0000] {processor.py:840} INFO - DAG(s) 'etl_strava_activities' retrieved from /opt/airflow/dags/pipeline_strava_activities.py
[2025-11-18T09:06:30.312+0000] {logging_mixin.py:188} INFO - [2025-11-18T09:06:30.311+0000] {dag.py:3089} INFO - Sync 1 DAGs
[2025-11-18T09:06:30.348+0000] {logging_mixin.py:188} INFO - [2025-11-18T09:06:30.348+0000] {dag.py:3947} INFO - Setting next_dagrun for etl_strava_activities to 2025-11-18 03:00:00+00:00, run_after=2025-11-19 03:00:00+00:00
[2025-11-18T09:06:30.366+0000] {processor.py:183} INFO - Processing /opt/airflow/dags/pipeline_strava_activities.py took 0.144 seconds
[2025-11-18T09:28:09.619+0000] {processor.py:161} INFO - Started process (PID=2502) to work on /opt/airflow/dags/pipeline_strava_activities.py
[2025-11-18T09:28:09.623+0000] {processor.py:830} INFO - Processing file /opt/airflow/dags/pipeline_strava_activities.py for tasks to queue
[2025-11-18T09:28:09.628+0000] {logging_mixin.py:188} INFO - [2025-11-18T09:28:09.627+0000] {dagbag.py:545} INFO - Filling up the DagBag from /opt/airflow/dags/pipeline_strava_activities.py
[2025-11-18T09:28:09.658+0000] {processor.py:840} INFO - DAG(s) 'etl_strava_activities' retrieved from /opt/airflow/dags/pipeline_strava_activities.py
[2025-11-18T09:28:09.735+0000] {logging_mixin.py:188} INFO - [2025-11-18T09:28:09.735+0000] {dag.py:3089} INFO - Sync 1 DAGs
[2025-11-18T09:28:09.760+0000] {logging_mixin.py:188} INFO - [2025-11-18T09:28:09.760+0000] {dag.py:3947} INFO - Setting next_dagrun for etl_strava_activities to 2025-11-18 03:00:00+00:00, run_after=2025-11-19 03:00:00+00:00
[2025-11-18T09:28:09.779+0000] {processor.py:183} INFO - Processing /opt/airflow/dags/pipeline_strava_activities.py took 0.168 seconds
[2025-11-18T09:29:53.685+0000] {processor.py:161} INFO - Started process (PID=2517) to work on /opt/airflow/dags/pipeline_strava_activities.py
[2025-11-18T09:29:53.688+0000] {processor.py:830} INFO - Processing file /opt/airflow/dags/pipeline_strava_activities.py for tasks to queue
[2025-11-18T09:29:53.691+0000] {logging_mixin.py:188} INFO - [2025-11-18T09:29:53.690+0000] {dagbag.py:545} INFO - Filling up the DagBag from /opt/airflow/dags/pipeline_strava_activities.py
[2025-11-18T09:29:53.711+0000] {processor.py:840} INFO - DAG(s) 'etl_strava_activities' retrieved from /opt/airflow/dags/pipeline_strava_activities.py
[2025-11-18T09:29:53.748+0000] {logging_mixin.py:188} INFO - [2025-11-18T09:29:53.748+0000] {dag.py:3089} INFO - Sync 1 DAGs
[2025-11-18T09:29:53.774+0000] {logging_mixin.py:188} INFO - [2025-11-18T09:29:53.774+0000] {dag.py:3947} INFO - Setting next_dagrun for etl_strava_activities to 2025-11-18 03:00:00+00:00, run_after=2025-11-19 03:00:00+00:00
[2025-11-18T09:29:53.791+0000] {processor.py:183} INFO - Processing /opt/airflow/dags/pipeline_strava_activities.py took 0.116 seconds
[2025-11-18T10:28:35.573+0000] {processor.py:161} INFO - Started process (PID=2532) to work on /opt/airflow/dags/pipeline_strava_activities.py
[2025-11-18T10:28:35.575+0000] {processor.py:830} INFO - Processing file /opt/airflow/dags/pipeline_strava_activities.py for tasks to queue
[2025-11-18T10:28:35.577+0000] {logging_mixin.py:188} INFO - [2025-11-18T10:28:35.577+0000] {dagbag.py:545} INFO - Filling up the DagBag from /opt/airflow/dags/pipeline_strava_activities.py
[2025-11-18T10:28:35.605+0000] {processor.py:840} INFO - DAG(s) 'etl_strava_activities' retrieved from /opt/airflow/dags/pipeline_strava_activities.py
[2025-11-18T10:28:35.649+0000] {logging_mixin.py:188} INFO - [2025-11-18T10:28:35.649+0000] {dag.py:3089} INFO - Sync 1 DAGs
[2025-11-18T10:28:35.673+0000] {logging_mixin.py:188} INFO - [2025-11-18T10:28:35.673+0000] {dag.py:3947} INFO - Setting next_dagrun for etl_strava_activities to 2025-11-18 03:00:00+00:00, run_after=2025-11-19 03:00:00+00:00
[2025-11-18T10:28:35.688+0000] {processor.py:183} INFO - Processing /opt/airflow/dags/pipeline_strava_activities.py took 0.123 seconds
[2025-11-18T10:30:19.683+0000] {processor.py:161} INFO - Started process (PID=2547) to work on /opt/airflow/dags/pipeline_strava_activities.py
[2025-11-18T10:30:19.685+0000] {processor.py:830} INFO - Processing file /opt/airflow/dags/pipeline_strava_activities.py for tasks to queue
[2025-11-18T10:30:19.688+0000] {logging_mixin.py:188} INFO - [2025-11-18T10:30:19.688+0000] {dagbag.py:545} INFO - Filling up the DagBag from /opt/airflow/dags/pipeline_strava_activities.py
[2025-11-18T10:30:19.709+0000] {processor.py:840} INFO - DAG(s) 'etl_strava_activities' retrieved from /opt/airflow/dags/pipeline_strava_activities.py
[2025-11-18T10:30:19.750+0000] {logging_mixin.py:188} INFO - [2025-11-18T10:30:19.750+0000] {dag.py:3089} INFO - Sync 1 DAGs
[2025-11-18T10:30:19.771+0000] {logging_mixin.py:188} INFO - [2025-11-18T10:30:19.771+0000] {dag.py:3947} INFO - Setting next_dagrun for etl_strava_activities to 2025-11-18 03:00:00+00:00, run_after=2025-11-19 03:00:00+00:00
[2025-11-18T10:30:19.785+0000] {processor.py:183} INFO - Processing /opt/airflow/dags/pipeline_strava_activities.py took 0.112 seconds
[2025-11-18T10:31:14.993+0000] {processor.py:161} INFO - Started process (PID=2562) to work on /opt/airflow/dags/pipeline_strava_activities.py
[2025-11-18T10:31:14.997+0000] {processor.py:830} INFO - Processing file /opt/airflow/dags/pipeline_strava_activities.py for tasks to queue
[2025-11-18T10:31:14.999+0000] {logging_mixin.py:188} INFO - [2025-11-18T10:31:14.999+0000] {dagbag.py:545} INFO - Filling up the DagBag from /opt/airflow/dags/pipeline_strava_activities.py
[2025-11-18T10:31:15.012+0000] {processor.py:840} INFO - DAG(s) 'etl_strava_activities' retrieved from /opt/airflow/dags/pipeline_strava_activities.py
[2025-11-18T10:31:15.041+0000] {logging_mixin.py:188} INFO - [2025-11-18T10:31:15.041+0000] {dag.py:3089} INFO - Sync 1 DAGs
[2025-11-18T10:31:15.061+0000] {logging_mixin.py:188} INFO - [2025-11-18T10:31:15.061+0000] {dag.py:3947} INFO - Setting next_dagrun for etl_strava_activities to 2025-11-18 03:00:00+00:00, run_after=2025-11-19 03:00:00+00:00
[2025-11-18T10:31:15.083+0000] {processor.py:183} INFO - Processing /opt/airflow/dags/pipeline_strava_activities.py took 0.099 seconds
[2025-11-18T10:47:59.943+0000] {processor.py:161} INFO - Started process (PID=2577) to work on /opt/airflow/dags/pipeline_strava_activities.py
[2025-11-18T10:47:59.947+0000] {processor.py:830} INFO - Processing file /opt/airflow/dags/pipeline_strava_activities.py for tasks to queue
[2025-11-18T10:47:59.950+0000] {logging_mixin.py:188} INFO - [2025-11-18T10:47:59.949+0000] {dagbag.py:545} INFO - Filling up the DagBag from /opt/airflow/dags/pipeline_strava_activities.py
[2025-11-18T10:47:59.967+0000] {processor.py:840} INFO - DAG(s) 'etl_strava_activities' retrieved from /opt/airflow/dags/pipeline_strava_activities.py
[2025-11-18T10:48:00.076+0000] {logging_mixin.py:188} INFO - [2025-11-18T10:48:00.076+0000] {dag.py:3089} INFO - Sync 1 DAGs
[2025-11-18T10:48:00.110+0000] {logging_mixin.py:188} INFO - [2025-11-18T10:48:00.109+0000] {dag.py:3947} INFO - Setting next_dagrun for etl_strava_activities to 2025-11-18 03:00:00+00:00, run_after=2025-11-19 03:00:00+00:00
[2025-11-18T10:48:00.134+0000] {processor.py:183} INFO - Processing /opt/airflow/dags/pipeline_strava_activities.py took 0.208 seconds
[2025-11-18T10:49:44.994+0000] {processor.py:161} INFO - Started process (PID=2592) to work on /opt/airflow/dags/pipeline_strava_activities.py
[2025-11-18T10:49:44.997+0000] {processor.py:830} INFO - Processing file /opt/airflow/dags/pipeline_strava_activities.py for tasks to queue
[2025-11-18T10:49:45.000+0000] {logging_mixin.py:188} INFO - [2025-11-18T10:49:45.000+0000] {dagbag.py:545} INFO - Filling up the DagBag from /opt/airflow/dags/pipeline_strava_activities.py
[2025-11-18T10:49:45.018+0000] {processor.py:840} INFO - DAG(s) 'etl_strava_activities' retrieved from /opt/airflow/dags/pipeline_strava_activities.py
[2025-11-18T10:49:45.056+0000] {logging_mixin.py:188} INFO - [2025-11-18T10:49:45.056+0000] {dag.py:3089} INFO - Sync 1 DAGs
[2025-11-18T10:49:45.077+0000] {logging_mixin.py:188} INFO - [2025-11-18T10:49:45.077+0000] {dag.py:3947} INFO - Setting next_dagrun for etl_strava_activities to 2025-11-18 03:00:00+00:00, run_after=2025-11-19 03:00:00+00:00
[2025-11-18T10:49:45.092+0000] {processor.py:183} INFO - Processing /opt/airflow/dags/pipeline_strava_activities.py took 0.108 seconds
[2025-11-18T11:30:41.309+0000] {processor.py:161} INFO - Started process (PID=2607) to work on /opt/airflow/dags/pipeline_strava_activities.py
[2025-11-18T11:30:41.311+0000] {processor.py:830} INFO - Processing file /opt/airflow/dags/pipeline_strava_activities.py for tasks to queue
[2025-11-18T11:30:41.316+0000] {logging_mixin.py:188} INFO - [2025-11-18T11:30:41.315+0000] {dagbag.py:545} INFO - Filling up the DagBag from /opt/airflow/dags/pipeline_strava_activities.py
[2025-11-18T11:30:41.343+0000] {processor.py:840} INFO - DAG(s) 'etl_strava_activities' retrieved from /opt/airflow/dags/pipeline_strava_activities.py
[2025-11-18T11:30:41.379+0000] {logging_mixin.py:188} INFO - [2025-11-18T11:30:41.379+0000] {dag.py:3089} INFO - Sync 1 DAGs
[2025-11-18T11:30:41.406+0000] {logging_mixin.py:188} INFO - [2025-11-18T11:30:41.406+0000] {dag.py:3947} INFO - Setting next_dagrun for etl_strava_activities to 2025-11-18 03:00:00+00:00, run_after=2025-11-19 03:00:00+00:00
[2025-11-18T11:30:41.423+0000] {processor.py:183} INFO - Processing /opt/airflow/dags/pipeline_strava_activities.py took 0.140 seconds
[2025-11-18T11:32:26.437+0000] {processor.py:161} INFO - Started process (PID=2622) to work on /opt/airflow/dags/pipeline_strava_activities.py
[2025-11-18T11:32:26.450+0000] {processor.py:830} INFO - Processing file /opt/airflow/dags/pipeline_strava_activities.py for tasks to queue
[2025-11-18T11:32:26.455+0000] {logging_mixin.py:188} INFO - [2025-11-18T11:32:26.454+0000] {dagbag.py:545} INFO - Filling up the DagBag from /opt/airflow/dags/pipeline_strava_activities.py
[2025-11-18T11:32:26.481+0000] {processor.py:840} INFO - DAG(s) 'etl_strava_activities' retrieved from /opt/airflow/dags/pipeline_strava_activities.py
[2025-11-18T11:32:26.546+0000] {logging_mixin.py:188} INFO - [2025-11-18T11:32:26.546+0000] {dag.py:3089} INFO - Sync 1 DAGs
[2025-11-18T11:32:26.574+0000] {logging_mixin.py:188} INFO - [2025-11-18T11:32:26.573+0000] {dag.py:3947} INFO - Setting next_dagrun for etl_strava_activities to 2025-11-18 03:00:00+00:00, run_after=2025-11-19 03:00:00+00:00
[2025-11-18T11:32:26.589+0000] {processor.py:183} INFO - Processing /opt/airflow/dags/pipeline_strava_activities.py took 0.177 seconds
[2025-11-18T12:46:15.556+0000] {processor.py:161} INFO - Started process (PID=2637) to work on /opt/airflow/dags/pipeline_strava_activities.py
[2025-11-18T12:46:15.557+0000] {processor.py:830} INFO - Processing file /opt/airflow/dags/pipeline_strava_activities.py for tasks to queue
[2025-11-18T12:46:15.560+0000] {logging_mixin.py:188} INFO - [2025-11-18T12:46:15.559+0000] {dagbag.py:545} INFO - Filling up the DagBag from /opt/airflow/dags/pipeline_strava_activities.py
[2025-11-18T12:46:15.583+0000] {processor.py:840} INFO - DAG(s) 'etl_strava_activities' retrieved from /opt/airflow/dags/pipeline_strava_activities.py
[2025-11-18T12:46:15.629+0000] {logging_mixin.py:188} INFO - [2025-11-18T12:46:15.628+0000] {dag.py:3089} INFO - Sync 1 DAGs
[2025-11-18T12:46:15.659+0000] {logging_mixin.py:188} INFO - [2025-11-18T12:46:15.658+0000] {dag.py:3947} INFO - Setting next_dagrun for etl_strava_activities to 2025-11-18 03:00:00+00:00, run_after=2025-11-19 03:00:00+00:00
[2025-11-18T12:46:15.676+0000] {processor.py:183} INFO - Processing /opt/airflow/dags/pipeline_strava_activities.py took 0.130 seconds
[2025-11-18T12:48:00.643+0000] {processor.py:161} INFO - Started process (PID=2652) to work on /opt/airflow/dags/pipeline_strava_activities.py
[2025-11-18T12:48:00.647+0000] {processor.py:830} INFO - Processing file /opt/airflow/dags/pipeline_strava_activities.py for tasks to queue
[2025-11-18T12:48:00.650+0000] {logging_mixin.py:188} INFO - [2025-11-18T12:48:00.649+0000] {dagbag.py:545} INFO - Filling up the DagBag from /opt/airflow/dags/pipeline_strava_activities.py
[2025-11-18T12:48:00.669+0000] {processor.py:840} INFO - DAG(s) 'etl_strava_activities' retrieved from /opt/airflow/dags/pipeline_strava_activities.py
[2025-11-18T12:48:00.707+0000] {logging_mixin.py:188} INFO - [2025-11-18T12:48:00.707+0000] {dag.py:3089} INFO - Sync 1 DAGs
[2025-11-18T12:48:00.729+0000] {logging_mixin.py:188} INFO - [2025-11-18T12:48:00.729+0000] {dag.py:3947} INFO - Setting next_dagrun for etl_strava_activities to 2025-11-18 03:00:00+00:00, run_after=2025-11-19 03:00:00+00:00
[2025-11-18T12:48:00.745+0000] {processor.py:183} INFO - Processing /opt/airflow/dags/pipeline_strava_activities.py took 0.108 seconds
[2025-11-18T12:49:19.849+0000] {processor.py:161} INFO - Started process (PID=2667) to work on /opt/airflow/dags/pipeline_strava_activities.py
[2025-11-18T12:49:19.855+0000] {processor.py:830} INFO - Processing file /opt/airflow/dags/pipeline_strava_activities.py for tasks to queue
[2025-11-18T12:49:19.859+0000] {logging_mixin.py:188} INFO - [2025-11-18T12:49:19.858+0000] {dagbag.py:545} INFO - Filling up the DagBag from /opt/airflow/dags/pipeline_strava_activities.py
[2025-11-18T12:49:19.884+0000] {processor.py:840} INFO - DAG(s) 'etl_strava_activities' retrieved from /opt/airflow/dags/pipeline_strava_activities.py
[2025-11-18T12:49:19.936+0000] {logging_mixin.py:188} INFO - [2025-11-18T12:49:19.936+0000] {dag.py:3089} INFO - Sync 1 DAGs
[2025-11-18T12:49:19.982+0000] {logging_mixin.py:188} INFO - [2025-11-18T12:49:19.982+0000] {dag.py:3947} INFO - Setting next_dagrun for etl_strava_activities to 2025-11-18 03:00:00+00:00, run_after=2025-11-19 03:00:00+00:00
[2025-11-18T12:49:20.000+0000] {processor.py:183} INFO - Processing /opt/airflow/dags/pipeline_strava_activities.py took 0.160 seconds
[2025-11-18T13:32:52.463+0000] {processor.py:161} INFO - Started process (PID=2682) to work on /opt/airflow/dags/pipeline_strava_activities.py
[2025-11-18T13:32:52.466+0000] {processor.py:830} INFO - Processing file /opt/airflow/dags/pipeline_strava_activities.py for tasks to queue
[2025-11-18T13:32:52.470+0000] {logging_mixin.py:188} INFO - [2025-11-18T13:32:52.469+0000] {dagbag.py:545} INFO - Filling up the DagBag from /opt/airflow/dags/pipeline_strava_activities.py
[2025-11-18T13:32:52.490+0000] {processor.py:840} INFO - DAG(s) 'etl_strava_activities' retrieved from /opt/airflow/dags/pipeline_strava_activities.py
[2025-11-18T13:32:52.531+0000] {logging_mixin.py:188} INFO - [2025-11-18T13:32:52.530+0000] {dag.py:3089} INFO - Sync 1 DAGs
[2025-11-18T13:32:52.557+0000] {logging_mixin.py:188} INFO - [2025-11-18T13:32:52.557+0000] {dag.py:3947} INFO - Setting next_dagrun for etl_strava_activities to 2025-11-18 03:00:00+00:00, run_after=2025-11-19 03:00:00+00:00
[2025-11-18T13:32:52.573+0000] {processor.py:183} INFO - Processing /opt/airflow/dags/pipeline_strava_activities.py took 0.124 seconds
[2025-11-18T13:34:36.487+0000] {processor.py:161} INFO - Started process (PID=2697) to work on /opt/airflow/dags/pipeline_strava_activities.py
[2025-11-18T13:34:36.488+0000] {processor.py:830} INFO - Processing file /opt/airflow/dags/pipeline_strava_activities.py for tasks to queue
[2025-11-18T13:34:36.490+0000] {logging_mixin.py:188} INFO - [2025-11-18T13:34:36.489+0000] {dagbag.py:545} INFO - Filling up the DagBag from /opt/airflow/dags/pipeline_strava_activities.py
[2025-11-18T13:34:36.504+0000] {processor.py:840} INFO - DAG(s) 'etl_strava_activities' retrieved from /opt/airflow/dags/pipeline_strava_activities.py
[2025-11-18T13:34:36.535+0000] {logging_mixin.py:188} INFO - [2025-11-18T13:34:36.535+0000] {dag.py:3089} INFO - Sync 1 DAGs
[2025-11-18T13:34:36.559+0000] {logging_mixin.py:188} INFO - [2025-11-18T13:34:36.558+0000] {dag.py:3947} INFO - Setting next_dagrun for etl_strava_activities to 2025-11-18 03:00:00+00:00, run_after=2025-11-19 03:00:00+00:00
[2025-11-18T13:34:36.573+0000] {processor.py:183} INFO - Processing /opt/airflow/dags/pipeline_strava_activities.py took 0.090 seconds
[2025-11-18T14:32:49.960+0000] {processor.py:161} INFO - Started process (PID=2712) to work on /opt/airflow/dags/pipeline_strava_activities.py
[2025-11-18T14:32:49.964+0000] {processor.py:830} INFO - Processing file /opt/airflow/dags/pipeline_strava_activities.py for tasks to queue
[2025-11-18T14:32:49.966+0000] {logging_mixin.py:188} INFO - [2025-11-18T14:32:49.966+0000] {dagbag.py:545} INFO - Filling up the DagBag from /opt/airflow/dags/pipeline_strava_activities.py
[2025-11-18T14:32:49.984+0000] {processor.py:840} INFO - DAG(s) 'etl_strava_activities' retrieved from /opt/airflow/dags/pipeline_strava_activities.py
[2025-11-18T14:32:50.032+0000] {logging_mixin.py:188} INFO - [2025-11-18T14:32:50.032+0000] {dag.py:3089} INFO - Sync 1 DAGs
[2025-11-18T14:32:50.060+0000] {logging_mixin.py:188} INFO - [2025-11-18T14:32:50.060+0000] {dag.py:3947} INFO - Setting next_dagrun for etl_strava_activities to 2025-11-18 03:00:00+00:00, run_after=2025-11-19 03:00:00+00:00
[2025-11-18T14:32:50.076+0000] {processor.py:183} INFO - Processing /opt/airflow/dags/pipeline_strava_activities.py took 0.123 seconds
[2025-11-18T14:49:33.211+0000] {processor.py:161} INFO - Started process (PID=2727) to work on /opt/airflow/dags/pipeline_strava_activities.py
[2025-11-18T14:49:33.214+0000] {processor.py:830} INFO - Processing file /opt/airflow/dags/pipeline_strava_activities.py for tasks to queue
[2025-11-18T14:49:33.217+0000] {logging_mixin.py:188} INFO - [2025-11-18T14:49:33.217+0000] {dagbag.py:545} INFO - Filling up the DagBag from /opt/airflow/dags/pipeline_strava_activities.py
[2025-11-18T14:49:33.239+0000] {processor.py:840} INFO - DAG(s) 'etl_strava_activities' retrieved from /opt/airflow/dags/pipeline_strava_activities.py
[2025-11-18T14:49:33.278+0000] {logging_mixin.py:188} INFO - [2025-11-18T14:49:33.277+0000] {dag.py:3089} INFO - Sync 1 DAGs
[2025-11-18T14:49:33.306+0000] {logging_mixin.py:188} INFO - [2025-11-18T14:49:33.306+0000] {dag.py:3947} INFO - Setting next_dagrun for etl_strava_activities to 2025-11-18 03:00:00+00:00, run_after=2025-11-19 03:00:00+00:00
[2025-11-18T14:49:33.327+0000] {processor.py:183} INFO - Processing /opt/airflow/dags/pipeline_strava_activities.py took 0.125 seconds
[2025-11-18T15:08:00.530+0000] {processor.py:161} INFO - Started process (PID=2742) to work on /opt/airflow/dags/pipeline_strava_activities.py
[2025-11-18T15:08:00.533+0000] {processor.py:830} INFO - Processing file /opt/airflow/dags/pipeline_strava_activities.py for tasks to queue
[2025-11-18T15:08:00.543+0000] {logging_mixin.py:188} INFO - [2025-11-18T15:08:00.541+0000] {dagbag.py:545} INFO - Filling up the DagBag from /opt/airflow/dags/pipeline_strava_activities.py
[2025-11-18T15:08:00.626+0000] {processor.py:840} INFO - DAG(s) 'etl_strava_activities' retrieved from /opt/airflow/dags/pipeline_strava_activities.py
[2025-11-18T15:08:00.691+0000] {logging_mixin.py:188} INFO - [2025-11-18T15:08:00.690+0000] {dag.py:3089} INFO - Sync 1 DAGs
[2025-11-18T15:08:00.736+0000] {logging_mixin.py:188} INFO - [2025-11-18T15:08:00.736+0000] {dag.py:3947} INFO - Setting next_dagrun for etl_strava_activities to 2025-11-18 03:00:00+00:00, run_after=2025-11-19 03:00:00+00:00
[2025-11-18T15:08:00.754+0000] {processor.py:183} INFO - Processing /opt/airflow/dags/pipeline_strava_activities.py took 0.241 seconds
[2025-11-18T15:09:19.732+0000] {processor.py:161} INFO - Started process (PID=2757) to work on /opt/airflow/dags/pipeline_strava_activities.py
[2025-11-18T15:09:19.735+0000] {processor.py:830} INFO - Processing file /opt/airflow/dags/pipeline_strava_activities.py for tasks to queue
[2025-11-18T15:09:19.738+0000] {logging_mixin.py:188} INFO - [2025-11-18T15:09:19.737+0000] {dagbag.py:545} INFO - Filling up the DagBag from /opt/airflow/dags/pipeline_strava_activities.py
[2025-11-18T15:09:19.790+0000] {processor.py:840} INFO - DAG(s) 'etl_strava_activities' retrieved from /opt/airflow/dags/pipeline_strava_activities.py
[2025-11-18T15:09:19.849+0000] {logging_mixin.py:188} INFO - [2025-11-18T15:09:19.848+0000] {dag.py:3089} INFO - Sync 1 DAGs
[2025-11-18T15:09:19.897+0000] {logging_mixin.py:188} INFO - [2025-11-18T15:09:19.897+0000] {dag.py:3947} INFO - Setting next_dagrun for etl_strava_activities to 2025-11-18 03:00:00+00:00, run_after=2025-11-19 03:00:00+00:00
[2025-11-18T15:09:19.915+0000] {processor.py:183} INFO - Processing /opt/airflow/dags/pipeline_strava_activities.py took 0.195 seconds
[2025-11-18T15:10:40.012+0000] {processor.py:161} INFO - Started process (PID=2772) to work on /opt/airflow/dags/pipeline_strava_activities.py
[2025-11-18T15:10:40.023+0000] {processor.py:830} INFO - Processing file /opt/airflow/dags/pipeline_strava_activities.py for tasks to queue
[2025-11-18T15:10:40.026+0000] {logging_mixin.py:188} INFO - [2025-11-18T15:10:40.025+0000] {dagbag.py:545} INFO - Filling up the DagBag from /opt/airflow/dags/pipeline_strava_activities.py
[2025-11-18T15:10:40.062+0000] {processor.py:840} INFO - DAG(s) 'etl_strava_activities' retrieved from /opt/airflow/dags/pipeline_strava_activities.py
[2025-11-18T15:10:40.155+0000] {logging_mixin.py:188} INFO - [2025-11-18T15:10:40.155+0000] {dag.py:3089} INFO - Sync 1 DAGs
[2025-11-18T15:10:40.183+0000] {logging_mixin.py:188} INFO - [2025-11-18T15:10:40.183+0000] {dag.py:3947} INFO - Setting next_dagrun for etl_strava_activities to 2025-11-18 03:00:00+00:00, run_after=2025-11-19 03:00:00+00:00
[2025-11-18T15:10:40.204+0000] {processor.py:183} INFO - Processing /opt/airflow/dags/pipeline_strava_activities.py took 0.205 seconds
[2025-11-18T15:27:50.051+0000] {processor.py:161} INFO - Started process (PID=2787) to work on /opt/airflow/dags/pipeline_strava_activities.py
[2025-11-18T15:27:50.053+0000] {processor.py:830} INFO - Processing file /opt/airflow/dags/pipeline_strava_activities.py for tasks to queue
[2025-11-18T15:27:50.056+0000] {logging_mixin.py:188} INFO - [2025-11-18T15:27:50.056+0000] {dagbag.py:545} INFO - Filling up the DagBag from /opt/airflow/dags/pipeline_strava_activities.py
[2025-11-18T15:27:50.076+0000] {processor.py:840} INFO - DAG(s) 'etl_strava_activities' retrieved from /opt/airflow/dags/pipeline_strava_activities.py
[2025-11-18T15:27:50.118+0000] {logging_mixin.py:188} INFO - [2025-11-18T15:27:50.118+0000] {dag.py:3089} INFO - Sync 1 DAGs
[2025-11-18T15:27:50.144+0000] {logging_mixin.py:188} INFO - [2025-11-18T15:27:50.144+0000] {dag.py:3947} INFO - Setting next_dagrun for etl_strava_activities to 2025-11-18 03:00:00+00:00, run_after=2025-11-19 03:00:00+00:00
[2025-11-18T15:27:50.160+0000] {processor.py:183} INFO - Processing /opt/airflow/dags/pipeline_strava_activities.py took 0.118 seconds
[2025-11-18T15:29:10.266+0000] {processor.py:161} INFO - Started process (PID=2802) to work on /opt/airflow/dags/pipeline_strava_activities.py
[2025-11-18T15:29:10.268+0000] {processor.py:830} INFO - Processing file /opt/airflow/dags/pipeline_strava_activities.py for tasks to queue
[2025-11-18T15:29:10.272+0000] {logging_mixin.py:188} INFO - [2025-11-18T15:29:10.270+0000] {dagbag.py:545} INFO - Filling up the DagBag from /opt/airflow/dags/pipeline_strava_activities.py
[2025-11-18T15:29:10.308+0000] {processor.py:840} INFO - DAG(s) 'etl_strava_activities' retrieved from /opt/airflow/dags/pipeline_strava_activities.py
[2025-11-18T15:29:10.371+0000] {logging_mixin.py:188} INFO - [2025-11-18T15:29:10.371+0000] {dag.py:3089} INFO - Sync 1 DAGs
[2025-11-18T15:29:10.403+0000] {logging_mixin.py:188} INFO - [2025-11-18T15:29:10.403+0000] {dag.py:3947} INFO - Setting next_dagrun for etl_strava_activities to 2025-11-18 03:00:00+00:00, run_after=2025-11-19 03:00:00+00:00
[2025-11-18T15:29:10.420+0000] {processor.py:183} INFO - Processing /opt/airflow/dags/pipeline_strava_activities.py took 0.164 seconds
[2025-11-18T16:34:40.220+0000] {processor.py:161} INFO - Started process (PID=2817) to work on /opt/airflow/dags/pipeline_strava_activities.py
[2025-11-18T16:34:40.224+0000] {processor.py:830} INFO - Processing file /opt/airflow/dags/pipeline_strava_activities.py for tasks to queue
[2025-11-18T16:34:40.227+0000] {logging_mixin.py:188} INFO - [2025-11-18T16:34:40.226+0000] {dagbag.py:545} INFO - Filling up the DagBag from /opt/airflow/dags/pipeline_strava_activities.py
[2025-11-18T16:34:40.258+0000] {processor.py:840} INFO - DAG(s) 'etl_strava_activities' retrieved from /opt/airflow/dags/pipeline_strava_activities.py
[2025-11-18T16:34:40.323+0000] {logging_mixin.py:188} INFO - [2025-11-18T16:34:40.323+0000] {dag.py:3089} INFO - Sync 1 DAGs
[2025-11-18T16:34:40.353+0000] {logging_mixin.py:188} INFO - [2025-11-18T16:34:40.353+0000] {dag.py:3947} INFO - Setting next_dagrun for etl_strava_activities to 2025-11-18 03:00:00+00:00, run_after=2025-11-19 03:00:00+00:00
[2025-11-18T16:34:40.382+0000] {processor.py:183} INFO - Processing /opt/airflow/dags/pipeline_strava_activities.py took 0.170 seconds
[2025-11-18T16:35:35.656+0000] {processor.py:161} INFO - Started process (PID=2832) to work on /opt/airflow/dags/pipeline_strava_activities.py
[2025-11-18T16:35:35.660+0000] {processor.py:830} INFO - Processing file /opt/airflow/dags/pipeline_strava_activities.py for tasks to queue
[2025-11-18T16:35:35.667+0000] {logging_mixin.py:188} INFO - [2025-11-18T16:35:35.666+0000] {dagbag.py:545} INFO - Filling up the DagBag from /opt/airflow/dags/pipeline_strava_activities.py
[2025-11-18T16:35:35.694+0000] {processor.py:840} INFO - DAG(s) 'etl_strava_activities' retrieved from /opt/airflow/dags/pipeline_strava_activities.py
[2025-11-18T16:35:35.745+0000] {logging_mixin.py:188} INFO - [2025-11-18T16:35:35.745+0000] {dag.py:3089} INFO - Sync 1 DAGs
[2025-11-18T16:35:35.792+0000] {logging_mixin.py:188} INFO - [2025-11-18T16:35:35.792+0000] {dag.py:3947} INFO - Setting next_dagrun for etl_strava_activities to 2025-11-18 03:00:00+00:00, run_after=2025-11-19 03:00:00+00:00
[2025-11-18T16:35:35.808+0000] {processor.py:183} INFO - Processing /opt/airflow/dags/pipeline_strava_activities.py took 0.162 seconds
[2025-11-18T16:42:22.664+0000] {processor.py:161} INFO - Started process (PID=2847) to work on /opt/airflow/dags/pipeline_strava_activities.py
[2025-11-18T16:42:22.665+0000] {processor.py:830} INFO - Processing file /opt/airflow/dags/pipeline_strava_activities.py for tasks to queue
[2025-11-18T16:42:22.669+0000] {logging_mixin.py:188} INFO - [2025-11-18T16:42:22.668+0000] {dagbag.py:545} INFO - Filling up the DagBag from /opt/airflow/dags/pipeline_strava_activities.py
[2025-11-18T16:42:22.697+0000] {processor.py:840} INFO - DAG(s) 'etl_strava_activities' retrieved from /opt/airflow/dags/pipeline_strava_activities.py
[2025-11-18T16:42:22.736+0000] {logging_mixin.py:188} INFO - [2025-11-18T16:42:22.736+0000] {dag.py:3089} INFO - Sync 1 DAGs
[2025-11-18T16:42:22.764+0000] {logging_mixin.py:188} INFO - [2025-11-18T16:42:22.764+0000] {dag.py:3947} INFO - Setting next_dagrun for etl_strava_activities to 2025-11-18 03:00:00+00:00, run_after=2025-11-19 03:00:00+00:00
[2025-11-18T16:42:22.780+0000] {processor.py:183} INFO - Processing /opt/airflow/dags/pipeline_strava_activities.py took 0.127 seconds
[2025-11-18T16:42:53.108+0000] {processor.py:161} INFO - Started process (PID=2862) to work on /opt/airflow/dags/pipeline_strava_activities.py
[2025-11-18T16:42:53.111+0000] {processor.py:830} INFO - Processing file /opt/airflow/dags/pipeline_strava_activities.py for tasks to queue
[2025-11-18T16:42:53.114+0000] {logging_mixin.py:188} INFO - [2025-11-18T16:42:53.113+0000] {dagbag.py:545} INFO - Filling up the DagBag from /opt/airflow/dags/pipeline_strava_activities.py
[2025-11-18T16:42:53.134+0000] {processor.py:840} INFO - DAG(s) 'etl_strava_activities' retrieved from /opt/airflow/dags/pipeline_strava_activities.py
[2025-11-18T16:42:53.173+0000] {logging_mixin.py:188} INFO - [2025-11-18T16:42:53.173+0000] {dag.py:3089} INFO - Sync 1 DAGs
[2025-11-18T16:42:53.198+0000] {logging_mixin.py:188} INFO - [2025-11-18T16:42:53.198+0000] {dag.py:3947} INFO - Setting next_dagrun for etl_strava_activities to 2025-11-18 03:00:00+00:00, run_after=2025-11-19 03:00:00+00:00
[2025-11-18T16:42:53.216+0000] {processor.py:183} INFO - Processing /opt/airflow/dags/pipeline_strava_activities.py took 0.118 seconds
[2025-11-18T16:43:23.614+0000] {processor.py:161} INFO - Started process (PID=2877) to work on /opt/airflow/dags/pipeline_strava_activities.py
[2025-11-18T16:43:23.618+0000] {processor.py:830} INFO - Processing file /opt/airflow/dags/pipeline_strava_activities.py for tasks to queue
[2025-11-18T16:43:23.631+0000] {logging_mixin.py:188} INFO - [2025-11-18T16:43:23.625+0000] {dagbag.py:545} INFO - Filling up the DagBag from /opt/airflow/dags/pipeline_strava_activities.py
[2025-11-18T16:43:23.686+0000] {processor.py:840} INFO - DAG(s) 'etl_strava_activities' retrieved from /opt/airflow/dags/pipeline_strava_activities.py
[2025-11-18T16:43:23.777+0000] {logging_mixin.py:188} INFO - [2025-11-18T16:43:23.776+0000] {dag.py:3089} INFO - Sync 1 DAGs
[2025-11-18T16:43:23.814+0000] {logging_mixin.py:188} INFO - [2025-11-18T16:43:23.813+0000] {dag.py:3947} INFO - Setting next_dagrun for etl_strava_activities to 2025-11-18 03:00:00+00:00, run_after=2025-11-19 03:00:00+00:00
[2025-11-18T16:43:23.848+0000] {processor.py:183} INFO - Processing /opt/airflow/dags/pipeline_strava_activities.py took 0.266 seconds
[2025-11-18T16:43:54.258+0000] {processor.py:161} INFO - Started process (PID=2892) to work on /opt/airflow/dags/pipeline_strava_activities.py
[2025-11-18T16:43:54.274+0000] {processor.py:830} INFO - Processing file /opt/airflow/dags/pipeline_strava_activities.py for tasks to queue
[2025-11-18T16:43:54.302+0000] {logging_mixin.py:188} INFO - [2025-11-18T16:43:54.297+0000] {dagbag.py:545} INFO - Filling up the DagBag from /opt/airflow/dags/pipeline_strava_activities.py
[2025-11-18T16:43:54.447+0000] {processor.py:840} INFO - DAG(s) 'etl_strava_activities' retrieved from /opt/airflow/dags/pipeline_strava_activities.py
[2025-11-18T16:43:54.532+0000] {logging_mixin.py:188} INFO - [2025-11-18T16:43:54.532+0000] {dag.py:3089} INFO - Sync 1 DAGs
[2025-11-18T16:43:54.597+0000] {logging_mixin.py:188} INFO - [2025-11-18T16:43:54.597+0000] {dag.py:3947} INFO - Setting next_dagrun for etl_strava_activities to 2025-11-18 03:00:00+00:00, run_after=2025-11-19 03:00:00+00:00
[2025-11-18T16:43:54.638+0000] {processor.py:183} INFO - Processing /opt/airflow/dags/pipeline_strava_activities.py took 0.453 seconds
[2025-11-18T16:44:25.047+0000] {processor.py:161} INFO - Started process (PID=2907) to work on /opt/airflow/dags/pipeline_strava_activities.py
[2025-11-18T16:44:25.049+0000] {processor.py:830} INFO - Processing file /opt/airflow/dags/pipeline_strava_activities.py for tasks to queue
[2025-11-18T16:44:25.053+0000] {logging_mixin.py:188} INFO - [2025-11-18T16:44:25.052+0000] {dagbag.py:545} INFO - Filling up the DagBag from /opt/airflow/dags/pipeline_strava_activities.py
[2025-11-18T16:44:25.084+0000] {processor.py:840} INFO - DAG(s) 'etl_strava_activities' retrieved from /opt/airflow/dags/pipeline_strava_activities.py
[2025-11-18T16:44:25.142+0000] {logging_mixin.py:188} INFO - [2025-11-18T16:44:25.141+0000] {dag.py:3089} INFO - Sync 1 DAGs
[2025-11-18T16:44:25.172+0000] {logging_mixin.py:188} INFO - [2025-11-18T16:44:25.172+0000] {dag.py:3947} INFO - Setting next_dagrun for etl_strava_activities to 2025-11-18 03:00:00+00:00, run_after=2025-11-19 03:00:00+00:00
[2025-11-18T16:44:25.195+0000] {processor.py:183} INFO - Processing /opt/airflow/dags/pipeline_strava_activities.py took 0.163 seconds
[2025-11-18T16:44:55.471+0000] {processor.py:161} INFO - Started process (PID=2922) to work on /opt/airflow/dags/pipeline_strava_activities.py
[2025-11-18T16:44:55.474+0000] {processor.py:830} INFO - Processing file /opt/airflow/dags/pipeline_strava_activities.py for tasks to queue
[2025-11-18T16:44:55.481+0000] {logging_mixin.py:188} INFO - [2025-11-18T16:44:55.478+0000] {dagbag.py:545} INFO - Filling up the DagBag from /opt/airflow/dags/pipeline_strava_activities.py
[2025-11-18T16:44:55.513+0000] {processor.py:840} INFO - DAG(s) 'etl_strava_activities' retrieved from /opt/airflow/dags/pipeline_strava_activities.py
[2025-11-18T16:44:55.574+0000] {logging_mixin.py:188} INFO - [2025-11-18T16:44:55.574+0000] {dag.py:3089} INFO - Sync 1 DAGs
[2025-11-18T16:44:55.607+0000] {logging_mixin.py:188} INFO - [2025-11-18T16:44:55.607+0000] {dag.py:3947} INFO - Setting next_dagrun for etl_strava_activities to 2025-11-18 03:00:00+00:00, run_after=2025-11-19 03:00:00+00:00
[2025-11-18T16:44:55.631+0000] {processor.py:183} INFO - Processing /opt/airflow/dags/pipeline_strava_activities.py took 0.175 seconds
[2025-11-18T16:45:25.951+0000] {processor.py:161} INFO - Started process (PID=2937) to work on /opt/airflow/dags/pipeline_strava_activities.py
[2025-11-18T16:45:25.962+0000] {processor.py:830} INFO - Processing file /opt/airflow/dags/pipeline_strava_activities.py for tasks to queue
[2025-11-18T16:45:25.965+0000] {logging_mixin.py:188} INFO - [2025-11-18T16:45:25.965+0000] {dagbag.py:545} INFO - Filling up the DagBag from /opt/airflow/dags/pipeline_strava_activities.py
[2025-11-18T16:45:25.988+0000] {processor.py:840} INFO - DAG(s) 'etl_strava_activities' retrieved from /opt/airflow/dags/pipeline_strava_activities.py
[2025-11-18T16:45:26.043+0000] {logging_mixin.py:188} INFO - [2025-11-18T16:45:26.043+0000] {dag.py:3089} INFO - Sync 1 DAGs
[2025-11-18T16:45:26.079+0000] {logging_mixin.py:188} INFO - [2025-11-18T16:45:26.079+0000] {dag.py:3947} INFO - Setting next_dagrun for etl_strava_activities to 2025-11-18 03:00:00+00:00, run_after=2025-11-19 03:00:00+00:00
[2025-11-18T16:45:26.101+0000] {processor.py:183} INFO - Processing /opt/airflow/dags/pipeline_strava_activities.py took 0.161 seconds
[2025-11-18T16:45:56.407+0000] {processor.py:161} INFO - Started process (PID=2952) to work on /opt/airflow/dags/pipeline_strava_activities.py
[2025-11-18T16:45:56.410+0000] {processor.py:830} INFO - Processing file /opt/airflow/dags/pipeline_strava_activities.py for tasks to queue
[2025-11-18T16:45:56.415+0000] {logging_mixin.py:188} INFO - [2025-11-18T16:45:56.414+0000] {dagbag.py:545} INFO - Filling up the DagBag from /opt/airflow/dags/pipeline_strava_activities.py
[2025-11-18T16:45:56.455+0000] {processor.py:840} INFO - DAG(s) 'etl_strava_activities' retrieved from /opt/airflow/dags/pipeline_strava_activities.py
[2025-11-18T16:45:56.509+0000] {logging_mixin.py:188} INFO - [2025-11-18T16:45:56.508+0000] {dag.py:3089} INFO - Sync 1 DAGs
[2025-11-18T16:45:56.541+0000] {logging_mixin.py:188} INFO - [2025-11-18T16:45:56.541+0000] {dag.py:3947} INFO - Setting next_dagrun for etl_strava_activities to 2025-11-18 03:00:00+00:00, run_after=2025-11-19 03:00:00+00:00
[2025-11-18T16:45:56.564+0000] {processor.py:183} INFO - Processing /opt/airflow/dags/pipeline_strava_activities.py took 0.175 seconds
[2025-11-18T16:46:26.885+0000] {processor.py:161} INFO - Started process (PID=2967) to work on /opt/airflow/dags/pipeline_strava_activities.py
[2025-11-18T16:46:26.888+0000] {processor.py:830} INFO - Processing file /opt/airflow/dags/pipeline_strava_activities.py for tasks to queue
[2025-11-18T16:46:26.892+0000] {logging_mixin.py:188} INFO - [2025-11-18T16:46:26.891+0000] {dagbag.py:545} INFO - Filling up the DagBag from /opt/airflow/dags/pipeline_strava_activities.py
[2025-11-18T16:46:26.913+0000] {processor.py:840} INFO - DAG(s) 'etl_strava_activities' retrieved from /opt/airflow/dags/pipeline_strava_activities.py
[2025-11-18T16:46:26.989+0000] {logging_mixin.py:188} INFO - [2025-11-18T16:46:26.989+0000] {dag.py:3089} INFO - Sync 1 DAGs
[2025-11-18T16:46:27.019+0000] {logging_mixin.py:188} INFO - [2025-11-18T16:46:27.019+0000] {dag.py:3947} INFO - Setting next_dagrun for etl_strava_activities to 2025-11-18 03:00:00+00:00, run_after=2025-11-19 03:00:00+00:00
[2025-11-18T16:46:27.036+0000] {processor.py:183} INFO - Processing /opt/airflow/dags/pipeline_strava_activities.py took 0.164 seconds
[2025-11-18T16:46:57.454+0000] {processor.py:161} INFO - Started process (PID=2982) to work on /opt/airflow/dags/pipeline_strava_activities.py
[2025-11-18T16:46:57.457+0000] {processor.py:830} INFO - Processing file /opt/airflow/dags/pipeline_strava_activities.py for tasks to queue
[2025-11-18T16:46:57.461+0000] {logging_mixin.py:188} INFO - [2025-11-18T16:46:57.460+0000] {dagbag.py:545} INFO - Filling up the DagBag from /opt/airflow/dags/pipeline_strava_activities.py
[2025-11-18T16:46:57.492+0000] {processor.py:840} INFO - DAG(s) 'etl_strava_activities' retrieved from /opt/airflow/dags/pipeline_strava_activities.py
[2025-11-18T16:46:57.548+0000] {logging_mixin.py:188} INFO - [2025-11-18T16:46:57.548+0000] {dag.py:3089} INFO - Sync 1 DAGs
[2025-11-18T16:46:57.574+0000] {logging_mixin.py:188} INFO - [2025-11-18T16:46:57.574+0000] {dag.py:3947} INFO - Setting next_dagrun for etl_strava_activities to 2025-11-18 03:00:00+00:00, run_after=2025-11-19 03:00:00+00:00
[2025-11-18T16:46:57.606+0000] {processor.py:183} INFO - Processing /opt/airflow/dags/pipeline_strava_activities.py took 0.166 seconds
[2025-11-18T16:47:28.033+0000] {processor.py:161} INFO - Started process (PID=2997) to work on /opt/airflow/dags/pipeline_strava_activities.py
[2025-11-18T16:47:28.036+0000] {processor.py:830} INFO - Processing file /opt/airflow/dags/pipeline_strava_activities.py for tasks to queue
[2025-11-18T16:47:28.042+0000] {logging_mixin.py:188} INFO - [2025-11-18T16:47:28.041+0000] {dagbag.py:545} INFO - Filling up the DagBag from /opt/airflow/dags/pipeline_strava_activities.py
[2025-11-18T16:47:28.084+0000] {processor.py:840} INFO - DAG(s) 'etl_strava_activities' retrieved from /opt/airflow/dags/pipeline_strava_activities.py
[2025-11-18T16:47:28.170+0000] {logging_mixin.py:188} INFO - [2025-11-18T16:47:28.170+0000] {dag.py:3089} INFO - Sync 1 DAGs
[2025-11-18T16:47:28.201+0000] {logging_mixin.py:188} INFO - [2025-11-18T16:47:28.200+0000] {dag.py:3947} INFO - Setting next_dagrun for etl_strava_activities to 2025-11-18 03:00:00+00:00, run_after=2025-11-19 03:00:00+00:00
[2025-11-18T16:47:28.221+0000] {processor.py:183} INFO - Processing /opt/airflow/dags/pipeline_strava_activities.py took 0.210 seconds
[2025-11-18T16:47:58.527+0000] {processor.py:161} INFO - Started process (PID=3012) to work on /opt/airflow/dags/pipeline_strava_activities.py
[2025-11-18T16:47:58.534+0000] {processor.py:830} INFO - Processing file /opt/airflow/dags/pipeline_strava_activities.py for tasks to queue
[2025-11-18T16:47:58.540+0000] {logging_mixin.py:188} INFO - [2025-11-18T16:47:58.539+0000] {dagbag.py:545} INFO - Filling up the DagBag from /opt/airflow/dags/pipeline_strava_activities.py
[2025-11-18T16:47:58.566+0000] {processor.py:840} INFO - DAG(s) 'etl_strava_activities' retrieved from /opt/airflow/dags/pipeline_strava_activities.py
[2025-11-18T16:47:58.615+0000] {logging_mixin.py:188} INFO - [2025-11-18T16:47:58.614+0000] {dag.py:3089} INFO - Sync 1 DAGs
[2025-11-18T16:47:58.646+0000] {logging_mixin.py:188} INFO - [2025-11-18T16:47:58.646+0000] {dag.py:3947} INFO - Setting next_dagrun for etl_strava_activities to 2025-11-18 03:00:00+00:00, run_after=2025-11-19 03:00:00+00:00
[2025-11-18T16:47:58.664+0000] {processor.py:183} INFO - Processing /opt/airflow/dags/pipeline_strava_activities.py took 0.149 seconds
[2025-11-18T16:48:29.014+0000] {processor.py:161} INFO - Started process (PID=3027) to work on /opt/airflow/dags/pipeline_strava_activities.py
[2025-11-18T16:48:29.023+0000] {processor.py:830} INFO - Processing file /opt/airflow/dags/pipeline_strava_activities.py for tasks to queue
[2025-11-18T16:48:29.032+0000] {logging_mixin.py:188} INFO - [2025-11-18T16:48:29.027+0000] {dagbag.py:545} INFO - Filling up the DagBag from /opt/airflow/dags/pipeline_strava_activities.py
[2025-11-18T16:48:29.070+0000] {processor.py:840} INFO - DAG(s) 'etl_strava_activities' retrieved from /opt/airflow/dags/pipeline_strava_activities.py
[2025-11-18T16:48:29.113+0000] {logging_mixin.py:188} INFO - [2025-11-18T16:48:29.112+0000] {dag.py:3089} INFO - Sync 1 DAGs
[2025-11-18T16:48:29.139+0000] {logging_mixin.py:188} INFO - [2025-11-18T16:48:29.139+0000] {dag.py:3947} INFO - Setting next_dagrun for etl_strava_activities to 2025-11-18 03:00:00+00:00, run_after=2025-11-19 03:00:00+00:00
[2025-11-18T16:48:29.156+0000] {processor.py:183} INFO - Processing /opt/airflow/dags/pipeline_strava_activities.py took 0.154 seconds
[2025-11-18T16:48:59.462+0000] {processor.py:161} INFO - Started process (PID=3042) to work on /opt/airflow/dags/pipeline_strava_activities.py
[2025-11-18T16:48:59.466+0000] {processor.py:830} INFO - Processing file /opt/airflow/dags/pipeline_strava_activities.py for tasks to queue
[2025-11-18T16:48:59.469+0000] {logging_mixin.py:188} INFO - [2025-11-18T16:48:59.468+0000] {dagbag.py:545} INFO - Filling up the DagBag from /opt/airflow/dags/pipeline_strava_activities.py
[2025-11-18T16:48:59.492+0000] {processor.py:840} INFO - DAG(s) 'etl_strava_activities' retrieved from /opt/airflow/dags/pipeline_strava_activities.py
[2025-11-18T16:48:59.585+0000] {logging_mixin.py:188} INFO - [2025-11-18T16:48:59.585+0000] {dag.py:3089} INFO - Sync 1 DAGs
[2025-11-18T16:48:59.631+0000] {logging_mixin.py:188} INFO - [2025-11-18T16:48:59.631+0000] {dag.py:3947} INFO - Setting next_dagrun for etl_strava_activities to 2025-11-18 03:00:00+00:00, run_after=2025-11-19 03:00:00+00:00
[2025-11-18T16:48:59.645+0000] {processor.py:183} INFO - Processing /opt/airflow/dags/pipeline_strava_activities.py took 0.191 seconds
[2025-11-18T16:49:30.042+0000] {processor.py:161} INFO - Started process (PID=3057) to work on /opt/airflow/dags/pipeline_strava_activities.py
[2025-11-18T16:49:30.046+0000] {processor.py:830} INFO - Processing file /opt/airflow/dags/pipeline_strava_activities.py for tasks to queue
[2025-11-18T16:49:30.050+0000] {logging_mixin.py:188} INFO - [2025-11-18T16:49:30.049+0000] {dagbag.py:545} INFO - Filling up the DagBag from /opt/airflow/dags/pipeline_strava_activities.py
[2025-11-18T16:49:30.099+0000] {processor.py:840} INFO - DAG(s) 'etl_strava_activities' retrieved from /opt/airflow/dags/pipeline_strava_activities.py
[2025-11-18T16:49:30.140+0000] {logging_mixin.py:188} INFO - [2025-11-18T16:49:30.139+0000] {dag.py:3089} INFO - Sync 1 DAGs
[2025-11-18T16:49:30.172+0000] {logging_mixin.py:188} INFO - [2025-11-18T16:49:30.172+0000] {dag.py:3947} INFO - Setting next_dagrun for etl_strava_activities to 2025-11-18 03:00:00+00:00, run_after=2025-11-19 03:00:00+00:00
[2025-11-18T16:49:30.207+0000] {processor.py:183} INFO - Processing /opt/airflow/dags/pipeline_strava_activities.py took 0.180 seconds
[2025-11-18T16:50:00.500+0000] {processor.py:161} INFO - Started process (PID=3072) to work on /opt/airflow/dags/pipeline_strava_activities.py
[2025-11-18T16:50:00.503+0000] {processor.py:830} INFO - Processing file /opt/airflow/dags/pipeline_strava_activities.py for tasks to queue
[2025-11-18T16:50:00.507+0000] {logging_mixin.py:188} INFO - [2025-11-18T16:50:00.506+0000] {dagbag.py:545} INFO - Filling up the DagBag from /opt/airflow/dags/pipeline_strava_activities.py
[2025-11-18T16:50:00.540+0000] {processor.py:840} INFO - DAG(s) 'etl_strava_activities' retrieved from /opt/airflow/dags/pipeline_strava_activities.py
[2025-11-18T16:50:00.591+0000] {logging_mixin.py:188} INFO - [2025-11-18T16:50:00.591+0000] {dag.py:3089} INFO - Sync 1 DAGs
[2025-11-18T16:50:00.620+0000] {logging_mixin.py:188} INFO - [2025-11-18T16:50:00.620+0000] {dag.py:3947} INFO - Setting next_dagrun for etl_strava_activities to 2025-11-18 03:00:00+00:00, run_after=2025-11-19 03:00:00+00:00
[2025-11-18T16:50:00.640+0000] {processor.py:183} INFO - Processing /opt/airflow/dags/pipeline_strava_activities.py took 0.151 seconds
[2025-11-18T16:50:30.984+0000] {processor.py:161} INFO - Started process (PID=3087) to work on /opt/airflow/dags/pipeline_strava_activities.py
[2025-11-18T16:50:30.989+0000] {processor.py:830} INFO - Processing file /opt/airflow/dags/pipeline_strava_activities.py for tasks to queue
[2025-11-18T16:50:30.992+0000] {logging_mixin.py:188} INFO - [2025-11-18T16:50:30.991+0000] {dagbag.py:545} INFO - Filling up the DagBag from /opt/airflow/dags/pipeline_strava_activities.py
[2025-11-18T16:50:31.011+0000] {processor.py:840} INFO - DAG(s) 'etl_strava_activities' retrieved from /opt/airflow/dags/pipeline_strava_activities.py
[2025-11-18T16:50:31.052+0000] {logging_mixin.py:188} INFO - [2025-11-18T16:50:31.051+0000] {dag.py:3089} INFO - Sync 1 DAGs
[2025-11-18T16:50:31.075+0000] {logging_mixin.py:188} INFO - [2025-11-18T16:50:31.075+0000] {dag.py:3947} INFO - Setting next_dagrun for etl_strava_activities to 2025-11-18 03:00:00+00:00, run_after=2025-11-19 03:00:00+00:00
[2025-11-18T16:50:31.089+0000] {processor.py:183} INFO - Processing /opt/airflow/dags/pipeline_strava_activities.py took 0.115 seconds
[2025-11-18T16:51:01.414+0000] {processor.py:161} INFO - Started process (PID=3102) to work on /opt/airflow/dags/pipeline_strava_activities.py
[2025-11-18T16:51:01.417+0000] {processor.py:830} INFO - Processing file /opt/airflow/dags/pipeline_strava_activities.py for tasks to queue
[2025-11-18T16:51:01.421+0000] {logging_mixin.py:188} INFO - [2025-11-18T16:51:01.420+0000] {dagbag.py:545} INFO - Filling up the DagBag from /opt/airflow/dags/pipeline_strava_activities.py
[2025-11-18T16:51:01.445+0000] {processor.py:840} INFO - DAG(s) 'etl_strava_activities' retrieved from /opt/airflow/dags/pipeline_strava_activities.py
[2025-11-18T16:51:01.496+0000] {logging_mixin.py:188} INFO - [2025-11-18T16:51:01.496+0000] {dag.py:3089} INFO - Sync 1 DAGs
[2025-11-18T16:51:01.530+0000] {logging_mixin.py:188} INFO - [2025-11-18T16:51:01.530+0000] {dag.py:3947} INFO - Setting next_dagrun for etl_strava_activities to 2025-11-18 03:00:00+00:00, run_after=2025-11-19 03:00:00+00:00
[2025-11-18T16:51:01.554+0000] {processor.py:183} INFO - Processing /opt/airflow/dags/pipeline_strava_activities.py took 0.154 seconds
[2025-11-18T16:51:31.926+0000] {processor.py:161} INFO - Started process (PID=3117) to work on /opt/airflow/dags/pipeline_strava_activities.py
[2025-11-18T16:51:31.928+0000] {processor.py:830} INFO - Processing file /opt/airflow/dags/pipeline_strava_activities.py for tasks to queue
[2025-11-18T16:51:31.934+0000] {logging_mixin.py:188} INFO - [2025-11-18T16:51:31.934+0000] {dagbag.py:545} INFO - Filling up the DagBag from /opt/airflow/dags/pipeline_strava_activities.py
[2025-11-18T16:51:31.969+0000] {processor.py:840} INFO - DAG(s) 'etl_strava_activities' retrieved from /opt/airflow/dags/pipeline_strava_activities.py
[2025-11-18T16:51:32.048+0000] {logging_mixin.py:188} INFO - [2025-11-18T16:51:32.048+0000] {dag.py:3089} INFO - Sync 1 DAGs
[2025-11-18T16:51:32.077+0000] {logging_mixin.py:188} INFO - [2025-11-18T16:51:32.077+0000] {dag.py:3947} INFO - Setting next_dagrun for etl_strava_activities to 2025-11-18 03:00:00+00:00, run_after=2025-11-19 03:00:00+00:00
[2025-11-18T16:51:32.094+0000] {processor.py:183} INFO - Processing /opt/airflow/dags/pipeline_strava_activities.py took 0.182 seconds
[2025-11-18T16:52:02.409+0000] {processor.py:161} INFO - Started process (PID=3132) to work on /opt/airflow/dags/pipeline_strava_activities.py
[2025-11-18T16:52:02.412+0000] {processor.py:830} INFO - Processing file /opt/airflow/dags/pipeline_strava_activities.py for tasks to queue
[2025-11-18T16:52:02.416+0000] {logging_mixin.py:188} INFO - [2025-11-18T16:52:02.415+0000] {dagbag.py:545} INFO - Filling up the DagBag from /opt/airflow/dags/pipeline_strava_activities.py
[2025-11-18T16:52:02.443+0000] {processor.py:840} INFO - DAG(s) 'etl_strava_activities' retrieved from /opt/airflow/dags/pipeline_strava_activities.py
[2025-11-18T16:52:02.496+0000] {logging_mixin.py:188} INFO - [2025-11-18T16:52:02.496+0000] {dag.py:3089} INFO - Sync 1 DAGs
[2025-11-18T16:52:02.533+0000] {logging_mixin.py:188} INFO - [2025-11-18T16:52:02.532+0000] {dag.py:3947} INFO - Setting next_dagrun for etl_strava_activities to 2025-11-18 03:00:00+00:00, run_after=2025-11-19 03:00:00+00:00
[2025-11-18T16:52:02.559+0000] {processor.py:183} INFO - Processing /opt/airflow/dags/pipeline_strava_activities.py took 0.159 seconds
[2025-11-18T16:52:32.957+0000] {processor.py:161} INFO - Started process (PID=3147) to work on /opt/airflow/dags/pipeline_strava_activities.py
[2025-11-18T16:52:32.964+0000] {processor.py:830} INFO - Processing file /opt/airflow/dags/pipeline_strava_activities.py for tasks to queue
[2025-11-18T16:52:32.968+0000] {logging_mixin.py:188} INFO - [2025-11-18T16:52:32.967+0000] {dagbag.py:545} INFO - Filling up the DagBag from /opt/airflow/dags/pipeline_strava_activities.py
[2025-11-18T16:52:32.995+0000] {processor.py:840} INFO - DAG(s) 'etl_strava_activities' retrieved from /opt/airflow/dags/pipeline_strava_activities.py
[2025-11-18T16:52:33.047+0000] {logging_mixin.py:188} INFO - [2025-11-18T16:52:33.047+0000] {dag.py:3089} INFO - Sync 1 DAGs
[2025-11-18T16:52:33.074+0000] {logging_mixin.py:188} INFO - [2025-11-18T16:52:33.074+0000] {dag.py:3947} INFO - Setting next_dagrun for etl_strava_activities to 2025-11-18 03:00:00+00:00, run_after=2025-11-19 03:00:00+00:00
[2025-11-18T16:52:33.091+0000] {processor.py:183} INFO - Processing /opt/airflow/dags/pipeline_strava_activities.py took 0.146 seconds
[2025-11-18T16:53:03.381+0000] {processor.py:161} INFO - Started process (PID=3162) to work on /opt/airflow/dags/pipeline_strava_activities.py
[2025-11-18T16:53:03.383+0000] {processor.py:830} INFO - Processing file /opt/airflow/dags/pipeline_strava_activities.py for tasks to queue
[2025-11-18T16:53:03.386+0000] {logging_mixin.py:188} INFO - [2025-11-18T16:53:03.386+0000] {dagbag.py:545} INFO - Filling up the DagBag from /opt/airflow/dags/pipeline_strava_activities.py
[2025-11-18T16:53:03.406+0000] {processor.py:840} INFO - DAG(s) 'etl_strava_activities' retrieved from /opt/airflow/dags/pipeline_strava_activities.py
[2025-11-18T16:53:03.450+0000] {logging_mixin.py:188} INFO - [2025-11-18T16:53:03.449+0000] {dag.py:3089} INFO - Sync 1 DAGs
[2025-11-18T16:53:03.473+0000] {logging_mixin.py:188} INFO - [2025-11-18T16:53:03.473+0000] {dag.py:3947} INFO - Setting next_dagrun for etl_strava_activities to 2025-11-18 03:00:00+00:00, run_after=2025-11-19 03:00:00+00:00
[2025-11-18T16:53:03.495+0000] {processor.py:183} INFO - Processing /opt/airflow/dags/pipeline_strava_activities.py took 0.124 seconds
[2025-11-18T16:53:33.796+0000] {processor.py:161} INFO - Started process (PID=3177) to work on /opt/airflow/dags/pipeline_strava_activities.py
[2025-11-18T16:53:33.800+0000] {processor.py:830} INFO - Processing file /opt/airflow/dags/pipeline_strava_activities.py for tasks to queue
[2025-11-18T16:53:33.807+0000] {logging_mixin.py:188} INFO - [2025-11-18T16:53:33.806+0000] {dagbag.py:545} INFO - Filling up the DagBag from /opt/airflow/dags/pipeline_strava_activities.py
[2025-11-18T16:53:33.836+0000] {processor.py:840} INFO - DAG(s) 'etl_strava_activities' retrieved from /opt/airflow/dags/pipeline_strava_activities.py
[2025-11-18T16:53:33.897+0000] {logging_mixin.py:188} INFO - [2025-11-18T16:53:33.897+0000] {dag.py:3089} INFO - Sync 1 DAGs
[2025-11-18T16:53:33.937+0000] {logging_mixin.py:188} INFO - [2025-11-18T16:53:33.936+0000] {dag.py:3947} INFO - Setting next_dagrun for etl_strava_activities to 2025-11-18 03:00:00+00:00, run_after=2025-11-19 03:00:00+00:00
[2025-11-18T16:53:33.960+0000] {processor.py:183} INFO - Processing /opt/airflow/dags/pipeline_strava_activities.py took 0.172 seconds
[2025-11-18T16:54:04.306+0000] {processor.py:161} INFO - Started process (PID=3192) to work on /opt/airflow/dags/pipeline_strava_activities.py
[2025-11-18T16:54:04.309+0000] {processor.py:830} INFO - Processing file /opt/airflow/dags/pipeline_strava_activities.py for tasks to queue
[2025-11-18T16:54:04.314+0000] {logging_mixin.py:188} INFO - [2025-11-18T16:54:04.313+0000] {dagbag.py:545} INFO - Filling up the DagBag from /opt/airflow/dags/pipeline_strava_activities.py
[2025-11-18T16:54:04.334+0000] {processor.py:840} INFO - DAG(s) 'etl_strava_activities' retrieved from /opt/airflow/dags/pipeline_strava_activities.py
[2025-11-18T16:54:04.382+0000] {logging_mixin.py:188} INFO - [2025-11-18T16:54:04.382+0000] {dag.py:3089} INFO - Sync 1 DAGs
[2025-11-18T16:54:04.407+0000] {logging_mixin.py:188} INFO - [2025-11-18T16:54:04.407+0000] {dag.py:3947} INFO - Setting next_dagrun for etl_strava_activities to 2025-11-18 03:00:00+00:00, run_after=2025-11-19 03:00:00+00:00
[2025-11-18T16:54:04.422+0000] {processor.py:183} INFO - Processing /opt/airflow/dags/pipeline_strava_activities.py took 0.126 seconds
[2025-11-18T16:54:34.753+0000] {processor.py:161} INFO - Started process (PID=3207) to work on /opt/airflow/dags/pipeline_strava_activities.py
[2025-11-18T16:54:34.756+0000] {processor.py:830} INFO - Processing file /opt/airflow/dags/pipeline_strava_activities.py for tasks to queue
[2025-11-18T16:54:34.759+0000] {logging_mixin.py:188} INFO - [2025-11-18T16:54:34.758+0000] {dagbag.py:545} INFO - Filling up the DagBag from /opt/airflow/dags/pipeline_strava_activities.py
[2025-11-18T16:54:34.780+0000] {processor.py:840} INFO - DAG(s) 'etl_strava_activities' retrieved from /opt/airflow/dags/pipeline_strava_activities.py
[2025-11-18T16:54:34.824+0000] {logging_mixin.py:188} INFO - [2025-11-18T16:54:34.824+0000] {dag.py:3089} INFO - Sync 1 DAGs
[2025-11-18T16:54:34.847+0000] {logging_mixin.py:188} INFO - [2025-11-18T16:54:34.847+0000] {dag.py:3947} INFO - Setting next_dagrun for etl_strava_activities to 2025-11-18 03:00:00+00:00, run_after=2025-11-19 03:00:00+00:00
[2025-11-18T16:54:34.863+0000] {processor.py:183} INFO - Processing /opt/airflow/dags/pipeline_strava_activities.py took 0.117 seconds
[2025-11-18T16:55:05.181+0000] {processor.py:161} INFO - Started process (PID=3222) to work on /opt/airflow/dags/pipeline_strava_activities.py
[2025-11-18T16:55:05.183+0000] {processor.py:830} INFO - Processing file /opt/airflow/dags/pipeline_strava_activities.py for tasks to queue
[2025-11-18T16:55:05.185+0000] {logging_mixin.py:188} INFO - [2025-11-18T16:55:05.185+0000] {dagbag.py:545} INFO - Filling up the DagBag from /opt/airflow/dags/pipeline_strava_activities.py
[2025-11-18T16:55:05.206+0000] {processor.py:840} INFO - DAG(s) 'etl_strava_activities' retrieved from /opt/airflow/dags/pipeline_strava_activities.py
[2025-11-18T16:55:05.250+0000] {logging_mixin.py:188} INFO - [2025-11-18T16:55:05.250+0000] {dag.py:3089} INFO - Sync 1 DAGs
[2025-11-18T16:55:05.278+0000] {logging_mixin.py:188} INFO - [2025-11-18T16:55:05.278+0000] {dag.py:3947} INFO - Setting next_dagrun for etl_strava_activities to 2025-11-18 03:00:00+00:00, run_after=2025-11-19 03:00:00+00:00
[2025-11-18T16:55:05.298+0000] {processor.py:183} INFO - Processing /opt/airflow/dags/pipeline_strava_activities.py took 0.128 seconds
[2025-11-18T16:55:35.625+0000] {processor.py:161} INFO - Started process (PID=3237) to work on /opt/airflow/dags/pipeline_strava_activities.py
[2025-11-18T16:55:35.627+0000] {processor.py:830} INFO - Processing file /opt/airflow/dags/pipeline_strava_activities.py for tasks to queue
[2025-11-18T16:55:35.630+0000] {logging_mixin.py:188} INFO - [2025-11-18T16:55:35.629+0000] {dagbag.py:545} INFO - Filling up the DagBag from /opt/airflow/dags/pipeline_strava_activities.py
[2025-11-18T16:55:35.646+0000] {processor.py:840} INFO - DAG(s) 'etl_strava_activities' retrieved from /opt/airflow/dags/pipeline_strava_activities.py
[2025-11-18T16:55:35.682+0000] {logging_mixin.py:188} INFO - [2025-11-18T16:55:35.682+0000] {dag.py:3089} INFO - Sync 1 DAGs
[2025-11-18T16:55:35.704+0000] {logging_mixin.py:188} INFO - [2025-11-18T16:55:35.704+0000] {dag.py:3947} INFO - Setting next_dagrun for etl_strava_activities to 2025-11-18 03:00:00+00:00, run_after=2025-11-19 03:00:00+00:00
[2025-11-18T16:55:35.719+0000] {processor.py:183} INFO - Processing /opt/airflow/dags/pipeline_strava_activities.py took 0.127 seconds
[2025-11-18T16:56:06.121+0000] {processor.py:161} INFO - Started process (PID=3252) to work on /opt/airflow/dags/pipeline_strava_activities.py
[2025-11-18T16:56:06.126+0000] {processor.py:830} INFO - Processing file /opt/airflow/dags/pipeline_strava_activities.py for tasks to queue
[2025-11-18T16:56:06.140+0000] {logging_mixin.py:188} INFO - [2025-11-18T16:56:06.135+0000] {dagbag.py:545} INFO - Filling up the DagBag from /opt/airflow/dags/pipeline_strava_activities.py
[2025-11-18T16:56:06.191+0000] {processor.py:840} INFO - DAG(s) 'etl_strava_activities' retrieved from /opt/airflow/dags/pipeline_strava_activities.py
[2025-11-18T16:56:06.236+0000] {logging_mixin.py:188} INFO - [2025-11-18T16:56:06.236+0000] {dag.py:3089} INFO - Sync 1 DAGs
[2025-11-18T16:56:06.267+0000] {logging_mixin.py:188} INFO - [2025-11-18T16:56:06.267+0000] {dag.py:3947} INFO - Setting next_dagrun for etl_strava_activities to 2025-11-18 03:00:00+00:00, run_after=2025-11-19 03:00:00+00:00
[2025-11-18T16:56:06.289+0000] {processor.py:183} INFO - Processing /opt/airflow/dags/pipeline_strava_activities.py took 0.179 seconds
[2025-11-18T16:56:36.616+0000] {processor.py:161} INFO - Started process (PID=3267) to work on /opt/airflow/dags/pipeline_strava_activities.py
[2025-11-18T16:56:36.621+0000] {processor.py:830} INFO - Processing file /opt/airflow/dags/pipeline_strava_activities.py for tasks to queue
[2025-11-18T16:56:36.625+0000] {logging_mixin.py:188} INFO - [2025-11-18T16:56:36.624+0000] {dagbag.py:545} INFO - Filling up the DagBag from /opt/airflow/dags/pipeline_strava_activities.py
[2025-11-18T16:56:36.650+0000] {processor.py:840} INFO - DAG(s) 'etl_strava_activities' retrieved from /opt/airflow/dags/pipeline_strava_activities.py
[2025-11-18T16:56:36.710+0000] {logging_mixin.py:188} INFO - [2025-11-18T16:56:36.710+0000] {dag.py:3089} INFO - Sync 1 DAGs
[2025-11-18T16:56:36.761+0000] {logging_mixin.py:188} INFO - [2025-11-18T16:56:36.761+0000] {dag.py:3947} INFO - Setting next_dagrun for etl_strava_activities to 2025-11-18 03:00:00+00:00, run_after=2025-11-19 03:00:00+00:00
[2025-11-18T16:56:36.791+0000] {processor.py:183} INFO - Processing /opt/airflow/dags/pipeline_strava_activities.py took 0.193 seconds
[2025-11-18T16:57:07.123+0000] {processor.py:161} INFO - Started process (PID=3282) to work on /opt/airflow/dags/pipeline_strava_activities.py
[2025-11-18T16:57:07.126+0000] {processor.py:830} INFO - Processing file /opt/airflow/dags/pipeline_strava_activities.py for tasks to queue
[2025-11-18T16:57:07.128+0000] {logging_mixin.py:188} INFO - [2025-11-18T16:57:07.128+0000] {dagbag.py:545} INFO - Filling up the DagBag from /opt/airflow/dags/pipeline_strava_activities.py
[2025-11-18T16:57:07.151+0000] {processor.py:840} INFO - DAG(s) 'etl_strava_activities' retrieved from /opt/airflow/dags/pipeline_strava_activities.py
[2025-11-18T16:57:07.257+0000] {logging_mixin.py:188} INFO - [2025-11-18T16:57:07.257+0000] {dag.py:3089} INFO - Sync 1 DAGs
[2025-11-18T16:57:07.280+0000] {logging_mixin.py:188} INFO - [2025-11-18T16:57:07.280+0000] {dag.py:3947} INFO - Setting next_dagrun for etl_strava_activities to 2025-11-18 03:00:00+00:00, run_after=2025-11-19 03:00:00+00:00
[2025-11-18T16:57:07.297+0000] {processor.py:183} INFO - Processing /opt/airflow/dags/pipeline_strava_activities.py took 0.181 seconds
[2025-11-18T16:57:37.586+0000] {processor.py:161} INFO - Started process (PID=3297) to work on /opt/airflow/dags/pipeline_strava_activities.py
[2025-11-18T16:57:37.589+0000] {processor.py:830} INFO - Processing file /opt/airflow/dags/pipeline_strava_activities.py for tasks to queue
[2025-11-18T16:57:37.592+0000] {logging_mixin.py:188} INFO - [2025-11-18T16:57:37.591+0000] {dagbag.py:545} INFO - Filling up the DagBag from /opt/airflow/dags/pipeline_strava_activities.py
[2025-11-18T16:57:37.623+0000] {processor.py:840} INFO - DAG(s) 'etl_strava_activities' retrieved from /opt/airflow/dags/pipeline_strava_activities.py
[2025-11-18T16:57:37.675+0000] {logging_mixin.py:188} INFO - [2025-11-18T16:57:37.674+0000] {dag.py:3089} INFO - Sync 1 DAGs
[2025-11-18T16:57:37.703+0000] {logging_mixin.py:188} INFO - [2025-11-18T16:57:37.702+0000] {dag.py:3947} INFO - Setting next_dagrun for etl_strava_activities to 2025-11-18 03:00:00+00:00, run_after=2025-11-19 03:00:00+00:00
[2025-11-18T16:57:37.718+0000] {processor.py:183} INFO - Processing /opt/airflow/dags/pipeline_strava_activities.py took 0.140 seconds
[2025-11-18T16:58:08.084+0000] {processor.py:161} INFO - Started process (PID=3312) to work on /opt/airflow/dags/pipeline_strava_activities.py
[2025-11-18T16:58:08.090+0000] {processor.py:830} INFO - Processing file /opt/airflow/dags/pipeline_strava_activities.py for tasks to queue
[2025-11-18T16:58:08.093+0000] {logging_mixin.py:188} INFO - [2025-11-18T16:58:08.093+0000] {dagbag.py:545} INFO - Filling up the DagBag from /opt/airflow/dags/pipeline_strava_activities.py
[2025-11-18T16:58:08.125+0000] {processor.py:840} INFO - DAG(s) 'etl_strava_activities' retrieved from /opt/airflow/dags/pipeline_strava_activities.py
[2025-11-18T16:58:08.200+0000] {logging_mixin.py:188} INFO - [2025-11-18T16:58:08.199+0000] {dag.py:3089} INFO - Sync 1 DAGs
[2025-11-18T16:58:08.238+0000] {logging_mixin.py:188} INFO - [2025-11-18T16:58:08.238+0000] {dag.py:3947} INFO - Setting next_dagrun for etl_strava_activities to 2025-11-18 03:00:00+00:00, run_after=2025-11-19 03:00:00+00:00
[2025-11-18T16:58:08.261+0000] {processor.py:183} INFO - Processing /opt/airflow/dags/pipeline_strava_activities.py took 0.190 seconds
[2025-11-18T16:58:38.637+0000] {processor.py:161} INFO - Started process (PID=3327) to work on /opt/airflow/dags/pipeline_strava_activities.py
[2025-11-18T16:58:38.641+0000] {processor.py:830} INFO - Processing file /opt/airflow/dags/pipeline_strava_activities.py for tasks to queue
[2025-11-18T16:58:38.644+0000] {logging_mixin.py:188} INFO - [2025-11-18T16:58:38.644+0000] {dagbag.py:545} INFO - Filling up the DagBag from /opt/airflow/dags/pipeline_strava_activities.py
[2025-11-18T16:58:38.669+0000] {processor.py:840} INFO - DAG(s) 'etl_strava_activities' retrieved from /opt/airflow/dags/pipeline_strava_activities.py
[2025-11-18T16:58:38.722+0000] {logging_mixin.py:188} INFO - [2025-11-18T16:58:38.721+0000] {dag.py:3089} INFO - Sync 1 DAGs
[2025-11-18T16:58:38.748+0000] {logging_mixin.py:188} INFO - [2025-11-18T16:58:38.748+0000] {dag.py:3947} INFO - Setting next_dagrun for etl_strava_activities to 2025-11-18 03:00:00+00:00, run_after=2025-11-19 03:00:00+00:00
[2025-11-18T16:58:38.767+0000] {processor.py:183} INFO - Processing /opt/airflow/dags/pipeline_strava_activities.py took 0.160 seconds
[2025-11-18T16:59:09.074+0000] {processor.py:161} INFO - Started process (PID=3342) to work on /opt/airflow/dags/pipeline_strava_activities.py
[2025-11-18T16:59:09.077+0000] {processor.py:830} INFO - Processing file /opt/airflow/dags/pipeline_strava_activities.py for tasks to queue
[2025-11-18T16:59:09.080+0000] {logging_mixin.py:188} INFO - [2025-11-18T16:59:09.079+0000] {dagbag.py:545} INFO - Filling up the DagBag from /opt/airflow/dags/pipeline_strava_activities.py
[2025-11-18T16:59:09.133+0000] {processor.py:840} INFO - DAG(s) 'etl_strava_activities' retrieved from /opt/airflow/dags/pipeline_strava_activities.py
[2025-11-18T16:59:09.187+0000] {logging_mixin.py:188} INFO - [2025-11-18T16:59:09.186+0000] {dag.py:3089} INFO - Sync 1 DAGs
[2025-11-18T16:59:09.220+0000] {logging_mixin.py:188} INFO - [2025-11-18T16:59:09.220+0000] {dag.py:3947} INFO - Setting next_dagrun for etl_strava_activities to 2025-11-18 03:00:00+00:00, run_after=2025-11-19 03:00:00+00:00
[2025-11-18T16:59:09.243+0000] {processor.py:183} INFO - Processing /opt/airflow/dags/pipeline_strava_activities.py took 0.177 seconds
[2025-11-18T16:59:39.662+0000] {processor.py:161} INFO - Started process (PID=3357) to work on /opt/airflow/dags/pipeline_strava_activities.py
[2025-11-18T16:59:39.665+0000] {processor.py:830} INFO - Processing file /opt/airflow/dags/pipeline_strava_activities.py for tasks to queue
[2025-11-18T16:59:39.668+0000] {logging_mixin.py:188} INFO - [2025-11-18T16:59:39.668+0000] {dagbag.py:545} INFO - Filling up the DagBag from /opt/airflow/dags/pipeline_strava_activities.py
[2025-11-18T16:59:39.704+0000] {processor.py:840} INFO - DAG(s) 'etl_strava_activities' retrieved from /opt/airflow/dags/pipeline_strava_activities.py
[2025-11-18T16:59:39.760+0000] {logging_mixin.py:188} INFO - [2025-11-18T16:59:39.760+0000] {dag.py:3089} INFO - Sync 1 DAGs
[2025-11-18T16:59:39.797+0000] {logging_mixin.py:188} INFO - [2025-11-18T16:59:39.797+0000] {dag.py:3947} INFO - Setting next_dagrun for etl_strava_activities to 2025-11-18 03:00:00+00:00, run_after=2025-11-19 03:00:00+00:00
[2025-11-18T16:59:39.814+0000] {processor.py:183} INFO - Processing /opt/airflow/dags/pipeline_strava_activities.py took 0.169 seconds
[2025-11-18T17:00:10.174+0000] {processor.py:161} INFO - Started process (PID=3372) to work on /opt/airflow/dags/pipeline_strava_activities.py
[2025-11-18T17:00:10.177+0000] {processor.py:830} INFO - Processing file /opt/airflow/dags/pipeline_strava_activities.py for tasks to queue
[2025-11-18T17:00:10.180+0000] {logging_mixin.py:188} INFO - [2025-11-18T17:00:10.179+0000] {dagbag.py:545} INFO - Filling up the DagBag from /opt/airflow/dags/pipeline_strava_activities.py
[2025-11-18T17:00:10.205+0000] {processor.py:840} INFO - DAG(s) 'etl_strava_activities' retrieved from /opt/airflow/dags/pipeline_strava_activities.py
[2025-11-18T17:00:10.274+0000] {logging_mixin.py:188} INFO - [2025-11-18T17:00:10.274+0000] {dag.py:3089} INFO - Sync 1 DAGs
[2025-11-18T17:00:10.298+0000] {logging_mixin.py:188} INFO - [2025-11-18T17:00:10.298+0000] {dag.py:3947} INFO - Setting next_dagrun for etl_strava_activities to 2025-11-18 03:00:00+00:00, run_after=2025-11-19 03:00:00+00:00
[2025-11-18T17:00:10.314+0000] {processor.py:183} INFO - Processing /opt/airflow/dags/pipeline_strava_activities.py took 0.150 seconds
[2025-11-18T17:00:40.637+0000] {processor.py:161} INFO - Started process (PID=3387) to work on /opt/airflow/dags/pipeline_strava_activities.py
[2025-11-18T17:00:40.641+0000] {processor.py:830} INFO - Processing file /opt/airflow/dags/pipeline_strava_activities.py for tasks to queue
[2025-11-18T17:00:40.644+0000] {logging_mixin.py:188} INFO - [2025-11-18T17:00:40.643+0000] {dagbag.py:545} INFO - Filling up the DagBag from /opt/airflow/dags/pipeline_strava_activities.py
[2025-11-18T17:00:40.670+0000] {processor.py:840} INFO - DAG(s) 'etl_strava_activities' retrieved from /opt/airflow/dags/pipeline_strava_activities.py
[2025-11-18T17:00:40.730+0000] {logging_mixin.py:188} INFO - [2025-11-18T17:00:40.730+0000] {dag.py:3089} INFO - Sync 1 DAGs
[2025-11-18T17:00:40.765+0000] {logging_mixin.py:188} INFO - [2025-11-18T17:00:40.765+0000] {dag.py:3947} INFO - Setting next_dagrun for etl_strava_activities to 2025-11-18 03:00:00+00:00, run_after=2025-11-19 03:00:00+00:00
[2025-11-18T17:00:40.785+0000] {processor.py:183} INFO - Processing /opt/airflow/dags/pipeline_strava_activities.py took 0.159 seconds
[2025-11-18T17:01:11.117+0000] {processor.py:161} INFO - Started process (PID=3402) to work on /opt/airflow/dags/pipeline_strava_activities.py
[2025-11-18T17:01:11.121+0000] {processor.py:830} INFO - Processing file /opt/airflow/dags/pipeline_strava_activities.py for tasks to queue
[2025-11-18T17:01:11.132+0000] {logging_mixin.py:188} INFO - [2025-11-18T17:01:11.128+0000] {dagbag.py:545} INFO - Filling up the DagBag from /opt/airflow/dags/pipeline_strava_activities.py
[2025-11-18T17:01:11.184+0000] {processor.py:840} INFO - DAG(s) 'etl_strava_activities' retrieved from /opt/airflow/dags/pipeline_strava_activities.py
[2025-11-18T17:01:11.239+0000] {logging_mixin.py:188} INFO - [2025-11-18T17:01:11.239+0000] {dag.py:3089} INFO - Sync 1 DAGs
[2025-11-18T17:01:11.283+0000] {logging_mixin.py:188} INFO - [2025-11-18T17:01:11.283+0000] {dag.py:3947} INFO - Setting next_dagrun for etl_strava_activities to 2025-11-18 03:00:00+00:00, run_after=2025-11-19 03:00:00+00:00
[2025-11-18T17:01:11.313+0000] {processor.py:183} INFO - Processing /opt/airflow/dags/pipeline_strava_activities.py took 0.223 seconds
[2025-11-18T17:01:41.641+0000] {processor.py:161} INFO - Started process (PID=3417) to work on /opt/airflow/dags/pipeline_strava_activities.py
[2025-11-18T17:01:41.644+0000] {processor.py:830} INFO - Processing file /opt/airflow/dags/pipeline_strava_activities.py for tasks to queue
[2025-11-18T17:01:41.648+0000] {logging_mixin.py:188} INFO - [2025-11-18T17:01:41.647+0000] {dagbag.py:545} INFO - Filling up the DagBag from /opt/airflow/dags/pipeline_strava_activities.py
[2025-11-18T17:01:41.676+0000] {processor.py:840} INFO - DAG(s) 'etl_strava_activities' retrieved from /opt/airflow/dags/pipeline_strava_activities.py
[2025-11-18T17:01:41.723+0000] {logging_mixin.py:188} INFO - [2025-11-18T17:01:41.723+0000] {dag.py:3089} INFO - Sync 1 DAGs
[2025-11-18T17:01:41.750+0000] {logging_mixin.py:188} INFO - [2025-11-18T17:01:41.749+0000] {dag.py:3947} INFO - Setting next_dagrun for etl_strava_activities to 2025-11-18 03:00:00+00:00, run_after=2025-11-19 03:00:00+00:00
[2025-11-18T17:01:41.766+0000] {processor.py:183} INFO - Processing /opt/airflow/dags/pipeline_strava_activities.py took 0.138 seconds
[2025-11-18T17:02:12.071+0000] {processor.py:161} INFO - Started process (PID=3432) to work on /opt/airflow/dags/pipeline_strava_activities.py
[2025-11-18T17:02:12.074+0000] {processor.py:830} INFO - Processing file /opt/airflow/dags/pipeline_strava_activities.py for tasks to queue
[2025-11-18T17:02:12.080+0000] {logging_mixin.py:188} INFO - [2025-11-18T17:02:12.079+0000] {dagbag.py:545} INFO - Filling up the DagBag from /opt/airflow/dags/pipeline_strava_activities.py
[2025-11-18T17:02:12.105+0000] {processor.py:840} INFO - DAG(s) 'etl_strava_activities' retrieved from /opt/airflow/dags/pipeline_strava_activities.py
[2025-11-18T17:02:12.147+0000] {logging_mixin.py:188} INFO - [2025-11-18T17:02:12.146+0000] {dag.py:3089} INFO - Sync 1 DAGs
[2025-11-18T17:02:12.187+0000] {logging_mixin.py:188} INFO - [2025-11-18T17:02:12.186+0000] {dag.py:3947} INFO - Setting next_dagrun for etl_strava_activities to 2025-11-18 03:00:00+00:00, run_after=2025-11-19 03:00:00+00:00
[2025-11-18T17:02:12.210+0000] {processor.py:183} INFO - Processing /opt/airflow/dags/pipeline_strava_activities.py took 0.155 seconds
[2025-11-18T17:02:42.532+0000] {processor.py:161} INFO - Started process (PID=3447) to work on /opt/airflow/dags/pipeline_strava_activities.py
[2025-11-18T17:02:42.537+0000] {processor.py:830} INFO - Processing file /opt/airflow/dags/pipeline_strava_activities.py for tasks to queue
[2025-11-18T17:02:42.541+0000] {logging_mixin.py:188} INFO - [2025-11-18T17:02:42.540+0000] {dagbag.py:545} INFO - Filling up the DagBag from /opt/airflow/dags/pipeline_strava_activities.py
[2025-11-18T17:02:42.568+0000] {processor.py:840} INFO - DAG(s) 'etl_strava_activities' retrieved from /opt/airflow/dags/pipeline_strava_activities.py
[2025-11-18T17:02:42.630+0000] {logging_mixin.py:188} INFO - [2025-11-18T17:02:42.630+0000] {dag.py:3089} INFO - Sync 1 DAGs
[2025-11-18T17:02:42.675+0000] {logging_mixin.py:188} INFO - [2025-11-18T17:02:42.674+0000] {dag.py:3947} INFO - Setting next_dagrun for etl_strava_activities to 2025-11-18 03:00:00+00:00, run_after=2025-11-19 03:00:00+00:00
[2025-11-18T17:02:42.693+0000] {processor.py:183} INFO - Processing /opt/airflow/dags/pipeline_strava_activities.py took 0.169 seconds
[2025-11-18T17:03:12.977+0000] {processor.py:161} INFO - Started process (PID=3462) to work on /opt/airflow/dags/pipeline_strava_activities.py
[2025-11-18T17:03:12.979+0000] {processor.py:830} INFO - Processing file /opt/airflow/dags/pipeline_strava_activities.py for tasks to queue
[2025-11-18T17:03:12.982+0000] {logging_mixin.py:188} INFO - [2025-11-18T17:03:12.981+0000] {dagbag.py:545} INFO - Filling up the DagBag from /opt/airflow/dags/pipeline_strava_activities.py
[2025-11-18T17:03:13.003+0000] {processor.py:840} INFO - DAG(s) 'etl_strava_activities' retrieved from /opt/airflow/dags/pipeline_strava_activities.py
[2025-11-18T17:03:13.048+0000] {logging_mixin.py:188} INFO - [2025-11-18T17:03:13.048+0000] {dag.py:3089} INFO - Sync 1 DAGs
[2025-11-18T17:03:13.075+0000] {logging_mixin.py:188} INFO - [2025-11-18T17:03:13.075+0000] {dag.py:3947} INFO - Setting next_dagrun for etl_strava_activities to 2025-11-18 03:00:00+00:00, run_after=2025-11-19 03:00:00+00:00
[2025-11-18T17:03:13.093+0000] {processor.py:183} INFO - Processing /opt/airflow/dags/pipeline_strava_activities.py took 0.127 seconds
[2025-11-18T17:03:43.411+0000] {processor.py:161} INFO - Started process (PID=3477) to work on /opt/airflow/dags/pipeline_strava_activities.py
[2025-11-18T17:03:43.413+0000] {processor.py:830} INFO - Processing file /opt/airflow/dags/pipeline_strava_activities.py for tasks to queue
[2025-11-18T17:03:43.417+0000] {logging_mixin.py:188} INFO - [2025-11-18T17:03:43.416+0000] {dagbag.py:545} INFO - Filling up the DagBag from /opt/airflow/dags/pipeline_strava_activities.py
[2025-11-18T17:03:43.443+0000] {processor.py:840} INFO - DAG(s) 'etl_strava_activities' retrieved from /opt/airflow/dags/pipeline_strava_activities.py
[2025-11-18T17:03:43.510+0000] {logging_mixin.py:188} INFO - [2025-11-18T17:03:43.510+0000] {dag.py:3089} INFO - Sync 1 DAGs
[2025-11-18T17:03:43.543+0000] {logging_mixin.py:188} INFO - [2025-11-18T17:03:43.542+0000] {dag.py:3947} INFO - Setting next_dagrun for etl_strava_activities to 2025-11-18 03:00:00+00:00, run_after=2025-11-19 03:00:00+00:00
[2025-11-18T17:03:43.568+0000] {processor.py:183} INFO - Processing /opt/airflow/dags/pipeline_strava_activities.py took 0.178 seconds
[2025-11-18T17:04:13.881+0000] {processor.py:161} INFO - Started process (PID=3492) to work on /opt/airflow/dags/pipeline_strava_activities.py
[2025-11-18T17:04:13.884+0000] {processor.py:830} INFO - Processing file /opt/airflow/dags/pipeline_strava_activities.py for tasks to queue
[2025-11-18T17:04:13.888+0000] {logging_mixin.py:188} INFO - [2025-11-18T17:04:13.887+0000] {dagbag.py:545} INFO - Filling up the DagBag from /opt/airflow/dags/pipeline_strava_activities.py
[2025-11-18T17:04:13.910+0000] {processor.py:840} INFO - DAG(s) 'etl_strava_activities' retrieved from /opt/airflow/dags/pipeline_strava_activities.py
[2025-11-18T17:04:13.959+0000] {logging_mixin.py:188} INFO - [2025-11-18T17:04:13.959+0000] {dag.py:3089} INFO - Sync 1 DAGs
[2025-11-18T17:04:14.006+0000] {logging_mixin.py:188} INFO - [2025-11-18T17:04:14.006+0000] {dag.py:3947} INFO - Setting next_dagrun for etl_strava_activities to 2025-11-18 03:00:00+00:00, run_after=2025-11-19 03:00:00+00:00
[2025-11-18T17:04:14.024+0000] {processor.py:183} INFO - Processing /opt/airflow/dags/pipeline_strava_activities.py took 0.153 seconds
[2025-11-18T17:04:44.369+0000] {processor.py:161} INFO - Started process (PID=3507) to work on /opt/airflow/dags/pipeline_strava_activities.py
[2025-11-18T17:04:44.373+0000] {processor.py:830} INFO - Processing file /opt/airflow/dags/pipeline_strava_activities.py for tasks to queue
[2025-11-18T17:04:44.375+0000] {logging_mixin.py:188} INFO - [2025-11-18T17:04:44.375+0000] {dagbag.py:545} INFO - Filling up the DagBag from /opt/airflow/dags/pipeline_strava_activities.py
[2025-11-18T17:04:44.399+0000] {processor.py:840} INFO - DAG(s) 'etl_strava_activities' retrieved from /opt/airflow/dags/pipeline_strava_activities.py
[2025-11-18T17:04:44.438+0000] {logging_mixin.py:188} INFO - [2025-11-18T17:04:44.437+0000] {dag.py:3089} INFO - Sync 1 DAGs
[2025-11-18T17:04:44.464+0000] {logging_mixin.py:188} INFO - [2025-11-18T17:04:44.464+0000] {dag.py:3947} INFO - Setting next_dagrun for etl_strava_activities to 2025-11-18 03:00:00+00:00, run_after=2025-11-19 03:00:00+00:00
[2025-11-18T17:04:44.482+0000] {processor.py:183} INFO - Processing /opt/airflow/dags/pipeline_strava_activities.py took 0.122 seconds
[2025-11-18T17:05:14.861+0000] {processor.py:161} INFO - Started process (PID=3522) to work on /opt/airflow/dags/pipeline_strava_activities.py
[2025-11-18T17:05:14.867+0000] {processor.py:830} INFO - Processing file /opt/airflow/dags/pipeline_strava_activities.py for tasks to queue
[2025-11-18T17:05:14.870+0000] {logging_mixin.py:188} INFO - [2025-11-18T17:05:14.869+0000] {dagbag.py:545} INFO - Filling up the DagBag from /opt/airflow/dags/pipeline_strava_activities.py
[2025-11-18T17:05:14.898+0000] {processor.py:840} INFO - DAG(s) 'etl_strava_activities' retrieved from /opt/airflow/dags/pipeline_strava_activities.py
[2025-11-18T17:05:14.959+0000] {logging_mixin.py:188} INFO - [2025-11-18T17:05:14.959+0000] {dag.py:3089} INFO - Sync 1 DAGs
[2025-11-18T17:05:14.994+0000] {logging_mixin.py:188} INFO - [2025-11-18T17:05:14.994+0000] {dag.py:3947} INFO - Setting next_dagrun for etl_strava_activities to 2025-11-18 03:00:00+00:00, run_after=2025-11-19 03:00:00+00:00
[2025-11-18T17:05:15.016+0000] {processor.py:183} INFO - Processing /opt/airflow/dags/pipeline_strava_activities.py took 0.163 seconds
[2025-11-18T17:05:45.393+0000] {processor.py:161} INFO - Started process (PID=3537) to work on /opt/airflow/dags/pipeline_strava_activities.py
[2025-11-18T17:05:45.395+0000] {processor.py:830} INFO - Processing file /opt/airflow/dags/pipeline_strava_activities.py for tasks to queue
[2025-11-18T17:05:45.399+0000] {logging_mixin.py:188} INFO - [2025-11-18T17:05:45.398+0000] {dagbag.py:545} INFO - Filling up the DagBag from /opt/airflow/dags/pipeline_strava_activities.py
[2025-11-18T17:05:45.421+0000] {processor.py:840} INFO - DAG(s) 'etl_strava_activities' retrieved from /opt/airflow/dags/pipeline_strava_activities.py
[2025-11-18T17:05:45.467+0000] {logging_mixin.py:188} INFO - [2025-11-18T17:05:45.466+0000] {dag.py:3089} INFO - Sync 1 DAGs
[2025-11-18T17:05:45.501+0000] {logging_mixin.py:188} INFO - [2025-11-18T17:05:45.501+0000] {dag.py:3947} INFO - Setting next_dagrun for etl_strava_activities to 2025-11-18 03:00:00+00:00, run_after=2025-11-19 03:00:00+00:00
[2025-11-18T17:05:45.518+0000] {processor.py:183} INFO - Processing /opt/airflow/dags/pipeline_strava_activities.py took 0.133 seconds
[2025-11-18T17:06:15.858+0000] {processor.py:161} INFO - Started process (PID=3552) to work on /opt/airflow/dags/pipeline_strava_activities.py
[2025-11-18T17:06:15.860+0000] {processor.py:830} INFO - Processing file /opt/airflow/dags/pipeline_strava_activities.py for tasks to queue
[2025-11-18T17:06:15.863+0000] {logging_mixin.py:188} INFO - [2025-11-18T17:06:15.863+0000] {dagbag.py:545} INFO - Filling up the DagBag from /opt/airflow/dags/pipeline_strava_activities.py
[2025-11-18T17:06:15.884+0000] {processor.py:840} INFO - DAG(s) 'etl_strava_activities' retrieved from /opt/airflow/dags/pipeline_strava_activities.py
[2025-11-18T17:06:15.934+0000] {logging_mixin.py:188} INFO - [2025-11-18T17:06:15.934+0000] {dag.py:3089} INFO - Sync 1 DAGs
[2025-11-18T17:06:15.967+0000] {logging_mixin.py:188} INFO - [2025-11-18T17:06:15.966+0000] {dag.py:3947} INFO - Setting next_dagrun for etl_strava_activities to 2025-11-18 03:00:00+00:00, run_after=2025-11-19 03:00:00+00:00
[2025-11-18T17:06:15.985+0000] {processor.py:183} INFO - Processing /opt/airflow/dags/pipeline_strava_activities.py took 0.135 seconds
[2025-11-18T17:06:46.340+0000] {processor.py:161} INFO - Started process (PID=3567) to work on /opt/airflow/dags/pipeline_strava_activities.py
[2025-11-18T17:06:46.349+0000] {processor.py:830} INFO - Processing file /opt/airflow/dags/pipeline_strava_activities.py for tasks to queue
[2025-11-18T17:06:46.356+0000] {logging_mixin.py:188} INFO - [2025-11-18T17:06:46.354+0000] {dagbag.py:545} INFO - Filling up the DagBag from /opt/airflow/dags/pipeline_strava_activities.py
[2025-11-18T17:06:46.404+0000] {processor.py:840} INFO - DAG(s) 'etl_strava_activities' retrieved from /opt/airflow/dags/pipeline_strava_activities.py
[2025-11-18T17:06:46.463+0000] {logging_mixin.py:188} INFO - [2025-11-18T17:06:46.462+0000] {dag.py:3089} INFO - Sync 1 DAGs
[2025-11-18T17:06:46.499+0000] {logging_mixin.py:188} INFO - [2025-11-18T17:06:46.499+0000] {dag.py:3947} INFO - Setting next_dagrun for etl_strava_activities to 2025-11-18 03:00:00+00:00, run_after=2025-11-19 03:00:00+00:00
[2025-11-18T17:06:46.517+0000] {processor.py:183} INFO - Processing /opt/airflow/dags/pipeline_strava_activities.py took 0.189 seconds
[2025-11-18T17:07:16.853+0000] {processor.py:161} INFO - Started process (PID=3582) to work on /opt/airflow/dags/pipeline_strava_activities.py
[2025-11-18T17:07:16.854+0000] {processor.py:830} INFO - Processing file /opt/airflow/dags/pipeline_strava_activities.py for tasks to queue
[2025-11-18T17:07:16.857+0000] {logging_mixin.py:188} INFO - [2025-11-18T17:07:16.857+0000] {dagbag.py:545} INFO - Filling up the DagBag from /opt/airflow/dags/pipeline_strava_activities.py
[2025-11-18T17:07:16.875+0000] {processor.py:840} INFO - DAG(s) 'etl_strava_activities' retrieved from /opt/airflow/dags/pipeline_strava_activities.py
[2025-11-18T17:07:16.923+0000] {logging_mixin.py:188} INFO - [2025-11-18T17:07:16.923+0000] {dag.py:3089} INFO - Sync 1 DAGs
[2025-11-18T17:07:16.960+0000] {logging_mixin.py:188} INFO - [2025-11-18T17:07:16.960+0000] {dag.py:3947} INFO - Setting next_dagrun for etl_strava_activities to 2025-11-18 03:00:00+00:00, run_after=2025-11-19 03:00:00+00:00
[2025-11-18T17:07:16.979+0000] {processor.py:183} INFO - Processing /opt/airflow/dags/pipeline_strava_activities.py took 0.136 seconds
[2025-11-18T17:07:47.357+0000] {processor.py:161} INFO - Started process (PID=3597) to work on /opt/airflow/dags/pipeline_strava_activities.py
[2025-11-18T17:07:47.370+0000] {processor.py:830} INFO - Processing file /opt/airflow/dags/pipeline_strava_activities.py for tasks to queue
[2025-11-18T17:07:47.373+0000] {logging_mixin.py:188} INFO - [2025-11-18T17:07:47.372+0000] {dagbag.py:545} INFO - Filling up the DagBag from /opt/airflow/dags/pipeline_strava_activities.py
[2025-11-18T17:07:47.408+0000] {processor.py:840} INFO - DAG(s) 'etl_strava_activities' retrieved from /opt/airflow/dags/pipeline_strava_activities.py
[2025-11-18T17:07:47.493+0000] {logging_mixin.py:188} INFO - [2025-11-18T17:07:47.492+0000] {dag.py:3089} INFO - Sync 1 DAGs
[2025-11-18T17:07:47.530+0000] {logging_mixin.py:188} INFO - [2025-11-18T17:07:47.530+0000] {dag.py:3947} INFO - Setting next_dagrun for etl_strava_activities to 2025-11-18 03:00:00+00:00, run_after=2025-11-19 03:00:00+00:00
[2025-11-18T17:07:47.553+0000] {processor.py:183} INFO - Processing /opt/airflow/dags/pipeline_strava_activities.py took 0.207 seconds
[2025-11-18T17:08:17.917+0000] {processor.py:161} INFO - Started process (PID=3612) to work on /opt/airflow/dags/pipeline_strava_activities.py
[2025-11-18T17:08:17.925+0000] {processor.py:830} INFO - Processing file /opt/airflow/dags/pipeline_strava_activities.py for tasks to queue
[2025-11-18T17:08:17.929+0000] {logging_mixin.py:188} INFO - [2025-11-18T17:08:17.929+0000] {dagbag.py:545} INFO - Filling up the DagBag from /opt/airflow/dags/pipeline_strava_activities.py
[2025-11-18T17:08:17.958+0000] {processor.py:840} INFO - DAG(s) 'etl_strava_activities' retrieved from /opt/airflow/dags/pipeline_strava_activities.py
[2025-11-18T17:08:18.053+0000] {logging_mixin.py:188} INFO - [2025-11-18T17:08:18.053+0000] {dag.py:3089} INFO - Sync 1 DAGs
[2025-11-18T17:08:18.095+0000] {logging_mixin.py:188} INFO - [2025-11-18T17:08:18.095+0000] {dag.py:3947} INFO - Setting next_dagrun for etl_strava_activities to 2025-11-18 03:00:00+00:00, run_after=2025-11-19 03:00:00+00:00
[2025-11-18T17:08:18.114+0000] {processor.py:183} INFO - Processing /opt/airflow/dags/pipeline_strava_activities.py took 0.213 seconds
[2025-11-18T17:08:48.526+0000] {processor.py:161} INFO - Started process (PID=3627) to work on /opt/airflow/dags/pipeline_strava_activities.py
[2025-11-18T17:08:48.534+0000] {processor.py:830} INFO - Processing file /opt/airflow/dags/pipeline_strava_activities.py for tasks to queue
[2025-11-18T17:08:48.543+0000] {logging_mixin.py:188} INFO - [2025-11-18T17:08:48.542+0000] {dagbag.py:545} INFO - Filling up the DagBag from /opt/airflow/dags/pipeline_strava_activities.py
[2025-11-18T17:08:48.576+0000] {processor.py:840} INFO - DAG(s) 'etl_strava_activities' retrieved from /opt/airflow/dags/pipeline_strava_activities.py
[2025-11-18T17:08:48.652+0000] {logging_mixin.py:188} INFO - [2025-11-18T17:08:48.652+0000] {dag.py:3089} INFO - Sync 1 DAGs
[2025-11-18T17:08:48.700+0000] {logging_mixin.py:188} INFO - [2025-11-18T17:08:48.699+0000] {dag.py:3947} INFO - Setting next_dagrun for etl_strava_activities to 2025-11-18 03:00:00+00:00, run_after=2025-11-19 03:00:00+00:00
[2025-11-18T17:08:48.727+0000] {processor.py:183} INFO - Processing /opt/airflow/dags/pipeline_strava_activities.py took 0.225 seconds
[2025-11-18T17:09:19.029+0000] {processor.py:161} INFO - Started process (PID=3642) to work on /opt/airflow/dags/pipeline_strava_activities.py
[2025-11-18T17:09:19.037+0000] {processor.py:830} INFO - Processing file /opt/airflow/dags/pipeline_strava_activities.py for tasks to queue
[2025-11-18T17:09:19.041+0000] {logging_mixin.py:188} INFO - [2025-11-18T17:09:19.040+0000] {dagbag.py:545} INFO - Filling up the DagBag from /opt/airflow/dags/pipeline_strava_activities.py
[2025-11-18T17:09:19.089+0000] {processor.py:840} INFO - DAG(s) 'etl_strava_activities' retrieved from /opt/airflow/dags/pipeline_strava_activities.py
[2025-11-18T17:09:19.141+0000] {logging_mixin.py:188} INFO - [2025-11-18T17:09:19.141+0000] {dag.py:3089} INFO - Sync 1 DAGs
[2025-11-18T17:09:19.171+0000] {logging_mixin.py:188} INFO - [2025-11-18T17:09:19.171+0000] {dag.py:3947} INFO - Setting next_dagrun for etl_strava_activities to 2025-11-18 03:00:00+00:00, run_after=2025-11-19 03:00:00+00:00
[2025-11-18T17:09:19.194+0000] {processor.py:183} INFO - Processing /opt/airflow/dags/pipeline_strava_activities.py took 0.180 seconds
[2025-11-18T17:09:49.564+0000] {processor.py:161} INFO - Started process (PID=3657) to work on /opt/airflow/dags/pipeline_strava_activities.py
[2025-11-18T17:09:49.567+0000] {processor.py:830} INFO - Processing file /opt/airflow/dags/pipeline_strava_activities.py for tasks to queue
[2025-11-18T17:09:49.571+0000] {logging_mixin.py:188} INFO - [2025-11-18T17:09:49.570+0000] {dagbag.py:545} INFO - Filling up the DagBag from /opt/airflow/dags/pipeline_strava_activities.py
[2025-11-18T17:09:49.603+0000] {processor.py:840} INFO - DAG(s) 'etl_strava_activities' retrieved from /opt/airflow/dags/pipeline_strava_activities.py
[2025-11-18T17:09:49.686+0000] {logging_mixin.py:188} INFO - [2025-11-18T17:09:49.686+0000] {dag.py:3089} INFO - Sync 1 DAGs
[2025-11-18T17:09:49.718+0000] {logging_mixin.py:188} INFO - [2025-11-18T17:09:49.718+0000] {dag.py:3947} INFO - Setting next_dagrun for etl_strava_activities to 2025-11-18 03:00:00+00:00, run_after=2025-11-19 03:00:00+00:00
[2025-11-18T17:09:49.738+0000] {processor.py:183} INFO - Processing /opt/airflow/dags/pipeline_strava_activities.py took 0.188 seconds
[2025-11-18T17:10:20.046+0000] {processor.py:161} INFO - Started process (PID=3672) to work on /opt/airflow/dags/pipeline_strava_activities.py
[2025-11-18T17:10:20.048+0000] {processor.py:830} INFO - Processing file /opt/airflow/dags/pipeline_strava_activities.py for tasks to queue
[2025-11-18T17:10:20.051+0000] {logging_mixin.py:188} INFO - [2025-11-18T17:10:20.050+0000] {dagbag.py:545} INFO - Filling up the DagBag from /opt/airflow/dags/pipeline_strava_activities.py
[2025-11-18T17:10:20.070+0000] {processor.py:840} INFO - DAG(s) 'etl_strava_activities' retrieved from /opt/airflow/dags/pipeline_strava_activities.py
[2025-11-18T17:10:20.112+0000] {logging_mixin.py:188} INFO - [2025-11-18T17:10:20.112+0000] {dag.py:3089} INFO - Sync 1 DAGs
[2025-11-18T17:10:20.142+0000] {logging_mixin.py:188} INFO - [2025-11-18T17:10:20.142+0000] {dag.py:3947} INFO - Setting next_dagrun for etl_strava_activities to 2025-11-18 03:00:00+00:00, run_after=2025-11-19 03:00:00+00:00
[2025-11-18T17:10:20.159+0000] {processor.py:183} INFO - Processing /opt/airflow/dags/pipeline_strava_activities.py took 0.122 seconds
[2025-11-18T17:10:50.480+0000] {processor.py:161} INFO - Started process (PID=3687) to work on /opt/airflow/dags/pipeline_strava_activities.py
[2025-11-18T17:10:50.482+0000] {processor.py:830} INFO - Processing file /opt/airflow/dags/pipeline_strava_activities.py for tasks to queue
[2025-11-18T17:10:50.485+0000] {logging_mixin.py:188} INFO - [2025-11-18T17:10:50.485+0000] {dagbag.py:545} INFO - Filling up the DagBag from /opt/airflow/dags/pipeline_strava_activities.py
[2025-11-18T17:10:50.506+0000] {processor.py:840} INFO - DAG(s) 'etl_strava_activities' retrieved from /opt/airflow/dags/pipeline_strava_activities.py
[2025-11-18T17:10:50.541+0000] {logging_mixin.py:188} INFO - [2025-11-18T17:10:50.541+0000] {dag.py:3089} INFO - Sync 1 DAGs
[2025-11-18T17:10:50.561+0000] {logging_mixin.py:188} INFO - [2025-11-18T17:10:50.561+0000] {dag.py:3947} INFO - Setting next_dagrun for etl_strava_activities to 2025-11-18 03:00:00+00:00, run_after=2025-11-19 03:00:00+00:00
[2025-11-18T17:10:50.576+0000] {processor.py:183} INFO - Processing /opt/airflow/dags/pipeline_strava_activities.py took 0.106 seconds
[2025-11-18T17:11:20.903+0000] {processor.py:161} INFO - Started process (PID=3702) to work on /opt/airflow/dags/pipeline_strava_activities.py
[2025-11-18T17:11:20.911+0000] {processor.py:830} INFO - Processing file /opt/airflow/dags/pipeline_strava_activities.py for tasks to queue
[2025-11-18T17:11:20.913+0000] {logging_mixin.py:188} INFO - [2025-11-18T17:11:20.913+0000] {dagbag.py:545} INFO - Filling up the DagBag from /opt/airflow/dags/pipeline_strava_activities.py
[2025-11-18T17:11:20.935+0000] {processor.py:840} INFO - DAG(s) 'etl_strava_activities' retrieved from /opt/airflow/dags/pipeline_strava_activities.py
[2025-11-18T17:11:20.998+0000] {logging_mixin.py:188} INFO - [2025-11-18T17:11:20.998+0000] {dag.py:3089} INFO - Sync 1 DAGs
[2025-11-18T17:11:21.032+0000] {logging_mixin.py:188} INFO - [2025-11-18T17:11:21.032+0000] {dag.py:3947} INFO - Setting next_dagrun for etl_strava_activities to 2025-11-18 03:00:00+00:00, run_after=2025-11-19 03:00:00+00:00
[2025-11-18T17:11:21.058+0000] {processor.py:183} INFO - Processing /opt/airflow/dags/pipeline_strava_activities.py took 0.167 seconds
[2025-11-18T17:11:51.355+0000] {processor.py:161} INFO - Started process (PID=3717) to work on /opt/airflow/dags/pipeline_strava_activities.py
[2025-11-18T17:11:51.357+0000] {processor.py:830} INFO - Processing file /opt/airflow/dags/pipeline_strava_activities.py for tasks to queue
[2025-11-18T17:11:51.361+0000] {logging_mixin.py:188} INFO - [2025-11-18T17:11:51.360+0000] {dagbag.py:545} INFO - Filling up the DagBag from /opt/airflow/dags/pipeline_strava_activities.py
[2025-11-18T17:11:51.386+0000] {processor.py:840} INFO - DAG(s) 'etl_strava_activities' retrieved from /opt/airflow/dags/pipeline_strava_activities.py
[2025-11-18T17:11:51.435+0000] {logging_mixin.py:188} INFO - [2025-11-18T17:11:51.434+0000] {dag.py:3089} INFO - Sync 1 DAGs
[2025-11-18T17:11:51.473+0000] {logging_mixin.py:188} INFO - [2025-11-18T17:11:51.473+0000] {dag.py:3947} INFO - Setting next_dagrun for etl_strava_activities to 2025-11-18 03:00:00+00:00, run_after=2025-11-19 03:00:00+00:00
[2025-11-18T17:11:51.492+0000] {processor.py:183} INFO - Processing /opt/airflow/dags/pipeline_strava_activities.py took 0.149 seconds
[2025-11-18T17:12:21.815+0000] {processor.py:161} INFO - Started process (PID=3732) to work on /opt/airflow/dags/pipeline_strava_activities.py
[2025-11-18T17:12:21.818+0000] {processor.py:830} INFO - Processing file /opt/airflow/dags/pipeline_strava_activities.py for tasks to queue
[2025-11-18T17:12:21.822+0000] {logging_mixin.py:188} INFO - [2025-11-18T17:12:21.821+0000] {dagbag.py:545} INFO - Filling up the DagBag from /opt/airflow/dags/pipeline_strava_activities.py
[2025-11-18T17:12:21.849+0000] {processor.py:840} INFO - DAG(s) 'etl_strava_activities' retrieved from /opt/airflow/dags/pipeline_strava_activities.py
[2025-11-18T17:12:21.925+0000] {logging_mixin.py:188} INFO - [2025-11-18T17:12:21.925+0000] {dag.py:3089} INFO - Sync 1 DAGs
[2025-11-18T17:12:21.958+0000] {logging_mixin.py:188} INFO - [2025-11-18T17:12:21.958+0000] {dag.py:3947} INFO - Setting next_dagrun for etl_strava_activities to 2025-11-18 03:00:00+00:00, run_after=2025-11-19 03:00:00+00:00
[2025-11-18T17:12:21.972+0000] {processor.py:183} INFO - Processing /opt/airflow/dags/pipeline_strava_activities.py took 0.184 seconds
[2025-11-18T17:12:52.434+0000] {processor.py:161} INFO - Started process (PID=3747) to work on /opt/airflow/dags/pipeline_strava_activities.py
[2025-11-18T17:12:52.438+0000] {processor.py:830} INFO - Processing file /opt/airflow/dags/pipeline_strava_activities.py for tasks to queue
[2025-11-18T17:12:52.447+0000] {logging_mixin.py:188} INFO - [2025-11-18T17:12:52.445+0000] {dagbag.py:545} INFO - Filling up the DagBag from /opt/airflow/dags/pipeline_strava_activities.py
[2025-11-18T17:12:52.515+0000] {processor.py:840} INFO - DAG(s) 'etl_strava_activities' retrieved from /opt/airflow/dags/pipeline_strava_activities.py
[2025-11-18T17:12:52.624+0000] {logging_mixin.py:188} INFO - [2025-11-18T17:12:52.623+0000] {dag.py:3089} INFO - Sync 1 DAGs
[2025-11-18T17:12:52.676+0000] {logging_mixin.py:188} INFO - [2025-11-18T17:12:52.675+0000] {dag.py:3947} INFO - Setting next_dagrun for etl_strava_activities to 2025-11-18 03:00:00+00:00, run_after=2025-11-19 03:00:00+00:00
[2025-11-18T17:12:52.710+0000] {processor.py:183} INFO - Processing /opt/airflow/dags/pipeline_strava_activities.py took 0.330 seconds
[2025-11-18T17:13:23.178+0000] {processor.py:161} INFO - Started process (PID=3762) to work on /opt/airflow/dags/pipeline_strava_activities.py
[2025-11-18T17:13:23.182+0000] {processor.py:830} INFO - Processing file /opt/airflow/dags/pipeline_strava_activities.py for tasks to queue
[2025-11-18T17:13:23.192+0000] {logging_mixin.py:188} INFO - [2025-11-18T17:13:23.190+0000] {dagbag.py:545} INFO - Filling up the DagBag from /opt/airflow/dags/pipeline_strava_activities.py
[2025-11-18T17:13:23.301+0000] {processor.py:840} INFO - DAG(s) 'etl_strava_activities' retrieved from /opt/airflow/dags/pipeline_strava_activities.py
[2025-11-18T17:13:23.403+0000] {logging_mixin.py:188} INFO - [2025-11-18T17:13:23.402+0000] {dag.py:3089} INFO - Sync 1 DAGs
[2025-11-18T17:13:23.443+0000] {logging_mixin.py:188} INFO - [2025-11-18T17:13:23.442+0000] {dag.py:3947} INFO - Setting next_dagrun for etl_strava_activities to 2025-11-18 03:00:00+00:00, run_after=2025-11-19 03:00:00+00:00
[2025-11-18T17:13:23.464+0000] {processor.py:183} INFO - Processing /opt/airflow/dags/pipeline_strava_activities.py took 0.314 seconds
[2025-11-18T17:13:53.881+0000] {processor.py:161} INFO - Started process (PID=3777) to work on /opt/airflow/dags/pipeline_strava_activities.py
[2025-11-18T17:13:53.883+0000] {processor.py:830} INFO - Processing file /opt/airflow/dags/pipeline_strava_activities.py for tasks to queue
[2025-11-18T17:13:53.886+0000] {logging_mixin.py:188} INFO - [2025-11-18T17:13:53.885+0000] {dagbag.py:545} INFO - Filling up the DagBag from /opt/airflow/dags/pipeline_strava_activities.py
[2025-11-18T17:13:53.905+0000] {processor.py:840} INFO - DAG(s) 'etl_strava_activities' retrieved from /opt/airflow/dags/pipeline_strava_activities.py
[2025-11-18T17:13:53.947+0000] {logging_mixin.py:188} INFO - [2025-11-18T17:13:53.947+0000] {dag.py:3089} INFO - Sync 1 DAGs
[2025-11-18T17:13:53.979+0000] {logging_mixin.py:188} INFO - [2025-11-18T17:13:53.979+0000] {dag.py:3947} INFO - Setting next_dagrun for etl_strava_activities to 2025-11-18 03:00:00+00:00, run_after=2025-11-19 03:00:00+00:00
[2025-11-18T17:13:53.996+0000] {processor.py:183} INFO - Processing /opt/airflow/dags/pipeline_strava_activities.py took 0.122 seconds
[2025-11-18T17:14:24.339+0000] {processor.py:161} INFO - Started process (PID=3792) to work on /opt/airflow/dags/pipeline_strava_activities.py
[2025-11-18T17:14:24.343+0000] {processor.py:830} INFO - Processing file /opt/airflow/dags/pipeline_strava_activities.py for tasks to queue
[2025-11-18T17:14:24.347+0000] {logging_mixin.py:188} INFO - [2025-11-18T17:14:24.347+0000] {dagbag.py:545} INFO - Filling up the DagBag from /opt/airflow/dags/pipeline_strava_activities.py
[2025-11-18T17:14:24.375+0000] {processor.py:840} INFO - DAG(s) 'etl_strava_activities' retrieved from /opt/airflow/dags/pipeline_strava_activities.py
[2025-11-18T17:14:24.436+0000] {logging_mixin.py:188} INFO - [2025-11-18T17:14:24.436+0000] {dag.py:3089} INFO - Sync 1 DAGs
[2025-11-18T17:14:24.481+0000] {logging_mixin.py:188} INFO - [2025-11-18T17:14:24.481+0000] {dag.py:3947} INFO - Setting next_dagrun for etl_strava_activities to 2025-11-18 03:00:00+00:00, run_after=2025-11-19 03:00:00+00:00
[2025-11-18T17:14:24.501+0000] {processor.py:183} INFO - Processing /opt/airflow/dags/pipeline_strava_activities.py took 0.185 seconds
[2025-11-18T17:14:54.820+0000] {processor.py:161} INFO - Started process (PID=3807) to work on /opt/airflow/dags/pipeline_strava_activities.py
[2025-11-18T17:14:54.822+0000] {processor.py:830} INFO - Processing file /opt/airflow/dags/pipeline_strava_activities.py for tasks to queue
[2025-11-18T17:14:54.827+0000] {logging_mixin.py:188} INFO - [2025-11-18T17:14:54.826+0000] {dagbag.py:545} INFO - Filling up the DagBag from /opt/airflow/dags/pipeline_strava_activities.py
[2025-11-18T17:14:54.849+0000] {processor.py:840} INFO - DAG(s) 'etl_strava_activities' retrieved from /opt/airflow/dags/pipeline_strava_activities.py
[2025-11-18T17:14:54.904+0000] {logging_mixin.py:188} INFO - [2025-11-18T17:14:54.904+0000] {dag.py:3089} INFO - Sync 1 DAGs
[2025-11-18T17:14:54.939+0000] {logging_mixin.py:188} INFO - [2025-11-18T17:14:54.939+0000] {dag.py:3947} INFO - Setting next_dagrun for etl_strava_activities to 2025-11-18 03:00:00+00:00, run_after=2025-11-19 03:00:00+00:00
[2025-11-18T17:14:54.956+0000] {processor.py:183} INFO - Processing /opt/airflow/dags/pipeline_strava_activities.py took 0.148 seconds
[2025-11-18T17:15:25.187+0000] {processor.py:161} INFO - Started process (PID=3822) to work on /opt/airflow/dags/pipeline_strava_activities.py
[2025-11-18T17:15:25.198+0000] {processor.py:830} INFO - Processing file /opt/airflow/dags/pipeline_strava_activities.py for tasks to queue
[2025-11-18T17:15:25.202+0000] {logging_mixin.py:188} INFO - [2025-11-18T17:15:25.201+0000] {dagbag.py:545} INFO - Filling up the DagBag from /opt/airflow/dags/pipeline_strava_activities.py
[2025-11-18T17:15:25.221+0000] {processor.py:840} INFO - DAG(s) 'etl_strava_activities' retrieved from /opt/airflow/dags/pipeline_strava_activities.py
[2025-11-18T17:15:25.259+0000] {logging_mixin.py:188} INFO - [2025-11-18T17:15:25.259+0000] {dag.py:3089} INFO - Sync 1 DAGs
[2025-11-18T17:15:25.285+0000] {logging_mixin.py:188} INFO - [2025-11-18T17:15:25.285+0000] {dag.py:3947} INFO - Setting next_dagrun for etl_strava_activities to 2025-11-18 03:00:00+00:00, run_after=2025-11-19 03:00:00+00:00
[2025-11-18T17:15:25.310+0000] {processor.py:183} INFO - Processing /opt/airflow/dags/pipeline_strava_activities.py took 0.130 seconds
[2025-11-18T17:15:55.766+0000] {processor.py:161} INFO - Started process (PID=3837) to work on /opt/airflow/dags/pipeline_strava_activities.py
[2025-11-18T17:15:55.774+0000] {processor.py:830} INFO - Processing file /opt/airflow/dags/pipeline_strava_activities.py for tasks to queue
[2025-11-18T17:15:55.787+0000] {logging_mixin.py:188} INFO - [2025-11-18T17:15:55.786+0000] {dagbag.py:545} INFO - Filling up the DagBag from /opt/airflow/dags/pipeline_strava_activities.py
[2025-11-18T17:15:55.813+0000] {processor.py:840} INFO - DAG(s) 'etl_strava_activities' retrieved from /opt/airflow/dags/pipeline_strava_activities.py
[2025-11-18T17:15:55.878+0000] {logging_mixin.py:188} INFO - [2025-11-18T17:15:55.878+0000] {dag.py:3089} INFO - Sync 1 DAGs
[2025-11-18T17:15:55.922+0000] {logging_mixin.py:188} INFO - [2025-11-18T17:15:55.922+0000] {dag.py:3947} INFO - Setting next_dagrun for etl_strava_activities to 2025-11-18 03:00:00+00:00, run_after=2025-11-19 03:00:00+00:00
[2025-11-18T17:15:55.966+0000] {processor.py:183} INFO - Processing /opt/airflow/dags/pipeline_strava_activities.py took 0.219 seconds
[2025-11-18T17:16:26.267+0000] {processor.py:161} INFO - Started process (PID=3852) to work on /opt/airflow/dags/pipeline_strava_activities.py
[2025-11-18T17:16:26.277+0000] {processor.py:830} INFO - Processing file /opt/airflow/dags/pipeline_strava_activities.py for tasks to queue
[2025-11-18T17:16:26.282+0000] {logging_mixin.py:188} INFO - [2025-11-18T17:16:26.281+0000] {dagbag.py:545} INFO - Filling up the DagBag from /opt/airflow/dags/pipeline_strava_activities.py
[2025-11-18T17:16:26.310+0000] {processor.py:840} INFO - DAG(s) 'etl_strava_activities' retrieved from /opt/airflow/dags/pipeline_strava_activities.py
[2025-11-18T17:16:26.366+0000] {logging_mixin.py:188} INFO - [2025-11-18T17:16:26.366+0000] {dag.py:3089} INFO - Sync 1 DAGs
[2025-11-18T17:16:26.396+0000] {logging_mixin.py:188} INFO - [2025-11-18T17:16:26.396+0000] {dag.py:3947} INFO - Setting next_dagrun for etl_strava_activities to 2025-11-18 03:00:00+00:00, run_after=2025-11-19 03:00:00+00:00
[2025-11-18T17:16:26.414+0000] {processor.py:183} INFO - Processing /opt/airflow/dags/pipeline_strava_activities.py took 0.155 seconds
[2025-11-18T17:16:56.811+0000] {processor.py:161} INFO - Started process (PID=3867) to work on /opt/airflow/dags/pipeline_strava_activities.py
[2025-11-18T17:16:56.820+0000] {processor.py:830} INFO - Processing file /opt/airflow/dags/pipeline_strava_activities.py for tasks to queue
[2025-11-18T17:16:56.836+0000] {logging_mixin.py:188} INFO - [2025-11-18T17:16:56.834+0000] {dagbag.py:545} INFO - Filling up the DagBag from /opt/airflow/dags/pipeline_strava_activities.py
[2025-11-18T17:16:56.897+0000] {processor.py:840} INFO - DAG(s) 'etl_strava_activities' retrieved from /opt/airflow/dags/pipeline_strava_activities.py
[2025-11-18T17:16:56.967+0000] {logging_mixin.py:188} INFO - [2025-11-18T17:16:56.966+0000] {dag.py:3089} INFO - Sync 1 DAGs
[2025-11-18T17:16:56.987+0000] {logging_mixin.py:188} INFO - [2025-11-18T17:16:56.987+0000] {dag.py:3947} INFO - Setting next_dagrun for etl_strava_activities to 2025-11-18 03:00:00+00:00, run_after=2025-11-19 03:00:00+00:00
[2025-11-18T17:16:57.002+0000] {processor.py:183} INFO - Processing /opt/airflow/dags/pipeline_strava_activities.py took 0.224 seconds
[2025-11-18T17:17:27.302+0000] {processor.py:161} INFO - Started process (PID=3882) to work on /opt/airflow/dags/pipeline_strava_activities.py
[2025-11-18T17:17:27.304+0000] {processor.py:830} INFO - Processing file /opt/airflow/dags/pipeline_strava_activities.py for tasks to queue
[2025-11-18T17:17:27.307+0000] {logging_mixin.py:188} INFO - [2025-11-18T17:17:27.306+0000] {dagbag.py:545} INFO - Filling up the DagBag from /opt/airflow/dags/pipeline_strava_activities.py
[2025-11-18T17:17:27.331+0000] {processor.py:840} INFO - DAG(s) 'etl_strava_activities' retrieved from /opt/airflow/dags/pipeline_strava_activities.py
[2025-11-18T17:17:27.380+0000] {logging_mixin.py:188} INFO - [2025-11-18T17:17:27.380+0000] {dag.py:3089} INFO - Sync 1 DAGs
[2025-11-18T17:17:27.412+0000] {logging_mixin.py:188} INFO - [2025-11-18T17:17:27.411+0000] {dag.py:3947} INFO - Setting next_dagrun for etl_strava_activities to 2025-11-18 03:00:00+00:00, run_after=2025-11-19 03:00:00+00:00
[2025-11-18T17:17:27.431+0000] {processor.py:183} INFO - Processing /opt/airflow/dags/pipeline_strava_activities.py took 0.140 seconds
[2025-11-18T17:17:57.762+0000] {processor.py:161} INFO - Started process (PID=3897) to work on /opt/airflow/dags/pipeline_strava_activities.py
[2025-11-18T17:17:57.764+0000] {processor.py:830} INFO - Processing file /opt/airflow/dags/pipeline_strava_activities.py for tasks to queue
[2025-11-18T17:17:57.767+0000] {logging_mixin.py:188} INFO - [2025-11-18T17:17:57.767+0000] {dagbag.py:545} INFO - Filling up the DagBag from /opt/airflow/dags/pipeline_strava_activities.py
[2025-11-18T17:17:57.800+0000] {processor.py:840} INFO - DAG(s) 'etl_strava_activities' retrieved from /opt/airflow/dags/pipeline_strava_activities.py
[2025-11-18T17:17:57.845+0000] {logging_mixin.py:188} INFO - [2025-11-18T17:17:57.845+0000] {dag.py:3089} INFO - Sync 1 DAGs
[2025-11-18T17:17:57.880+0000] {logging_mixin.py:188} INFO - [2025-11-18T17:17:57.879+0000] {dag.py:3947} INFO - Setting next_dagrun for etl_strava_activities to 2025-11-18 03:00:00+00:00, run_after=2025-11-19 03:00:00+00:00
[2025-11-18T17:17:57.899+0000] {processor.py:183} INFO - Processing /opt/airflow/dags/pipeline_strava_activities.py took 0.150 seconds
[2025-11-18T17:18:28.320+0000] {processor.py:161} INFO - Started process (PID=3912) to work on /opt/airflow/dags/pipeline_strava_activities.py
[2025-11-18T17:18:28.324+0000] {processor.py:830} INFO - Processing file /opt/airflow/dags/pipeline_strava_activities.py for tasks to queue
[2025-11-18T17:18:28.332+0000] {logging_mixin.py:188} INFO - [2025-11-18T17:18:28.330+0000] {dagbag.py:545} INFO - Filling up the DagBag from /opt/airflow/dags/pipeline_strava_activities.py
[2025-11-18T17:18:28.396+0000] {processor.py:840} INFO - DAG(s) 'etl_strava_activities' retrieved from /opt/airflow/dags/pipeline_strava_activities.py
[2025-11-18T17:18:28.563+0000] {logging_mixin.py:188} INFO - [2025-11-18T17:18:28.562+0000] {dag.py:3089} INFO - Sync 1 DAGs
[2025-11-18T17:18:28.645+0000] {logging_mixin.py:188} INFO - [2025-11-18T17:18:28.644+0000] {dag.py:3947} INFO - Setting next_dagrun for etl_strava_activities to 2025-11-18 03:00:00+00:00, run_after=2025-11-19 03:00:00+00:00
[2025-11-18T17:18:28.680+0000] {processor.py:183} INFO - Processing /opt/airflow/dags/pipeline_strava_activities.py took 0.398 seconds
[2025-11-18T17:18:59.000+0000] {processor.py:161} INFO - Started process (PID=3927) to work on /opt/airflow/dags/pipeline_strava_activities.py
[2025-11-18T17:18:59.003+0000] {processor.py:830} INFO - Processing file /opt/airflow/dags/pipeline_strava_activities.py for tasks to queue
[2025-11-18T17:18:59.005+0000] {logging_mixin.py:188} INFO - [2025-11-18T17:18:59.004+0000] {dagbag.py:545} INFO - Filling up the DagBag from /opt/airflow/dags/pipeline_strava_activities.py
[2025-11-18T17:18:59.019+0000] {processor.py:840} INFO - DAG(s) 'etl_strava_activities' retrieved from /opt/airflow/dags/pipeline_strava_activities.py
[2025-11-18T17:18:59.053+0000] {logging_mixin.py:188} INFO - [2025-11-18T17:18:59.053+0000] {dag.py:3089} INFO - Sync 1 DAGs
[2025-11-18T17:18:59.075+0000] {logging_mixin.py:188} INFO - [2025-11-18T17:18:59.075+0000] {dag.py:3947} INFO - Setting next_dagrun for etl_strava_activities to 2025-11-18 03:00:00+00:00, run_after=2025-11-19 03:00:00+00:00
[2025-11-18T17:18:59.092+0000] {processor.py:183} INFO - Processing /opt/airflow/dags/pipeline_strava_activities.py took 0.099 seconds
[2025-11-18T17:19:29.307+0000] {processor.py:161} INFO - Started process (PID=3942) to work on /opt/airflow/dags/pipeline_strava_activities.py
[2025-11-18T17:19:29.310+0000] {processor.py:830} INFO - Processing file /opt/airflow/dags/pipeline_strava_activities.py for tasks to queue
[2025-11-18T17:19:29.315+0000] {logging_mixin.py:188} INFO - [2025-11-18T17:19:29.314+0000] {dagbag.py:545} INFO - Filling up the DagBag from /opt/airflow/dags/pipeline_strava_activities.py
[2025-11-18T17:19:29.342+0000] {processor.py:840} INFO - DAG(s) 'etl_strava_activities' retrieved from /opt/airflow/dags/pipeline_strava_activities.py
[2025-11-18T17:19:29.409+0000] {logging_mixin.py:188} INFO - [2025-11-18T17:19:29.408+0000] {dag.py:3089} INFO - Sync 1 DAGs
[2025-11-18T17:19:29.443+0000] {logging_mixin.py:188} INFO - [2025-11-18T17:19:29.442+0000] {dag.py:3947} INFO - Setting next_dagrun for etl_strava_activities to 2025-11-18 03:00:00+00:00, run_after=2025-11-19 03:00:00+00:00
[2025-11-18T17:19:29.463+0000] {processor.py:183} INFO - Processing /opt/airflow/dags/pipeline_strava_activities.py took 0.172 seconds
[2025-11-18T17:19:59.646+0000] {processor.py:161} INFO - Started process (PID=3957) to work on /opt/airflow/dags/pipeline_strava_activities.py
[2025-11-18T17:19:59.648+0000] {processor.py:830} INFO - Processing file /opt/airflow/dags/pipeline_strava_activities.py for tasks to queue
[2025-11-18T17:19:59.651+0000] {logging_mixin.py:188} INFO - [2025-11-18T17:19:59.650+0000] {dagbag.py:545} INFO - Filling up the DagBag from /opt/airflow/dags/pipeline_strava_activities.py
[2025-11-18T17:19:59.679+0000] {processor.py:840} INFO - DAG(s) 'etl_strava_activities' retrieved from /opt/airflow/dags/pipeline_strava_activities.py
[2025-11-18T17:19:59.724+0000] {logging_mixin.py:188} INFO - [2025-11-18T17:19:59.724+0000] {dag.py:3089} INFO - Sync 1 DAGs
[2025-11-18T17:19:59.754+0000] {logging_mixin.py:188} INFO - [2025-11-18T17:19:59.754+0000] {dag.py:3947} INFO - Setting next_dagrun for etl_strava_activities to 2025-11-18 03:00:00+00:00, run_after=2025-11-19 03:00:00+00:00
[2025-11-18T17:19:59.774+0000] {processor.py:183} INFO - Processing /opt/airflow/dags/pipeline_strava_activities.py took 0.140 seconds
[2025-11-18T17:20:29.941+0000] {processor.py:161} INFO - Started process (PID=3972) to work on /opt/airflow/dags/pipeline_strava_activities.py
[2025-11-18T17:20:29.943+0000] {processor.py:830} INFO - Processing file /opt/airflow/dags/pipeline_strava_activities.py for tasks to queue
[2025-11-18T17:20:29.947+0000] {logging_mixin.py:188} INFO - [2025-11-18T17:20:29.947+0000] {dagbag.py:545} INFO - Filling up the DagBag from /opt/airflow/dags/pipeline_strava_activities.py
[2025-11-18T17:20:29.968+0000] {processor.py:840} INFO - DAG(s) 'etl_strava_activities' retrieved from /opt/airflow/dags/pipeline_strava_activities.py
[2025-11-18T17:20:30.015+0000] {logging_mixin.py:188} INFO - [2025-11-18T17:20:30.015+0000] {dag.py:3089} INFO - Sync 1 DAGs
[2025-11-18T17:20:30.044+0000] {logging_mixin.py:188} INFO - [2025-11-18T17:20:30.044+0000] {dag.py:3947} INFO - Setting next_dagrun for etl_strava_activities to 2025-11-18 03:00:00+00:00, run_after=2025-11-19 03:00:00+00:00
[2025-11-18T17:20:30.060+0000] {processor.py:183} INFO - Processing /opt/airflow/dags/pipeline_strava_activities.py took 0.131 seconds
[2025-11-18T17:21:00.376+0000] {processor.py:161} INFO - Started process (PID=3987) to work on /opt/airflow/dags/pipeline_strava_activities.py
[2025-11-18T17:21:00.379+0000] {processor.py:830} INFO - Processing file /opt/airflow/dags/pipeline_strava_activities.py for tasks to queue
[2025-11-18T17:21:00.382+0000] {logging_mixin.py:188} INFO - [2025-11-18T17:21:00.381+0000] {dagbag.py:545} INFO - Filling up the DagBag from /opt/airflow/dags/pipeline_strava_activities.py
[2025-11-18T17:21:00.403+0000] {processor.py:840} INFO - DAG(s) 'etl_strava_activities' retrieved from /opt/airflow/dags/pipeline_strava_activities.py
[2025-11-18T17:21:00.455+0000] {logging_mixin.py:188} INFO - [2025-11-18T17:21:00.455+0000] {dag.py:3089} INFO - Sync 1 DAGs
[2025-11-18T17:21:00.506+0000] {logging_mixin.py:188} INFO - [2025-11-18T17:21:00.506+0000] {dag.py:3947} INFO - Setting next_dagrun for etl_strava_activities to 2025-11-18 03:00:00+00:00, run_after=2025-11-19 03:00:00+00:00
[2025-11-18T17:21:00.527+0000] {processor.py:183} INFO - Processing /opt/airflow/dags/pipeline_strava_activities.py took 0.161 seconds
[2025-11-18T17:21:30.720+0000] {processor.py:161} INFO - Started process (PID=4002) to work on /opt/airflow/dags/pipeline_strava_activities.py
[2025-11-18T17:21:30.723+0000] {processor.py:830} INFO - Processing file /opt/airflow/dags/pipeline_strava_activities.py for tasks to queue
[2025-11-18T17:21:30.727+0000] {logging_mixin.py:188} INFO - [2025-11-18T17:21:30.726+0000] {dagbag.py:545} INFO - Filling up the DagBag from /opt/airflow/dags/pipeline_strava_activities.py
[2025-11-18T17:21:30.771+0000] {processor.py:840} INFO - DAG(s) 'etl_strava_activities' retrieved from /opt/airflow/dags/pipeline_strava_activities.py
[2025-11-18T17:21:30.824+0000] {logging_mixin.py:188} INFO - [2025-11-18T17:21:30.824+0000] {dag.py:3089} INFO - Sync 1 DAGs
[2025-11-18T17:21:30.870+0000] {logging_mixin.py:188} INFO - [2025-11-18T17:21:30.870+0000] {dag.py:3947} INFO - Setting next_dagrun for etl_strava_activities to 2025-11-18 03:00:00+00:00, run_after=2025-11-19 03:00:00+00:00
[2025-11-18T17:21:30.888+0000] {processor.py:183} INFO - Processing /opt/airflow/dags/pipeline_strava_activities.py took 0.179 seconds
[2025-11-18T17:22:01.261+0000] {processor.py:161} INFO - Started process (PID=4017) to work on /opt/airflow/dags/pipeline_strava_activities.py
[2025-11-18T17:22:01.264+0000] {processor.py:830} INFO - Processing file /opt/airflow/dags/pipeline_strava_activities.py for tasks to queue
[2025-11-18T17:22:01.268+0000] {logging_mixin.py:188} INFO - [2025-11-18T17:22:01.268+0000] {dagbag.py:545} INFO - Filling up the DagBag from /opt/airflow/dags/pipeline_strava_activities.py
[2025-11-18T17:22:01.304+0000] {processor.py:840} INFO - DAG(s) 'etl_strava_activities' retrieved from /opt/airflow/dags/pipeline_strava_activities.py
[2025-11-18T17:22:01.395+0000] {logging_mixin.py:188} INFO - [2025-11-18T17:22:01.395+0000] {dag.py:3089} INFO - Sync 1 DAGs
[2025-11-18T17:22:01.446+0000] {logging_mixin.py:188} INFO - [2025-11-18T17:22:01.446+0000] {dag.py:3947} INFO - Setting next_dagrun for etl_strava_activities to 2025-11-18 03:00:00+00:00, run_after=2025-11-19 03:00:00+00:00
[2025-11-18T17:22:01.466+0000] {processor.py:183} INFO - Processing /opt/airflow/dags/pipeline_strava_activities.py took 0.218 seconds
[2025-11-18T17:22:31.622+0000] {processor.py:161} INFO - Started process (PID=4032) to work on /opt/airflow/dags/pipeline_strava_activities.py
[2025-11-18T17:22:31.626+0000] {processor.py:830} INFO - Processing file /opt/airflow/dags/pipeline_strava_activities.py for tasks to queue
[2025-11-18T17:22:31.629+0000] {logging_mixin.py:188} INFO - [2025-11-18T17:22:31.629+0000] {dagbag.py:545} INFO - Filling up the DagBag from /opt/airflow/dags/pipeline_strava_activities.py
[2025-11-18T17:22:31.650+0000] {processor.py:840} INFO - DAG(s) 'etl_strava_activities' retrieved from /opt/airflow/dags/pipeline_strava_activities.py
[2025-11-18T17:22:31.699+0000] {logging_mixin.py:188} INFO - [2025-11-18T17:22:31.699+0000] {dag.py:3089} INFO - Sync 1 DAGs
[2025-11-18T17:22:31.727+0000] {logging_mixin.py:188} INFO - [2025-11-18T17:22:31.727+0000] {dag.py:3947} INFO - Setting next_dagrun for etl_strava_activities to 2025-11-18 03:00:00+00:00, run_after=2025-11-19 03:00:00+00:00
[2025-11-18T17:22:31.744+0000] {processor.py:183} INFO - Processing /opt/airflow/dags/pipeline_strava_activities.py took 0.131 seconds
[2025-11-18T17:23:01.942+0000] {processor.py:161} INFO - Started process (PID=4047) to work on /opt/airflow/dags/pipeline_strava_activities.py
[2025-11-18T17:23:01.945+0000] {processor.py:830} INFO - Processing file /opt/airflow/dags/pipeline_strava_activities.py for tasks to queue
[2025-11-18T17:23:01.950+0000] {logging_mixin.py:188} INFO - [2025-11-18T17:23:01.949+0000] {dagbag.py:545} INFO - Filling up the DagBag from /opt/airflow/dags/pipeline_strava_activities.py
[2025-11-18T17:23:01.977+0000] {processor.py:840} INFO - DAG(s) 'etl_strava_activities' retrieved from /opt/airflow/dags/pipeline_strava_activities.py
[2025-11-18T17:23:02.032+0000] {logging_mixin.py:188} INFO - [2025-11-18T17:23:02.032+0000] {dag.py:3089} INFO - Sync 1 DAGs
[2025-11-18T17:23:02.062+0000] {logging_mixin.py:188} INFO - [2025-11-18T17:23:02.062+0000] {dag.py:3947} INFO - Setting next_dagrun for etl_strava_activities to 2025-11-18 03:00:00+00:00, run_after=2025-11-19 03:00:00+00:00
[2025-11-18T17:23:02.079+0000] {processor.py:183} INFO - Processing /opt/airflow/dags/pipeline_strava_activities.py took 0.147 seconds
[2025-11-18T17:23:32.245+0000] {processor.py:161} INFO - Started process (PID=4062) to work on /opt/airflow/dags/pipeline_strava_activities.py
[2025-11-18T17:23:32.248+0000] {processor.py:830} INFO - Processing file /opt/airflow/dags/pipeline_strava_activities.py for tasks to queue
[2025-11-18T17:23:32.251+0000] {logging_mixin.py:188} INFO - [2025-11-18T17:23:32.251+0000] {dagbag.py:545} INFO - Filling up the DagBag from /opt/airflow/dags/pipeline_strava_activities.py
[2025-11-18T17:23:32.278+0000] {processor.py:840} INFO - DAG(s) 'etl_strava_activities' retrieved from /opt/airflow/dags/pipeline_strava_activities.py
[2025-11-18T17:23:32.330+0000] {logging_mixin.py:188} INFO - [2025-11-18T17:23:32.329+0000] {dag.py:3089} INFO - Sync 1 DAGs
[2025-11-18T17:23:32.363+0000] {logging_mixin.py:188} INFO - [2025-11-18T17:23:32.363+0000] {dag.py:3947} INFO - Setting next_dagrun for etl_strava_activities to 2025-11-18 03:00:00+00:00, run_after=2025-11-19 03:00:00+00:00
[2025-11-18T17:23:32.396+0000] {processor.py:183} INFO - Processing /opt/airflow/dags/pipeline_strava_activities.py took 0.159 seconds
[2025-11-18T17:24:02.754+0000] {processor.py:161} INFO - Started process (PID=4077) to work on /opt/airflow/dags/pipeline_strava_activities.py
[2025-11-18T17:24:02.758+0000] {processor.py:830} INFO - Processing file /opt/airflow/dags/pipeline_strava_activities.py for tasks to queue
[2025-11-18T17:24:02.762+0000] {logging_mixin.py:188} INFO - [2025-11-18T17:24:02.761+0000] {dagbag.py:545} INFO - Filling up the DagBag from /opt/airflow/dags/pipeline_strava_activities.py
[2025-11-18T17:24:02.791+0000] {processor.py:840} INFO - DAG(s) 'etl_strava_activities' retrieved from /opt/airflow/dags/pipeline_strava_activities.py
[2025-11-18T17:24:02.843+0000] {logging_mixin.py:188} INFO - [2025-11-18T17:24:02.843+0000] {dag.py:3089} INFO - Sync 1 DAGs
[2025-11-18T17:24:02.874+0000] {logging_mixin.py:188} INFO - [2025-11-18T17:24:02.874+0000] {dag.py:3947} INFO - Setting next_dagrun for etl_strava_activities to 2025-11-18 03:00:00+00:00, run_after=2025-11-19 03:00:00+00:00
[2025-11-18T17:24:02.893+0000] {processor.py:183} INFO - Processing /opt/airflow/dags/pipeline_strava_activities.py took 0.149 seconds
[2025-11-18T17:24:33.094+0000] {processor.py:161} INFO - Started process (PID=4092) to work on /opt/airflow/dags/pipeline_strava_activities.py
[2025-11-18T17:24:33.096+0000] {processor.py:830} INFO - Processing file /opt/airflow/dags/pipeline_strava_activities.py for tasks to queue
[2025-11-18T17:24:33.100+0000] {logging_mixin.py:188} INFO - [2025-11-18T17:24:33.100+0000] {dagbag.py:545} INFO - Filling up the DagBag from /opt/airflow/dags/pipeline_strava_activities.py
[2025-11-18T17:24:33.127+0000] {processor.py:840} INFO - DAG(s) 'etl_strava_activities' retrieved from /opt/airflow/dags/pipeline_strava_activities.py
[2025-11-18T17:24:33.183+0000] {logging_mixin.py:188} INFO - [2025-11-18T17:24:33.183+0000] {dag.py:3089} INFO - Sync 1 DAGs
[2025-11-18T17:24:33.240+0000] {logging_mixin.py:188} INFO - [2025-11-18T17:24:33.240+0000] {dag.py:3947} INFO - Setting next_dagrun for etl_strava_activities to 2025-11-18 03:00:00+00:00, run_after=2025-11-19 03:00:00+00:00
[2025-11-18T17:24:33.261+0000] {processor.py:183} INFO - Processing /opt/airflow/dags/pipeline_strava_activities.py took 0.181 seconds
[2025-11-18T17:25:03.369+0000] {processor.py:161} INFO - Started process (PID=4107) to work on /opt/airflow/dags/pipeline_strava_activities.py
[2025-11-18T17:25:03.373+0000] {processor.py:830} INFO - Processing file /opt/airflow/dags/pipeline_strava_activities.py for tasks to queue
[2025-11-18T17:25:03.376+0000] {logging_mixin.py:188} INFO - [2025-11-18T17:25:03.375+0000] {dagbag.py:545} INFO - Filling up the DagBag from /opt/airflow/dags/pipeline_strava_activities.py
[2025-11-18T17:25:03.400+0000] {processor.py:840} INFO - DAG(s) 'etl_strava_activities' retrieved from /opt/airflow/dags/pipeline_strava_activities.py
[2025-11-18T17:25:03.452+0000] {logging_mixin.py:188} INFO - [2025-11-18T17:25:03.452+0000] {dag.py:3089} INFO - Sync 1 DAGs
[2025-11-18T17:25:03.481+0000] {logging_mixin.py:188} INFO - [2025-11-18T17:25:03.481+0000] {dag.py:3947} INFO - Setting next_dagrun for etl_strava_activities to 2025-11-18 03:00:00+00:00, run_after=2025-11-19 03:00:00+00:00
[2025-11-18T17:25:03.503+0000] {processor.py:183} INFO - Processing /opt/airflow/dags/pipeline_strava_activities.py took 0.142 seconds
[2025-11-18T17:25:33.844+0000] {processor.py:161} INFO - Started process (PID=4122) to work on /opt/airflow/dags/pipeline_strava_activities.py
[2025-11-18T17:25:33.847+0000] {processor.py:830} INFO - Processing file /opt/airflow/dags/pipeline_strava_activities.py for tasks to queue
[2025-11-18T17:25:33.850+0000] {logging_mixin.py:188} INFO - [2025-11-18T17:25:33.850+0000] {dagbag.py:545} INFO - Filling up the DagBag from /opt/airflow/dags/pipeline_strava_activities.py
[2025-11-18T17:25:33.870+0000] {processor.py:840} INFO - DAG(s) 'etl_strava_activities' retrieved from /opt/airflow/dags/pipeline_strava_activities.py
[2025-11-18T17:25:33.913+0000] {logging_mixin.py:188} INFO - [2025-11-18T17:25:33.913+0000] {dag.py:3089} INFO - Sync 1 DAGs
[2025-11-18T17:25:33.940+0000] {logging_mixin.py:188} INFO - [2025-11-18T17:25:33.940+0000] {dag.py:3947} INFO - Setting next_dagrun for etl_strava_activities to 2025-11-18 03:00:00+00:00, run_after=2025-11-19 03:00:00+00:00
[2025-11-18T17:25:33.958+0000] {processor.py:183} INFO - Processing /opt/airflow/dags/pipeline_strava_activities.py took 0.121 seconds
[2025-11-18T17:26:04.305+0000] {processor.py:161} INFO - Started process (PID=4137) to work on /opt/airflow/dags/pipeline_strava_activities.py
[2025-11-18T17:26:04.307+0000] {processor.py:830} INFO - Processing file /opt/airflow/dags/pipeline_strava_activities.py for tasks to queue
[2025-11-18T17:26:04.311+0000] {logging_mixin.py:188} INFO - [2025-11-18T17:26:04.310+0000] {dagbag.py:545} INFO - Filling up the DagBag from /opt/airflow/dags/pipeline_strava_activities.py
[2025-11-18T17:26:04.328+0000] {processor.py:840} INFO - DAG(s) 'etl_strava_activities' retrieved from /opt/airflow/dags/pipeline_strava_activities.py
[2025-11-18T17:26:04.364+0000] {logging_mixin.py:188} INFO - [2025-11-18T17:26:04.364+0000] {dag.py:3089} INFO - Sync 1 DAGs
[2025-11-18T17:26:04.397+0000] {logging_mixin.py:188} INFO - [2025-11-18T17:26:04.396+0000] {dag.py:3947} INFO - Setting next_dagrun for etl_strava_activities to 2025-11-18 03:00:00+00:00, run_after=2025-11-19 03:00:00+00:00
[2025-11-18T17:26:04.416+0000] {processor.py:183} INFO - Processing /opt/airflow/dags/pipeline_strava_activities.py took 0.118 seconds
[2025-11-18T17:26:34.675+0000] {processor.py:161} INFO - Started process (PID=4152) to work on /opt/airflow/dags/pipeline_strava_activities.py
[2025-11-18T17:26:34.678+0000] {processor.py:830} INFO - Processing file /opt/airflow/dags/pipeline_strava_activities.py for tasks to queue
[2025-11-18T17:26:34.683+0000] {logging_mixin.py:188} INFO - [2025-11-18T17:26:34.683+0000] {dagbag.py:545} INFO - Filling up the DagBag from /opt/airflow/dags/pipeline_strava_activities.py
[2025-11-18T17:26:34.726+0000] {processor.py:840} INFO - DAG(s) 'etl_strava_activities' retrieved from /opt/airflow/dags/pipeline_strava_activities.py
[2025-11-18T17:26:34.795+0000] {logging_mixin.py:188} INFO - [2025-11-18T17:26:34.794+0000] {dag.py:3089} INFO - Sync 1 DAGs
[2025-11-18T17:26:34.838+0000] {logging_mixin.py:188} INFO - [2025-11-18T17:26:34.838+0000] {dag.py:3947} INFO - Setting next_dagrun for etl_strava_activities to 2025-11-18 03:00:00+00:00, run_after=2025-11-19 03:00:00+00:00
[2025-11-18T17:26:34.868+0000] {processor.py:183} INFO - Processing /opt/airflow/dags/pipeline_strava_activities.py took 0.203 seconds
[2025-11-18T17:27:05.055+0000] {processor.py:161} INFO - Started process (PID=4167) to work on /opt/airflow/dags/pipeline_strava_activities.py
[2025-11-18T17:27:05.066+0000] {processor.py:830} INFO - Processing file /opt/airflow/dags/pipeline_strava_activities.py for tasks to queue
[2025-11-18T17:27:05.074+0000] {logging_mixin.py:188} INFO - [2025-11-18T17:27:05.071+0000] {dagbag.py:545} INFO - Filling up the DagBag from /opt/airflow/dags/pipeline_strava_activities.py
[2025-11-18T17:27:05.100+0000] {processor.py:840} INFO - DAG(s) 'etl_strava_activities' retrieved from /opt/airflow/dags/pipeline_strava_activities.py
[2025-11-18T17:27:05.158+0000] {logging_mixin.py:188} INFO - [2025-11-18T17:27:05.158+0000] {dag.py:3089} INFO - Sync 1 DAGs
[2025-11-18T17:27:05.199+0000] {logging_mixin.py:188} INFO - [2025-11-18T17:27:05.198+0000] {dag.py:3947} INFO - Setting next_dagrun for etl_strava_activities to 2025-11-18 03:00:00+00:00, run_after=2025-11-19 03:00:00+00:00
[2025-11-18T17:27:05.223+0000] {processor.py:183} INFO - Processing /opt/airflow/dags/pipeline_strava_activities.py took 0.187 seconds
[2025-11-18T17:27:35.389+0000] {processor.py:161} INFO - Started process (PID=4182) to work on /opt/airflow/dags/pipeline_strava_activities.py
[2025-11-18T17:27:35.398+0000] {processor.py:830} INFO - Processing file /opt/airflow/dags/pipeline_strava_activities.py for tasks to queue
[2025-11-18T17:27:35.404+0000] {logging_mixin.py:188} INFO - [2025-11-18T17:27:35.403+0000] {dagbag.py:545} INFO - Filling up the DagBag from /opt/airflow/dags/pipeline_strava_activities.py
[2025-11-18T17:27:35.429+0000] {processor.py:840} INFO - DAG(s) 'etl_strava_activities' retrieved from /opt/airflow/dags/pipeline_strava_activities.py
[2025-11-18T17:27:35.473+0000] {logging_mixin.py:188} INFO - [2025-11-18T17:27:35.473+0000] {dag.py:3089} INFO - Sync 1 DAGs
[2025-11-18T17:27:35.509+0000] {logging_mixin.py:188} INFO - [2025-11-18T17:27:35.508+0000] {dag.py:3947} INFO - Setting next_dagrun for etl_strava_activities to 2025-11-18 03:00:00+00:00, run_after=2025-11-19 03:00:00+00:00
[2025-11-18T17:27:35.528+0000] {processor.py:183} INFO - Processing /opt/airflow/dags/pipeline_strava_activities.py took 0.150 seconds
[2025-11-18T17:28:05.869+0000] {processor.py:161} INFO - Started process (PID=4197) to work on /opt/airflow/dags/pipeline_strava_activities.py
[2025-11-18T17:28:05.872+0000] {processor.py:830} INFO - Processing file /opt/airflow/dags/pipeline_strava_activities.py for tasks to queue
[2025-11-18T17:28:05.876+0000] {logging_mixin.py:188} INFO - [2025-11-18T17:28:05.875+0000] {dagbag.py:545} INFO - Filling up the DagBag from /opt/airflow/dags/pipeline_strava_activities.py
[2025-11-18T17:28:05.901+0000] {processor.py:840} INFO - DAG(s) 'etl_strava_activities' retrieved from /opt/airflow/dags/pipeline_strava_activities.py
[2025-11-18T17:28:05.949+0000] {logging_mixin.py:188} INFO - [2025-11-18T17:28:05.949+0000] {dag.py:3089} INFO - Sync 1 DAGs
[2025-11-18T17:28:05.980+0000] {logging_mixin.py:188} INFO - [2025-11-18T17:28:05.980+0000] {dag.py:3947} INFO - Setting next_dagrun for etl_strava_activities to 2025-11-18 03:00:00+00:00, run_after=2025-11-19 03:00:00+00:00
[2025-11-18T17:28:06.002+0000] {processor.py:183} INFO - Processing /opt/airflow/dags/pipeline_strava_activities.py took 0.147 seconds
[2025-11-18T17:28:36.208+0000] {processor.py:161} INFO - Started process (PID=4212) to work on /opt/airflow/dags/pipeline_strava_activities.py
[2025-11-18T17:28:36.211+0000] {processor.py:830} INFO - Processing file /opt/airflow/dags/pipeline_strava_activities.py for tasks to queue
[2025-11-18T17:28:36.214+0000] {logging_mixin.py:188} INFO - [2025-11-18T17:28:36.213+0000] {dagbag.py:545} INFO - Filling up the DagBag from /opt/airflow/dags/pipeline_strava_activities.py
[2025-11-18T17:28:36.243+0000] {processor.py:840} INFO - DAG(s) 'etl_strava_activities' retrieved from /opt/airflow/dags/pipeline_strava_activities.py
[2025-11-18T17:28:36.289+0000] {logging_mixin.py:188} INFO - [2025-11-18T17:28:36.289+0000] {dag.py:3089} INFO - Sync 1 DAGs
[2025-11-18T17:28:36.327+0000] {logging_mixin.py:188} INFO - [2025-11-18T17:28:36.326+0000] {dag.py:3947} INFO - Setting next_dagrun for etl_strava_activities to 2025-11-18 03:00:00+00:00, run_after=2025-11-19 03:00:00+00:00
[2025-11-18T17:28:36.348+0000] {processor.py:183} INFO - Processing /opt/airflow/dags/pipeline_strava_activities.py took 0.148 seconds
[2025-11-18T17:29:06.548+0000] {processor.py:161} INFO - Started process (PID=4227) to work on /opt/airflow/dags/pipeline_strava_activities.py
[2025-11-18T17:29:06.551+0000] {processor.py:830} INFO - Processing file /opt/airflow/dags/pipeline_strava_activities.py for tasks to queue
[2025-11-18T17:29:06.554+0000] {logging_mixin.py:188} INFO - [2025-11-18T17:29:06.553+0000] {dagbag.py:545} INFO - Filling up the DagBag from /opt/airflow/dags/pipeline_strava_activities.py
[2025-11-18T17:29:06.585+0000] {processor.py:840} INFO - DAG(s) 'etl_strava_activities' retrieved from /opt/airflow/dags/pipeline_strava_activities.py
[2025-11-18T17:29:06.638+0000] {logging_mixin.py:188} INFO - [2025-11-18T17:29:06.638+0000] {dag.py:3089} INFO - Sync 1 DAGs
[2025-11-18T17:29:06.666+0000] {logging_mixin.py:188} INFO - [2025-11-18T17:29:06.666+0000] {dag.py:3947} INFO - Setting next_dagrun for etl_strava_activities to 2025-11-18 03:00:00+00:00, run_after=2025-11-19 03:00:00+00:00
[2025-11-18T17:29:06.681+0000] {processor.py:183} INFO - Processing /opt/airflow/dags/pipeline_strava_activities.py took 0.144 seconds
[2025-11-18T17:29:37.066+0000] {processor.py:161} INFO - Started process (PID=4242) to work on /opt/airflow/dags/pipeline_strava_activities.py
[2025-11-18T17:29:37.070+0000] {processor.py:830} INFO - Processing file /opt/airflow/dags/pipeline_strava_activities.py for tasks to queue
[2025-11-18T17:29:37.073+0000] {logging_mixin.py:188} INFO - [2025-11-18T17:29:37.072+0000] {dagbag.py:545} INFO - Filling up the DagBag from /opt/airflow/dags/pipeline_strava_activities.py
[2025-11-18T17:29:37.109+0000] {processor.py:840} INFO - DAG(s) 'etl_strava_activities' retrieved from /opt/airflow/dags/pipeline_strava_activities.py
[2025-11-18T17:29:37.176+0000] {logging_mixin.py:188} INFO - [2025-11-18T17:29:37.176+0000] {dag.py:3089} INFO - Sync 1 DAGs
[2025-11-18T17:29:37.217+0000] {logging_mixin.py:188} INFO - [2025-11-18T17:29:37.216+0000] {dag.py:3947} INFO - Setting next_dagrun for etl_strava_activities to 2025-11-18 03:00:00+00:00, run_after=2025-11-19 03:00:00+00:00
[2025-11-18T17:29:37.235+0000] {processor.py:183} INFO - Processing /opt/airflow/dags/pipeline_strava_activities.py took 0.186 seconds
[2025-11-18T17:30:07.333+0000] {processor.py:161} INFO - Started process (PID=4257) to work on /opt/airflow/dags/pipeline_strava_activities.py
[2025-11-18T17:30:07.336+0000] {processor.py:830} INFO - Processing file /opt/airflow/dags/pipeline_strava_activities.py for tasks to queue
[2025-11-18T17:30:07.338+0000] {logging_mixin.py:188} INFO - [2025-11-18T17:30:07.338+0000] {dagbag.py:545} INFO - Filling up the DagBag from /opt/airflow/dags/pipeline_strava_activities.py
[2025-11-18T17:30:07.355+0000] {processor.py:840} INFO - DAG(s) 'etl_strava_activities' retrieved from /opt/airflow/dags/pipeline_strava_activities.py
[2025-11-18T17:30:07.397+0000] {logging_mixin.py:188} INFO - [2025-11-18T17:30:07.396+0000] {dag.py:3089} INFO - Sync 1 DAGs
[2025-11-18T17:30:07.430+0000] {logging_mixin.py:188} INFO - [2025-11-18T17:30:07.429+0000] {dag.py:3947} INFO - Setting next_dagrun for etl_strava_activities to 2025-11-18 03:00:00+00:00, run_after=2025-11-19 03:00:00+00:00
[2025-11-18T17:30:07.452+0000] {processor.py:183} INFO - Processing /opt/airflow/dags/pipeline_strava_activities.py took 0.130 seconds
[2025-11-18T17:30:37.770+0000] {processor.py:161} INFO - Started process (PID=4272) to work on /opt/airflow/dags/pipeline_strava_activities.py
[2025-11-18T17:30:37.774+0000] {processor.py:830} INFO - Processing file /opt/airflow/dags/pipeline_strava_activities.py for tasks to queue
[2025-11-18T17:30:37.778+0000] {logging_mixin.py:188} INFO - [2025-11-18T17:30:37.777+0000] {dagbag.py:545} INFO - Filling up the DagBag from /opt/airflow/dags/pipeline_strava_activities.py
[2025-11-18T17:30:37.802+0000] {processor.py:840} INFO - DAG(s) 'etl_strava_activities' retrieved from /opt/airflow/dags/pipeline_strava_activities.py
[2025-11-18T17:30:37.856+0000] {logging_mixin.py:188} INFO - [2025-11-18T17:30:37.855+0000] {dag.py:3089} INFO - Sync 1 DAGs
[2025-11-18T17:30:37.890+0000] {logging_mixin.py:188} INFO - [2025-11-18T17:30:37.890+0000] {dag.py:3947} INFO - Setting next_dagrun for etl_strava_activities to 2025-11-18 03:00:00+00:00, run_after=2025-11-19 03:00:00+00:00
[2025-11-18T17:30:37.910+0000] {processor.py:183} INFO - Processing /opt/airflow/dags/pipeline_strava_activities.py took 0.150 seconds
[2025-11-18T17:31:08.124+0000] {processor.py:161} INFO - Started process (PID=4287) to work on /opt/airflow/dags/pipeline_strava_activities.py
[2025-11-18T17:31:08.127+0000] {processor.py:830} INFO - Processing file /opt/airflow/dags/pipeline_strava_activities.py for tasks to queue
[2025-11-18T17:31:08.131+0000] {logging_mixin.py:188} INFO - [2025-11-18T17:31:08.130+0000] {dagbag.py:545} INFO - Filling up the DagBag from /opt/airflow/dags/pipeline_strava_activities.py
[2025-11-18T17:31:08.168+0000] {processor.py:840} INFO - DAG(s) 'etl_strava_activities' retrieved from /opt/airflow/dags/pipeline_strava_activities.py
[2025-11-18T17:31:08.232+0000] {logging_mixin.py:188} INFO - [2025-11-18T17:31:08.231+0000] {dag.py:3089} INFO - Sync 1 DAGs
[2025-11-18T17:31:08.271+0000] {logging_mixin.py:188} INFO - [2025-11-18T17:31:08.271+0000] {dag.py:3947} INFO - Setting next_dagrun for etl_strava_activities to 2025-11-18 03:00:00+00:00, run_after=2025-11-19 03:00:00+00:00
[2025-11-18T17:31:08.294+0000] {processor.py:183} INFO - Processing /opt/airflow/dags/pipeline_strava_activities.py took 0.182 seconds
[2025-11-18T17:31:38.424+0000] {processor.py:161} INFO - Started process (PID=4302) to work on /opt/airflow/dags/pipeline_strava_activities.py
[2025-11-18T17:31:38.429+0000] {processor.py:830} INFO - Processing file /opt/airflow/dags/pipeline_strava_activities.py for tasks to queue
[2025-11-18T17:31:38.433+0000] {logging_mixin.py:188} INFO - [2025-11-18T17:31:38.432+0000] {dagbag.py:545} INFO - Filling up the DagBag from /opt/airflow/dags/pipeline_strava_activities.py
[2025-11-18T17:31:38.461+0000] {processor.py:840} INFO - DAG(s) 'etl_strava_activities' retrieved from /opt/airflow/dags/pipeline_strava_activities.py
[2025-11-18T17:31:38.528+0000] {logging_mixin.py:188} INFO - [2025-11-18T17:31:38.528+0000] {dag.py:3089} INFO - Sync 1 DAGs
[2025-11-18T17:31:38.565+0000] {logging_mixin.py:188} INFO - [2025-11-18T17:31:38.565+0000] {dag.py:3947} INFO - Setting next_dagrun for etl_strava_activities to 2025-11-18 03:00:00+00:00, run_after=2025-11-19 03:00:00+00:00
[2025-11-18T17:31:38.587+0000] {processor.py:183} INFO - Processing /opt/airflow/dags/pipeline_strava_activities.py took 0.172 seconds
[2025-11-18T17:32:08.908+0000] {processor.py:161} INFO - Started process (PID=4317) to work on /opt/airflow/dags/pipeline_strava_activities.py
[2025-11-18T17:32:08.912+0000] {processor.py:830} INFO - Processing file /opt/airflow/dags/pipeline_strava_activities.py for tasks to queue
[2025-11-18T17:32:08.917+0000] {logging_mixin.py:188} INFO - [2025-11-18T17:32:08.916+0000] {dagbag.py:545} INFO - Filling up the DagBag from /opt/airflow/dags/pipeline_strava_activities.py
[2025-11-18T17:32:08.962+0000] {processor.py:840} INFO - DAG(s) 'etl_strava_activities' retrieved from /opt/airflow/dags/pipeline_strava_activities.py
[2025-11-18T17:32:09.021+0000] {logging_mixin.py:188} INFO - [2025-11-18T17:32:09.021+0000] {dag.py:3089} INFO - Sync 1 DAGs
[2025-11-18T17:32:09.054+0000] {logging_mixin.py:188} INFO - [2025-11-18T17:32:09.054+0000] {dag.py:3947} INFO - Setting next_dagrun for etl_strava_activities to 2025-11-18 03:00:00+00:00, run_after=2025-11-19 03:00:00+00:00
[2025-11-18T17:32:09.071+0000] {processor.py:183} INFO - Processing /opt/airflow/dags/pipeline_strava_activities.py took 0.174 seconds
[2025-11-18T17:32:39.280+0000] {processor.py:161} INFO - Started process (PID=4332) to work on /opt/airflow/dags/pipeline_strava_activities.py
[2025-11-18T17:32:39.289+0000] {processor.py:830} INFO - Processing file /opt/airflow/dags/pipeline_strava_activities.py for tasks to queue
[2025-11-18T17:32:39.295+0000] {logging_mixin.py:188} INFO - [2025-11-18T17:32:39.294+0000] {dagbag.py:545} INFO - Filling up the DagBag from /opt/airflow/dags/pipeline_strava_activities.py
[2025-11-18T17:32:39.317+0000] {processor.py:840} INFO - DAG(s) 'etl_strava_activities' retrieved from /opt/airflow/dags/pipeline_strava_activities.py
[2025-11-18T17:32:39.362+0000] {logging_mixin.py:188} INFO - [2025-11-18T17:32:39.362+0000] {dag.py:3089} INFO - Sync 1 DAGs
[2025-11-18T17:32:39.389+0000] {logging_mixin.py:188} INFO - [2025-11-18T17:32:39.388+0000] {dag.py:3947} INFO - Setting next_dagrun for etl_strava_activities to 2025-11-18 03:00:00+00:00, run_after=2025-11-19 03:00:00+00:00
[2025-11-18T17:32:39.405+0000] {processor.py:183} INFO - Processing /opt/airflow/dags/pipeline_strava_activities.py took 0.135 seconds
[2025-11-18T17:33:09.605+0000] {processor.py:161} INFO - Started process (PID=4347) to work on /opt/airflow/dags/pipeline_strava_activities.py
[2025-11-18T17:33:09.607+0000] {processor.py:830} INFO - Processing file /opt/airflow/dags/pipeline_strava_activities.py for tasks to queue
[2025-11-18T17:33:09.609+0000] {logging_mixin.py:188} INFO - [2025-11-18T17:33:09.609+0000] {dagbag.py:545} INFO - Filling up the DagBag from /opt/airflow/dags/pipeline_strava_activities.py
[2025-11-18T17:33:09.630+0000] {processor.py:840} INFO - DAG(s) 'etl_strava_activities' retrieved from /opt/airflow/dags/pipeline_strava_activities.py
[2025-11-18T17:33:09.677+0000] {logging_mixin.py:188} INFO - [2025-11-18T17:33:09.677+0000] {dag.py:3089} INFO - Sync 1 DAGs
[2025-11-18T17:33:09.707+0000] {logging_mixin.py:188} INFO - [2025-11-18T17:33:09.707+0000] {dag.py:3947} INFO - Setting next_dagrun for etl_strava_activities to 2025-11-18 03:00:00+00:00, run_after=2025-11-19 03:00:00+00:00
[2025-11-18T17:33:09.724+0000] {processor.py:183} INFO - Processing /opt/airflow/dags/pipeline_strava_activities.py took 0.128 seconds
[2025-11-18T17:33:40.050+0000] {processor.py:161} INFO - Started process (PID=4362) to work on /opt/airflow/dags/pipeline_strava_activities.py
[2025-11-18T17:33:40.055+0000] {processor.py:830} INFO - Processing file /opt/airflow/dags/pipeline_strava_activities.py for tasks to queue
[2025-11-18T17:33:40.065+0000] {logging_mixin.py:188} INFO - [2025-11-18T17:33:40.058+0000] {dagbag.py:545} INFO - Filling up the DagBag from /opt/airflow/dags/pipeline_strava_activities.py
[2025-11-18T17:33:40.122+0000] {processor.py:840} INFO - DAG(s) 'etl_strava_activities' retrieved from /opt/airflow/dags/pipeline_strava_activities.py
[2025-11-18T17:33:40.206+0000] {logging_mixin.py:188} INFO - [2025-11-18T17:33:40.206+0000] {dag.py:3089} INFO - Sync 1 DAGs
[2025-11-18T17:33:40.254+0000] {logging_mixin.py:188} INFO - [2025-11-18T17:33:40.253+0000] {dag.py:3947} INFO - Setting next_dagrun for etl_strava_activities to 2025-11-18 03:00:00+00:00, run_after=2025-11-19 03:00:00+00:00
[2025-11-18T17:33:40.276+0000] {processor.py:183} INFO - Processing /opt/airflow/dags/pipeline_strava_activities.py took 0.251 seconds
[2025-11-18T17:34:10.350+0000] {processor.py:161} INFO - Started process (PID=4377) to work on /opt/airflow/dags/pipeline_strava_activities.py
[2025-11-18T17:34:10.352+0000] {processor.py:830} INFO - Processing file /opt/airflow/dags/pipeline_strava_activities.py for tasks to queue
[2025-11-18T17:34:10.355+0000] {logging_mixin.py:188} INFO - [2025-11-18T17:34:10.354+0000] {dagbag.py:545} INFO - Filling up the DagBag from /opt/airflow/dags/pipeline_strava_activities.py
[2025-11-18T17:34:10.377+0000] {processor.py:840} INFO - DAG(s) 'etl_strava_activities' retrieved from /opt/airflow/dags/pipeline_strava_activities.py
[2025-11-18T17:34:10.430+0000] {logging_mixin.py:188} INFO - [2025-11-18T17:34:10.429+0000] {dag.py:3089} INFO - Sync 1 DAGs
[2025-11-18T17:34:10.463+0000] {logging_mixin.py:188} INFO - [2025-11-18T17:34:10.463+0000] {dag.py:3947} INFO - Setting next_dagrun for etl_strava_activities to 2025-11-18 03:00:00+00:00, run_after=2025-11-19 03:00:00+00:00
[2025-11-18T17:34:10.479+0000] {processor.py:183} INFO - Processing /opt/airflow/dags/pipeline_strava_activities.py took 0.139 seconds
[2025-11-18T17:34:40.906+0000] {processor.py:161} INFO - Started process (PID=4392) to work on /opt/airflow/dags/pipeline_strava_activities.py
[2025-11-18T17:34:40.915+0000] {processor.py:830} INFO - Processing file /opt/airflow/dags/pipeline_strava_activities.py for tasks to queue
[2025-11-18T17:34:40.918+0000] {logging_mixin.py:188} INFO - [2025-11-18T17:34:40.917+0000] {dagbag.py:545} INFO - Filling up the DagBag from /opt/airflow/dags/pipeline_strava_activities.py
[2025-11-18T17:34:40.941+0000] {processor.py:840} INFO - DAG(s) 'etl_strava_activities' retrieved from /opt/airflow/dags/pipeline_strava_activities.py
[2025-11-18T17:34:41.001+0000] {logging_mixin.py:188} INFO - [2025-11-18T17:34:41.001+0000] {dag.py:3089} INFO - Sync 1 DAGs
[2025-11-18T17:34:41.063+0000] {logging_mixin.py:188} INFO - [2025-11-18T17:34:41.063+0000] {dag.py:3947} INFO - Setting next_dagrun for etl_strava_activities to 2025-11-18 03:00:00+00:00, run_after=2025-11-19 03:00:00+00:00
[2025-11-18T17:34:41.086+0000] {processor.py:183} INFO - Processing /opt/airflow/dags/pipeline_strava_activities.py took 0.189 seconds
[2025-11-18T17:35:11.279+0000] {processor.py:161} INFO - Started process (PID=4407) to work on /opt/airflow/dags/pipeline_strava_activities.py
[2025-11-18T17:35:11.282+0000] {processor.py:830} INFO - Processing file /opt/airflow/dags/pipeline_strava_activities.py for tasks to queue
[2025-11-18T17:35:11.294+0000] {logging_mixin.py:188} INFO - [2025-11-18T17:35:11.291+0000] {dagbag.py:545} INFO - Filling up the DagBag from /opt/airflow/dags/pipeline_strava_activities.py
[2025-11-18T17:35:11.333+0000] {processor.py:840} INFO - DAG(s) 'etl_strava_activities' retrieved from /opt/airflow/dags/pipeline_strava_activities.py
[2025-11-18T17:35:11.382+0000] {logging_mixin.py:188} INFO - [2025-11-18T17:35:11.381+0000] {dag.py:3089} INFO - Sync 1 DAGs
[2025-11-18T17:35:11.410+0000] {logging_mixin.py:188} INFO - [2025-11-18T17:35:11.409+0000] {dag.py:3947} INFO - Setting next_dagrun for etl_strava_activities to 2025-11-18 03:00:00+00:00, run_after=2025-11-19 03:00:00+00:00
[2025-11-18T17:35:11.431+0000] {processor.py:183} INFO - Processing /opt/airflow/dags/pipeline_strava_activities.py took 0.175 seconds
[2025-11-18T17:35:41.546+0000] {processor.py:161} INFO - Started process (PID=4422) to work on /opt/airflow/dags/pipeline_strava_activities.py
[2025-11-18T17:35:41.548+0000] {processor.py:830} INFO - Processing file /opt/airflow/dags/pipeline_strava_activities.py for tasks to queue
[2025-11-18T17:35:41.551+0000] {logging_mixin.py:188} INFO - [2025-11-18T17:35:41.551+0000] {dagbag.py:545} INFO - Filling up the DagBag from /opt/airflow/dags/pipeline_strava_activities.py
[2025-11-18T17:35:41.580+0000] {processor.py:840} INFO - DAG(s) 'etl_strava_activities' retrieved from /opt/airflow/dags/pipeline_strava_activities.py
[2025-11-18T17:35:41.638+0000] {logging_mixin.py:188} INFO - [2025-11-18T17:35:41.638+0000] {dag.py:3089} INFO - Sync 1 DAGs
[2025-11-18T17:35:41.672+0000] {logging_mixin.py:188} INFO - [2025-11-18T17:35:41.672+0000] {dag.py:3947} INFO - Setting next_dagrun for etl_strava_activities to 2025-11-18 03:00:00+00:00, run_after=2025-11-19 03:00:00+00:00
[2025-11-18T17:35:41.694+0000] {processor.py:183} INFO - Processing /opt/airflow/dags/pipeline_strava_activities.py took 0.156 seconds
[2025-11-18T17:36:12.023+0000] {processor.py:161} INFO - Started process (PID=4437) to work on /opt/airflow/dags/pipeline_strava_activities.py
[2025-11-18T17:36:12.026+0000] {processor.py:830} INFO - Processing file /opt/airflow/dags/pipeline_strava_activities.py for tasks to queue
[2025-11-18T17:36:12.030+0000] {logging_mixin.py:188} INFO - [2025-11-18T17:36:12.030+0000] {dagbag.py:545} INFO - Filling up the DagBag from /opt/airflow/dags/pipeline_strava_activities.py
[2025-11-18T17:36:12.054+0000] {processor.py:840} INFO - DAG(s) 'etl_strava_activities' retrieved from /opt/airflow/dags/pipeline_strava_activities.py
[2025-11-18T17:36:12.106+0000] {logging_mixin.py:188} INFO - [2025-11-18T17:36:12.106+0000] {dag.py:3089} INFO - Sync 1 DAGs
[2025-11-18T17:36:12.141+0000] {logging_mixin.py:188} INFO - [2025-11-18T17:36:12.140+0000] {dag.py:3947} INFO - Setting next_dagrun for etl_strava_activities to 2025-11-18 03:00:00+00:00, run_after=2025-11-19 03:00:00+00:00
[2025-11-18T17:36:12.161+0000] {processor.py:183} INFO - Processing /opt/airflow/dags/pipeline_strava_activities.py took 0.150 seconds
[2025-11-18T17:36:42.360+0000] {processor.py:161} INFO - Started process (PID=4452) to work on /opt/airflow/dags/pipeline_strava_activities.py
[2025-11-18T17:36:42.364+0000] {processor.py:830} INFO - Processing file /opt/airflow/dags/pipeline_strava_activities.py for tasks to queue
[2025-11-18T17:36:42.373+0000] {logging_mixin.py:188} INFO - [2025-11-18T17:36:42.372+0000] {dagbag.py:545} INFO - Filling up the DagBag from /opt/airflow/dags/pipeline_strava_activities.py
[2025-11-18T17:36:42.411+0000] {processor.py:840} INFO - DAG(s) 'etl_strava_activities' retrieved from /opt/airflow/dags/pipeline_strava_activities.py
[2025-11-18T17:36:42.465+0000] {logging_mixin.py:188} INFO - [2025-11-18T17:36:42.465+0000] {dag.py:3089} INFO - Sync 1 DAGs
[2025-11-18T17:36:42.496+0000] {logging_mixin.py:188} INFO - [2025-11-18T17:36:42.496+0000] {dag.py:3947} INFO - Setting next_dagrun for etl_strava_activities to 2025-11-18 03:00:00+00:00, run_after=2025-11-19 03:00:00+00:00
[2025-11-18T17:36:42.511+0000] {processor.py:183} INFO - Processing /opt/airflow/dags/pipeline_strava_activities.py took 0.175 seconds
[2025-11-18T17:37:12.660+0000] {processor.py:161} INFO - Started process (PID=4467) to work on /opt/airflow/dags/pipeline_strava_activities.py
[2025-11-18T17:37:12.664+0000] {processor.py:830} INFO - Processing file /opt/airflow/dags/pipeline_strava_activities.py for tasks to queue
[2025-11-18T17:37:12.668+0000] {logging_mixin.py:188} INFO - [2025-11-18T17:37:12.667+0000] {dagbag.py:545} INFO - Filling up the DagBag from /opt/airflow/dags/pipeline_strava_activities.py
[2025-11-18T17:37:12.692+0000] {processor.py:840} INFO - DAG(s) 'etl_strava_activities' retrieved from /opt/airflow/dags/pipeline_strava_activities.py
[2025-11-18T17:37:12.741+0000] {logging_mixin.py:188} INFO - [2025-11-18T17:37:12.741+0000] {dag.py:3089} INFO - Sync 1 DAGs
[2025-11-18T17:37:12.778+0000] {logging_mixin.py:188} INFO - [2025-11-18T17:37:12.777+0000] {dag.py:3947} INFO - Setting next_dagrun for etl_strava_activities to 2025-11-18 03:00:00+00:00, run_after=2025-11-19 03:00:00+00:00
[2025-11-18T17:37:12.812+0000] {processor.py:183} INFO - Processing /opt/airflow/dags/pipeline_strava_activities.py took 0.162 seconds
[2025-11-18T17:37:43.051+0000] {processor.py:161} INFO - Started process (PID=4482) to work on /opt/airflow/dags/pipeline_strava_activities.py
[2025-11-18T17:37:43.055+0000] {processor.py:830} INFO - Processing file /opt/airflow/dags/pipeline_strava_activities.py for tasks to queue
[2025-11-18T17:37:43.058+0000] {logging_mixin.py:188} INFO - [2025-11-18T17:37:43.058+0000] {dagbag.py:545} INFO - Filling up the DagBag from /opt/airflow/dags/pipeline_strava_activities.py
[2025-11-18T17:37:43.079+0000] {processor.py:840} INFO - DAG(s) 'etl_strava_activities' retrieved from /opt/airflow/dags/pipeline_strava_activities.py
[2025-11-18T17:37:43.126+0000] {logging_mixin.py:188} INFO - [2025-11-18T17:37:43.126+0000] {dag.py:3089} INFO - Sync 1 DAGs
[2025-11-18T17:37:43.160+0000] {logging_mixin.py:188} INFO - [2025-11-18T17:37:43.160+0000] {dag.py:3947} INFO - Setting next_dagrun for etl_strava_activities to 2025-11-18 03:00:00+00:00, run_after=2025-11-19 03:00:00+00:00
[2025-11-18T17:37:43.177+0000] {processor.py:183} INFO - Processing /opt/airflow/dags/pipeline_strava_activities.py took 0.137 seconds
[2025-11-18T17:38:13.388+0000] {processor.py:161} INFO - Started process (PID=4497) to work on /opt/airflow/dags/pipeline_strava_activities.py
[2025-11-18T17:38:13.396+0000] {processor.py:830} INFO - Processing file /opt/airflow/dags/pipeline_strava_activities.py for tasks to queue
[2025-11-18T17:38:13.400+0000] {logging_mixin.py:188} INFO - [2025-11-18T17:38:13.399+0000] {dagbag.py:545} INFO - Filling up the DagBag from /opt/airflow/dags/pipeline_strava_activities.py
[2025-11-18T17:38:13.426+0000] {processor.py:840} INFO - DAG(s) 'etl_strava_activities' retrieved from /opt/airflow/dags/pipeline_strava_activities.py
[2025-11-18T17:38:13.483+0000] {logging_mixin.py:188} INFO - [2025-11-18T17:38:13.483+0000] {dag.py:3089} INFO - Sync 1 DAGs
[2025-11-18T17:38:13.514+0000] {logging_mixin.py:188} INFO - [2025-11-18T17:38:13.514+0000] {dag.py:3947} INFO - Setting next_dagrun for etl_strava_activities to 2025-11-18 03:00:00+00:00, run_after=2025-11-19 03:00:00+00:00
[2025-11-18T17:38:13.533+0000] {processor.py:183} INFO - Processing /opt/airflow/dags/pipeline_strava_activities.py took 0.160 seconds
[2025-11-18T17:38:43.641+0000] {processor.py:161} INFO - Started process (PID=4512) to work on /opt/airflow/dags/pipeline_strava_activities.py
[2025-11-18T17:38:43.648+0000] {processor.py:830} INFO - Processing file /opt/airflow/dags/pipeline_strava_activities.py for tasks to queue
[2025-11-18T17:38:43.653+0000] {logging_mixin.py:188} INFO - [2025-11-18T17:38:43.652+0000] {dagbag.py:545} INFO - Filling up the DagBag from /opt/airflow/dags/pipeline_strava_activities.py
[2025-11-18T17:38:43.694+0000] {processor.py:840} INFO - DAG(s) 'etl_strava_activities' retrieved from /opt/airflow/dags/pipeline_strava_activities.py
[2025-11-18T17:38:43.747+0000] {logging_mixin.py:188} INFO - [2025-11-18T17:38:43.747+0000] {dag.py:3089} INFO - Sync 1 DAGs
[2025-11-18T17:38:43.779+0000] {logging_mixin.py:188} INFO - [2025-11-18T17:38:43.779+0000] {dag.py:3947} INFO - Setting next_dagrun for etl_strava_activities to 2025-11-18 03:00:00+00:00, run_after=2025-11-19 03:00:00+00:00
[2025-11-18T17:38:43.798+0000] {processor.py:183} INFO - Processing /opt/airflow/dags/pipeline_strava_activities.py took 0.168 seconds
[2025-11-18T17:39:13.999+0000] {processor.py:161} INFO - Started process (PID=4527) to work on /opt/airflow/dags/pipeline_strava_activities.py
[2025-11-18T17:39:14.006+0000] {processor.py:830} INFO - Processing file /opt/airflow/dags/pipeline_strava_activities.py for tasks to queue
[2025-11-18T17:39:14.025+0000] {logging_mixin.py:188} INFO - [2025-11-18T17:39:14.021+0000] {dagbag.py:545} INFO - Filling up the DagBag from /opt/airflow/dags/pipeline_strava_activities.py
[2025-11-18T17:39:14.052+0000] {processor.py:840} INFO - DAG(s) 'etl_strava_activities' retrieved from /opt/airflow/dags/pipeline_strava_activities.py
[2025-11-18T17:39:14.107+0000] {logging_mixin.py:188} INFO - [2025-11-18T17:39:14.107+0000] {dag.py:3089} INFO - Sync 1 DAGs
[2025-11-18T17:39:14.159+0000] {logging_mixin.py:188} INFO - [2025-11-18T17:39:14.159+0000] {dag.py:3947} INFO - Setting next_dagrun for etl_strava_activities to 2025-11-18 03:00:00+00:00, run_after=2025-11-19 03:00:00+00:00
[2025-11-18T17:39:14.178+0000] {processor.py:183} INFO - Processing /opt/airflow/dags/pipeline_strava_activities.py took 0.189 seconds
[2025-11-18T17:39:44.344+0000] {processor.py:161} INFO - Started process (PID=4542) to work on /opt/airflow/dags/pipeline_strava_activities.py
[2025-11-18T17:39:44.346+0000] {processor.py:830} INFO - Processing file /opt/airflow/dags/pipeline_strava_activities.py for tasks to queue
[2025-11-18T17:39:44.350+0000] {logging_mixin.py:188} INFO - [2025-11-18T17:39:44.349+0000] {dagbag.py:545} INFO - Filling up the DagBag from /opt/airflow/dags/pipeline_strava_activities.py
[2025-11-18T17:39:44.382+0000] {processor.py:840} INFO - DAG(s) 'etl_strava_activities' retrieved from /opt/airflow/dags/pipeline_strava_activities.py
[2025-11-18T17:39:44.438+0000] {logging_mixin.py:188} INFO - [2025-11-18T17:39:44.438+0000] {dag.py:3089} INFO - Sync 1 DAGs
[2025-11-18T17:39:44.480+0000] {logging_mixin.py:188} INFO - [2025-11-18T17:39:44.480+0000] {dag.py:3947} INFO - Setting next_dagrun for etl_strava_activities to 2025-11-18 03:00:00+00:00, run_after=2025-11-19 03:00:00+00:00
[2025-11-18T17:39:44.500+0000] {processor.py:183} INFO - Processing /opt/airflow/dags/pipeline_strava_activities.py took 0.168 seconds
[2025-11-18T17:40:14.692+0000] {processor.py:161} INFO - Started process (PID=4557) to work on /opt/airflow/dags/pipeline_strava_activities.py
[2025-11-18T17:40:14.694+0000] {processor.py:830} INFO - Processing file /opt/airflow/dags/pipeline_strava_activities.py for tasks to queue
[2025-11-18T17:40:14.708+0000] {logging_mixin.py:188} INFO - [2025-11-18T17:40:14.702+0000] {dagbag.py:545} INFO - Filling up the DagBag from /opt/airflow/dags/pipeline_strava_activities.py
[2025-11-18T17:40:14.735+0000] {processor.py:840} INFO - DAG(s) 'etl_strava_activities' retrieved from /opt/airflow/dags/pipeline_strava_activities.py
[2025-11-18T17:40:14.790+0000] {logging_mixin.py:188} INFO - [2025-11-18T17:40:14.789+0000] {dag.py:3089} INFO - Sync 1 DAGs
[2025-11-18T17:40:14.817+0000] {logging_mixin.py:188} INFO - [2025-11-18T17:40:14.817+0000] {dag.py:3947} INFO - Setting next_dagrun for etl_strava_activities to 2025-11-18 03:00:00+00:00, run_after=2025-11-19 03:00:00+00:00
[2025-11-18T17:40:14.838+0000] {processor.py:183} INFO - Processing /opt/airflow/dags/pipeline_strava_activities.py took 0.153 seconds
[2025-11-18T17:40:45.239+0000] {processor.py:161} INFO - Started process (PID=4572) to work on /opt/airflow/dags/pipeline_strava_activities.py
[2025-11-18T17:40:45.242+0000] {processor.py:830} INFO - Processing file /opt/airflow/dags/pipeline_strava_activities.py for tasks to queue
[2025-11-18T17:40:45.249+0000] {logging_mixin.py:188} INFO - [2025-11-18T17:40:45.248+0000] {dagbag.py:545} INFO - Filling up the DagBag from /opt/airflow/dags/pipeline_strava_activities.py
[2025-11-18T17:40:45.287+0000] {processor.py:840} INFO - DAG(s) 'etl_strava_activities' retrieved from /opt/airflow/dags/pipeline_strava_activities.py
[2025-11-18T17:40:45.377+0000] {logging_mixin.py:188} INFO - [2025-11-18T17:40:45.376+0000] {dag.py:3089} INFO - Sync 1 DAGs
[2025-11-18T17:40:45.415+0000] {logging_mixin.py:188} INFO - [2025-11-18T17:40:45.414+0000] {dag.py:3947} INFO - Setting next_dagrun for etl_strava_activities to 2025-11-18 03:00:00+00:00, run_after=2025-11-19 03:00:00+00:00
[2025-11-18T17:40:45.431+0000] {processor.py:183} INFO - Processing /opt/airflow/dags/pipeline_strava_activities.py took 0.215 seconds
[2025-11-18T17:41:15.579+0000] {processor.py:161} INFO - Started process (PID=4587) to work on /opt/airflow/dags/pipeline_strava_activities.py
[2025-11-18T17:41:15.583+0000] {processor.py:830} INFO - Processing file /opt/airflow/dags/pipeline_strava_activities.py for tasks to queue
[2025-11-18T17:41:15.586+0000] {logging_mixin.py:188} INFO - [2025-11-18T17:41:15.585+0000] {dagbag.py:545} INFO - Filling up the DagBag from /opt/airflow/dags/pipeline_strava_activities.py
[2025-11-18T17:41:15.606+0000] {processor.py:840} INFO - DAG(s) 'etl_strava_activities' retrieved from /opt/airflow/dags/pipeline_strava_activities.py
[2025-11-18T17:41:15.669+0000] {logging_mixin.py:188} INFO - [2025-11-18T17:41:15.669+0000] {dag.py:3089} INFO - Sync 1 DAGs
[2025-11-18T17:41:15.728+0000] {logging_mixin.py:188} INFO - [2025-11-18T17:41:15.728+0000] {dag.py:3947} INFO - Setting next_dagrun for etl_strava_activities to 2025-11-18 03:00:00+00:00, run_after=2025-11-19 03:00:00+00:00
[2025-11-18T17:41:15.749+0000] {processor.py:183} INFO - Processing /opt/airflow/dags/pipeline_strava_activities.py took 0.181 seconds
[2025-11-18T17:41:45.854+0000] {processor.py:161} INFO - Started process (PID=4602) to work on /opt/airflow/dags/pipeline_strava_activities.py
[2025-11-18T17:41:45.861+0000] {processor.py:830} INFO - Processing file /opt/airflow/dags/pipeline_strava_activities.py for tasks to queue
[2025-11-18T17:41:45.864+0000] {logging_mixin.py:188} INFO - [2025-11-18T17:41:45.863+0000] {dagbag.py:545} INFO - Filling up the DagBag from /opt/airflow/dags/pipeline_strava_activities.py
[2025-11-18T17:41:45.912+0000] {processor.py:840} INFO - DAG(s) 'etl_strava_activities' retrieved from /opt/airflow/dags/pipeline_strava_activities.py
[2025-11-18T17:41:45.974+0000] {logging_mixin.py:188} INFO - [2025-11-18T17:41:45.974+0000] {dag.py:3089} INFO - Sync 1 DAGs
[2025-11-18T17:41:46.004+0000] {logging_mixin.py:188} INFO - [2025-11-18T17:41:46.003+0000] {dag.py:3947} INFO - Setting next_dagrun for etl_strava_activities to 2025-11-18 03:00:00+00:00, run_after=2025-11-19 03:00:00+00:00
[2025-11-18T17:41:46.023+0000] {processor.py:183} INFO - Processing /opt/airflow/dags/pipeline_strava_activities.py took 0.180 seconds
[2025-11-18T17:42:16.326+0000] {processor.py:161} INFO - Started process (PID=4617) to work on /opt/airflow/dags/pipeline_strava_activities.py
[2025-11-18T17:42:16.328+0000] {processor.py:830} INFO - Processing file /opt/airflow/dags/pipeline_strava_activities.py for tasks to queue
[2025-11-18T17:42:16.335+0000] {logging_mixin.py:188} INFO - [2025-11-18T17:42:16.334+0000] {dagbag.py:545} INFO - Filling up the DagBag from /opt/airflow/dags/pipeline_strava_activities.py
[2025-11-18T17:42:16.384+0000] {processor.py:840} INFO - DAG(s) 'etl_strava_activities' retrieved from /opt/airflow/dags/pipeline_strava_activities.py
[2025-11-18T17:42:16.433+0000] {logging_mixin.py:188} INFO - [2025-11-18T17:42:16.433+0000] {dag.py:3089} INFO - Sync 1 DAGs
[2025-11-18T17:42:16.474+0000] {logging_mixin.py:188} INFO - [2025-11-18T17:42:16.474+0000] {dag.py:3947} INFO - Setting next_dagrun for etl_strava_activities to 2025-11-18 03:00:00+00:00, run_after=2025-11-19 03:00:00+00:00
[2025-11-18T17:42:16.494+0000] {processor.py:183} INFO - Processing /opt/airflow/dags/pipeline_strava_activities.py took 0.181 seconds
[2025-11-18T17:42:46.863+0000] {processor.py:161} INFO - Started process (PID=4632) to work on /opt/airflow/dags/pipeline_strava_activities.py
[2025-11-18T17:42:46.871+0000] {processor.py:830} INFO - Processing file /opt/airflow/dags/pipeline_strava_activities.py for tasks to queue
[2025-11-18T17:42:46.876+0000] {logging_mixin.py:188} INFO - [2025-11-18T17:42:46.875+0000] {dagbag.py:545} INFO - Filling up the DagBag from /opt/airflow/dags/pipeline_strava_activities.py
[2025-11-18T17:42:46.906+0000] {processor.py:840} INFO - DAG(s) 'etl_strava_activities' retrieved from /opt/airflow/dags/pipeline_strava_activities.py
[2025-11-18T17:42:47.004+0000] {logging_mixin.py:188} INFO - [2025-11-18T17:42:47.004+0000] {dag.py:3089} INFO - Sync 1 DAGs
[2025-11-18T17:42:47.045+0000] {logging_mixin.py:188} INFO - [2025-11-18T17:42:47.045+0000] {dag.py:3947} INFO - Setting next_dagrun for etl_strava_activities to 2025-11-18 03:00:00+00:00, run_after=2025-11-19 03:00:00+00:00
[2025-11-18T17:42:47.065+0000] {processor.py:183} INFO - Processing /opt/airflow/dags/pipeline_strava_activities.py took 0.236 seconds
[2025-11-18T17:43:17.242+0000] {processor.py:161} INFO - Started process (PID=4647) to work on /opt/airflow/dags/pipeline_strava_activities.py
[2025-11-18T17:43:17.246+0000] {processor.py:830} INFO - Processing file /opt/airflow/dags/pipeline_strava_activities.py for tasks to queue
[2025-11-18T17:43:17.249+0000] {logging_mixin.py:188} INFO - [2025-11-18T17:43:17.248+0000] {dagbag.py:545} INFO - Filling up the DagBag from /opt/airflow/dags/pipeline_strava_activities.py
[2025-11-18T17:43:17.278+0000] {processor.py:840} INFO - DAG(s) 'etl_strava_activities' retrieved from /opt/airflow/dags/pipeline_strava_activities.py
[2025-11-18T17:43:17.329+0000] {logging_mixin.py:188} INFO - [2025-11-18T17:43:17.329+0000] {dag.py:3089} INFO - Sync 1 DAGs
[2025-11-18T17:43:17.364+0000] {logging_mixin.py:188} INFO - [2025-11-18T17:43:17.364+0000] {dag.py:3947} INFO - Setting next_dagrun for etl_strava_activities to 2025-11-18 03:00:00+00:00, run_after=2025-11-19 03:00:00+00:00
[2025-11-18T17:43:17.390+0000] {processor.py:183} INFO - Processing /opt/airflow/dags/pipeline_strava_activities.py took 0.158 seconds
[2025-11-18T17:43:47.565+0000] {processor.py:161} INFO - Started process (PID=4662) to work on /opt/airflow/dags/pipeline_strava_activities.py
[2025-11-18T17:43:47.567+0000] {processor.py:830} INFO - Processing file /opt/airflow/dags/pipeline_strava_activities.py for tasks to queue
[2025-11-18T17:43:47.572+0000] {logging_mixin.py:188} INFO - [2025-11-18T17:43:47.571+0000] {dagbag.py:545} INFO - Filling up the DagBag from /opt/airflow/dags/pipeline_strava_activities.py
[2025-11-18T17:43:47.599+0000] {processor.py:840} INFO - DAG(s) 'etl_strava_activities' retrieved from /opt/airflow/dags/pipeline_strava_activities.py
[2025-11-18T17:43:47.654+0000] {logging_mixin.py:188} INFO - [2025-11-18T17:43:47.654+0000] {dag.py:3089} INFO - Sync 1 DAGs
[2025-11-18T17:43:47.681+0000] {logging_mixin.py:188} INFO - [2025-11-18T17:43:47.681+0000] {dag.py:3947} INFO - Setting next_dagrun for etl_strava_activities to 2025-11-18 03:00:00+00:00, run_after=2025-11-19 03:00:00+00:00
[2025-11-18T17:43:47.697+0000] {processor.py:183} INFO - Processing /opt/airflow/dags/pipeline_strava_activities.py took 0.145 seconds
[2025-11-18T17:44:17.895+0000] {processor.py:161} INFO - Started process (PID=4677) to work on /opt/airflow/dags/pipeline_strava_activities.py
[2025-11-18T17:44:17.899+0000] {processor.py:830} INFO - Processing file /opt/airflow/dags/pipeline_strava_activities.py for tasks to queue
[2025-11-18T17:44:17.902+0000] {logging_mixin.py:188} INFO - [2025-11-18T17:44:17.902+0000] {dagbag.py:545} INFO - Filling up the DagBag from /opt/airflow/dags/pipeline_strava_activities.py
[2025-11-18T17:44:17.925+0000] {processor.py:840} INFO - DAG(s) 'etl_strava_activities' retrieved from /opt/airflow/dags/pipeline_strava_activities.py
[2025-11-18T17:44:17.984+0000] {logging_mixin.py:188} INFO - [2025-11-18T17:44:17.984+0000] {dag.py:3089} INFO - Sync 1 DAGs
[2025-11-18T17:44:18.034+0000] {logging_mixin.py:188} INFO - [2025-11-18T17:44:18.033+0000] {dag.py:3947} INFO - Setting next_dagrun for etl_strava_activities to 2025-11-18 03:00:00+00:00, run_after=2025-11-19 03:00:00+00:00
[2025-11-18T17:44:18.064+0000] {processor.py:183} INFO - Processing /opt/airflow/dags/pipeline_strava_activities.py took 0.181 seconds
[2025-11-18T17:44:48.475+0000] {processor.py:161} INFO - Started process (PID=4692) to work on /opt/airflow/dags/pipeline_strava_activities.py
[2025-11-18T17:44:48.478+0000] {processor.py:830} INFO - Processing file /opt/airflow/dags/pipeline_strava_activities.py for tasks to queue
[2025-11-18T17:44:48.483+0000] {logging_mixin.py:188} INFO - [2025-11-18T17:44:48.482+0000] {dagbag.py:545} INFO - Filling up the DagBag from /opt/airflow/dags/pipeline_strava_activities.py
[2025-11-18T17:44:48.520+0000] {processor.py:840} INFO - DAG(s) 'etl_strava_activities' retrieved from /opt/airflow/dags/pipeline_strava_activities.py
[2025-11-18T17:44:48.588+0000] {logging_mixin.py:188} INFO - [2025-11-18T17:44:48.588+0000] {dag.py:3089} INFO - Sync 1 DAGs
[2025-11-18T17:44:48.618+0000] {logging_mixin.py:188} INFO - [2025-11-18T17:44:48.618+0000] {dag.py:3947} INFO - Setting next_dagrun for etl_strava_activities to 2025-11-18 03:00:00+00:00, run_after=2025-11-19 03:00:00+00:00
[2025-11-18T17:44:48.634+0000] {processor.py:183} INFO - Processing /opt/airflow/dags/pipeline_strava_activities.py took 0.174 seconds
[2025-11-18T17:45:18.946+0000] {processor.py:161} INFO - Started process (PID=4707) to work on /opt/airflow/dags/pipeline_strava_activities.py
[2025-11-18T17:45:18.949+0000] {processor.py:830} INFO - Processing file /opt/airflow/dags/pipeline_strava_activities.py for tasks to queue
[2025-11-18T17:45:18.953+0000] {logging_mixin.py:188} INFO - [2025-11-18T17:45:18.952+0000] {dagbag.py:545} INFO - Filling up the DagBag from /opt/airflow/dags/pipeline_strava_activities.py
[2025-11-18T17:45:18.981+0000] {processor.py:840} INFO - DAG(s) 'etl_strava_activities' retrieved from /opt/airflow/dags/pipeline_strava_activities.py
[2025-11-18T17:45:19.052+0000] {logging_mixin.py:188} INFO - [2025-11-18T17:45:19.052+0000] {dag.py:3089} INFO - Sync 1 DAGs
[2025-11-18T17:45:19.088+0000] {logging_mixin.py:188} INFO - [2025-11-18T17:45:19.088+0000] {dag.py:3947} INFO - Setting next_dagrun for etl_strava_activities to 2025-11-18 03:00:00+00:00, run_after=2025-11-19 03:00:00+00:00
[2025-11-18T17:45:19.105+0000] {processor.py:183} INFO - Processing /opt/airflow/dags/pipeline_strava_activities.py took 0.169 seconds
[2025-11-18T17:45:49.289+0000] {processor.py:161} INFO - Started process (PID=4722) to work on /opt/airflow/dags/pipeline_strava_activities.py
[2025-11-18T17:45:49.292+0000] {processor.py:830} INFO - Processing file /opt/airflow/dags/pipeline_strava_activities.py for tasks to queue
[2025-11-18T17:45:49.296+0000] {logging_mixin.py:188} INFO - [2025-11-18T17:45:49.295+0000] {dagbag.py:545} INFO - Filling up the DagBag from /opt/airflow/dags/pipeline_strava_activities.py
[2025-11-18T17:45:49.338+0000] {processor.py:840} INFO - DAG(s) 'etl_strava_activities' retrieved from /opt/airflow/dags/pipeline_strava_activities.py
[2025-11-18T17:45:49.412+0000] {logging_mixin.py:188} INFO - [2025-11-18T17:45:49.411+0000] {dag.py:3089} INFO - Sync 1 DAGs
[2025-11-18T17:45:49.456+0000] {logging_mixin.py:188} INFO - [2025-11-18T17:45:49.455+0000] {dag.py:3947} INFO - Setting next_dagrun for etl_strava_activities to 2025-11-18 03:00:00+00:00, run_after=2025-11-19 03:00:00+00:00
[2025-11-18T17:45:49.477+0000] {processor.py:183} INFO - Processing /opt/airflow/dags/pipeline_strava_activities.py took 0.207 seconds
[2025-11-18T17:46:19.651+0000] {processor.py:161} INFO - Started process (PID=4737) to work on /opt/airflow/dags/pipeline_strava_activities.py
[2025-11-18T17:46:19.654+0000] {processor.py:830} INFO - Processing file /opt/airflow/dags/pipeline_strava_activities.py for tasks to queue
[2025-11-18T17:46:19.657+0000] {logging_mixin.py:188} INFO - [2025-11-18T17:46:19.656+0000] {dagbag.py:545} INFO - Filling up the DagBag from /opt/airflow/dags/pipeline_strava_activities.py
[2025-11-18T17:46:19.679+0000] {processor.py:840} INFO - DAG(s) 'etl_strava_activities' retrieved from /opt/airflow/dags/pipeline_strava_activities.py
[2025-11-18T17:46:19.755+0000] {logging_mixin.py:188} INFO - [2025-11-18T17:46:19.754+0000] {dag.py:3089} INFO - Sync 1 DAGs
[2025-11-18T17:46:19.797+0000] {logging_mixin.py:188} INFO - [2025-11-18T17:46:19.797+0000] {dag.py:3947} INFO - Setting next_dagrun for etl_strava_activities to 2025-11-18 03:00:00+00:00, run_after=2025-11-19 03:00:00+00:00
[2025-11-18T17:46:19.815+0000] {processor.py:183} INFO - Processing /opt/airflow/dags/pipeline_strava_activities.py took 0.175 seconds
[2025-11-18T17:46:49.953+0000] {processor.py:161} INFO - Started process (PID=4752) to work on /opt/airflow/dags/pipeline_strava_activities.py
[2025-11-18T17:46:49.955+0000] {processor.py:830} INFO - Processing file /opt/airflow/dags/pipeline_strava_activities.py for tasks to queue
[2025-11-18T17:46:49.957+0000] {logging_mixin.py:188} INFO - [2025-11-18T17:46:49.957+0000] {dagbag.py:545} INFO - Filling up the DagBag from /opt/airflow/dags/pipeline_strava_activities.py
[2025-11-18T17:46:49.973+0000] {processor.py:840} INFO - DAG(s) 'etl_strava_activities' retrieved from /opt/airflow/dags/pipeline_strava_activities.py
[2025-11-18T17:46:50.002+0000] {logging_mixin.py:188} INFO - [2025-11-18T17:46:50.002+0000] {dag.py:3089} INFO - Sync 1 DAGs
[2025-11-18T17:46:50.019+0000] {logging_mixin.py:188} INFO - [2025-11-18T17:46:50.019+0000] {dag.py:3947} INFO - Setting next_dagrun for etl_strava_activities to 2025-11-18 03:00:00+00:00, run_after=2025-11-19 03:00:00+00:00
[2025-11-18T17:46:50.031+0000] {processor.py:183} INFO - Processing /opt/airflow/dags/pipeline_strava_activities.py took 0.085 seconds
[2025-11-18T17:47:20.349+0000] {processor.py:161} INFO - Started process (PID=4767) to work on /opt/airflow/dags/pipeline_strava_activities.py
[2025-11-18T17:47:20.352+0000] {processor.py:830} INFO - Processing file /opt/airflow/dags/pipeline_strava_activities.py for tasks to queue
[2025-11-18T17:47:20.356+0000] {logging_mixin.py:188} INFO - [2025-11-18T17:47:20.356+0000] {dagbag.py:545} INFO - Filling up the DagBag from /opt/airflow/dags/pipeline_strava_activities.py
[2025-11-18T17:47:20.377+0000] {processor.py:840} INFO - DAG(s) 'etl_strava_activities' retrieved from /opt/airflow/dags/pipeline_strava_activities.py
[2025-11-18T17:47:20.418+0000] {logging_mixin.py:188} INFO - [2025-11-18T17:47:20.418+0000] {dag.py:3089} INFO - Sync 1 DAGs
[2025-11-18T17:47:20.449+0000] {logging_mixin.py:188} INFO - [2025-11-18T17:47:20.449+0000] {dag.py:3947} INFO - Setting next_dagrun for etl_strava_activities to 2025-11-18 03:00:00+00:00, run_after=2025-11-19 03:00:00+00:00
[2025-11-18T17:47:20.467+0000] {processor.py:183} INFO - Processing /opt/airflow/dags/pipeline_strava_activities.py took 0.131 seconds
[2025-11-18T17:47:50.681+0000] {processor.py:161} INFO - Started process (PID=4782) to work on /opt/airflow/dags/pipeline_strava_activities.py
[2025-11-18T17:47:50.683+0000] {processor.py:830} INFO - Processing file /opt/airflow/dags/pipeline_strava_activities.py for tasks to queue
[2025-11-18T17:47:50.688+0000] {logging_mixin.py:188} INFO - [2025-11-18T17:47:50.687+0000] {dagbag.py:545} INFO - Filling up the DagBag from /opt/airflow/dags/pipeline_strava_activities.py
[2025-11-18T17:47:50.710+0000] {processor.py:840} INFO - DAG(s) 'etl_strava_activities' retrieved from /opt/airflow/dags/pipeline_strava_activities.py
[2025-11-18T17:47:50.758+0000] {logging_mixin.py:188} INFO - [2025-11-18T17:47:50.757+0000] {dag.py:3089} INFO - Sync 1 DAGs
[2025-11-18T17:47:50.787+0000] {logging_mixin.py:188} INFO - [2025-11-18T17:47:50.786+0000] {dag.py:3947} INFO - Setting next_dagrun for etl_strava_activities to 2025-11-18 03:00:00+00:00, run_after=2025-11-19 03:00:00+00:00
[2025-11-18T17:47:50.804+0000] {processor.py:183} INFO - Processing /opt/airflow/dags/pipeline_strava_activities.py took 0.132 seconds
[2025-11-18T17:48:20.978+0000] {processor.py:161} INFO - Started process (PID=4797) to work on /opt/airflow/dags/pipeline_strava_activities.py
[2025-11-18T17:48:20.981+0000] {processor.py:830} INFO - Processing file /opt/airflow/dags/pipeline_strava_activities.py for tasks to queue
[2025-11-18T17:48:20.984+0000] {logging_mixin.py:188} INFO - [2025-11-18T17:48:20.984+0000] {dagbag.py:545} INFO - Filling up the DagBag from /opt/airflow/dags/pipeline_strava_activities.py
[2025-11-18T17:48:20.999+0000] {processor.py:840} INFO - DAG(s) 'etl_strava_activities' retrieved from /opt/airflow/dags/pipeline_strava_activities.py
[2025-11-18T17:48:21.036+0000] {logging_mixin.py:188} INFO - [2025-11-18T17:48:21.036+0000] {dag.py:3089} INFO - Sync 1 DAGs
[2025-11-18T17:48:21.064+0000] {logging_mixin.py:188} INFO - [2025-11-18T17:48:21.064+0000] {dag.py:3947} INFO - Setting next_dagrun for etl_strava_activities to 2025-11-18 03:00:00+00:00, run_after=2025-11-19 03:00:00+00:00
[2025-11-18T17:48:21.079+0000] {processor.py:183} INFO - Processing /opt/airflow/dags/pipeline_strava_activities.py took 0.108 seconds
[2025-11-18T17:48:51.405+0000] {processor.py:161} INFO - Started process (PID=4812) to work on /opt/airflow/dags/pipeline_strava_activities.py
[2025-11-18T17:48:51.408+0000] {processor.py:830} INFO - Processing file /opt/airflow/dags/pipeline_strava_activities.py for tasks to queue
[2025-11-18T17:48:51.412+0000] {logging_mixin.py:188} INFO - [2025-11-18T17:48:51.411+0000] {dagbag.py:545} INFO - Filling up the DagBag from /opt/airflow/dags/pipeline_strava_activities.py
[2025-11-18T17:48:51.450+0000] {processor.py:840} INFO - DAG(s) 'etl_strava_activities' retrieved from /opt/airflow/dags/pipeline_strava_activities.py
[2025-11-18T17:48:51.516+0000] {logging_mixin.py:188} INFO - [2025-11-18T17:48:51.516+0000] {dag.py:3089} INFO - Sync 1 DAGs
[2025-11-18T17:48:51.553+0000] {logging_mixin.py:188} INFO - [2025-11-18T17:48:51.553+0000] {dag.py:3947} INFO - Setting next_dagrun for etl_strava_activities to 2025-11-18 03:00:00+00:00, run_after=2025-11-19 03:00:00+00:00
[2025-11-18T17:48:51.573+0000] {processor.py:183} INFO - Processing /opt/airflow/dags/pipeline_strava_activities.py took 0.192 seconds
[2025-11-18T17:49:21.771+0000] {processor.py:161} INFO - Started process (PID=4827) to work on /opt/airflow/dags/pipeline_strava_activities.py
[2025-11-18T17:49:21.774+0000] {processor.py:830} INFO - Processing file /opt/airflow/dags/pipeline_strava_activities.py for tasks to queue
[2025-11-18T17:49:21.777+0000] {logging_mixin.py:188} INFO - [2025-11-18T17:49:21.776+0000] {dagbag.py:545} INFO - Filling up the DagBag from /opt/airflow/dags/pipeline_strava_activities.py
[2025-11-18T17:49:21.812+0000] {processor.py:840} INFO - DAG(s) 'etl_strava_activities' retrieved from /opt/airflow/dags/pipeline_strava_activities.py
[2025-11-18T17:49:21.866+0000] {logging_mixin.py:188} INFO - [2025-11-18T17:49:21.866+0000] {dag.py:3089} INFO - Sync 1 DAGs
[2025-11-18T17:49:21.915+0000] {logging_mixin.py:188} INFO - [2025-11-18T17:49:21.915+0000] {dag.py:3947} INFO - Setting next_dagrun for etl_strava_activities to 2025-11-18 03:00:00+00:00, run_after=2025-11-19 03:00:00+00:00
[2025-11-18T17:49:21.936+0000] {processor.py:183} INFO - Processing /opt/airflow/dags/pipeline_strava_activities.py took 0.186 seconds
[2025-11-18T17:49:52.083+0000] {processor.py:161} INFO - Started process (PID=4842) to work on /opt/airflow/dags/pipeline_strava_activities.py
[2025-11-18T17:49:52.086+0000] {processor.py:830} INFO - Processing file /opt/airflow/dags/pipeline_strava_activities.py for tasks to queue
[2025-11-18T17:49:52.090+0000] {logging_mixin.py:188} INFO - [2025-11-18T17:49:52.089+0000] {dagbag.py:545} INFO - Filling up the DagBag from /opt/airflow/dags/pipeline_strava_activities.py
[2025-11-18T17:49:52.115+0000] {processor.py:840} INFO - DAG(s) 'etl_strava_activities' retrieved from /opt/airflow/dags/pipeline_strava_activities.py
[2025-11-18T17:49:52.185+0000] {logging_mixin.py:188} INFO - [2025-11-18T17:49:52.185+0000] {dag.py:3089} INFO - Sync 1 DAGs
[2025-11-18T17:49:52.212+0000] {logging_mixin.py:188} INFO - [2025-11-18T17:49:52.212+0000] {dag.py:3947} INFO - Setting next_dagrun for etl_strava_activities to 2025-11-18 03:00:00+00:00, run_after=2025-11-19 03:00:00+00:00
[2025-11-18T17:49:52.233+0000] {processor.py:183} INFO - Processing /opt/airflow/dags/pipeline_strava_activities.py took 0.161 seconds
[2025-11-18T17:50:22.391+0000] {processor.py:161} INFO - Started process (PID=4857) to work on /opt/airflow/dags/pipeline_strava_activities.py
[2025-11-18T17:50:22.393+0000] {processor.py:830} INFO - Processing file /opt/airflow/dags/pipeline_strava_activities.py for tasks to queue
[2025-11-18T17:50:22.396+0000] {logging_mixin.py:188} INFO - [2025-11-18T17:50:22.395+0000] {dagbag.py:545} INFO - Filling up the DagBag from /opt/airflow/dags/pipeline_strava_activities.py
[2025-11-18T17:50:22.416+0000] {processor.py:840} INFO - DAG(s) 'etl_strava_activities' retrieved from /opt/airflow/dags/pipeline_strava_activities.py
[2025-11-18T17:50:22.457+0000] {logging_mixin.py:188} INFO - [2025-11-18T17:50:22.457+0000] {dag.py:3089} INFO - Sync 1 DAGs
[2025-11-18T17:50:22.491+0000] {logging_mixin.py:188} INFO - [2025-11-18T17:50:22.491+0000] {dag.py:3947} INFO - Setting next_dagrun for etl_strava_activities to 2025-11-18 03:00:00+00:00, run_after=2025-11-19 03:00:00+00:00
[2025-11-18T17:50:22.508+0000] {processor.py:183} INFO - Processing /opt/airflow/dags/pipeline_strava_activities.py took 0.125 seconds
[2025-11-18T17:50:52.791+0000] {processor.py:161} INFO - Started process (PID=4872) to work on /opt/airflow/dags/pipeline_strava_activities.py
[2025-11-18T17:50:52.793+0000] {processor.py:830} INFO - Processing file /opt/airflow/dags/pipeline_strava_activities.py for tasks to queue
[2025-11-18T17:50:52.797+0000] {logging_mixin.py:188} INFO - [2025-11-18T17:50:52.797+0000] {dagbag.py:545} INFO - Filling up the DagBag from /opt/airflow/dags/pipeline_strava_activities.py
[2025-11-18T17:50:52.831+0000] {processor.py:840} INFO - DAG(s) 'etl_strava_activities' retrieved from /opt/airflow/dags/pipeline_strava_activities.py
[2025-11-18T17:50:52.912+0000] {logging_mixin.py:188} INFO - [2025-11-18T17:50:52.911+0000] {dag.py:3089} INFO - Sync 1 DAGs
[2025-11-18T17:50:52.945+0000] {logging_mixin.py:188} INFO - [2025-11-18T17:50:52.945+0000] {dag.py:3947} INFO - Setting next_dagrun for etl_strava_activities to 2025-11-18 03:00:00+00:00, run_after=2025-11-19 03:00:00+00:00
[2025-11-18T17:50:52.967+0000] {processor.py:183} INFO - Processing /opt/airflow/dags/pipeline_strava_activities.py took 0.186 seconds
[2025-11-18T17:51:23.207+0000] {processor.py:161} INFO - Started process (PID=4887) to work on /opt/airflow/dags/pipeline_strava_activities.py
[2025-11-18T17:51:23.212+0000] {processor.py:830} INFO - Processing file /opt/airflow/dags/pipeline_strava_activities.py for tasks to queue
[2025-11-18T17:51:23.217+0000] {logging_mixin.py:188} INFO - [2025-11-18T17:51:23.216+0000] {dagbag.py:545} INFO - Filling up the DagBag from /opt/airflow/dags/pipeline_strava_activities.py
[2025-11-18T17:51:23.267+0000] {processor.py:840} INFO - DAG(s) 'etl_strava_activities' retrieved from /opt/airflow/dags/pipeline_strava_activities.py
[2025-11-18T17:51:23.350+0000] {logging_mixin.py:188} INFO - [2025-11-18T17:51:23.350+0000] {dag.py:3089} INFO - Sync 1 DAGs
[2025-11-18T17:51:23.399+0000] {logging_mixin.py:188} INFO - [2025-11-18T17:51:23.399+0000] {dag.py:3947} INFO - Setting next_dagrun for etl_strava_activities to 2025-11-18 03:00:00+00:00, run_after=2025-11-19 03:00:00+00:00
[2025-11-18T17:51:23.421+0000] {processor.py:183} INFO - Processing /opt/airflow/dags/pipeline_strava_activities.py took 0.226 seconds
[2025-11-18T17:51:53.521+0000] {processor.py:161} INFO - Started process (PID=4902) to work on /opt/airflow/dags/pipeline_strava_activities.py
[2025-11-18T17:51:53.529+0000] {processor.py:830} INFO - Processing file /opt/airflow/dags/pipeline_strava_activities.py for tasks to queue
[2025-11-18T17:51:53.541+0000] {logging_mixin.py:188} INFO - [2025-11-18T17:51:53.533+0000] {dagbag.py:545} INFO - Filling up the DagBag from /opt/airflow/dags/pipeline_strava_activities.py
[2025-11-18T17:51:53.575+0000] {processor.py:840} INFO - DAG(s) 'etl_strava_activities' retrieved from /opt/airflow/dags/pipeline_strava_activities.py
[2025-11-18T17:51:53.648+0000] {logging_mixin.py:188} INFO - [2025-11-18T17:51:53.647+0000] {dag.py:3089} INFO - Sync 1 DAGs
[2025-11-18T17:51:53.684+0000] {logging_mixin.py:188} INFO - [2025-11-18T17:51:53.684+0000] {dag.py:3947} INFO - Setting next_dagrun for etl_strava_activities to 2025-11-18 03:00:00+00:00, run_after=2025-11-19 03:00:00+00:00
[2025-11-18T17:51:53.699+0000] {processor.py:183} INFO - Processing /opt/airflow/dags/pipeline_strava_activities.py took 0.191 seconds
[2025-11-18T17:52:24.029+0000] {processor.py:161} INFO - Started process (PID=4917) to work on /opt/airflow/dags/pipeline_strava_activities.py
[2025-11-18T17:52:24.031+0000] {processor.py:830} INFO - Processing file /opt/airflow/dags/pipeline_strava_activities.py for tasks to queue
[2025-11-18T17:52:24.038+0000] {logging_mixin.py:188} INFO - [2025-11-18T17:52:24.037+0000] {dagbag.py:545} INFO - Filling up the DagBag from /opt/airflow/dags/pipeline_strava_activities.py
[2025-11-18T17:52:24.080+0000] {processor.py:840} INFO - DAG(s) 'etl_strava_activities' retrieved from /opt/airflow/dags/pipeline_strava_activities.py
[2025-11-18T17:52:24.144+0000] {logging_mixin.py:188} INFO - [2025-11-18T17:52:24.143+0000] {dag.py:3089} INFO - Sync 1 DAGs
[2025-11-18T17:52:24.182+0000] {logging_mixin.py:188} INFO - [2025-11-18T17:52:24.181+0000] {dag.py:3947} INFO - Setting next_dagrun for etl_strava_activities to 2025-11-18 03:00:00+00:00, run_after=2025-11-19 03:00:00+00:00
[2025-11-18T17:52:24.204+0000] {processor.py:183} INFO - Processing /opt/airflow/dags/pipeline_strava_activities.py took 0.188 seconds
[2025-11-18T17:52:54.405+0000] {processor.py:161} INFO - Started process (PID=4932) to work on /opt/airflow/dags/pipeline_strava_activities.py
[2025-11-18T17:52:54.409+0000] {processor.py:830} INFO - Processing file /opt/airflow/dags/pipeline_strava_activities.py for tasks to queue
[2025-11-18T17:52:54.415+0000] {logging_mixin.py:188} INFO - [2025-11-18T17:52:54.413+0000] {dagbag.py:545} INFO - Filling up the DagBag from /opt/airflow/dags/pipeline_strava_activities.py
[2025-11-18T17:52:54.444+0000] {processor.py:840} INFO - DAG(s) 'etl_strava_activities' retrieved from /opt/airflow/dags/pipeline_strava_activities.py
[2025-11-18T17:52:54.498+0000] {logging_mixin.py:188} INFO - [2025-11-18T17:52:54.498+0000] {dag.py:3089} INFO - Sync 1 DAGs
[2025-11-18T17:52:54.527+0000] {logging_mixin.py:188} INFO - [2025-11-18T17:52:54.527+0000] {dag.py:3947} INFO - Setting next_dagrun for etl_strava_activities to 2025-11-18 03:00:00+00:00, run_after=2025-11-19 03:00:00+00:00
[2025-11-18T17:52:54.541+0000] {processor.py:183} INFO - Processing /opt/airflow/dags/pipeline_strava_activities.py took 0.152 seconds
[2025-11-18T17:53:24.696+0000] {processor.py:161} INFO - Started process (PID=4947) to work on /opt/airflow/dags/pipeline_strava_activities.py
[2025-11-18T17:53:24.699+0000] {processor.py:830} INFO - Processing file /opt/airflow/dags/pipeline_strava_activities.py for tasks to queue
[2025-11-18T17:53:24.701+0000] {logging_mixin.py:188} INFO - [2025-11-18T17:53:24.701+0000] {dagbag.py:545} INFO - Filling up the DagBag from /opt/airflow/dags/pipeline_strava_activities.py
[2025-11-18T17:53:24.727+0000] {processor.py:840} INFO - DAG(s) 'etl_strava_activities' retrieved from /opt/airflow/dags/pipeline_strava_activities.py
[2025-11-18T17:53:24.791+0000] {logging_mixin.py:188} INFO - [2025-11-18T17:53:24.791+0000] {dag.py:3089} INFO - Sync 1 DAGs
[2025-11-18T17:53:24.834+0000] {logging_mixin.py:188} INFO - [2025-11-18T17:53:24.834+0000] {dag.py:3947} INFO - Setting next_dagrun for etl_strava_activities to 2025-11-18 03:00:00+00:00, run_after=2025-11-19 03:00:00+00:00
[2025-11-18T17:53:24.858+0000] {processor.py:183} INFO - Processing /opt/airflow/dags/pipeline_strava_activities.py took 0.174 seconds
[2025-11-18T17:53:55.189+0000] {processor.py:161} INFO - Started process (PID=4962) to work on /opt/airflow/dags/pipeline_strava_activities.py
[2025-11-18T17:53:55.197+0000] {processor.py:830} INFO - Processing file /opt/airflow/dags/pipeline_strava_activities.py for tasks to queue
[2025-11-18T17:53:55.208+0000] {logging_mixin.py:188} INFO - [2025-11-18T17:53:55.206+0000] {dagbag.py:545} INFO - Filling up the DagBag from /opt/airflow/dags/pipeline_strava_activities.py
[2025-11-18T17:53:55.248+0000] {processor.py:840} INFO - DAG(s) 'etl_strava_activities' retrieved from /opt/airflow/dags/pipeline_strava_activities.py
[2025-11-18T17:53:55.300+0000] {logging_mixin.py:188} INFO - [2025-11-18T17:53:55.300+0000] {dag.py:3089} INFO - Sync 1 DAGs
[2025-11-18T17:53:55.339+0000] {logging_mixin.py:188} INFO - [2025-11-18T17:53:55.339+0000] {dag.py:3947} INFO - Setting next_dagrun for etl_strava_activities to 2025-11-18 03:00:00+00:00, run_after=2025-11-19 03:00:00+00:00
[2025-11-18T17:53:55.355+0000] {processor.py:183} INFO - Processing /opt/airflow/dags/pipeline_strava_activities.py took 0.209 seconds
[2025-11-18T17:54:25.501+0000] {processor.py:161} INFO - Started process (PID=4977) to work on /opt/airflow/dags/pipeline_strava_activities.py
[2025-11-18T17:54:25.504+0000] {processor.py:830} INFO - Processing file /opt/airflow/dags/pipeline_strava_activities.py for tasks to queue
[2025-11-18T17:54:25.507+0000] {logging_mixin.py:188} INFO - [2025-11-18T17:54:25.507+0000] {dagbag.py:545} INFO - Filling up the DagBag from /opt/airflow/dags/pipeline_strava_activities.py
[2025-11-18T17:54:25.532+0000] {processor.py:840} INFO - DAG(s) 'etl_strava_activities' retrieved from /opt/airflow/dags/pipeline_strava_activities.py
[2025-11-18T17:54:25.593+0000] {logging_mixin.py:188} INFO - [2025-11-18T17:54:25.593+0000] {dag.py:3089} INFO - Sync 1 DAGs
[2025-11-18T17:54:25.628+0000] {logging_mixin.py:188} INFO - [2025-11-18T17:54:25.627+0000] {dag.py:3947} INFO - Setting next_dagrun for etl_strava_activities to 2025-11-18 03:00:00+00:00, run_after=2025-11-19 03:00:00+00:00
[2025-11-18T17:54:25.645+0000] {processor.py:183} INFO - Processing /opt/airflow/dags/pipeline_strava_activities.py took 0.153 seconds
[2025-11-18T17:54:55.807+0000] {processor.py:161} INFO - Started process (PID=4992) to work on /opt/airflow/dags/pipeline_strava_activities.py
[2025-11-18T17:54:55.816+0000] {processor.py:830} INFO - Processing file /opt/airflow/dags/pipeline_strava_activities.py for tasks to queue
[2025-11-18T17:54:55.819+0000] {logging_mixin.py:188} INFO - [2025-11-18T17:54:55.818+0000] {dagbag.py:545} INFO - Filling up the DagBag from /opt/airflow/dags/pipeline_strava_activities.py
[2025-11-18T17:54:55.843+0000] {processor.py:840} INFO - DAG(s) 'etl_strava_activities' retrieved from /opt/airflow/dags/pipeline_strava_activities.py
[2025-11-18T17:54:55.893+0000] {logging_mixin.py:188} INFO - [2025-11-18T17:54:55.893+0000] {dag.py:3089} INFO - Sync 1 DAGs
[2025-11-18T17:54:55.926+0000] {logging_mixin.py:188} INFO - [2025-11-18T17:54:55.926+0000] {dag.py:3947} INFO - Setting next_dagrun for etl_strava_activities to 2025-11-18 03:00:00+00:00, run_after=2025-11-19 03:00:00+00:00
[2025-11-18T17:54:55.946+0000] {processor.py:183} INFO - Processing /opt/airflow/dags/pipeline_strava_activities.py took 0.151 seconds
[2025-11-18T17:55:26.138+0000] {processor.py:161} INFO - Started process (PID=5007) to work on /opt/airflow/dags/pipeline_strava_activities.py
[2025-11-18T17:55:26.141+0000] {processor.py:830} INFO - Processing file /opt/airflow/dags/pipeline_strava_activities.py for tasks to queue
[2025-11-18T17:55:26.150+0000] {logging_mixin.py:188} INFO - [2025-11-18T17:55:26.150+0000] {dagbag.py:545} INFO - Filling up the DagBag from /opt/airflow/dags/pipeline_strava_activities.py
[2025-11-18T17:55:26.182+0000] {processor.py:840} INFO - DAG(s) 'etl_strava_activities' retrieved from /opt/airflow/dags/pipeline_strava_activities.py
[2025-11-18T17:55:26.248+0000] {logging_mixin.py:188} INFO - [2025-11-18T17:55:26.248+0000] {dag.py:3089} INFO - Sync 1 DAGs
[2025-11-18T17:55:26.287+0000] {logging_mixin.py:188} INFO - [2025-11-18T17:55:26.287+0000] {dag.py:3947} INFO - Setting next_dagrun for etl_strava_activities to 2025-11-18 03:00:00+00:00, run_after=2025-11-19 03:00:00+00:00
[2025-11-18T17:55:26.310+0000] {processor.py:183} INFO - Processing /opt/airflow/dags/pipeline_strava_activities.py took 0.191 seconds
[2025-11-18T17:55:56.419+0000] {processor.py:161} INFO - Started process (PID=5022) to work on /opt/airflow/dags/pipeline_strava_activities.py
[2025-11-18T17:55:56.426+0000] {processor.py:830} INFO - Processing file /opt/airflow/dags/pipeline_strava_activities.py for tasks to queue
[2025-11-18T17:55:56.432+0000] {logging_mixin.py:188} INFO - [2025-11-18T17:55:56.431+0000] {dagbag.py:545} INFO - Filling up the DagBag from /opt/airflow/dags/pipeline_strava_activities.py
[2025-11-18T17:55:56.467+0000] {processor.py:840} INFO - DAG(s) 'etl_strava_activities' retrieved from /opt/airflow/dags/pipeline_strava_activities.py
[2025-11-18T17:55:56.523+0000] {logging_mixin.py:188} INFO - [2025-11-18T17:55:56.522+0000] {dag.py:3089} INFO - Sync 1 DAGs
[2025-11-18T17:55:56.553+0000] {logging_mixin.py:188} INFO - [2025-11-18T17:55:56.553+0000] {dag.py:3947} INFO - Setting next_dagrun for etl_strava_activities to 2025-11-18 03:00:00+00:00, run_after=2025-11-19 03:00:00+00:00
[2025-11-18T17:55:56.573+0000] {processor.py:183} INFO - Processing /opt/airflow/dags/pipeline_strava_activities.py took 0.182 seconds
[2025-11-18T17:56:26.764+0000] {processor.py:161} INFO - Started process (PID=5037) to work on /opt/airflow/dags/pipeline_strava_activities.py
[2025-11-18T17:56:26.766+0000] {processor.py:830} INFO - Processing file /opt/airflow/dags/pipeline_strava_activities.py for tasks to queue
[2025-11-18T17:56:26.773+0000] {logging_mixin.py:188} INFO - [2025-11-18T17:56:26.770+0000] {dagbag.py:545} INFO - Filling up the DagBag from /opt/airflow/dags/pipeline_strava_activities.py
[2025-11-18T17:56:26.798+0000] {processor.py:840} INFO - DAG(s) 'etl_strava_activities' retrieved from /opt/airflow/dags/pipeline_strava_activities.py
[2025-11-18T17:56:26.860+0000] {logging_mixin.py:188} INFO - [2025-11-18T17:56:26.859+0000] {dag.py:3089} INFO - Sync 1 DAGs
[2025-11-18T17:56:26.905+0000] {logging_mixin.py:188} INFO - [2025-11-18T17:56:26.904+0000] {dag.py:3947} INFO - Setting next_dagrun for etl_strava_activities to 2025-11-18 03:00:00+00:00, run_after=2025-11-19 03:00:00+00:00
[2025-11-18T17:56:26.922+0000] {processor.py:183} INFO - Processing /opt/airflow/dags/pipeline_strava_activities.py took 0.171 seconds
[2025-11-18T17:56:57.085+0000] {processor.py:161} INFO - Started process (PID=5052) to work on /opt/airflow/dags/pipeline_strava_activities.py
[2025-11-18T17:56:57.089+0000] {processor.py:830} INFO - Processing file /opt/airflow/dags/pipeline_strava_activities.py for tasks to queue
[2025-11-18T17:56:57.093+0000] {logging_mixin.py:188} INFO - [2025-11-18T17:56:57.092+0000] {dagbag.py:545} INFO - Filling up the DagBag from /opt/airflow/dags/pipeline_strava_activities.py
[2025-11-18T17:56:57.124+0000] {processor.py:840} INFO - DAG(s) 'etl_strava_activities' retrieved from /opt/airflow/dags/pipeline_strava_activities.py
[2025-11-18T17:56:57.215+0000] {logging_mixin.py:188} INFO - [2025-11-18T17:56:57.215+0000] {dag.py:3089} INFO - Sync 1 DAGs
[2025-11-18T17:56:57.262+0000] {logging_mixin.py:188} INFO - [2025-11-18T17:56:57.261+0000] {dag.py:3947} INFO - Setting next_dagrun for etl_strava_activities to 2025-11-18 03:00:00+00:00, run_after=2025-11-19 03:00:00+00:00
[2025-11-18T17:56:57.283+0000] {processor.py:183} INFO - Processing /opt/airflow/dags/pipeline_strava_activities.py took 0.209 seconds
[2025-11-18T17:57:27.495+0000] {processor.py:161} INFO - Started process (PID=5079) to work on /opt/airflow/dags/pipeline_strava_activities.py
[2025-11-18T17:57:27.499+0000] {processor.py:830} INFO - Processing file /opt/airflow/dags/pipeline_strava_activities.py for tasks to queue
[2025-11-18T17:57:27.505+0000] {logging_mixin.py:188} INFO - [2025-11-18T17:57:27.504+0000] {dagbag.py:545} INFO - Filling up the DagBag from /opt/airflow/dags/pipeline_strava_activities.py
[2025-11-18T17:57:27.531+0000] {processor.py:840} INFO - DAG(s) 'etl_strava_activities' retrieved from /opt/airflow/dags/pipeline_strava_activities.py
[2025-11-18T17:57:27.578+0000] {logging_mixin.py:188} INFO - [2025-11-18T17:57:27.578+0000] {dag.py:3089} INFO - Sync 1 DAGs
[2025-11-18T17:57:27.604+0000] {logging_mixin.py:188} INFO - [2025-11-18T17:57:27.603+0000] {dag.py:3947} INFO - Setting next_dagrun for etl_strava_activities to 2025-11-18 03:00:00+00:00, run_after=2025-11-19 03:00:00+00:00
[2025-11-18T17:57:27.619+0000] {processor.py:183} INFO - Processing /opt/airflow/dags/pipeline_strava_activities.py took 0.137 seconds
[2025-11-18T17:57:57.917+0000] {processor.py:161} INFO - Started process (PID=5683) to work on /opt/airflow/dags/pipeline_strava_activities.py
[2025-11-18T17:57:57.920+0000] {processor.py:830} INFO - Processing file /opt/airflow/dags/pipeline_strava_activities.py for tasks to queue
[2025-11-18T17:57:57.925+0000] {logging_mixin.py:188} INFO - [2025-11-18T17:57:57.925+0000] {dagbag.py:545} INFO - Filling up the DagBag from /opt/airflow/dags/pipeline_strava_activities.py
[2025-11-18T17:57:57.946+0000] {processor.py:840} INFO - DAG(s) 'etl_strava_activities' retrieved from /opt/airflow/dags/pipeline_strava_activities.py
[2025-11-18T17:57:57.987+0000] {logging_mixin.py:188} INFO - [2025-11-18T17:57:57.987+0000] {dag.py:3089} INFO - Sync 1 DAGs
[2025-11-18T17:57:58.020+0000] {logging_mixin.py:188} INFO - [2025-11-18T17:57:58.020+0000] {dag.py:3947} INFO - Setting next_dagrun for etl_strava_activities to 2025-11-18 03:00:00+00:00, run_after=2025-11-19 03:00:00+00:00
[2025-11-18T17:57:58.044+0000] {processor.py:183} INFO - Processing /opt/airflow/dags/pipeline_strava_activities.py took 0.138 seconds
[2025-11-18T17:58:28.381+0000] {processor.py:161} INFO - Started process (PID=6000) to work on /opt/airflow/dags/pipeline_strava_activities.py
[2025-11-18T17:58:28.384+0000] {processor.py:830} INFO - Processing file /opt/airflow/dags/pipeline_strava_activities.py for tasks to queue
[2025-11-18T17:58:28.391+0000] {logging_mixin.py:188} INFO - [2025-11-18T17:58:28.390+0000] {dagbag.py:545} INFO - Filling up the DagBag from /opt/airflow/dags/pipeline_strava_activities.py
[2025-11-18T17:58:28.423+0000] {processor.py:840} INFO - DAG(s) 'etl_strava_activities' retrieved from /opt/airflow/dags/pipeline_strava_activities.py
[2025-11-18T17:58:28.505+0000] {logging_mixin.py:188} INFO - [2025-11-18T17:58:28.504+0000] {dag.py:3089} INFO - Sync 1 DAGs
[2025-11-18T17:58:28.543+0000] {logging_mixin.py:188} INFO - [2025-11-18T17:58:28.543+0000] {dag.py:3947} INFO - Setting next_dagrun for etl_strava_activities to 2025-11-18 03:00:00+00:00, run_after=2025-11-19 03:00:00+00:00
[2025-11-18T17:58:28.623+0000] {processor.py:183} INFO - Processing /opt/airflow/dags/pipeline_strava_activities.py took 0.268 seconds
[2025-11-18T17:58:58.902+0000] {processor.py:161} INFO - Started process (PID=6015) to work on /opt/airflow/dags/pipeline_strava_activities.py
[2025-11-18T17:58:58.908+0000] {processor.py:830} INFO - Processing file /opt/airflow/dags/pipeline_strava_activities.py for tasks to queue
[2025-11-18T17:58:58.917+0000] {logging_mixin.py:188} INFO - [2025-11-18T17:58:58.915+0000] {dagbag.py:545} INFO - Filling up the DagBag from /opt/airflow/dags/pipeline_strava_activities.py
[2025-11-18T17:58:58.951+0000] {processor.py:840} INFO - DAG(s) 'etl_strava_activities' retrieved from /opt/airflow/dags/pipeline_strava_activities.py
[2025-11-18T17:58:59.027+0000] {logging_mixin.py:188} INFO - [2025-11-18T17:58:59.026+0000] {dag.py:3089} INFO - Sync 1 DAGs
[2025-11-18T17:58:59.067+0000] {logging_mixin.py:188} INFO - [2025-11-18T17:58:59.067+0000] {dag.py:3947} INFO - Setting next_dagrun for etl_strava_activities to 2025-11-18 03:00:00+00:00, run_after=2025-11-19 03:00:00+00:00
[2025-11-18T17:58:59.097+0000] {processor.py:183} INFO - Processing /opt/airflow/dags/pipeline_strava_activities.py took 0.209 seconds
[2025-11-18T17:59:29.271+0000] {processor.py:161} INFO - Started process (PID=6030) to work on /opt/airflow/dags/pipeline_strava_activities.py
[2025-11-18T17:59:29.273+0000] {processor.py:830} INFO - Processing file /opt/airflow/dags/pipeline_strava_activities.py for tasks to queue
[2025-11-18T17:59:29.276+0000] {logging_mixin.py:188} INFO - [2025-11-18T17:59:29.276+0000] {dagbag.py:545} INFO - Filling up the DagBag from /opt/airflow/dags/pipeline_strava_activities.py
[2025-11-18T17:59:29.296+0000] {processor.py:840} INFO - DAG(s) 'etl_strava_activities' retrieved from /opt/airflow/dags/pipeline_strava_activities.py
[2025-11-18T17:59:29.339+0000] {logging_mixin.py:188} INFO - [2025-11-18T17:59:29.339+0000] {dag.py:3089} INFO - Sync 1 DAGs
[2025-11-18T17:59:29.374+0000] {logging_mixin.py:188} INFO - [2025-11-18T17:59:29.374+0000] {dag.py:3947} INFO - Setting next_dagrun for etl_strava_activities to 2025-11-18 03:00:00+00:00, run_after=2025-11-19 03:00:00+00:00
[2025-11-18T17:59:29.397+0000] {processor.py:183} INFO - Processing /opt/airflow/dags/pipeline_strava_activities.py took 0.134 seconds
[2025-11-18T17:59:59.615+0000] {processor.py:161} INFO - Started process (PID=6045) to work on /opt/airflow/dags/pipeline_strava_activities.py
[2025-11-18T17:59:59.624+0000] {processor.py:830} INFO - Processing file /opt/airflow/dags/pipeline_strava_activities.py for tasks to queue
[2025-11-18T17:59:59.629+0000] {logging_mixin.py:188} INFO - [2025-11-18T17:59:59.628+0000] {dagbag.py:545} INFO - Filling up the DagBag from /opt/airflow/dags/pipeline_strava_activities.py
[2025-11-18T17:59:59.673+0000] {processor.py:840} INFO - DAG(s) 'etl_strava_activities' retrieved from /opt/airflow/dags/pipeline_strava_activities.py
[2025-11-18T17:59:59.726+0000] {logging_mixin.py:188} INFO - [2025-11-18T17:59:59.726+0000] {dag.py:3089} INFO - Sync 1 DAGs
[2025-11-18T17:59:59.760+0000] {logging_mixin.py:188} INFO - [2025-11-18T17:59:59.760+0000] {dag.py:3947} INFO - Setting next_dagrun for etl_strava_activities to 2025-11-18 03:00:00+00:00, run_after=2025-11-19 03:00:00+00:00
[2025-11-18T17:59:59.779+0000] {processor.py:183} INFO - Processing /opt/airflow/dags/pipeline_strava_activities.py took 0.178 seconds
[2025-11-18T18:00:29.915+0000] {processor.py:161} INFO - Started process (PID=6060) to work on /opt/airflow/dags/pipeline_strava_activities.py
[2025-11-18T18:00:29.917+0000] {processor.py:830} INFO - Processing file /opt/airflow/dags/pipeline_strava_activities.py for tasks to queue
[2025-11-18T18:00:29.920+0000] {logging_mixin.py:188} INFO - [2025-11-18T18:00:29.920+0000] {dagbag.py:545} INFO - Filling up the DagBag from /opt/airflow/dags/pipeline_strava_activities.py
[2025-11-18T18:00:29.941+0000] {processor.py:840} INFO - DAG(s) 'etl_strava_activities' retrieved from /opt/airflow/dags/pipeline_strava_activities.py
[2025-11-18T18:00:29.996+0000] {logging_mixin.py:188} INFO - [2025-11-18T18:00:29.995+0000] {dag.py:3089} INFO - Sync 1 DAGs
[2025-11-18T18:00:30.040+0000] {logging_mixin.py:188} INFO - [2025-11-18T18:00:30.040+0000] {dag.py:3947} INFO - Setting next_dagrun for etl_strava_activities to 2025-11-18 03:00:00+00:00, run_after=2025-11-19 03:00:00+00:00
[2025-11-18T18:00:30.071+0000] {processor.py:183} INFO - Processing /opt/airflow/dags/pipeline_strava_activities.py took 0.166 seconds
[2025-11-18T18:01:00.185+0000] {processor.py:161} INFO - Started process (PID=6075) to work on /opt/airflow/dags/pipeline_strava_activities.py
[2025-11-18T18:01:00.188+0000] {processor.py:830} INFO - Processing file /opt/airflow/dags/pipeline_strava_activities.py for tasks to queue
[2025-11-18T18:01:00.191+0000] {logging_mixin.py:188} INFO - [2025-11-18T18:01:00.190+0000] {dagbag.py:545} INFO - Filling up the DagBag from /opt/airflow/dags/pipeline_strava_activities.py
[2025-11-18T18:01:00.239+0000] {processor.py:840} INFO - DAG(s) 'etl_strava_activities' retrieved from /opt/airflow/dags/pipeline_strava_activities.py
[2025-11-18T18:01:00.303+0000] {logging_mixin.py:188} INFO - [2025-11-18T18:01:00.302+0000] {dag.py:3089} INFO - Sync 1 DAGs
[2025-11-18T18:01:00.349+0000] {logging_mixin.py:188} INFO - [2025-11-18T18:01:00.349+0000] {dag.py:3947} INFO - Setting next_dagrun for etl_strava_activities to 2025-11-18 03:00:00+00:00, run_after=2025-11-19 03:00:00+00:00
[2025-11-18T18:01:00.367+0000] {processor.py:183} INFO - Processing /opt/airflow/dags/pipeline_strava_activities.py took 0.192 seconds
[2025-11-18T18:01:30.750+0000] {processor.py:161} INFO - Started process (PID=6090) to work on /opt/airflow/dags/pipeline_strava_activities.py
[2025-11-18T18:01:30.753+0000] {processor.py:830} INFO - Processing file /opt/airflow/dags/pipeline_strava_activities.py for tasks to queue
[2025-11-18T18:01:30.760+0000] {logging_mixin.py:188} INFO - [2025-11-18T18:01:30.759+0000] {dagbag.py:545} INFO - Filling up the DagBag from /opt/airflow/dags/pipeline_strava_activities.py
[2025-11-18T18:01:30.791+0000] {processor.py:840} INFO - DAG(s) 'etl_strava_activities' retrieved from /opt/airflow/dags/pipeline_strava_activities.py
[2025-11-18T18:01:30.858+0000] {logging_mixin.py:188} INFO - [2025-11-18T18:01:30.858+0000] {dag.py:3089} INFO - Sync 1 DAGs
[2025-11-18T18:01:30.900+0000] {logging_mixin.py:188} INFO - [2025-11-18T18:01:30.899+0000] {dag.py:3947} INFO - Setting next_dagrun for etl_strava_activities to 2025-11-18 03:00:00+00:00, run_after=2025-11-19 03:00:00+00:00
[2025-11-18T18:01:30.928+0000] {processor.py:183} INFO - Processing /opt/airflow/dags/pipeline_strava_activities.py took 0.191 seconds
[2025-11-18T18:02:01.071+0000] {processor.py:161} INFO - Started process (PID=6105) to work on /opt/airflow/dags/pipeline_strava_activities.py
[2025-11-18T18:02:01.075+0000] {processor.py:830} INFO - Processing file /opt/airflow/dags/pipeline_strava_activities.py for tasks to queue
[2025-11-18T18:02:01.078+0000] {logging_mixin.py:188} INFO - [2025-11-18T18:02:01.078+0000] {dagbag.py:545} INFO - Filling up the DagBag from /opt/airflow/dags/pipeline_strava_activities.py
[2025-11-18T18:02:01.097+0000] {processor.py:840} INFO - DAG(s) 'etl_strava_activities' retrieved from /opt/airflow/dags/pipeline_strava_activities.py
[2025-11-18T18:02:01.139+0000] {logging_mixin.py:188} INFO - [2025-11-18T18:02:01.138+0000] {dag.py:3089} INFO - Sync 1 DAGs
[2025-11-18T18:02:01.168+0000] {logging_mixin.py:188} INFO - [2025-11-18T18:02:01.168+0000] {dag.py:3947} INFO - Setting next_dagrun for etl_strava_activities to 2025-11-18 03:00:00+00:00, run_after=2025-11-19 03:00:00+00:00
[2025-11-18T18:02:01.186+0000] {processor.py:183} INFO - Processing /opt/airflow/dags/pipeline_strava_activities.py took 0.127 seconds
[2025-11-18T18:02:31.500+0000] {processor.py:161} INFO - Started process (PID=6120) to work on /opt/airflow/dags/pipeline_strava_activities.py
[2025-11-18T18:02:31.502+0000] {processor.py:830} INFO - Processing file /opt/airflow/dags/pipeline_strava_activities.py for tasks to queue
[2025-11-18T18:02:31.505+0000] {logging_mixin.py:188} INFO - [2025-11-18T18:02:31.504+0000] {dagbag.py:545} INFO - Filling up the DagBag from /opt/airflow/dags/pipeline_strava_activities.py
[2025-11-18T18:02:31.527+0000] {processor.py:840} INFO - DAG(s) 'etl_strava_activities' retrieved from /opt/airflow/dags/pipeline_strava_activities.py
[2025-11-18T18:02:31.572+0000] {logging_mixin.py:188} INFO - [2025-11-18T18:02:31.571+0000] {dag.py:3089} INFO - Sync 1 DAGs
[2025-11-18T18:02:31.595+0000] {logging_mixin.py:188} INFO - [2025-11-18T18:02:31.594+0000] {dag.py:3947} INFO - Setting next_dagrun for etl_strava_activities to 2025-11-18 03:00:00+00:00, run_after=2025-11-19 03:00:00+00:00
[2025-11-18T18:02:31.613+0000] {processor.py:183} INFO - Processing /opt/airflow/dags/pipeline_strava_activities.py took 0.122 seconds
[2025-11-18T18:03:01.826+0000] {processor.py:161} INFO - Started process (PID=6135) to work on /opt/airflow/dags/pipeline_strava_activities.py
[2025-11-18T18:03:01.829+0000] {processor.py:830} INFO - Processing file /opt/airflow/dags/pipeline_strava_activities.py for tasks to queue
[2025-11-18T18:03:01.832+0000] {logging_mixin.py:188} INFO - [2025-11-18T18:03:01.832+0000] {dagbag.py:545} INFO - Filling up the DagBag from /opt/airflow/dags/pipeline_strava_activities.py
[2025-11-18T18:03:01.853+0000] {processor.py:840} INFO - DAG(s) 'etl_strava_activities' retrieved from /opt/airflow/dags/pipeline_strava_activities.py
[2025-11-18T18:03:01.907+0000] {logging_mixin.py:188} INFO - [2025-11-18T18:03:01.907+0000] {dag.py:3089} INFO - Sync 1 DAGs
[2025-11-18T18:03:01.941+0000] {logging_mixin.py:188} INFO - [2025-11-18T18:03:01.940+0000] {dag.py:3947} INFO - Setting next_dagrun for etl_strava_activities to 2025-11-18 03:00:00+00:00, run_after=2025-11-19 03:00:00+00:00
[2025-11-18T18:03:01.965+0000] {processor.py:183} INFO - Processing /opt/airflow/dags/pipeline_strava_activities.py took 0.149 seconds
[2025-11-18T18:03:32.179+0000] {processor.py:161} INFO - Started process (PID=6150) to work on /opt/airflow/dags/pipeline_strava_activities.py
[2025-11-18T18:03:32.184+0000] {processor.py:830} INFO - Processing file /opt/airflow/dags/pipeline_strava_activities.py for tasks to queue
[2025-11-18T18:03:32.189+0000] {logging_mixin.py:188} INFO - [2025-11-18T18:03:32.188+0000] {dagbag.py:545} INFO - Filling up the DagBag from /opt/airflow/dags/pipeline_strava_activities.py
[2025-11-18T18:03:32.259+0000] {processor.py:840} INFO - DAG(s) 'etl_strava_activities' retrieved from /opt/airflow/dags/pipeline_strava_activities.py
[2025-11-18T18:03:32.337+0000] {logging_mixin.py:188} INFO - [2025-11-18T18:03:32.336+0000] {dag.py:3089} INFO - Sync 1 DAGs
[2025-11-18T18:03:32.380+0000] {logging_mixin.py:188} INFO - [2025-11-18T18:03:32.380+0000] {dag.py:3947} INFO - Setting next_dagrun for etl_strava_activities to 2025-11-18 03:00:00+00:00, run_after=2025-11-19 03:00:00+00:00
[2025-11-18T18:03:32.401+0000] {processor.py:183} INFO - Processing /opt/airflow/dags/pipeline_strava_activities.py took 0.241 seconds
[2025-11-18T18:04:02.542+0000] {processor.py:161} INFO - Started process (PID=6165) to work on /opt/airflow/dags/pipeline_strava_activities.py
[2025-11-18T18:04:02.547+0000] {processor.py:830} INFO - Processing file /opt/airflow/dags/pipeline_strava_activities.py for tasks to queue
[2025-11-18T18:04:02.550+0000] {logging_mixin.py:188} INFO - [2025-11-18T18:04:02.550+0000] {dagbag.py:545} INFO - Filling up the DagBag from /opt/airflow/dags/pipeline_strava_activities.py
[2025-11-18T18:04:02.571+0000] {processor.py:840} INFO - DAG(s) 'etl_strava_activities' retrieved from /opt/airflow/dags/pipeline_strava_activities.py
[2025-11-18T18:04:02.618+0000] {logging_mixin.py:188} INFO - [2025-11-18T18:04:02.618+0000] {dag.py:3089} INFO - Sync 1 DAGs
[2025-11-18T18:04:02.648+0000] {logging_mixin.py:188} INFO - [2025-11-18T18:04:02.648+0000] {dag.py:3947} INFO - Setting next_dagrun for etl_strava_activities to 2025-11-18 03:00:00+00:00, run_after=2025-11-19 03:00:00+00:00
[2025-11-18T18:04:02.674+0000] {processor.py:183} INFO - Processing /opt/airflow/dags/pipeline_strava_activities.py took 0.143 seconds
[2025-11-18T18:04:32.903+0000] {processor.py:161} INFO - Started process (PID=6180) to work on /opt/airflow/dags/pipeline_strava_activities.py
[2025-11-18T18:04:32.912+0000] {processor.py:830} INFO - Processing file /opt/airflow/dags/pipeline_strava_activities.py for tasks to queue
[2025-11-18T18:04:32.915+0000] {logging_mixin.py:188} INFO - [2025-11-18T18:04:32.915+0000] {dagbag.py:545} INFO - Filling up the DagBag from /opt/airflow/dags/pipeline_strava_activities.py
[2025-11-18T18:04:32.937+0000] {processor.py:840} INFO - DAG(s) 'etl_strava_activities' retrieved from /opt/airflow/dags/pipeline_strava_activities.py
[2025-11-18T18:04:33.014+0000] {logging_mixin.py:188} INFO - [2025-11-18T18:04:33.014+0000] {dag.py:3089} INFO - Sync 1 DAGs
[2025-11-18T18:04:33.048+0000] {logging_mixin.py:188} INFO - [2025-11-18T18:04:33.048+0000] {dag.py:3947} INFO - Setting next_dagrun for etl_strava_activities to 2025-11-18 03:00:00+00:00, run_after=2025-11-19 03:00:00+00:00
[2025-11-18T18:04:33.072+0000] {processor.py:183} INFO - Processing /opt/airflow/dags/pipeline_strava_activities.py took 0.209 seconds
[2025-11-18T18:05:03.219+0000] {processor.py:161} INFO - Started process (PID=6195) to work on /opt/airflow/dags/pipeline_strava_activities.py
[2025-11-18T18:05:03.223+0000] {processor.py:830} INFO - Processing file /opt/airflow/dags/pipeline_strava_activities.py for tasks to queue
[2025-11-18T18:05:03.227+0000] {logging_mixin.py:188} INFO - [2025-11-18T18:05:03.226+0000] {dagbag.py:545} INFO - Filling up the DagBag from /opt/airflow/dags/pipeline_strava_activities.py
[2025-11-18T18:05:03.252+0000] {processor.py:840} INFO - DAG(s) 'etl_strava_activities' retrieved from /opt/airflow/dags/pipeline_strava_activities.py
[2025-11-18T18:05:03.302+0000] {logging_mixin.py:188} INFO - [2025-11-18T18:05:03.301+0000] {dag.py:3089} INFO - Sync 1 DAGs
[2025-11-18T18:05:03.333+0000] {logging_mixin.py:188} INFO - [2025-11-18T18:05:03.332+0000] {dag.py:3947} INFO - Setting next_dagrun for etl_strava_activities to 2025-11-18 03:00:00+00:00, run_after=2025-11-19 03:00:00+00:00
[2025-11-18T18:05:03.354+0000] {processor.py:183} INFO - Processing /opt/airflow/dags/pipeline_strava_activities.py took 0.147 seconds
[2025-11-18T18:05:33.566+0000] {processor.py:161} INFO - Started process (PID=6210) to work on /opt/airflow/dags/pipeline_strava_activities.py
[2025-11-18T18:05:33.571+0000] {processor.py:830} INFO - Processing file /opt/airflow/dags/pipeline_strava_activities.py for tasks to queue
[2025-11-18T18:05:33.575+0000] {logging_mixin.py:188} INFO - [2025-11-18T18:05:33.574+0000] {dagbag.py:545} INFO - Filling up the DagBag from /opt/airflow/dags/pipeline_strava_activities.py
[2025-11-18T18:05:33.603+0000] {processor.py:840} INFO - DAG(s) 'etl_strava_activities' retrieved from /opt/airflow/dags/pipeline_strava_activities.py
[2025-11-18T18:05:33.658+0000] {logging_mixin.py:188} INFO - [2025-11-18T18:05:33.658+0000] {dag.py:3089} INFO - Sync 1 DAGs
[2025-11-18T18:05:33.691+0000] {logging_mixin.py:188} INFO - [2025-11-18T18:05:33.690+0000] {dag.py:3947} INFO - Setting next_dagrun for etl_strava_activities to 2025-11-18 03:00:00+00:00, run_after=2025-11-19 03:00:00+00:00
[2025-11-18T18:05:33.709+0000] {processor.py:183} INFO - Processing /opt/airflow/dags/pipeline_strava_activities.py took 0.154 seconds
[2025-11-18T18:06:03.924+0000] {processor.py:161} INFO - Started process (PID=6225) to work on /opt/airflow/dags/pipeline_strava_activities.py
[2025-11-18T18:06:03.930+0000] {processor.py:830} INFO - Processing file /opt/airflow/dags/pipeline_strava_activities.py for tasks to queue
[2025-11-18T18:06:03.936+0000] {logging_mixin.py:188} INFO - [2025-11-18T18:06:03.935+0000] {dagbag.py:545} INFO - Filling up the DagBag from /opt/airflow/dags/pipeline_strava_activities.py
[2025-11-18T18:06:03.970+0000] {processor.py:840} INFO - DAG(s) 'etl_strava_activities' retrieved from /opt/airflow/dags/pipeline_strava_activities.py
[2025-11-18T18:06:04.034+0000] {logging_mixin.py:188} INFO - [2025-11-18T18:06:04.033+0000] {dag.py:3089} INFO - Sync 1 DAGs
[2025-11-18T18:06:04.086+0000] {logging_mixin.py:188} INFO - [2025-11-18T18:06:04.085+0000] {dag.py:3947} INFO - Setting next_dagrun for etl_strava_activities to 2025-11-18 03:00:00+00:00, run_after=2025-11-19 03:00:00+00:00
[2025-11-18T18:06:04.104+0000] {processor.py:183} INFO - Processing /opt/airflow/dags/pipeline_strava_activities.py took 0.197 seconds
[2025-11-18T18:06:34.245+0000] {processor.py:161} INFO - Started process (PID=6240) to work on /opt/airflow/dags/pipeline_strava_activities.py
[2025-11-18T18:06:34.249+0000] {processor.py:830} INFO - Processing file /opt/airflow/dags/pipeline_strava_activities.py for tasks to queue
[2025-11-18T18:06:34.252+0000] {logging_mixin.py:188} INFO - [2025-11-18T18:06:34.251+0000] {dagbag.py:545} INFO - Filling up the DagBag from /opt/airflow/dags/pipeline_strava_activities.py
[2025-11-18T18:06:34.301+0000] {processor.py:840} INFO - DAG(s) 'etl_strava_activities' retrieved from /opt/airflow/dags/pipeline_strava_activities.py
[2025-11-18T18:06:34.358+0000] {logging_mixin.py:188} INFO - [2025-11-18T18:06:34.358+0000] {dag.py:3089} INFO - Sync 1 DAGs
[2025-11-18T18:06:34.415+0000] {logging_mixin.py:188} INFO - [2025-11-18T18:06:34.415+0000] {dag.py:3947} INFO - Setting next_dagrun for etl_strava_activities to 2025-11-18 03:00:00+00:00, run_after=2025-11-19 03:00:00+00:00
[2025-11-18T18:06:34.440+0000] {processor.py:183} INFO - Processing /opt/airflow/dags/pipeline_strava_activities.py took 0.205 seconds
[2025-11-18T18:07:04.576+0000] {processor.py:161} INFO - Started process (PID=6255) to work on /opt/airflow/dags/pipeline_strava_activities.py
[2025-11-18T18:07:04.579+0000] {processor.py:830} INFO - Processing file /opt/airflow/dags/pipeline_strava_activities.py for tasks to queue
[2025-11-18T18:07:04.582+0000] {logging_mixin.py:188} INFO - [2025-11-18T18:07:04.581+0000] {dagbag.py:545} INFO - Filling up the DagBag from /opt/airflow/dags/pipeline_strava_activities.py
[2025-11-18T18:07:04.603+0000] {processor.py:840} INFO - DAG(s) 'etl_strava_activities' retrieved from /opt/airflow/dags/pipeline_strava_activities.py
[2025-11-18T18:07:04.650+0000] {logging_mixin.py:188} INFO - [2025-11-18T18:07:04.650+0000] {dag.py:3089} INFO - Sync 1 DAGs
[2025-11-18T18:07:04.683+0000] {logging_mixin.py:188} INFO - [2025-11-18T18:07:04.683+0000] {dag.py:3947} INFO - Setting next_dagrun for etl_strava_activities to 2025-11-18 03:00:00+00:00, run_after=2025-11-19 03:00:00+00:00
[2025-11-18T18:07:04.702+0000] {processor.py:183} INFO - Processing /opt/airflow/dags/pipeline_strava_activities.py took 0.137 seconds
[2025-11-18T18:07:35.048+0000] {processor.py:161} INFO - Started process (PID=6270) to work on /opt/airflow/dags/pipeline_strava_activities.py
[2025-11-18T18:07:35.051+0000] {processor.py:830} INFO - Processing file /opt/airflow/dags/pipeline_strava_activities.py for tasks to queue
[2025-11-18T18:07:35.054+0000] {logging_mixin.py:188} INFO - [2025-11-18T18:07:35.054+0000] {dagbag.py:545} INFO - Filling up the DagBag from /opt/airflow/dags/pipeline_strava_activities.py
[2025-11-18T18:07:35.078+0000] {processor.py:840} INFO - DAG(s) 'etl_strava_activities' retrieved from /opt/airflow/dags/pipeline_strava_activities.py
[2025-11-18T18:07:35.134+0000] {logging_mixin.py:188} INFO - [2025-11-18T18:07:35.134+0000] {dag.py:3089} INFO - Sync 1 DAGs
[2025-11-18T18:07:35.166+0000] {logging_mixin.py:188} INFO - [2025-11-18T18:07:35.166+0000] {dag.py:3947} INFO - Setting next_dagrun for etl_strava_activities to 2025-11-18 03:00:00+00:00, run_after=2025-11-19 03:00:00+00:00
[2025-11-18T18:07:35.186+0000] {processor.py:183} INFO - Processing /opt/airflow/dags/pipeline_strava_activities.py took 0.147 seconds
[2025-11-18T18:08:05.316+0000] {processor.py:161} INFO - Started process (PID=6285) to work on /opt/airflow/dags/pipeline_strava_activities.py
[2025-11-18T18:08:05.321+0000] {processor.py:830} INFO - Processing file /opt/airflow/dags/pipeline_strava_activities.py for tasks to queue
[2025-11-18T18:08:05.324+0000] {logging_mixin.py:188} INFO - [2025-11-18T18:08:05.323+0000] {dagbag.py:545} INFO - Filling up the DagBag from /opt/airflow/dags/pipeline_strava_activities.py
[2025-11-18T18:08:05.345+0000] {processor.py:840} INFO - DAG(s) 'etl_strava_activities' retrieved from /opt/airflow/dags/pipeline_strava_activities.py
[2025-11-18T18:08:05.378+0000] {logging_mixin.py:188} INFO - [2025-11-18T18:08:05.378+0000] {dag.py:3089} INFO - Sync 1 DAGs
[2025-11-18T18:08:05.400+0000] {logging_mixin.py:188} INFO - [2025-11-18T18:08:05.400+0000] {dag.py:3947} INFO - Setting next_dagrun for etl_strava_activities to 2025-11-18 03:00:00+00:00, run_after=2025-11-19 03:00:00+00:00
[2025-11-18T18:08:05.415+0000] {processor.py:183} INFO - Processing /opt/airflow/dags/pipeline_strava_activities.py took 0.110 seconds
[2025-11-18T18:08:35.749+0000] {processor.py:161} INFO - Started process (PID=6300) to work on /opt/airflow/dags/pipeline_strava_activities.py
[2025-11-18T18:08:35.762+0000] {processor.py:830} INFO - Processing file /opt/airflow/dags/pipeline_strava_activities.py for tasks to queue
[2025-11-18T18:08:35.766+0000] {logging_mixin.py:188} INFO - [2025-11-18T18:08:35.765+0000] {dagbag.py:545} INFO - Filling up the DagBag from /opt/airflow/dags/pipeline_strava_activities.py
[2025-11-18T18:08:35.812+0000] {processor.py:840} INFO - DAG(s) 'etl_strava_activities' retrieved from /opt/airflow/dags/pipeline_strava_activities.py
[2025-11-18T18:08:35.872+0000] {logging_mixin.py:188} INFO - [2025-11-18T18:08:35.872+0000] {dag.py:3089} INFO - Sync 1 DAGs
[2025-11-18T18:08:35.912+0000] {logging_mixin.py:188} INFO - [2025-11-18T18:08:35.912+0000] {dag.py:3947} INFO - Setting next_dagrun for etl_strava_activities to 2025-11-18 03:00:00+00:00, run_after=2025-11-19 03:00:00+00:00
[2025-11-18T18:08:35.943+0000] {processor.py:183} INFO - Processing /opt/airflow/dags/pipeline_strava_activities.py took 0.208 seconds
[2025-11-18T18:09:06.010+0000] {processor.py:161} INFO - Started process (PID=6315) to work on /opt/airflow/dags/pipeline_strava_activities.py
[2025-11-18T18:09:06.013+0000] {processor.py:830} INFO - Processing file /opt/airflow/dags/pipeline_strava_activities.py for tasks to queue
[2025-11-18T18:09:06.016+0000] {logging_mixin.py:188} INFO - [2025-11-18T18:09:06.015+0000] {dagbag.py:545} INFO - Filling up the DagBag from /opt/airflow/dags/pipeline_strava_activities.py
[2025-11-18T18:09:06.035+0000] {processor.py:840} INFO - DAG(s) 'etl_strava_activities' retrieved from /opt/airflow/dags/pipeline_strava_activities.py
[2025-11-18T18:09:06.077+0000] {logging_mixin.py:188} INFO - [2025-11-18T18:09:06.077+0000] {dag.py:3089} INFO - Sync 1 DAGs
[2025-11-18T18:09:06.100+0000] {logging_mixin.py:188} INFO - [2025-11-18T18:09:06.100+0000] {dag.py:3947} INFO - Setting next_dagrun for etl_strava_activities to 2025-11-18 03:00:00+00:00, run_after=2025-11-19 03:00:00+00:00
[2025-11-18T18:09:06.117+0000] {processor.py:183} INFO - Processing /opt/airflow/dags/pipeline_strava_activities.py took 0.117 seconds
[2025-11-18T18:09:36.432+0000] {processor.py:161} INFO - Started process (PID=6330) to work on /opt/airflow/dags/pipeline_strava_activities.py
[2025-11-18T18:09:36.437+0000] {processor.py:830} INFO - Processing file /opt/airflow/dags/pipeline_strava_activities.py for tasks to queue
[2025-11-18T18:09:36.444+0000] {logging_mixin.py:188} INFO - [2025-11-18T18:09:36.444+0000] {dagbag.py:545} INFO - Filling up the DagBag from /opt/airflow/dags/pipeline_strava_activities.py
[2025-11-18T18:09:36.485+0000] {processor.py:840} INFO - DAG(s) 'etl_strava_activities' retrieved from /opt/airflow/dags/pipeline_strava_activities.py
[2025-11-18T18:09:36.557+0000] {logging_mixin.py:188} INFO - [2025-11-18T18:09:36.556+0000] {dag.py:3089} INFO - Sync 1 DAGs
[2025-11-18T18:09:36.595+0000] {logging_mixin.py:188} INFO - [2025-11-18T18:09:36.595+0000] {dag.py:3947} INFO - Setting next_dagrun for etl_strava_activities to 2025-11-18 03:00:00+00:00, run_after=2025-11-19 03:00:00+00:00
[2025-11-18T18:09:36.615+0000] {processor.py:183} INFO - Processing /opt/airflow/dags/pipeline_strava_activities.py took 0.200 seconds
[2025-11-18T18:10:06.956+0000] {processor.py:161} INFO - Started process (PID=6345) to work on /opt/airflow/dags/pipeline_strava_activities.py
[2025-11-18T18:10:06.966+0000] {processor.py:830} INFO - Processing file /opt/airflow/dags/pipeline_strava_activities.py for tasks to queue
[2025-11-18T18:10:06.969+0000] {logging_mixin.py:188} INFO - [2025-11-18T18:10:06.968+0000] {dagbag.py:545} INFO - Filling up the DagBag from /opt/airflow/dags/pipeline_strava_activities.py
[2025-11-18T18:10:06.990+0000] {processor.py:840} INFO - DAG(s) 'etl_strava_activities' retrieved from /opt/airflow/dags/pipeline_strava_activities.py
[2025-11-18T18:10:07.038+0000] {logging_mixin.py:188} INFO - [2025-11-18T18:10:07.038+0000] {dag.py:3089} INFO - Sync 1 DAGs
[2025-11-18T18:10:07.069+0000] {logging_mixin.py:188} INFO - [2025-11-18T18:10:07.068+0000] {dag.py:3947} INFO - Setting next_dagrun for etl_strava_activities to 2025-11-18 03:00:00+00:00, run_after=2025-11-19 03:00:00+00:00
[2025-11-18T18:10:07.089+0000] {processor.py:183} INFO - Processing /opt/airflow/dags/pipeline_strava_activities.py took 0.142 seconds
[2025-11-18T18:10:37.312+0000] {processor.py:161} INFO - Started process (PID=6360) to work on /opt/airflow/dags/pipeline_strava_activities.py
[2025-11-18T18:10:37.314+0000] {processor.py:830} INFO - Processing file /opt/airflow/dags/pipeline_strava_activities.py for tasks to queue
[2025-11-18T18:10:37.318+0000] {logging_mixin.py:188} INFO - [2025-11-18T18:10:37.317+0000] {dagbag.py:545} INFO - Filling up the DagBag from /opt/airflow/dags/pipeline_strava_activities.py
[2025-11-18T18:10:37.335+0000] {processor.py:840} INFO - DAG(s) 'etl_strava_activities' retrieved from /opt/airflow/dags/pipeline_strava_activities.py
[2025-11-18T18:10:37.375+0000] {logging_mixin.py:188} INFO - [2025-11-18T18:10:37.375+0000] {dag.py:3089} INFO - Sync 1 DAGs
[2025-11-18T18:10:37.402+0000] {logging_mixin.py:188} INFO - [2025-11-18T18:10:37.401+0000] {dag.py:3947} INFO - Setting next_dagrun for etl_strava_activities to 2025-11-18 03:00:00+00:00, run_after=2025-11-19 03:00:00+00:00
[2025-11-18T18:10:37.419+0000] {processor.py:183} INFO - Processing /opt/airflow/dags/pipeline_strava_activities.py took 0.115 seconds
[2025-11-18T18:11:07.602+0000] {processor.py:161} INFO - Started process (PID=6375) to work on /opt/airflow/dags/pipeline_strava_activities.py
[2025-11-18T18:11:07.606+0000] {processor.py:830} INFO - Processing file /opt/airflow/dags/pipeline_strava_activities.py for tasks to queue
[2025-11-18T18:11:07.610+0000] {logging_mixin.py:188} INFO - [2025-11-18T18:11:07.609+0000] {dagbag.py:545} INFO - Filling up the DagBag from /opt/airflow/dags/pipeline_strava_activities.py
[2025-11-18T18:11:07.647+0000] {processor.py:840} INFO - DAG(s) 'etl_strava_activities' retrieved from /opt/airflow/dags/pipeline_strava_activities.py
[2025-11-18T18:11:07.695+0000] {logging_mixin.py:188} INFO - [2025-11-18T18:11:07.695+0000] {dag.py:3089} INFO - Sync 1 DAGs
[2025-11-18T18:11:07.725+0000] {logging_mixin.py:188} INFO - [2025-11-18T18:11:07.725+0000] {dag.py:3947} INFO - Setting next_dagrun for etl_strava_activities to 2025-11-18 03:00:00+00:00, run_after=2025-11-19 03:00:00+00:00
[2025-11-18T18:11:07.747+0000] {processor.py:183} INFO - Processing /opt/airflow/dags/pipeline_strava_activities.py took 0.158 seconds
[2025-11-18T18:11:37.936+0000] {processor.py:161} INFO - Started process (PID=6390) to work on /opt/airflow/dags/pipeline_strava_activities.py
[2025-11-18T18:11:37.939+0000] {processor.py:830} INFO - Processing file /opt/airflow/dags/pipeline_strava_activities.py for tasks to queue
[2025-11-18T18:11:37.944+0000] {logging_mixin.py:188} INFO - [2025-11-18T18:11:37.942+0000] {dagbag.py:545} INFO - Filling up the DagBag from /opt/airflow/dags/pipeline_strava_activities.py
[2025-11-18T18:11:37.972+0000] {processor.py:840} INFO - DAG(s) 'etl_strava_activities' retrieved from /opt/airflow/dags/pipeline_strava_activities.py
[2025-11-18T18:11:38.015+0000] {logging_mixin.py:188} INFO - [2025-11-18T18:11:38.015+0000] {dag.py:3089} INFO - Sync 1 DAGs
[2025-11-18T18:11:38.050+0000] {logging_mixin.py:188} INFO - [2025-11-18T18:11:38.050+0000] {dag.py:3947} INFO - Setting next_dagrun for etl_strava_activities to 2025-11-18 03:00:00+00:00, run_after=2025-11-19 03:00:00+00:00
[2025-11-18T18:11:38.076+0000] {processor.py:183} INFO - Processing /opt/airflow/dags/pipeline_strava_activities.py took 0.151 seconds
[2025-11-18T18:12:08.419+0000] {processor.py:161} INFO - Started process (PID=6405) to work on /opt/airflow/dags/pipeline_strava_activities.py
[2025-11-18T18:12:08.421+0000] {processor.py:830} INFO - Processing file /opt/airflow/dags/pipeline_strava_activities.py for tasks to queue
[2025-11-18T18:12:08.424+0000] {logging_mixin.py:188} INFO - [2025-11-18T18:12:08.423+0000] {dagbag.py:545} INFO - Filling up the DagBag from /opt/airflow/dags/pipeline_strava_activities.py
[2025-11-18T18:12:08.439+0000] {processor.py:840} INFO - DAG(s) 'etl_strava_activities' retrieved from /opt/airflow/dags/pipeline_strava_activities.py
[2025-11-18T18:12:08.478+0000] {logging_mixin.py:188} INFO - [2025-11-18T18:12:08.478+0000] {dag.py:3089} INFO - Sync 1 DAGs
[2025-11-18T18:12:08.503+0000] {logging_mixin.py:188} INFO - [2025-11-18T18:12:08.503+0000] {dag.py:3947} INFO - Setting next_dagrun for etl_strava_activities to 2025-11-18 03:00:00+00:00, run_after=2025-11-19 03:00:00+00:00
[2025-11-18T18:12:08.518+0000] {processor.py:183} INFO - Processing /opt/airflow/dags/pipeline_strava_activities.py took 0.105 seconds
[2025-11-18T18:12:38.857+0000] {processor.py:161} INFO - Started process (PID=6420) to work on /opt/airflow/dags/pipeline_strava_activities.py
[2025-11-18T18:12:38.859+0000] {processor.py:830} INFO - Processing file /opt/airflow/dags/pipeline_strava_activities.py for tasks to queue
[2025-11-18T18:12:38.864+0000] {logging_mixin.py:188} INFO - [2025-11-18T18:12:38.863+0000] {dagbag.py:545} INFO - Filling up the DagBag from /opt/airflow/dags/pipeline_strava_activities.py
[2025-11-18T18:12:38.895+0000] {processor.py:840} INFO - DAG(s) 'etl_strava_activities' retrieved from /opt/airflow/dags/pipeline_strava_activities.py
[2025-11-18T18:12:38.942+0000] {logging_mixin.py:188} INFO - [2025-11-18T18:12:38.942+0000] {dag.py:3089} INFO - Sync 1 DAGs
[2025-11-18T18:12:38.987+0000] {logging_mixin.py:188} INFO - [2025-11-18T18:12:38.987+0000] {dag.py:3947} INFO - Setting next_dagrun for etl_strava_activities to 2025-11-18 03:00:00+00:00, run_after=2025-11-19 03:00:00+00:00
[2025-11-18T18:12:39.011+0000] {processor.py:183} INFO - Processing /opt/airflow/dags/pipeline_strava_activities.py took 0.166 seconds
[2025-11-18T18:13:09.152+0000] {processor.py:161} INFO - Started process (PID=6435) to work on /opt/airflow/dags/pipeline_strava_activities.py
[2025-11-18T18:13:09.155+0000] {processor.py:830} INFO - Processing file /opt/airflow/dags/pipeline_strava_activities.py for tasks to queue
[2025-11-18T18:13:09.163+0000] {logging_mixin.py:188} INFO - [2025-11-18T18:13:09.162+0000] {dagbag.py:545} INFO - Filling up the DagBag from /opt/airflow/dags/pipeline_strava_activities.py
[2025-11-18T18:13:09.226+0000] {processor.py:840} INFO - DAG(s) 'etl_strava_activities' retrieved from /opt/airflow/dags/pipeline_strava_activities.py
[2025-11-18T18:13:09.304+0000] {logging_mixin.py:188} INFO - [2025-11-18T18:13:09.304+0000] {dag.py:3089} INFO - Sync 1 DAGs
[2025-11-18T18:13:09.349+0000] {logging_mixin.py:188} INFO - [2025-11-18T18:13:09.349+0000] {dag.py:3947} INFO - Setting next_dagrun for etl_strava_activities to 2025-11-18 03:00:00+00:00, run_after=2025-11-19 03:00:00+00:00
[2025-11-18T18:13:09.374+0000] {processor.py:183} INFO - Processing /opt/airflow/dags/pipeline_strava_activities.py took 0.233 seconds
[2025-11-18T18:13:39.510+0000] {processor.py:161} INFO - Started process (PID=6450) to work on /opt/airflow/dags/pipeline_strava_activities.py
[2025-11-18T18:13:39.512+0000] {processor.py:830} INFO - Processing file /opt/airflow/dags/pipeline_strava_activities.py for tasks to queue
[2025-11-18T18:13:39.516+0000] {logging_mixin.py:188} INFO - [2025-11-18T18:13:39.515+0000] {dagbag.py:545} INFO - Filling up the DagBag from /opt/airflow/dags/pipeline_strava_activities.py
[2025-11-18T18:13:39.539+0000] {processor.py:840} INFO - DAG(s) 'etl_strava_activities' retrieved from /opt/airflow/dags/pipeline_strava_activities.py
[2025-11-18T18:13:39.599+0000] {logging_mixin.py:188} INFO - [2025-11-18T18:13:39.599+0000] {dag.py:3089} INFO - Sync 1 DAGs
[2025-11-18T18:13:39.638+0000] {logging_mixin.py:188} INFO - [2025-11-18T18:13:39.637+0000] {dag.py:3947} INFO - Setting next_dagrun for etl_strava_activities to 2025-11-18 03:00:00+00:00, run_after=2025-11-19 03:00:00+00:00
[2025-11-18T18:13:39.662+0000] {processor.py:183} INFO - Processing /opt/airflow/dags/pipeline_strava_activities.py took 0.162 seconds
[2025-11-18T18:14:10.006+0000] {processor.py:161} INFO - Started process (PID=6465) to work on /opt/airflow/dags/pipeline_strava_activities.py
[2025-11-18T18:14:10.009+0000] {processor.py:830} INFO - Processing file /opt/airflow/dags/pipeline_strava_activities.py for tasks to queue
[2025-11-18T18:14:10.011+0000] {logging_mixin.py:188} INFO - [2025-11-18T18:14:10.011+0000] {dagbag.py:545} INFO - Filling up the DagBag from /opt/airflow/dags/pipeline_strava_activities.py
[2025-11-18T18:14:10.030+0000] {processor.py:840} INFO - DAG(s) 'etl_strava_activities' retrieved from /opt/airflow/dags/pipeline_strava_activities.py
[2025-11-18T18:14:10.078+0000] {logging_mixin.py:188} INFO - [2025-11-18T18:14:10.077+0000] {dag.py:3089} INFO - Sync 1 DAGs
[2025-11-18T18:14:10.106+0000] {logging_mixin.py:188} INFO - [2025-11-18T18:14:10.105+0000] {dag.py:3947} INFO - Setting next_dagrun for etl_strava_activities to 2025-11-18 03:00:00+00:00, run_after=2025-11-19 03:00:00+00:00
[2025-11-18T18:14:10.125+0000] {processor.py:183} INFO - Processing /opt/airflow/dags/pipeline_strava_activities.py took 0.127 seconds
[2025-11-18T18:14:40.394+0000] {processor.py:161} INFO - Started process (PID=6480) to work on /opt/airflow/dags/pipeline_strava_activities.py
[2025-11-18T18:14:40.397+0000] {processor.py:830} INFO - Processing file /opt/airflow/dags/pipeline_strava_activities.py for tasks to queue
[2025-11-18T18:14:40.400+0000] {logging_mixin.py:188} INFO - [2025-11-18T18:14:40.399+0000] {dagbag.py:545} INFO - Filling up the DagBag from /opt/airflow/dags/pipeline_strava_activities.py
[2025-11-18T18:14:40.420+0000] {processor.py:840} INFO - DAG(s) 'etl_strava_activities' retrieved from /opt/airflow/dags/pipeline_strava_activities.py
[2025-11-18T18:14:40.471+0000] {logging_mixin.py:188} INFO - [2025-11-18T18:14:40.471+0000] {dag.py:3089} INFO - Sync 1 DAGs
[2025-11-18T18:14:40.498+0000] {logging_mixin.py:188} INFO - [2025-11-18T18:14:40.498+0000] {dag.py:3947} INFO - Setting next_dagrun for etl_strava_activities to 2025-11-18 03:00:00+00:00, run_after=2025-11-19 03:00:00+00:00
[2025-11-18T18:14:40.515+0000] {processor.py:183} INFO - Processing /opt/airflow/dags/pipeline_strava_activities.py took 0.134 seconds
[2025-11-18T18:15:10.722+0000] {processor.py:161} INFO - Started process (PID=6495) to work on /opt/airflow/dags/pipeline_strava_activities.py
[2025-11-18T18:15:10.725+0000] {processor.py:830} INFO - Processing file /opt/airflow/dags/pipeline_strava_activities.py for tasks to queue
[2025-11-18T18:15:10.728+0000] {logging_mixin.py:188} INFO - [2025-11-18T18:15:10.727+0000] {dagbag.py:545} INFO - Filling up the DagBag from /opt/airflow/dags/pipeline_strava_activities.py
[2025-11-18T18:15:10.748+0000] {processor.py:840} INFO - DAG(s) 'etl_strava_activities' retrieved from /opt/airflow/dags/pipeline_strava_activities.py
[2025-11-18T18:15:10.794+0000] {logging_mixin.py:188} INFO - [2025-11-18T18:15:10.793+0000] {dag.py:3089} INFO - Sync 1 DAGs
[2025-11-18T18:15:10.831+0000] {logging_mixin.py:188} INFO - [2025-11-18T18:15:10.831+0000] {dag.py:3947} INFO - Setting next_dagrun for etl_strava_activities to 2025-11-18 03:00:00+00:00, run_after=2025-11-19 03:00:00+00:00
[2025-11-18T18:15:10.847+0000] {processor.py:183} INFO - Processing /opt/airflow/dags/pipeline_strava_activities.py took 0.135 seconds
[2025-11-18T18:15:41.010+0000] {processor.py:161} INFO - Started process (PID=6510) to work on /opt/airflow/dags/pipeline_strava_activities.py
[2025-11-18T18:15:41.018+0000] {processor.py:830} INFO - Processing file /opt/airflow/dags/pipeline_strava_activities.py for tasks to queue
[2025-11-18T18:15:41.023+0000] {logging_mixin.py:188} INFO - [2025-11-18T18:15:41.022+0000] {dagbag.py:545} INFO - Filling up the DagBag from /opt/airflow/dags/pipeline_strava_activities.py
[2025-11-18T18:15:41.050+0000] {processor.py:840} INFO - DAG(s) 'etl_strava_activities' retrieved from /opt/airflow/dags/pipeline_strava_activities.py
[2025-11-18T18:15:41.117+0000] {logging_mixin.py:188} INFO - [2025-11-18T18:15:41.116+0000] {dag.py:3089} INFO - Sync 1 DAGs
[2025-11-18T18:15:41.147+0000] {logging_mixin.py:188} INFO - [2025-11-18T18:15:41.147+0000] {dag.py:3947} INFO - Setting next_dagrun for etl_strava_activities to 2025-11-18 03:00:00+00:00, run_after=2025-11-19 03:00:00+00:00
[2025-11-18T18:15:41.166+0000] {processor.py:183} INFO - Processing /opt/airflow/dags/pipeline_strava_activities.py took 0.168 seconds
[2025-11-18T18:16:11.511+0000] {processor.py:161} INFO - Started process (PID=6525) to work on /opt/airflow/dags/pipeline_strava_activities.py
[2025-11-18T18:16:11.514+0000] {processor.py:830} INFO - Processing file /opt/airflow/dags/pipeline_strava_activities.py for tasks to queue
[2025-11-18T18:16:11.528+0000] {logging_mixin.py:188} INFO - [2025-11-18T18:16:11.526+0000] {dagbag.py:545} INFO - Filling up the DagBag from /opt/airflow/dags/pipeline_strava_activities.py
[2025-11-18T18:16:11.558+0000] {processor.py:840} INFO - DAG(s) 'etl_strava_activities' retrieved from /opt/airflow/dags/pipeline_strava_activities.py
[2025-11-18T18:16:11.618+0000] {logging_mixin.py:188} INFO - [2025-11-18T18:16:11.618+0000] {dag.py:3089} INFO - Sync 1 DAGs
[2025-11-18T18:16:11.667+0000] {logging_mixin.py:188} INFO - [2025-11-18T18:16:11.667+0000] {dag.py:3947} INFO - Setting next_dagrun for etl_strava_activities to 2025-11-18 03:00:00+00:00, run_after=2025-11-19 03:00:00+00:00
[2025-11-18T18:16:11.691+0000] {processor.py:183} INFO - Processing /opt/airflow/dags/pipeline_strava_activities.py took 0.195 seconds
[2025-11-18T18:16:41.843+0000] {processor.py:161} INFO - Started process (PID=6540) to work on /opt/airflow/dags/pipeline_strava_activities.py
[2025-11-18T18:16:41.854+0000] {processor.py:830} INFO - Processing file /opt/airflow/dags/pipeline_strava_activities.py for tasks to queue
[2025-11-18T18:16:41.871+0000] {logging_mixin.py:188} INFO - [2025-11-18T18:16:41.870+0000] {dagbag.py:545} INFO - Filling up the DagBag from /opt/airflow/dags/pipeline_strava_activities.py
[2025-11-18T18:16:41.978+0000] {processor.py:840} INFO - DAG(s) 'etl_strava_activities' retrieved from /opt/airflow/dags/pipeline_strava_activities.py
[2025-11-18T18:16:42.155+0000] {logging_mixin.py:188} INFO - [2025-11-18T18:16:42.155+0000] {dag.py:3089} INFO - Sync 1 DAGs
[2025-11-18T18:16:42.778+0000] {logging_mixin.py:188} INFO - [2025-11-18T18:16:42.772+0000] {dag.py:3947} INFO - Setting next_dagrun for etl_strava_activities to 2025-11-18 03:00:00+00:00, run_after=2025-11-19 03:00:00+00:00
[2025-11-18T18:16:42.846+0000] {processor.py:183} INFO - Processing /opt/airflow/dags/pipeline_strava_activities.py took 1.028 seconds
[2025-11-18T18:17:13.273+0000] {processor.py:161} INFO - Started process (PID=6555) to work on /opt/airflow/dags/pipeline_strava_activities.py
[2025-11-18T18:17:13.278+0000] {processor.py:830} INFO - Processing file /opt/airflow/dags/pipeline_strava_activities.py for tasks to queue
[2025-11-18T18:17:13.281+0000] {logging_mixin.py:188} INFO - [2025-11-18T18:17:13.280+0000] {dagbag.py:545} INFO - Filling up the DagBag from /opt/airflow/dags/pipeline_strava_activities.py
[2025-11-18T18:17:13.306+0000] {processor.py:840} INFO - DAG(s) 'etl_strava_activities' retrieved from /opt/airflow/dags/pipeline_strava_activities.py
[2025-11-18T18:17:13.348+0000] {logging_mixin.py:188} INFO - [2025-11-18T18:17:13.348+0000] {dag.py:3089} INFO - Sync 1 DAGs
[2025-11-18T18:17:13.371+0000] {logging_mixin.py:188} INFO - [2025-11-18T18:17:13.371+0000] {dag.py:3947} INFO - Setting next_dagrun for etl_strava_activities to 2025-11-18 03:00:00+00:00, run_after=2025-11-19 03:00:00+00:00
[2025-11-18T18:17:13.390+0000] {processor.py:183} INFO - Processing /opt/airflow/dags/pipeline_strava_activities.py took 0.128 seconds
[2025-11-18T18:17:43.717+0000] {processor.py:161} INFO - Started process (PID=6570) to work on /opt/airflow/dags/pipeline_strava_activities.py
[2025-11-18T18:17:43.720+0000] {processor.py:830} INFO - Processing file /opt/airflow/dags/pipeline_strava_activities.py for tasks to queue
[2025-11-18T18:17:43.723+0000] {logging_mixin.py:188} INFO - [2025-11-18T18:17:43.722+0000] {dagbag.py:545} INFO - Filling up the DagBag from /opt/airflow/dags/pipeline_strava_activities.py
[2025-11-18T18:17:43.752+0000] {processor.py:840} INFO - DAG(s) 'etl_strava_activities' retrieved from /opt/airflow/dags/pipeline_strava_activities.py
[2025-11-18T18:17:43.813+0000] {logging_mixin.py:188} INFO - [2025-11-18T18:17:43.813+0000] {dag.py:3089} INFO - Sync 1 DAGs
[2025-11-18T18:17:43.846+0000] {logging_mixin.py:188} INFO - [2025-11-18T18:17:43.846+0000] {dag.py:3947} INFO - Setting next_dagrun for etl_strava_activities to 2025-11-18 03:00:00+00:00, run_after=2025-11-19 03:00:00+00:00
[2025-11-18T18:17:43.867+0000] {processor.py:183} INFO - Processing /opt/airflow/dags/pipeline_strava_activities.py took 0.175 seconds
[2025-11-18T18:18:14.239+0000] {processor.py:161} INFO - Started process (PID=6585) to work on /opt/airflow/dags/pipeline_strava_activities.py
[2025-11-18T18:18:14.250+0000] {processor.py:830} INFO - Processing file /opt/airflow/dags/pipeline_strava_activities.py for tasks to queue
[2025-11-18T18:18:14.254+0000] {logging_mixin.py:188} INFO - [2025-11-18T18:18:14.254+0000] {dagbag.py:545} INFO - Filling up the DagBag from /opt/airflow/dags/pipeline_strava_activities.py
[2025-11-18T18:18:14.295+0000] {processor.py:840} INFO - DAG(s) 'etl_strava_activities' retrieved from /opt/airflow/dags/pipeline_strava_activities.py
[2025-11-18T18:18:14.364+0000] {logging_mixin.py:188} INFO - [2025-11-18T18:18:14.364+0000] {dag.py:3089} INFO - Sync 1 DAGs
[2025-11-18T18:18:14.416+0000] {logging_mixin.py:188} INFO - [2025-11-18T18:18:14.416+0000] {dag.py:3947} INFO - Setting next_dagrun for etl_strava_activities to 2025-11-18 03:00:00+00:00, run_after=2025-11-19 03:00:00+00:00
[2025-11-18T18:18:14.434+0000] {processor.py:183} INFO - Processing /opt/airflow/dags/pipeline_strava_activities.py took 0.208 seconds
[2025-11-18T18:18:44.581+0000] {processor.py:161} INFO - Started process (PID=6600) to work on /opt/airflow/dags/pipeline_strava_activities.py
[2025-11-18T18:18:44.587+0000] {processor.py:830} INFO - Processing file /opt/airflow/dags/pipeline_strava_activities.py for tasks to queue
[2025-11-18T18:18:44.596+0000] {logging_mixin.py:188} INFO - [2025-11-18T18:18:44.595+0000] {dagbag.py:545} INFO - Filling up the DagBag from /opt/airflow/dags/pipeline_strava_activities.py
[2025-11-18T18:18:44.638+0000] {processor.py:840} INFO - DAG(s) 'etl_strava_activities' retrieved from /opt/airflow/dags/pipeline_strava_activities.py
[2025-11-18T18:18:44.740+0000] {logging_mixin.py:188} INFO - [2025-11-18T18:18:44.739+0000] {dag.py:3089} INFO - Sync 1 DAGs
[2025-11-18T18:18:44.833+0000] {logging_mixin.py:188} INFO - [2025-11-18T18:18:44.833+0000] {dag.py:3947} INFO - Setting next_dagrun for etl_strava_activities to 2025-11-18 03:00:00+00:00, run_after=2025-11-19 03:00:00+00:00
[2025-11-18T18:18:44.873+0000] {processor.py:183} INFO - Processing /opt/airflow/dags/pipeline_strava_activities.py took 0.321 seconds
[2025-11-18T18:19:14.945+0000] {processor.py:161} INFO - Started process (PID=6615) to work on /opt/airflow/dags/pipeline_strava_activities.py
[2025-11-18T18:19:14.948+0000] {processor.py:830} INFO - Processing file /opt/airflow/dags/pipeline_strava_activities.py for tasks to queue
[2025-11-18T18:19:14.955+0000] {logging_mixin.py:188} INFO - [2025-11-18T18:19:14.954+0000] {dagbag.py:545} INFO - Filling up the DagBag from /opt/airflow/dags/pipeline_strava_activities.py
[2025-11-18T18:19:14.989+0000] {processor.py:840} INFO - DAG(s) 'etl_strava_activities' retrieved from /opt/airflow/dags/pipeline_strava_activities.py
[2025-11-18T18:19:15.036+0000] {logging_mixin.py:188} INFO - [2025-11-18T18:19:15.035+0000] {dag.py:3089} INFO - Sync 1 DAGs
[2025-11-18T18:19:15.070+0000] {logging_mixin.py:188} INFO - [2025-11-18T18:19:15.070+0000] {dag.py:3947} INFO - Setting next_dagrun for etl_strava_activities to 2025-11-18 03:00:00+00:00, run_after=2025-11-19 03:00:00+00:00
[2025-11-18T18:19:15.090+0000] {processor.py:183} INFO - Processing /opt/airflow/dags/pipeline_strava_activities.py took 0.155 seconds
[2025-11-18T18:19:45.271+0000] {processor.py:161} INFO - Started process (PID=6630) to work on /opt/airflow/dags/pipeline_strava_activities.py
[2025-11-18T18:19:45.273+0000] {processor.py:830} INFO - Processing file /opt/airflow/dags/pipeline_strava_activities.py for tasks to queue
[2025-11-18T18:19:45.276+0000] {logging_mixin.py:188} INFO - [2025-11-18T18:19:45.276+0000] {dagbag.py:545} INFO - Filling up the DagBag from /opt/airflow/dags/pipeline_strava_activities.py
[2025-11-18T18:19:45.296+0000] {processor.py:840} INFO - DAG(s) 'etl_strava_activities' retrieved from /opt/airflow/dags/pipeline_strava_activities.py
[2025-11-18T18:19:45.342+0000] {logging_mixin.py:188} INFO - [2025-11-18T18:19:45.342+0000] {dag.py:3089} INFO - Sync 1 DAGs
[2025-11-18T18:19:45.381+0000] {logging_mixin.py:188} INFO - [2025-11-18T18:19:45.380+0000] {dag.py:3947} INFO - Setting next_dagrun for etl_strava_activities to 2025-11-18 03:00:00+00:00, run_after=2025-11-19 03:00:00+00:00
[2025-11-18T18:19:45.400+0000] {processor.py:183} INFO - Processing /opt/airflow/dags/pipeline_strava_activities.py took 0.137 seconds
[2025-11-18T18:20:15.612+0000] {processor.py:161} INFO - Started process (PID=6645) to work on /opt/airflow/dags/pipeline_strava_activities.py
[2025-11-18T18:20:15.615+0000] {processor.py:830} INFO - Processing file /opt/airflow/dags/pipeline_strava_activities.py for tasks to queue
[2025-11-18T18:20:15.619+0000] {logging_mixin.py:188} INFO - [2025-11-18T18:20:15.618+0000] {dagbag.py:545} INFO - Filling up the DagBag from /opt/airflow/dags/pipeline_strava_activities.py
[2025-11-18T18:20:15.646+0000] {processor.py:840} INFO - DAG(s) 'etl_strava_activities' retrieved from /opt/airflow/dags/pipeline_strava_activities.py
[2025-11-18T18:20:15.712+0000] {logging_mixin.py:188} INFO - [2025-11-18T18:20:15.711+0000] {dag.py:3089} INFO - Sync 1 DAGs
[2025-11-18T18:20:15.760+0000] {logging_mixin.py:188} INFO - [2025-11-18T18:20:15.760+0000] {dag.py:3947} INFO - Setting next_dagrun for etl_strava_activities to 2025-11-18 03:00:00+00:00, run_after=2025-11-19 03:00:00+00:00
[2025-11-18T18:20:15.782+0000] {processor.py:183} INFO - Processing /opt/airflow/dags/pipeline_strava_activities.py took 0.180 seconds
[2025-11-18T18:20:45.939+0000] {processor.py:161} INFO - Started process (PID=6660) to work on /opt/airflow/dags/pipeline_strava_activities.py
[2025-11-18T18:20:45.947+0000] {processor.py:830} INFO - Processing file /opt/airflow/dags/pipeline_strava_activities.py for tasks to queue
[2025-11-18T18:20:45.950+0000] {logging_mixin.py:188} INFO - [2025-11-18T18:20:45.950+0000] {dagbag.py:545} INFO - Filling up the DagBag from /opt/airflow/dags/pipeline_strava_activities.py
[2025-11-18T18:20:46.003+0000] {processor.py:840} INFO - DAG(s) 'etl_strava_activities' retrieved from /opt/airflow/dags/pipeline_strava_activities.py
[2025-11-18T18:20:46.079+0000] {logging_mixin.py:188} INFO - [2025-11-18T18:20:46.078+0000] {dag.py:3089} INFO - Sync 1 DAGs
[2025-11-18T18:20:46.131+0000] {logging_mixin.py:188} INFO - [2025-11-18T18:20:46.130+0000] {dag.py:3947} INFO - Setting next_dagrun for etl_strava_activities to 2025-11-18 03:00:00+00:00, run_after=2025-11-19 03:00:00+00:00
[2025-11-18T18:20:46.151+0000] {processor.py:183} INFO - Processing /opt/airflow/dags/pipeline_strava_activities.py took 0.231 seconds
[2025-11-18T18:21:16.280+0000] {processor.py:161} INFO - Started process (PID=6675) to work on /opt/airflow/dags/pipeline_strava_activities.py
[2025-11-18T18:21:16.282+0000] {processor.py:830} INFO - Processing file /opt/airflow/dags/pipeline_strava_activities.py for tasks to queue
[2025-11-18T18:21:16.287+0000] {logging_mixin.py:188} INFO - [2025-11-18T18:21:16.286+0000] {dagbag.py:545} INFO - Filling up the DagBag from /opt/airflow/dags/pipeline_strava_activities.py
[2025-11-18T18:21:16.313+0000] {processor.py:840} INFO - DAG(s) 'etl_strava_activities' retrieved from /opt/airflow/dags/pipeline_strava_activities.py
[2025-11-18T18:21:16.399+0000] {logging_mixin.py:188} INFO - [2025-11-18T18:21:16.399+0000] {dag.py:3089} INFO - Sync 1 DAGs
[2025-11-18T18:21:16.435+0000] {logging_mixin.py:188} INFO - [2025-11-18T18:21:16.434+0000] {dag.py:3947} INFO - Setting next_dagrun for etl_strava_activities to 2025-11-18 03:00:00+00:00, run_after=2025-11-19 03:00:00+00:00
[2025-11-18T18:21:16.454+0000] {processor.py:183} INFO - Processing /opt/airflow/dags/pipeline_strava_activities.py took 0.196 seconds
[2025-11-18T18:21:46.697+0000] {processor.py:161} INFO - Started process (PID=6690) to work on /opt/airflow/dags/pipeline_strava_activities.py
[2025-11-18T18:21:46.709+0000] {processor.py:830} INFO - Processing file /opt/airflow/dags/pipeline_strava_activities.py for tasks to queue
[2025-11-18T18:21:46.712+0000] {logging_mixin.py:188} INFO - [2025-11-18T18:21:46.711+0000] {dagbag.py:545} INFO - Filling up the DagBag from /opt/airflow/dags/pipeline_strava_activities.py
[2025-11-18T18:21:46.740+0000] {processor.py:840} INFO - DAG(s) 'etl_strava_activities' retrieved from /opt/airflow/dags/pipeline_strava_activities.py
[2025-11-18T18:21:46.787+0000] {logging_mixin.py:188} INFO - [2025-11-18T18:21:46.787+0000] {dag.py:3089} INFO - Sync 1 DAGs
[2025-11-18T18:21:46.824+0000] {logging_mixin.py:188} INFO - [2025-11-18T18:21:46.824+0000] {dag.py:3947} INFO - Setting next_dagrun for etl_strava_activities to 2025-11-18 03:00:00+00:00, run_after=2025-11-19 03:00:00+00:00
[2025-11-18T18:21:46.842+0000] {processor.py:183} INFO - Processing /opt/airflow/dags/pipeline_strava_activities.py took 0.158 seconds
[2025-11-18T18:22:17.235+0000] {processor.py:161} INFO - Started process (PID=6705) to work on /opt/airflow/dags/pipeline_strava_activities.py
[2025-11-18T18:22:17.243+0000] {processor.py:830} INFO - Processing file /opt/airflow/dags/pipeline_strava_activities.py for tasks to queue
[2025-11-18T18:22:17.260+0000] {logging_mixin.py:188} INFO - [2025-11-18T18:22:17.259+0000] {dagbag.py:545} INFO - Filling up the DagBag from /opt/airflow/dags/pipeline_strava_activities.py
[2025-11-18T18:22:17.296+0000] {processor.py:840} INFO - DAG(s) 'etl_strava_activities' retrieved from /opt/airflow/dags/pipeline_strava_activities.py
[2025-11-18T18:22:17.340+0000] {logging_mixin.py:188} INFO - [2025-11-18T18:22:17.339+0000] {dag.py:3089} INFO - Sync 1 DAGs
[2025-11-18T18:22:17.374+0000] {logging_mixin.py:188} INFO - [2025-11-18T18:22:17.374+0000] {dag.py:3947} INFO - Setting next_dagrun for etl_strava_activities to 2025-11-18 03:00:00+00:00, run_after=2025-11-19 03:00:00+00:00
[2025-11-18T18:22:17.391+0000] {processor.py:183} INFO - Processing /opt/airflow/dags/pipeline_strava_activities.py took 0.171 seconds
[2025-11-18T18:22:47.628+0000] {processor.py:161} INFO - Started process (PID=6720) to work on /opt/airflow/dags/pipeline_strava_activities.py
[2025-11-18T18:22:47.632+0000] {processor.py:830} INFO - Processing file /opt/airflow/dags/pipeline_strava_activities.py for tasks to queue
[2025-11-18T18:22:47.640+0000] {logging_mixin.py:188} INFO - [2025-11-18T18:22:47.638+0000] {dagbag.py:545} INFO - Filling up the DagBag from /opt/airflow/dags/pipeline_strava_activities.py
[2025-11-18T18:22:47.687+0000] {processor.py:840} INFO - DAG(s) 'etl_strava_activities' retrieved from /opt/airflow/dags/pipeline_strava_activities.py
[2025-11-18T18:22:47.815+0000] {logging_mixin.py:188} INFO - [2025-11-18T18:22:47.815+0000] {dag.py:3089} INFO - Sync 1 DAGs
[2025-11-18T18:22:47.846+0000] {logging_mixin.py:188} INFO - [2025-11-18T18:22:47.846+0000] {dag.py:3947} INFO - Setting next_dagrun for etl_strava_activities to 2025-11-18 03:00:00+00:00, run_after=2025-11-19 03:00:00+00:00
[2025-11-18T18:22:47.864+0000] {processor.py:183} INFO - Processing /opt/airflow/dags/pipeline_strava_activities.py took 0.252 seconds
[2025-11-18T18:23:17.984+0000] {processor.py:161} INFO - Started process (PID=6735) to work on /opt/airflow/dags/pipeline_strava_activities.py
[2025-11-18T18:23:17.993+0000] {processor.py:830} INFO - Processing file /opt/airflow/dags/pipeline_strava_activities.py for tasks to queue
[2025-11-18T18:23:17.996+0000] {logging_mixin.py:188} INFO - [2025-11-18T18:23:17.995+0000] {dagbag.py:545} INFO - Filling up the DagBag from /opt/airflow/dags/pipeline_strava_activities.py
[2025-11-18T18:23:18.014+0000] {processor.py:840} INFO - DAG(s) 'etl_strava_activities' retrieved from /opt/airflow/dags/pipeline_strava_activities.py
[2025-11-18T18:23:18.055+0000] {logging_mixin.py:188} INFO - [2025-11-18T18:23:18.055+0000] {dag.py:3089} INFO - Sync 1 DAGs
[2025-11-18T18:23:18.082+0000] {logging_mixin.py:188} INFO - [2025-11-18T18:23:18.082+0000] {dag.py:3947} INFO - Setting next_dagrun for etl_strava_activities to 2025-11-18 03:00:00+00:00, run_after=2025-11-19 03:00:00+00:00
[2025-11-18T18:23:18.101+0000] {processor.py:183} INFO - Processing /opt/airflow/dags/pipeline_strava_activities.py took 0.125 seconds
[2025-11-18T18:23:48.304+0000] {processor.py:161} INFO - Started process (PID=6750) to work on /opt/airflow/dags/pipeline_strava_activities.py
[2025-11-18T18:23:48.307+0000] {processor.py:830} INFO - Processing file /opt/airflow/dags/pipeline_strava_activities.py for tasks to queue
[2025-11-18T18:23:48.312+0000] {logging_mixin.py:188} INFO - [2025-11-18T18:23:48.311+0000] {dagbag.py:545} INFO - Filling up the DagBag from /opt/airflow/dags/pipeline_strava_activities.py
[2025-11-18T18:23:48.340+0000] {processor.py:840} INFO - DAG(s) 'etl_strava_activities' retrieved from /opt/airflow/dags/pipeline_strava_activities.py
[2025-11-18T18:23:48.397+0000] {logging_mixin.py:188} INFO - [2025-11-18T18:23:48.397+0000] {dag.py:3089} INFO - Sync 1 DAGs
[2025-11-18T18:23:48.436+0000] {logging_mixin.py:188} INFO - [2025-11-18T18:23:48.436+0000] {dag.py:3947} INFO - Setting next_dagrun for etl_strava_activities to 2025-11-18 03:00:00+00:00, run_after=2025-11-19 03:00:00+00:00
[2025-11-18T18:23:48.465+0000] {processor.py:183} INFO - Processing /opt/airflow/dags/pipeline_strava_activities.py took 0.179 seconds
[2025-11-18T18:24:18.627+0000] {processor.py:161} INFO - Started process (PID=6765) to work on /opt/airflow/dags/pipeline_strava_activities.py
[2025-11-18T18:24:18.641+0000] {processor.py:830} INFO - Processing file /opt/airflow/dags/pipeline_strava_activities.py for tasks to queue
[2025-11-18T18:24:18.648+0000] {logging_mixin.py:188} INFO - [2025-11-18T18:24:18.647+0000] {dagbag.py:545} INFO - Filling up the DagBag from /opt/airflow/dags/pipeline_strava_activities.py
[2025-11-18T18:24:18.677+0000] {processor.py:840} INFO - DAG(s) 'etl_strava_activities' retrieved from /opt/airflow/dags/pipeline_strava_activities.py
[2025-11-18T18:24:18.739+0000] {logging_mixin.py:188} INFO - [2025-11-18T18:24:18.738+0000] {dag.py:3089} INFO - Sync 1 DAGs
[2025-11-18T18:24:18.780+0000] {logging_mixin.py:188} INFO - [2025-11-18T18:24:18.780+0000] {dag.py:3947} INFO - Setting next_dagrun for etl_strava_activities to 2025-11-18 03:00:00+00:00, run_after=2025-11-19 03:00:00+00:00
[2025-11-18T18:24:18.809+0000] {processor.py:183} INFO - Processing /opt/airflow/dags/pipeline_strava_activities.py took 0.205 seconds
[2025-11-18T18:24:49.162+0000] {processor.py:161} INFO - Started process (PID=6780) to work on /opt/airflow/dags/pipeline_strava_activities.py
[2025-11-18T18:24:49.166+0000] {processor.py:830} INFO - Processing file /opt/airflow/dags/pipeline_strava_activities.py for tasks to queue
[2025-11-18T18:24:49.176+0000] {logging_mixin.py:188} INFO - [2025-11-18T18:24:49.175+0000] {dagbag.py:545} INFO - Filling up the DagBag from /opt/airflow/dags/pipeline_strava_activities.py
[2025-11-18T18:24:49.198+0000] {processor.py:840} INFO - DAG(s) 'etl_strava_activities' retrieved from /opt/airflow/dags/pipeline_strava_activities.py
[2025-11-18T18:24:49.265+0000] {logging_mixin.py:188} INFO - [2025-11-18T18:24:49.265+0000] {dag.py:3089} INFO - Sync 1 DAGs
[2025-11-18T18:24:49.295+0000] {logging_mixin.py:188} INFO - [2025-11-18T18:24:49.294+0000] {dag.py:3947} INFO - Setting next_dagrun for etl_strava_activities to 2025-11-18 03:00:00+00:00, run_after=2025-11-19 03:00:00+00:00
[2025-11-18T18:24:49.311+0000] {processor.py:183} INFO - Processing /opt/airflow/dags/pipeline_strava_activities.py took 0.170 seconds
[2025-11-18T18:25:19.442+0000] {processor.py:161} INFO - Started process (PID=6795) to work on /opt/airflow/dags/pipeline_strava_activities.py
[2025-11-18T18:25:19.445+0000] {processor.py:830} INFO - Processing file /opt/airflow/dags/pipeline_strava_activities.py for tasks to queue
[2025-11-18T18:25:19.448+0000] {logging_mixin.py:188} INFO - [2025-11-18T18:25:19.448+0000] {dagbag.py:545} INFO - Filling up the DagBag from /opt/airflow/dags/pipeline_strava_activities.py
[2025-11-18T18:25:19.476+0000] {processor.py:840} INFO - DAG(s) 'etl_strava_activities' retrieved from /opt/airflow/dags/pipeline_strava_activities.py
[2025-11-18T18:25:19.555+0000] {logging_mixin.py:188} INFO - [2025-11-18T18:25:19.554+0000] {dag.py:3089} INFO - Sync 1 DAGs
[2025-11-18T18:25:19.587+0000] {logging_mixin.py:188} INFO - [2025-11-18T18:25:19.587+0000] {dag.py:3947} INFO - Setting next_dagrun for etl_strava_activities to 2025-11-18 03:00:00+00:00, run_after=2025-11-19 03:00:00+00:00
[2025-11-18T18:25:19.624+0000] {processor.py:183} INFO - Processing /opt/airflow/dags/pipeline_strava_activities.py took 0.197 seconds
[2025-11-18T18:25:49.801+0000] {processor.py:161} INFO - Started process (PID=6810) to work on /opt/airflow/dags/pipeline_strava_activities.py
[2025-11-18T18:25:49.805+0000] {processor.py:830} INFO - Processing file /opt/airflow/dags/pipeline_strava_activities.py for tasks to queue
[2025-11-18T18:25:49.813+0000] {logging_mixin.py:188} INFO - [2025-11-18T18:25:49.812+0000] {dagbag.py:545} INFO - Filling up the DagBag from /opt/airflow/dags/pipeline_strava_activities.py
[2025-11-18T18:25:49.850+0000] {processor.py:840} INFO - DAG(s) 'etl_strava_activities' retrieved from /opt/airflow/dags/pipeline_strava_activities.py
[2025-11-18T18:25:49.922+0000] {logging_mixin.py:188} INFO - [2025-11-18T18:25:49.921+0000] {dag.py:3089} INFO - Sync 1 DAGs
[2025-11-18T18:25:49.969+0000] {logging_mixin.py:188} INFO - [2025-11-18T18:25:49.969+0000] {dag.py:3947} INFO - Setting next_dagrun for etl_strava_activities to 2025-11-18 03:00:00+00:00, run_after=2025-11-19 03:00:00+00:00
[2025-11-18T18:25:49.994+0000] {processor.py:183} INFO - Processing /opt/airflow/dags/pipeline_strava_activities.py took 0.208 seconds
[2025-11-18T18:26:20.128+0000] {processor.py:161} INFO - Started process (PID=6825) to work on /opt/airflow/dags/pipeline_strava_activities.py
[2025-11-18T18:26:20.131+0000] {processor.py:830} INFO - Processing file /opt/airflow/dags/pipeline_strava_activities.py for tasks to queue
[2025-11-18T18:26:20.133+0000] {logging_mixin.py:188} INFO - [2025-11-18T18:26:20.133+0000] {dagbag.py:545} INFO - Filling up the DagBag from /opt/airflow/dags/pipeline_strava_activities.py
[2025-11-18T18:26:20.152+0000] {processor.py:840} INFO - DAG(s) 'etl_strava_activities' retrieved from /opt/airflow/dags/pipeline_strava_activities.py
[2025-11-18T18:26:20.207+0000] {logging_mixin.py:188} INFO - [2025-11-18T18:26:20.207+0000] {dag.py:3089} INFO - Sync 1 DAGs
[2025-11-18T18:26:20.241+0000] {logging_mixin.py:188} INFO - [2025-11-18T18:26:20.241+0000] {dag.py:3947} INFO - Setting next_dagrun for etl_strava_activities to 2025-11-18 03:00:00+00:00, run_after=2025-11-19 03:00:00+00:00
[2025-11-18T18:26:20.278+0000] {processor.py:183} INFO - Processing /opt/airflow/dags/pipeline_strava_activities.py took 0.162 seconds
[2025-11-18T18:26:50.431+0000] {processor.py:161} INFO - Started process (PID=6840) to work on /opt/airflow/dags/pipeline_strava_activities.py
[2025-11-18T18:26:50.440+0000] {processor.py:830} INFO - Processing file /opt/airflow/dags/pipeline_strava_activities.py for tasks to queue
[2025-11-18T18:26:50.443+0000] {logging_mixin.py:188} INFO - [2025-11-18T18:26:50.442+0000] {dagbag.py:545} INFO - Filling up the DagBag from /opt/airflow/dags/pipeline_strava_activities.py
[2025-11-18T18:26:50.475+0000] {processor.py:840} INFO - DAG(s) 'etl_strava_activities' retrieved from /opt/airflow/dags/pipeline_strava_activities.py
[2025-11-18T18:26:50.535+0000] {logging_mixin.py:188} INFO - [2025-11-18T18:26:50.535+0000] {dag.py:3089} INFO - Sync 1 DAGs
[2025-11-18T18:26:50.572+0000] {logging_mixin.py:188} INFO - [2025-11-18T18:26:50.572+0000] {dag.py:3947} INFO - Setting next_dagrun for etl_strava_activities to 2025-11-18 03:00:00+00:00, run_after=2025-11-19 03:00:00+00:00
[2025-11-18T18:26:50.598+0000] {processor.py:183} INFO - Processing /opt/airflow/dags/pipeline_strava_activities.py took 0.175 seconds
[2025-11-18T18:27:20.979+0000] {processor.py:161} INFO - Started process (PID=6855) to work on /opt/airflow/dags/pipeline_strava_activities.py
[2025-11-18T18:27:20.982+0000] {processor.py:830} INFO - Processing file /opt/airflow/dags/pipeline_strava_activities.py for tasks to queue
[2025-11-18T18:27:20.986+0000] {logging_mixin.py:188} INFO - [2025-11-18T18:27:20.986+0000] {dagbag.py:545} INFO - Filling up the DagBag from /opt/airflow/dags/pipeline_strava_activities.py
[2025-11-18T18:27:21.006+0000] {processor.py:840} INFO - DAG(s) 'etl_strava_activities' retrieved from /opt/airflow/dags/pipeline_strava_activities.py
[2025-11-18T18:27:21.060+0000] {logging_mixin.py:188} INFO - [2025-11-18T18:27:21.060+0000] {dag.py:3089} INFO - Sync 1 DAGs
[2025-11-18T18:27:21.091+0000] {logging_mixin.py:188} INFO - [2025-11-18T18:27:21.090+0000] {dag.py:3947} INFO - Setting next_dagrun for etl_strava_activities to 2025-11-18 03:00:00+00:00, run_after=2025-11-19 03:00:00+00:00
[2025-11-18T18:27:21.109+0000] {processor.py:183} INFO - Processing /opt/airflow/dags/pipeline_strava_activities.py took 0.139 seconds
[2025-11-18T18:27:51.292+0000] {processor.py:161} INFO - Started process (PID=6870) to work on /opt/airflow/dags/pipeline_strava_activities.py
[2025-11-18T18:27:51.295+0000] {processor.py:830} INFO - Processing file /opt/airflow/dags/pipeline_strava_activities.py for tasks to queue
[2025-11-18T18:27:51.300+0000] {logging_mixin.py:188} INFO - [2025-11-18T18:27:51.300+0000] {dagbag.py:545} INFO - Filling up the DagBag from /opt/airflow/dags/pipeline_strava_activities.py
[2025-11-18T18:27:51.328+0000] {processor.py:840} INFO - DAG(s) 'etl_strava_activities' retrieved from /opt/airflow/dags/pipeline_strava_activities.py
[2025-11-18T18:27:51.383+0000] {logging_mixin.py:188} INFO - [2025-11-18T18:27:51.382+0000] {dag.py:3089} INFO - Sync 1 DAGs
[2025-11-18T18:27:51.410+0000] {logging_mixin.py:188} INFO - [2025-11-18T18:27:51.410+0000] {dag.py:3947} INFO - Setting next_dagrun for etl_strava_activities to 2025-11-18 03:00:00+00:00, run_after=2025-11-19 03:00:00+00:00
[2025-11-18T18:27:51.428+0000] {processor.py:183} INFO - Processing /opt/airflow/dags/pipeline_strava_activities.py took 0.148 seconds
[2025-11-18T18:28:21.624+0000] {processor.py:161} INFO - Started process (PID=6885) to work on /opt/airflow/dags/pipeline_strava_activities.py
[2025-11-18T18:28:21.635+0000] {processor.py:830} INFO - Processing file /opt/airflow/dags/pipeline_strava_activities.py for tasks to queue
[2025-11-18T18:28:21.639+0000] {logging_mixin.py:188} INFO - [2025-11-18T18:28:21.638+0000] {dagbag.py:545} INFO - Filling up the DagBag from /opt/airflow/dags/pipeline_strava_activities.py
[2025-11-18T18:28:21.667+0000] {processor.py:840} INFO - DAG(s) 'etl_strava_activities' retrieved from /opt/airflow/dags/pipeline_strava_activities.py
[2025-11-18T18:28:21.726+0000] {logging_mixin.py:188} INFO - [2025-11-18T18:28:21.726+0000] {dag.py:3089} INFO - Sync 1 DAGs
[2025-11-18T18:28:21.759+0000] {logging_mixin.py:188} INFO - [2025-11-18T18:28:21.758+0000] {dag.py:3947} INFO - Setting next_dagrun for etl_strava_activities to 2025-11-18 03:00:00+00:00, run_after=2025-11-19 03:00:00+00:00
[2025-11-18T18:28:21.779+0000] {processor.py:183} INFO - Processing /opt/airflow/dags/pipeline_strava_activities.py took 0.169 seconds
[2025-11-18T18:28:51.932+0000] {processor.py:161} INFO - Started process (PID=6900) to work on /opt/airflow/dags/pipeline_strava_activities.py
[2025-11-18T18:28:51.946+0000] {processor.py:830} INFO - Processing file /opt/airflow/dags/pipeline_strava_activities.py for tasks to queue
[2025-11-18T18:28:51.950+0000] {logging_mixin.py:188} INFO - [2025-11-18T18:28:51.949+0000] {dagbag.py:545} INFO - Filling up the DagBag from /opt/airflow/dags/pipeline_strava_activities.py
[2025-11-18T18:28:51.977+0000] {processor.py:840} INFO - DAG(s) 'etl_strava_activities' retrieved from /opt/airflow/dags/pipeline_strava_activities.py
[2025-11-18T18:28:52.042+0000] {logging_mixin.py:188} INFO - [2025-11-18T18:28:52.041+0000] {dag.py:3089} INFO - Sync 1 DAGs
[2025-11-18T18:28:52.088+0000] {logging_mixin.py:188} INFO - [2025-11-18T18:28:52.087+0000] {dag.py:3947} INFO - Setting next_dagrun for etl_strava_activities to 2025-11-18 03:00:00+00:00, run_after=2025-11-19 03:00:00+00:00
[2025-11-18T18:28:52.120+0000] {processor.py:183} INFO - Processing /opt/airflow/dags/pipeline_strava_activities.py took 0.200 seconds
[2025-11-18T18:29:22.376+0000] {processor.py:161} INFO - Started process (PID=6915) to work on /opt/airflow/dags/pipeline_strava_activities.py
[2025-11-18T18:29:22.386+0000] {processor.py:830} INFO - Processing file /opt/airflow/dags/pipeline_strava_activities.py for tasks to queue
[2025-11-18T18:29:22.392+0000] {logging_mixin.py:188} INFO - [2025-11-18T18:29:22.391+0000] {dagbag.py:545} INFO - Filling up the DagBag from /opt/airflow/dags/pipeline_strava_activities.py
[2025-11-18T18:29:22.443+0000] {processor.py:840} INFO - DAG(s) 'etl_strava_activities' retrieved from /opt/airflow/dags/pipeline_strava_activities.py
[2025-11-18T18:29:22.572+0000] {logging_mixin.py:188} INFO - [2025-11-18T18:29:22.571+0000] {dag.py:3089} INFO - Sync 1 DAGs
[2025-11-18T18:29:22.638+0000] {logging_mixin.py:188} INFO - [2025-11-18T18:29:22.637+0000] {dag.py:3947} INFO - Setting next_dagrun for etl_strava_activities to 2025-11-18 03:00:00+00:00, run_after=2025-11-19 03:00:00+00:00
[2025-11-18T18:29:22.682+0000] {processor.py:183} INFO - Processing /opt/airflow/dags/pipeline_strava_activities.py took 0.322 seconds
[2025-11-18T18:29:52.781+0000] {processor.py:161} INFO - Started process (PID=6930) to work on /opt/airflow/dags/pipeline_strava_activities.py
[2025-11-18T18:29:52.783+0000] {processor.py:830} INFO - Processing file /opt/airflow/dags/pipeline_strava_activities.py for tasks to queue
[2025-11-18T18:29:52.789+0000] {logging_mixin.py:188} INFO - [2025-11-18T18:29:52.787+0000] {dagbag.py:545} INFO - Filling up the DagBag from /opt/airflow/dags/pipeline_strava_activities.py
[2025-11-18T18:29:52.825+0000] {processor.py:840} INFO - DAG(s) 'etl_strava_activities' retrieved from /opt/airflow/dags/pipeline_strava_activities.py
[2025-11-18T18:29:52.903+0000] {logging_mixin.py:188} INFO - [2025-11-18T18:29:52.902+0000] {dag.py:3089} INFO - Sync 1 DAGs
[2025-11-18T18:29:52.980+0000] {logging_mixin.py:188} INFO - [2025-11-18T18:29:52.979+0000] {dag.py:3947} INFO - Setting next_dagrun for etl_strava_activities to 2025-11-18 03:00:00+00:00, run_after=2025-11-19 03:00:00+00:00
[2025-11-18T18:29:53.018+0000] {processor.py:183} INFO - Processing /opt/airflow/dags/pipeline_strava_activities.py took 0.252 seconds
[2025-11-18T18:30:23.201+0000] {processor.py:161} INFO - Started process (PID=6945) to work on /opt/airflow/dags/pipeline_strava_activities.py
[2025-11-18T18:30:23.203+0000] {processor.py:830} INFO - Processing file /opt/airflow/dags/pipeline_strava_activities.py for tasks to queue
[2025-11-18T18:30:23.209+0000] {logging_mixin.py:188} INFO - [2025-11-18T18:30:23.208+0000] {dagbag.py:545} INFO - Filling up the DagBag from /opt/airflow/dags/pipeline_strava_activities.py
[2025-11-18T18:30:23.256+0000] {processor.py:840} INFO - DAG(s) 'etl_strava_activities' retrieved from /opt/airflow/dags/pipeline_strava_activities.py
[2025-11-18T18:30:23.361+0000] {logging_mixin.py:188} INFO - [2025-11-18T18:30:23.361+0000] {dag.py:3089} INFO - Sync 1 DAGs
[2025-11-18T18:30:23.408+0000] {logging_mixin.py:188} INFO - [2025-11-18T18:30:23.407+0000] {dag.py:3947} INFO - Setting next_dagrun for etl_strava_activities to 2025-11-18 03:00:00+00:00, run_after=2025-11-19 03:00:00+00:00
[2025-11-18T18:30:23.442+0000] {processor.py:183} INFO - Processing /opt/airflow/dags/pipeline_strava_activities.py took 0.272 seconds
[2025-11-18T18:30:53.594+0000] {processor.py:161} INFO - Started process (PID=6960) to work on /opt/airflow/dags/pipeline_strava_activities.py
[2025-11-18T18:30:53.596+0000] {processor.py:830} INFO - Processing file /opt/airflow/dags/pipeline_strava_activities.py for tasks to queue
[2025-11-18T18:30:53.599+0000] {logging_mixin.py:188} INFO - [2025-11-18T18:30:53.599+0000] {dagbag.py:545} INFO - Filling up the DagBag from /opt/airflow/dags/pipeline_strava_activities.py
[2025-11-18T18:30:53.635+0000] {processor.py:840} INFO - DAG(s) 'etl_strava_activities' retrieved from /opt/airflow/dags/pipeline_strava_activities.py
[2025-11-18T18:30:53.718+0000] {logging_mixin.py:188} INFO - [2025-11-18T18:30:53.718+0000] {dag.py:3089} INFO - Sync 1 DAGs
[2025-11-18T18:30:53.757+0000] {logging_mixin.py:188} INFO - [2025-11-18T18:30:53.756+0000] {dag.py:3947} INFO - Setting next_dagrun for etl_strava_activities to 2025-11-18 03:00:00+00:00, run_after=2025-11-19 03:00:00+00:00
[2025-11-18T18:30:53.775+0000] {processor.py:183} INFO - Processing /opt/airflow/dags/pipeline_strava_activities.py took 0.212 seconds
[2025-11-18T21:14:26.221+0000] {processor.py:161} INFO - Started process (PID=169) to work on /opt/airflow/dags/pipeline_strava_activities.py
[2025-11-18T21:14:26.222+0000] {processor.py:830} INFO - Processing file /opt/airflow/dags/pipeline_strava_activities.py for tasks to queue
[2025-11-18T21:14:26.224+0000] {logging_mixin.py:188} INFO - [2025-11-18T21:14:26.223+0000] {dagbag.py:545} INFO - Filling up the DagBag from /opt/airflow/dags/pipeline_strava_activities.py
[2025-11-18T21:14:26.240+0000] {processor.py:840} INFO - DAG(s) 'etl_strava_activities' retrieved from /opt/airflow/dags/pipeline_strava_activities.py
[2025-11-18T21:14:26.369+0000] {logging_mixin.py:188} INFO - [2025-11-18T21:14:26.369+0000] {override.py:1858} INFO - Created Permission View: can edit on DAG:etl_strava_activities
[2025-11-18T21:14:26.373+0000] {logging_mixin.py:188} INFO - [2025-11-18T21:14:26.373+0000] {override.py:1858} INFO - Created Permission View: can delete on DAG:etl_strava_activities
[2025-11-18T21:14:26.375+0000] {logging_mixin.py:188} INFO - [2025-11-18T21:14:26.375+0000] {override.py:1858} INFO - Created Permission View: can read on DAG:etl_strava_activities
[2025-11-18T21:14:26.375+0000] {logging_mixin.py:188} INFO - [2025-11-18T21:14:26.375+0000] {dag.py:3089} INFO - Sync 1 DAGs
[2025-11-18T21:14:26.380+0000] {logging_mixin.py:188} INFO - [2025-11-18T21:14:26.380+0000] {dag.py:3111} INFO - Creating ORM DAG for etl_strava_activities
[2025-11-18T21:14:26.386+0000] {logging_mixin.py:188} INFO - [2025-11-18T21:14:26.385+0000] {dag.py:3947} INFO - Setting next_dagrun for etl_strava_activities to 2025-11-17 03:00:00+00:00, run_after=2025-11-18 03:00:00+00:00
[2025-11-18T21:14:26.397+0000] {processor.py:183} INFO - Processing /opt/airflow/dags/pipeline_strava_activities.py took 0.181 seconds
[2025-11-18T21:14:56.670+0000] {processor.py:161} INFO - Started process (PID=184) to work on /opt/airflow/dags/pipeline_strava_activities.py
[2025-11-18T21:14:56.671+0000] {processor.py:830} INFO - Processing file /opt/airflow/dags/pipeline_strava_activities.py for tasks to queue
[2025-11-18T21:14:56.673+0000] {logging_mixin.py:188} INFO - [2025-11-18T21:14:56.673+0000] {dagbag.py:545} INFO - Filling up the DagBag from /opt/airflow/dags/pipeline_strava_activities.py
[2025-11-18T21:14:56.681+0000] {processor.py:840} INFO - DAG(s) 'etl_strava_activities' retrieved from /opt/airflow/dags/pipeline_strava_activities.py
[2025-11-18T21:14:56.701+0000] {logging_mixin.py:188} INFO - [2025-11-18T21:14:56.701+0000] {dag.py:3089} INFO - Sync 1 DAGs
[2025-11-18T21:14:56.717+0000] {logging_mixin.py:188} INFO - [2025-11-18T21:14:56.716+0000] {dag.py:3947} INFO - Setting next_dagrun for etl_strava_activities to 2025-11-17 03:00:00+00:00, run_after=2025-11-18 03:00:00+00:00
[2025-11-18T21:14:56.738+0000] {processor.py:183} INFO - Processing /opt/airflow/dags/pipeline_strava_activities.py took 0.073 seconds
[2025-11-18T21:15:26.988+0000] {processor.py:161} INFO - Started process (PID=199) to work on /opt/airflow/dags/pipeline_strava_activities.py
[2025-11-18T21:15:26.989+0000] {processor.py:830} INFO - Processing file /opt/airflow/dags/pipeline_strava_activities.py for tasks to queue
[2025-11-18T21:15:26.990+0000] {logging_mixin.py:188} INFO - [2025-11-18T21:15:26.990+0000] {dagbag.py:545} INFO - Filling up the DagBag from /opt/airflow/dags/pipeline_strava_activities.py
[2025-11-18T21:15:27.010+0000] {processor.py:840} INFO - DAG(s) 'etl_strava_activities' retrieved from /opt/airflow/dags/pipeline_strava_activities.py
[2025-11-18T21:15:27.034+0000] {logging_mixin.py:188} INFO - [2025-11-18T21:15:27.034+0000] {dag.py:3089} INFO - Sync 1 DAGs
[2025-11-18T21:15:27.050+0000] {logging_mixin.py:188} INFO - [2025-11-18T21:15:27.049+0000] {dag.py:3947} INFO - Setting next_dagrun for etl_strava_activities to 2025-11-17 03:00:00+00:00, run_after=2025-11-18 03:00:00+00:00
[2025-11-18T21:15:27.060+0000] {processor.py:183} INFO - Processing /opt/airflow/dags/pipeline_strava_activities.py took 0.076 seconds
[2025-11-18T21:15:57.339+0000] {processor.py:161} INFO - Started process (PID=214) to work on /opt/airflow/dags/pipeline_strava_activities.py
[2025-11-18T21:15:57.340+0000] {processor.py:830} INFO - Processing file /opt/airflow/dags/pipeline_strava_activities.py for tasks to queue
[2025-11-18T21:15:57.342+0000] {logging_mixin.py:188} INFO - [2025-11-18T21:15:57.342+0000] {dagbag.py:545} INFO - Filling up the DagBag from /opt/airflow/dags/pipeline_strava_activities.py
[2025-11-18T21:15:57.353+0000] {processor.py:840} INFO - DAG(s) 'etl_strava_activities' retrieved from /opt/airflow/dags/pipeline_strava_activities.py
[2025-11-18T21:15:57.377+0000] {logging_mixin.py:188} INFO - [2025-11-18T21:15:57.377+0000] {dag.py:3089} INFO - Sync 1 DAGs
[2025-11-18T21:15:57.389+0000] {logging_mixin.py:188} INFO - [2025-11-18T21:15:57.389+0000] {dag.py:3947} INFO - Setting next_dagrun for etl_strava_activities to 2025-11-17 03:00:00+00:00, run_after=2025-11-18 03:00:00+00:00
[2025-11-18T21:15:57.397+0000] {processor.py:183} INFO - Processing /opt/airflow/dags/pipeline_strava_activities.py took 0.062 seconds
[2025-11-18T21:16:27.704+0000] {processor.py:161} INFO - Started process (PID=229) to work on /opt/airflow/dags/pipeline_strava_activities.py
[2025-11-18T21:16:27.705+0000] {processor.py:830} INFO - Processing file /opt/airflow/dags/pipeline_strava_activities.py for tasks to queue
[2025-11-18T21:16:27.706+0000] {logging_mixin.py:188} INFO - [2025-11-18T21:16:27.706+0000] {dagbag.py:545} INFO - Filling up the DagBag from /opt/airflow/dags/pipeline_strava_activities.py
[2025-11-18T21:16:27.716+0000] {processor.py:840} INFO - DAG(s) 'etl_strava_activities' retrieved from /opt/airflow/dags/pipeline_strava_activities.py
[2025-11-18T21:16:27.737+0000] {logging_mixin.py:188} INFO - [2025-11-18T21:16:27.737+0000] {dag.py:3089} INFO - Sync 1 DAGs
[2025-11-18T21:16:27.748+0000] {logging_mixin.py:188} INFO - [2025-11-18T21:16:27.748+0000] {dag.py:3947} INFO - Setting next_dagrun for etl_strava_activities to 2025-11-17 03:00:00+00:00, run_after=2025-11-18 03:00:00+00:00
[2025-11-18T21:16:27.755+0000] {processor.py:183} INFO - Processing /opt/airflow/dags/pipeline_strava_activities.py took 0.056 seconds
[2025-11-18T21:16:58.038+0000] {processor.py:161} INFO - Started process (PID=243) to work on /opt/airflow/dags/pipeline_strava_activities.py
[2025-11-18T21:16:58.039+0000] {processor.py:830} INFO - Processing file /opt/airflow/dags/pipeline_strava_activities.py for tasks to queue
[2025-11-18T21:16:58.044+0000] {logging_mixin.py:188} INFO - [2025-11-18T21:16:58.043+0000] {dagbag.py:545} INFO - Filling up the DagBag from /opt/airflow/dags/pipeline_strava_activities.py
[2025-11-18T21:16:58.061+0000] {processor.py:840} INFO - DAG(s) 'etl_strava_activities' retrieved from /opt/airflow/dags/pipeline_strava_activities.py
[2025-11-18T21:16:58.087+0000] {logging_mixin.py:188} INFO - [2025-11-18T21:16:58.087+0000] {dag.py:3089} INFO - Sync 1 DAGs
[2025-11-18T21:16:58.105+0000] {logging_mixin.py:188} INFO - [2025-11-18T21:16:58.105+0000] {dag.py:3947} INFO - Setting next_dagrun for etl_strava_activities to 2025-11-17 03:00:00+00:00, run_after=2025-11-18 03:00:00+00:00
[2025-11-18T21:16:58.116+0000] {processor.py:183} INFO - Processing /opt/airflow/dags/pipeline_strava_activities.py took 0.085 seconds
[2025-11-18T21:17:28.425+0000] {processor.py:161} INFO - Started process (PID=259) to work on /opt/airflow/dags/pipeline_strava_activities.py
[2025-11-18T21:17:28.426+0000] {processor.py:830} INFO - Processing file /opt/airflow/dags/pipeline_strava_activities.py for tasks to queue
[2025-11-18T21:17:28.428+0000] {logging_mixin.py:188} INFO - [2025-11-18T21:17:28.427+0000] {dagbag.py:545} INFO - Filling up the DagBag from /opt/airflow/dags/pipeline_strava_activities.py
[2025-11-18T21:17:28.447+0000] {processor.py:840} INFO - DAG(s) 'etl_strava_activities' retrieved from /opt/airflow/dags/pipeline_strava_activities.py
[2025-11-18T21:17:28.485+0000] {logging_mixin.py:188} INFO - [2025-11-18T21:17:28.485+0000] {dag.py:3089} INFO - Sync 1 DAGs
[2025-11-18T21:17:28.505+0000] {logging_mixin.py:188} INFO - [2025-11-18T21:17:28.505+0000] {dag.py:3947} INFO - Setting next_dagrun for etl_strava_activities to 2025-11-17 03:00:00+00:00, run_after=2025-11-18 03:00:00+00:00
[2025-11-18T21:17:28.515+0000] {processor.py:183} INFO - Processing /opt/airflow/dags/pipeline_strava_activities.py took 0.095 seconds
[2025-11-18T21:17:58.803+0000] {processor.py:161} INFO - Started process (PID=272) to work on /opt/airflow/dags/pipeline_strava_activities.py
[2025-11-18T21:17:58.804+0000] {processor.py:830} INFO - Processing file /opt/airflow/dags/pipeline_strava_activities.py for tasks to queue
[2025-11-18T21:17:58.805+0000] {logging_mixin.py:188} INFO - [2025-11-18T21:17:58.805+0000] {dagbag.py:545} INFO - Filling up the DagBag from /opt/airflow/dags/pipeline_strava_activities.py
[2025-11-18T21:17:58.814+0000] {processor.py:840} INFO - DAG(s) 'etl_strava_activities' retrieved from /opt/airflow/dags/pipeline_strava_activities.py
[2025-11-18T21:17:58.837+0000] {logging_mixin.py:188} INFO - [2025-11-18T21:17:58.837+0000] {dag.py:3089} INFO - Sync 1 DAGs
[2025-11-18T21:17:58.849+0000] {logging_mixin.py:188} INFO - [2025-11-18T21:17:58.849+0000] {dag.py:3947} INFO - Setting next_dagrun for etl_strava_activities to 2025-11-17 03:00:00+00:00, run_after=2025-11-18 03:00:00+00:00
[2025-11-18T21:17:58.857+0000] {processor.py:183} INFO - Processing /opt/airflow/dags/pipeline_strava_activities.py took 0.058 seconds
[2025-11-18T21:18:29.131+0000] {processor.py:161} INFO - Started process (PID=288) to work on /opt/airflow/dags/pipeline_strava_activities.py
[2025-11-18T21:18:29.132+0000] {processor.py:830} INFO - Processing file /opt/airflow/dags/pipeline_strava_activities.py for tasks to queue
[2025-11-18T21:18:29.135+0000] {logging_mixin.py:188} INFO - [2025-11-18T21:18:29.134+0000] {dagbag.py:545} INFO - Filling up the DagBag from /opt/airflow/dags/pipeline_strava_activities.py
[2025-11-18T21:18:29.160+0000] {processor.py:840} INFO - DAG(s) 'etl_strava_activities' retrieved from /opt/airflow/dags/pipeline_strava_activities.py
[2025-11-18T21:18:29.194+0000] {logging_mixin.py:188} INFO - [2025-11-18T21:18:29.194+0000] {dag.py:3089} INFO - Sync 1 DAGs
[2025-11-18T21:18:29.209+0000] {logging_mixin.py:188} INFO - [2025-11-18T21:18:29.209+0000] {dag.py:3947} INFO - Setting next_dagrun for etl_strava_activities to 2025-11-17 03:00:00+00:00, run_after=2025-11-18 03:00:00+00:00
[2025-11-18T21:18:29.219+0000] {processor.py:183} INFO - Processing /opt/airflow/dags/pipeline_strava_activities.py took 0.100 seconds
[2025-11-18T21:18:59.495+0000] {processor.py:161} INFO - Started process (PID=303) to work on /opt/airflow/dags/pipeline_strava_activities.py
[2025-11-18T21:18:59.495+0000] {processor.py:830} INFO - Processing file /opt/airflow/dags/pipeline_strava_activities.py for tasks to queue
[2025-11-18T21:18:59.497+0000] {logging_mixin.py:188} INFO - [2025-11-18T21:18:59.497+0000] {dagbag.py:545} INFO - Filling up the DagBag from /opt/airflow/dags/pipeline_strava_activities.py
[2025-11-18T21:18:59.510+0000] {processor.py:840} INFO - DAG(s) 'etl_strava_activities' retrieved from /opt/airflow/dags/pipeline_strava_activities.py
[2025-11-18T21:18:59.536+0000] {logging_mixin.py:188} INFO - [2025-11-18T21:18:59.536+0000] {dag.py:3089} INFO - Sync 1 DAGs
[2025-11-18T21:18:59.549+0000] {logging_mixin.py:188} INFO - [2025-11-18T21:18:59.549+0000] {dag.py:3947} INFO - Setting next_dagrun for etl_strava_activities to 2025-11-17 03:00:00+00:00, run_after=2025-11-18 03:00:00+00:00
[2025-11-18T21:18:59.557+0000] {processor.py:183} INFO - Processing /opt/airflow/dags/pipeline_strava_activities.py took 0.066 seconds
[2025-11-18T21:19:29.824+0000] {processor.py:161} INFO - Started process (PID=318) to work on /opt/airflow/dags/pipeline_strava_activities.py
[2025-11-18T21:19:29.825+0000] {processor.py:830} INFO - Processing file /opt/airflow/dags/pipeline_strava_activities.py for tasks to queue
[2025-11-18T21:19:29.827+0000] {logging_mixin.py:188} INFO - [2025-11-18T21:19:29.827+0000] {dagbag.py:545} INFO - Filling up the DagBag from /opt/airflow/dags/pipeline_strava_activities.py
[2025-11-18T21:19:29.839+0000] {processor.py:840} INFO - DAG(s) 'etl_strava_activities' retrieved from /opt/airflow/dags/pipeline_strava_activities.py
[2025-11-18T21:19:29.861+0000] {logging_mixin.py:188} INFO - [2025-11-18T21:19:29.860+0000] {dag.py:3089} INFO - Sync 1 DAGs
[2025-11-18T21:19:29.874+0000] {logging_mixin.py:188} INFO - [2025-11-18T21:19:29.874+0000] {dag.py:3947} INFO - Setting next_dagrun for etl_strava_activities to 2025-11-17 03:00:00+00:00, run_after=2025-11-18 03:00:00+00:00
[2025-11-18T21:19:29.882+0000] {processor.py:183} INFO - Processing /opt/airflow/dags/pipeline_strava_activities.py took 0.063 seconds
[2025-11-18T21:20:00.159+0000] {processor.py:161} INFO - Started process (PID=333) to work on /opt/airflow/dags/pipeline_strava_activities.py
[2025-11-18T21:20:00.160+0000] {processor.py:830} INFO - Processing file /opt/airflow/dags/pipeline_strava_activities.py for tasks to queue
[2025-11-18T21:20:00.162+0000] {logging_mixin.py:188} INFO - [2025-11-18T21:20:00.162+0000] {dagbag.py:545} INFO - Filling up the DagBag from /opt/airflow/dags/pipeline_strava_activities.py
[2025-11-18T21:20:00.175+0000] {processor.py:840} INFO - DAG(s) 'etl_strava_activities' retrieved from /opt/airflow/dags/pipeline_strava_activities.py
[2025-11-18T21:20:00.197+0000] {logging_mixin.py:188} INFO - [2025-11-18T21:20:00.197+0000] {dag.py:3089} INFO - Sync 1 DAGs
[2025-11-18T21:20:00.213+0000] {logging_mixin.py:188} INFO - [2025-11-18T21:20:00.213+0000] {dag.py:3947} INFO - Setting next_dagrun for etl_strava_activities to 2025-11-17 03:00:00+00:00, run_after=2025-11-18 03:00:00+00:00
[2025-11-18T21:20:00.222+0000] {processor.py:183} INFO - Processing /opt/airflow/dags/pipeline_strava_activities.py took 0.076 seconds
[2025-11-18T21:20:30.525+0000] {processor.py:161} INFO - Started process (PID=348) to work on /opt/airflow/dags/pipeline_strava_activities.py
[2025-11-18T21:20:30.527+0000] {processor.py:830} INFO - Processing file /opt/airflow/dags/pipeline_strava_activities.py for tasks to queue
[2025-11-18T21:20:30.530+0000] {logging_mixin.py:188} INFO - [2025-11-18T21:20:30.529+0000] {dagbag.py:545} INFO - Filling up the DagBag from /opt/airflow/dags/pipeline_strava_activities.py
[2025-11-18T21:20:30.551+0000] {processor.py:840} INFO - DAG(s) 'etl_strava_activities' retrieved from /opt/airflow/dags/pipeline_strava_activities.py
[2025-11-18T21:20:30.586+0000] {logging_mixin.py:188} INFO - [2025-11-18T21:20:30.586+0000] {dag.py:3089} INFO - Sync 1 DAGs
[2025-11-18T21:20:30.600+0000] {logging_mixin.py:188} INFO - [2025-11-18T21:20:30.600+0000] {dag.py:3947} INFO - Setting next_dagrun for etl_strava_activities to 2025-11-17 03:00:00+00:00, run_after=2025-11-18 03:00:00+00:00
[2025-11-18T21:20:30.611+0000] {processor.py:183} INFO - Processing /opt/airflow/dags/pipeline_strava_activities.py took 0.096 seconds
[2025-11-18T21:21:00.906+0000] {processor.py:161} INFO - Started process (PID=363) to work on /opt/airflow/dags/pipeline_strava_activities.py
[2025-11-18T21:21:00.908+0000] {processor.py:830} INFO - Processing file /opt/airflow/dags/pipeline_strava_activities.py for tasks to queue
[2025-11-18T21:21:00.912+0000] {logging_mixin.py:188} INFO - [2025-11-18T21:21:00.912+0000] {dagbag.py:545} INFO - Filling up the DagBag from /opt/airflow/dags/pipeline_strava_activities.py
[2025-11-18T21:21:00.926+0000] {processor.py:840} INFO - DAG(s) 'etl_strava_activities' retrieved from /opt/airflow/dags/pipeline_strava_activities.py
[2025-11-18T21:21:00.947+0000] {logging_mixin.py:188} INFO - [2025-11-18T21:21:00.947+0000] {dag.py:3089} INFO - Sync 1 DAGs
[2025-11-18T21:21:00.959+0000] {logging_mixin.py:188} INFO - [2025-11-18T21:21:00.959+0000] {dag.py:3947} INFO - Setting next_dagrun for etl_strava_activities to 2025-11-17 03:00:00+00:00, run_after=2025-11-18 03:00:00+00:00
[2025-11-18T21:21:00.967+0000] {processor.py:183} INFO - Processing /opt/airflow/dags/pipeline_strava_activities.py took 0.074 seconds
[2025-11-18T21:21:31.352+0000] {processor.py:161} INFO - Started process (PID=378) to work on /opt/airflow/dags/pipeline_strava_activities.py
[2025-11-18T21:21:31.354+0000] {processor.py:830} INFO - Processing file /opt/airflow/dags/pipeline_strava_activities.py for tasks to queue
[2025-11-18T21:21:31.357+0000] {logging_mixin.py:188} INFO - [2025-11-18T21:21:31.356+0000] {dagbag.py:545} INFO - Filling up the DagBag from /opt/airflow/dags/pipeline_strava_activities.py
[2025-11-18T21:21:31.367+0000] {processor.py:840} INFO - DAG(s) 'etl_strava_activities' retrieved from /opt/airflow/dags/pipeline_strava_activities.py
[2025-11-18T21:21:31.390+0000] {logging_mixin.py:188} INFO - [2025-11-18T21:21:31.390+0000] {dag.py:3089} INFO - Sync 1 DAGs
[2025-11-18T21:21:31.405+0000] {logging_mixin.py:188} INFO - [2025-11-18T21:21:31.405+0000] {dag.py:3947} INFO - Setting next_dagrun for etl_strava_activities to 2025-11-17 03:00:00+00:00, run_after=2025-11-18 03:00:00+00:00
[2025-11-18T21:21:31.415+0000] {processor.py:183} INFO - Processing /opt/airflow/dags/pipeline_strava_activities.py took 0.069 seconds
[2025-11-18T21:22:01.690+0000] {processor.py:161} INFO - Started process (PID=393) to work on /opt/airflow/dags/pipeline_strava_activities.py
[2025-11-18T21:22:01.691+0000] {processor.py:830} INFO - Processing file /opt/airflow/dags/pipeline_strava_activities.py for tasks to queue
[2025-11-18T21:22:01.694+0000] {logging_mixin.py:188} INFO - [2025-11-18T21:22:01.694+0000] {dagbag.py:545} INFO - Filling up the DagBag from /opt/airflow/dags/pipeline_strava_activities.py
[2025-11-18T21:22:01.710+0000] {processor.py:840} INFO - DAG(s) 'etl_strava_activities' retrieved from /opt/airflow/dags/pipeline_strava_activities.py
[2025-11-18T21:22:01.745+0000] {logging_mixin.py:188} INFO - [2025-11-18T21:22:01.745+0000] {dag.py:3089} INFO - Sync 1 DAGs
[2025-11-18T21:22:01.758+0000] {logging_mixin.py:188} INFO - [2025-11-18T21:22:01.758+0000] {dag.py:3947} INFO - Setting next_dagrun for etl_strava_activities to 2025-11-17 03:00:00+00:00, run_after=2025-11-18 03:00:00+00:00
[2025-11-18T21:22:01.767+0000] {processor.py:183} INFO - Processing /opt/airflow/dags/pipeline_strava_activities.py took 0.086 seconds
[2025-11-18T21:22:32.088+0000] {processor.py:161} INFO - Started process (PID=408) to work on /opt/airflow/dags/pipeline_strava_activities.py
[2025-11-18T21:22:32.089+0000] {processor.py:830} INFO - Processing file /opt/airflow/dags/pipeline_strava_activities.py for tasks to queue
[2025-11-18T21:22:32.093+0000] {logging_mixin.py:188} INFO - [2025-11-18T21:22:32.092+0000] {dagbag.py:545} INFO - Filling up the DagBag from /opt/airflow/dags/pipeline_strava_activities.py
[2025-11-18T21:22:32.108+0000] {processor.py:840} INFO - DAG(s) 'etl_strava_activities' retrieved from /opt/airflow/dags/pipeline_strava_activities.py
[2025-11-18T21:22:32.129+0000] {logging_mixin.py:188} INFO - [2025-11-18T21:22:32.129+0000] {dag.py:3089} INFO - Sync 1 DAGs
[2025-11-18T21:22:32.140+0000] {logging_mixin.py:188} INFO - [2025-11-18T21:22:32.140+0000] {dag.py:3947} INFO - Setting next_dagrun for etl_strava_activities to 2025-11-17 03:00:00+00:00, run_after=2025-11-18 03:00:00+00:00
[2025-11-18T21:22:32.147+0000] {processor.py:183} INFO - Processing /opt/airflow/dags/pipeline_strava_activities.py took 0.069 seconds
[2025-11-18T21:23:02.465+0000] {processor.py:161} INFO - Started process (PID=424) to work on /opt/airflow/dags/pipeline_strava_activities.py
[2025-11-18T21:23:02.467+0000] {processor.py:830} INFO - Processing file /opt/airflow/dags/pipeline_strava_activities.py for tasks to queue
[2025-11-18T21:23:02.473+0000] {logging_mixin.py:188} INFO - [2025-11-18T21:23:02.471+0000] {dagbag.py:545} INFO - Filling up the DagBag from /opt/airflow/dags/pipeline_strava_activities.py
[2025-11-18T21:23:02.493+0000] {processor.py:840} INFO - DAG(s) 'etl_strava_activities' retrieved from /opt/airflow/dags/pipeline_strava_activities.py
[2025-11-18T21:23:02.522+0000] {logging_mixin.py:188} INFO - [2025-11-18T21:23:02.522+0000] {dag.py:3089} INFO - Sync 1 DAGs
[2025-11-18T21:23:02.537+0000] {logging_mixin.py:188} INFO - [2025-11-18T21:23:02.537+0000] {dag.py:3947} INFO - Setting next_dagrun for etl_strava_activities to 2025-11-17 03:00:00+00:00, run_after=2025-11-18 03:00:00+00:00
[2025-11-18T21:23:02.549+0000] {processor.py:183} INFO - Processing /opt/airflow/dags/pipeline_strava_activities.py took 0.099 seconds
[2025-11-18T21:23:32.831+0000] {processor.py:161} INFO - Started process (PID=438) to work on /opt/airflow/dags/pipeline_strava_activities.py
[2025-11-18T21:23:32.832+0000] {processor.py:830} INFO - Processing file /opt/airflow/dags/pipeline_strava_activities.py for tasks to queue
[2025-11-18T21:23:32.837+0000] {logging_mixin.py:188} INFO - [2025-11-18T21:23:32.836+0000] {dagbag.py:545} INFO - Filling up the DagBag from /opt/airflow/dags/pipeline_strava_activities.py
[2025-11-18T21:23:32.857+0000] {processor.py:840} INFO - DAG(s) 'etl_strava_activities' retrieved from /opt/airflow/dags/pipeline_strava_activities.py
[2025-11-18T21:23:32.901+0000] {logging_mixin.py:188} INFO - [2025-11-18T21:23:32.900+0000] {dag.py:3089} INFO - Sync 1 DAGs
[2025-11-18T21:23:32.915+0000] {logging_mixin.py:188} INFO - [2025-11-18T21:23:32.914+0000] {dag.py:3947} INFO - Setting next_dagrun for etl_strava_activities to 2025-11-17 03:00:00+00:00, run_after=2025-11-18 03:00:00+00:00
[2025-11-18T21:23:32.924+0000] {processor.py:183} INFO - Processing /opt/airflow/dags/pipeline_strava_activities.py took 0.100 seconds
[2025-11-18T21:24:03.213+0000] {processor.py:161} INFO - Started process (PID=454) to work on /opt/airflow/dags/pipeline_strava_activities.py
[2025-11-18T21:24:03.214+0000] {processor.py:830} INFO - Processing file /opt/airflow/dags/pipeline_strava_activities.py for tasks to queue
[2025-11-18T21:24:03.216+0000] {logging_mixin.py:188} INFO - [2025-11-18T21:24:03.216+0000] {dagbag.py:545} INFO - Filling up the DagBag from /opt/airflow/dags/pipeline_strava_activities.py
[2025-11-18T21:24:03.230+0000] {processor.py:840} INFO - DAG(s) 'etl_strava_activities' retrieved from /opt/airflow/dags/pipeline_strava_activities.py
[2025-11-18T21:24:03.254+0000] {logging_mixin.py:188} INFO - [2025-11-18T21:24:03.254+0000] {dag.py:3089} INFO - Sync 1 DAGs
[2025-11-18T21:24:03.271+0000] {logging_mixin.py:188} INFO - [2025-11-18T21:24:03.271+0000] {dag.py:3947} INFO - Setting next_dagrun for etl_strava_activities to 2025-11-17 03:00:00+00:00, run_after=2025-11-18 03:00:00+00:00
[2025-11-18T21:24:03.280+0000] {processor.py:183} INFO - Processing /opt/airflow/dags/pipeline_strava_activities.py took 0.075 seconds
[2025-11-18T21:24:33.562+0000] {processor.py:161} INFO - Started process (PID=469) to work on /opt/airflow/dags/pipeline_strava_activities.py
[2025-11-18T21:24:33.563+0000] {processor.py:830} INFO - Processing file /opt/airflow/dags/pipeline_strava_activities.py for tasks to queue
[2025-11-18T21:24:33.564+0000] {logging_mixin.py:188} INFO - [2025-11-18T21:24:33.564+0000] {dagbag.py:545} INFO - Filling up the DagBag from /opt/airflow/dags/pipeline_strava_activities.py
[2025-11-18T21:24:33.585+0000] {processor.py:840} INFO - DAG(s) 'etl_strava_activities' retrieved from /opt/airflow/dags/pipeline_strava_activities.py
[2025-11-18T21:24:33.607+0000] {logging_mixin.py:188} INFO - [2025-11-18T21:24:33.607+0000] {dag.py:3089} INFO - Sync 1 DAGs
[2025-11-18T21:24:33.620+0000] {logging_mixin.py:188} INFO - [2025-11-18T21:24:33.620+0000] {dag.py:3947} INFO - Setting next_dagrun for etl_strava_activities to 2025-11-17 03:00:00+00:00, run_after=2025-11-18 03:00:00+00:00
[2025-11-18T21:24:33.634+0000] {processor.py:183} INFO - Processing /opt/airflow/dags/pipeline_strava_activities.py took 0.078 seconds
[2025-11-18T21:25:03.908+0000] {processor.py:161} INFO - Started process (PID=483) to work on /opt/airflow/dags/pipeline_strava_activities.py
[2025-11-18T21:25:03.909+0000] {processor.py:830} INFO - Processing file /opt/airflow/dags/pipeline_strava_activities.py for tasks to queue
[2025-11-18T21:25:03.911+0000] {logging_mixin.py:188} INFO - [2025-11-18T21:25:03.910+0000] {dagbag.py:545} INFO - Filling up the DagBag from /opt/airflow/dags/pipeline_strava_activities.py
[2025-11-18T21:25:03.931+0000] {processor.py:840} INFO - DAG(s) 'etl_strava_activities' retrieved from /opt/airflow/dags/pipeline_strava_activities.py
[2025-11-18T21:25:03.962+0000] {logging_mixin.py:188} INFO - [2025-11-18T21:25:03.962+0000] {dag.py:3089} INFO - Sync 1 DAGs
[2025-11-18T21:25:03.975+0000] {logging_mixin.py:188} INFO - [2025-11-18T21:25:03.975+0000] {dag.py:3947} INFO - Setting next_dagrun for etl_strava_activities to 2025-11-17 03:00:00+00:00, run_after=2025-11-18 03:00:00+00:00
[2025-11-18T21:25:03.983+0000] {processor.py:183} INFO - Processing /opt/airflow/dags/pipeline_strava_activities.py took 0.081 seconds
[2025-11-18T21:25:34.236+0000] {processor.py:161} INFO - Started process (PID=499) to work on /opt/airflow/dags/pipeline_strava_activities.py
[2025-11-18T21:25:34.238+0000] {processor.py:830} INFO - Processing file /opt/airflow/dags/pipeline_strava_activities.py for tasks to queue
[2025-11-18T21:25:34.241+0000] {logging_mixin.py:188} INFO - [2025-11-18T21:25:34.241+0000] {dagbag.py:545} INFO - Filling up the DagBag from /opt/airflow/dags/pipeline_strava_activities.py
[2025-11-18T21:25:34.264+0000] {processor.py:840} INFO - DAG(s) 'etl_strava_activities' retrieved from /opt/airflow/dags/pipeline_strava_activities.py
[2025-11-18T21:25:34.292+0000] {logging_mixin.py:188} INFO - [2025-11-18T21:25:34.292+0000] {dag.py:3089} INFO - Sync 1 DAGs
[2025-11-18T21:25:34.306+0000] {logging_mixin.py:188} INFO - [2025-11-18T21:25:34.306+0000] {dag.py:3947} INFO - Setting next_dagrun for etl_strava_activities to 2025-11-17 03:00:00+00:00, run_after=2025-11-18 03:00:00+00:00
[2025-11-18T21:25:34.314+0000] {processor.py:183} INFO - Processing /opt/airflow/dags/pipeline_strava_activities.py took 0.084 seconds
[2025-11-18T21:26:04.626+0000] {processor.py:161} INFO - Started process (PID=513) to work on /opt/airflow/dags/pipeline_strava_activities.py
[2025-11-18T21:26:04.627+0000] {processor.py:830} INFO - Processing file /opt/airflow/dags/pipeline_strava_activities.py for tasks to queue
[2025-11-18T21:26:04.634+0000] {logging_mixin.py:188} INFO - [2025-11-18T21:26:04.633+0000] {dagbag.py:545} INFO - Filling up the DagBag from /opt/airflow/dags/pipeline_strava_activities.py
[2025-11-18T21:26:04.661+0000] {processor.py:840} INFO - DAG(s) 'etl_strava_activities' retrieved from /opt/airflow/dags/pipeline_strava_activities.py
[2025-11-18T21:26:04.699+0000] {logging_mixin.py:188} INFO - [2025-11-18T21:26:04.699+0000] {dag.py:3089} INFO - Sync 1 DAGs
[2025-11-18T21:26:04.715+0000] {logging_mixin.py:188} INFO - [2025-11-18T21:26:04.714+0000] {dag.py:3947} INFO - Setting next_dagrun for etl_strava_activities to 2025-11-17 03:00:00+00:00, run_after=2025-11-18 03:00:00+00:00
[2025-11-18T21:26:04.725+0000] {processor.py:183} INFO - Processing /opt/airflow/dags/pipeline_strava_activities.py took 0.127 seconds
[2025-11-18T21:26:35.043+0000] {processor.py:161} INFO - Started process (PID=528) to work on /opt/airflow/dags/pipeline_strava_activities.py
[2025-11-18T21:26:35.045+0000] {processor.py:830} INFO - Processing file /opt/airflow/dags/pipeline_strava_activities.py for tasks to queue
[2025-11-18T21:26:35.049+0000] {logging_mixin.py:188} INFO - [2025-11-18T21:26:35.048+0000] {dagbag.py:545} INFO - Filling up the DagBag from /opt/airflow/dags/pipeline_strava_activities.py
[2025-11-18T21:26:35.063+0000] {processor.py:840} INFO - DAG(s) 'etl_strava_activities' retrieved from /opt/airflow/dags/pipeline_strava_activities.py
[2025-11-18T21:26:35.094+0000] {logging_mixin.py:188} INFO - [2025-11-18T21:26:35.094+0000] {dag.py:3089} INFO - Sync 1 DAGs
[2025-11-18T21:26:35.119+0000] {logging_mixin.py:188} INFO - [2025-11-18T21:26:35.119+0000] {dag.py:3947} INFO - Setting next_dagrun for etl_strava_activities to 2025-11-17 03:00:00+00:00, run_after=2025-11-18 03:00:00+00:00
[2025-11-18T21:26:35.130+0000] {processor.py:183} INFO - Processing /opt/airflow/dags/pipeline_strava_activities.py took 0.093 seconds
[2025-11-18T21:27:05.405+0000] {processor.py:161} INFO - Started process (PID=598) to work on /opt/airflow/dags/pipeline_strava_activities.py
[2025-11-18T21:27:05.406+0000] {processor.py:830} INFO - Processing file /opt/airflow/dags/pipeline_strava_activities.py for tasks to queue
[2025-11-18T21:27:05.408+0000] {logging_mixin.py:188} INFO - [2025-11-18T21:27:05.408+0000] {dagbag.py:545} INFO - Filling up the DagBag from /opt/airflow/dags/pipeline_strava_activities.py
[2025-11-18T21:27:05.420+0000] {processor.py:840} INFO - DAG(s) 'etl_strava_activities' retrieved from /opt/airflow/dags/pipeline_strava_activities.py
[2025-11-18T21:27:05.441+0000] {logging_mixin.py:188} INFO - [2025-11-18T21:27:05.441+0000] {dag.py:3089} INFO - Sync 1 DAGs
[2025-11-18T21:27:05.454+0000] {logging_mixin.py:188} INFO - [2025-11-18T21:27:05.454+0000] {dag.py:3947} INFO - Setting next_dagrun for etl_strava_activities to 2025-11-18 03:00:00+00:00, run_after=2025-11-19 03:00:00+00:00
[2025-11-18T21:27:05.463+0000] {processor.py:183} INFO - Processing /opt/airflow/dags/pipeline_strava_activities.py took 0.064 seconds
[2025-11-18T21:27:35.728+0000] {processor.py:161} INFO - Started process (PID=678) to work on /opt/airflow/dags/pipeline_strava_activities.py
[2025-11-18T21:27:35.729+0000] {processor.py:830} INFO - Processing file /opt/airflow/dags/pipeline_strava_activities.py for tasks to queue
[2025-11-18T21:27:35.731+0000] {logging_mixin.py:188} INFO - [2025-11-18T21:27:35.730+0000] {dagbag.py:545} INFO - Filling up the DagBag from /opt/airflow/dags/pipeline_strava_activities.py
[2025-11-18T21:27:35.742+0000] {processor.py:840} INFO - DAG(s) 'etl_strava_activities' retrieved from /opt/airflow/dags/pipeline_strava_activities.py
[2025-11-18T21:27:35.762+0000] {logging_mixin.py:188} INFO - [2025-11-18T21:27:35.762+0000] {dag.py:3089} INFO - Sync 1 DAGs
[2025-11-18T21:27:35.776+0000] {logging_mixin.py:188} INFO - [2025-11-18T21:27:35.776+0000] {dag.py:3947} INFO - Setting next_dagrun for etl_strava_activities to 2025-11-18 03:00:00+00:00, run_after=2025-11-19 03:00:00+00:00
[2025-11-18T21:27:35.785+0000] {processor.py:183} INFO - Processing /opt/airflow/dags/pipeline_strava_activities.py took 0.061 seconds
[2025-11-18T21:28:06.088+0000] {processor.py:161} INFO - Started process (PID=693) to work on /opt/airflow/dags/pipeline_strava_activities.py
[2025-11-18T21:28:06.089+0000] {processor.py:830} INFO - Processing file /opt/airflow/dags/pipeline_strava_activities.py for tasks to queue
[2025-11-18T21:28:06.090+0000] {logging_mixin.py:188} INFO - [2025-11-18T21:28:06.090+0000] {dagbag.py:545} INFO - Filling up the DagBag from /opt/airflow/dags/pipeline_strava_activities.py
[2025-11-18T21:28:06.105+0000] {processor.py:840} INFO - DAG(s) 'etl_strava_activities' retrieved from /opt/airflow/dags/pipeline_strava_activities.py
[2025-11-18T21:28:06.132+0000] {logging_mixin.py:188} INFO - [2025-11-18T21:28:06.131+0000] {dag.py:3089} INFO - Sync 1 DAGs
[2025-11-18T21:28:06.146+0000] {logging_mixin.py:188} INFO - [2025-11-18T21:28:06.145+0000] {dag.py:3947} INFO - Setting next_dagrun for etl_strava_activities to 2025-11-18 03:00:00+00:00, run_after=2025-11-19 03:00:00+00:00
[2025-11-18T21:28:06.154+0000] {processor.py:183} INFO - Processing /opt/airflow/dags/pipeline_strava_activities.py took 0.073 seconds
[2025-11-18T21:28:36.431+0000] {processor.py:161} INFO - Started process (PID=708) to work on /opt/airflow/dags/pipeline_strava_activities.py
[2025-11-18T21:28:36.431+0000] {processor.py:830} INFO - Processing file /opt/airflow/dags/pipeline_strava_activities.py for tasks to queue
[2025-11-18T21:28:36.433+0000] {logging_mixin.py:188} INFO - [2025-11-18T21:28:36.432+0000] {dagbag.py:545} INFO - Filling up the DagBag from /opt/airflow/dags/pipeline_strava_activities.py
[2025-11-18T21:28:36.442+0000] {processor.py:840} INFO - DAG(s) 'etl_strava_activities' retrieved from /opt/airflow/dags/pipeline_strava_activities.py
[2025-11-18T21:28:36.471+0000] {logging_mixin.py:188} INFO - [2025-11-18T21:28:36.470+0000] {dag.py:3089} INFO - Sync 1 DAGs
[2025-11-18T21:28:36.487+0000] {logging_mixin.py:188} INFO - [2025-11-18T21:28:36.486+0000] {dag.py:3947} INFO - Setting next_dagrun for etl_strava_activities to 2025-11-18 03:00:00+00:00, run_after=2025-11-19 03:00:00+00:00
[2025-11-18T21:28:36.511+0000] {processor.py:183} INFO - Processing /opt/airflow/dags/pipeline_strava_activities.py took 0.090 seconds
[2025-11-18T21:29:06.784+0000] {processor.py:161} INFO - Started process (PID=723) to work on /opt/airflow/dags/pipeline_strava_activities.py
[2025-11-18T21:29:06.785+0000] {processor.py:830} INFO - Processing file /opt/airflow/dags/pipeline_strava_activities.py for tasks to queue
[2025-11-18T21:29:06.788+0000] {logging_mixin.py:188} INFO - [2025-11-18T21:29:06.787+0000] {dagbag.py:545} INFO - Filling up the DagBag from /opt/airflow/dags/pipeline_strava_activities.py
[2025-11-18T21:29:06.809+0000] {processor.py:840} INFO - DAG(s) 'etl_strava_activities' retrieved from /opt/airflow/dags/pipeline_strava_activities.py
[2025-11-18T21:29:06.840+0000] {logging_mixin.py:188} INFO - [2025-11-18T21:29:06.840+0000] {dag.py:3089} INFO - Sync 1 DAGs
[2025-11-18T21:29:06.856+0000] {logging_mixin.py:188} INFO - [2025-11-18T21:29:06.856+0000] {dag.py:3947} INFO - Setting next_dagrun for etl_strava_activities to 2025-11-18 03:00:00+00:00, run_after=2025-11-19 03:00:00+00:00
[2025-11-18T21:29:06.872+0000] {processor.py:183} INFO - Processing /opt/airflow/dags/pipeline_strava_activities.py took 0.096 seconds
[2025-11-18T21:29:37.171+0000] {processor.py:161} INFO - Started process (PID=738) to work on /opt/airflow/dags/pipeline_strava_activities.py
[2025-11-18T21:29:37.172+0000] {processor.py:830} INFO - Processing file /opt/airflow/dags/pipeline_strava_activities.py for tasks to queue
[2025-11-18T21:29:37.176+0000] {logging_mixin.py:188} INFO - [2025-11-18T21:29:37.174+0000] {dagbag.py:545} INFO - Filling up the DagBag from /opt/airflow/dags/pipeline_strava_activities.py
[2025-11-18T21:29:37.201+0000] {processor.py:840} INFO - DAG(s) 'etl_strava_activities' retrieved from /opt/airflow/dags/pipeline_strava_activities.py
[2025-11-18T21:29:37.251+0000] {logging_mixin.py:188} INFO - [2025-11-18T21:29:37.251+0000] {dag.py:3089} INFO - Sync 1 DAGs
[2025-11-18T21:29:37.281+0000] {logging_mixin.py:188} INFO - [2025-11-18T21:29:37.281+0000] {dag.py:3947} INFO - Setting next_dagrun for etl_strava_activities to 2025-11-18 03:00:00+00:00, run_after=2025-11-19 03:00:00+00:00
[2025-11-18T21:29:37.302+0000] {processor.py:183} INFO - Processing /opt/airflow/dags/pipeline_strava_activities.py took 0.150 seconds
[2025-11-18T21:30:07.610+0000] {processor.py:161} INFO - Started process (PID=753) to work on /opt/airflow/dags/pipeline_strava_activities.py
[2025-11-18T21:30:07.611+0000] {processor.py:830} INFO - Processing file /opt/airflow/dags/pipeline_strava_activities.py for tasks to queue
[2025-11-18T21:30:07.613+0000] {logging_mixin.py:188} INFO - [2025-11-18T21:30:07.612+0000] {dagbag.py:545} INFO - Filling up the DagBag from /opt/airflow/dags/pipeline_strava_activities.py
[2025-11-18T21:30:07.633+0000] {processor.py:840} INFO - DAG(s) 'etl_strava_activities' retrieved from /opt/airflow/dags/pipeline_strava_activities.py
[2025-11-18T21:30:07.678+0000] {logging_mixin.py:188} INFO - [2025-11-18T21:30:07.678+0000] {dag.py:3089} INFO - Sync 1 DAGs
[2025-11-18T21:30:07.711+0000] {logging_mixin.py:188} INFO - [2025-11-18T21:30:07.711+0000] {dag.py:3947} INFO - Setting next_dagrun for etl_strava_activities to 2025-11-18 03:00:00+00:00, run_after=2025-11-19 03:00:00+00:00
[2025-11-18T21:30:07.724+0000] {processor.py:183} INFO - Processing /opt/airflow/dags/pipeline_strava_activities.py took 0.121 seconds
[2025-11-18T21:30:37.963+0000] {processor.py:161} INFO - Started process (PID=768) to work on /opt/airflow/dags/pipeline_strava_activities.py
[2025-11-18T21:30:37.963+0000] {processor.py:830} INFO - Processing file /opt/airflow/dags/pipeline_strava_activities.py for tasks to queue
[2025-11-18T21:30:37.965+0000] {logging_mixin.py:188} INFO - [2025-11-18T21:30:37.965+0000] {dagbag.py:545} INFO - Filling up the DagBag from /opt/airflow/dags/pipeline_strava_activities.py
[2025-11-18T21:30:37.977+0000] {processor.py:840} INFO - DAG(s) 'etl_strava_activities' retrieved from /opt/airflow/dags/pipeline_strava_activities.py
[2025-11-18T21:30:38.000+0000] {logging_mixin.py:188} INFO - [2025-11-18T21:30:38.000+0000] {dag.py:3089} INFO - Sync 1 DAGs
[2025-11-18T21:30:38.017+0000] {logging_mixin.py:188} INFO - [2025-11-18T21:30:38.017+0000] {dag.py:3947} INFO - Setting next_dagrun for etl_strava_activities to 2025-11-18 03:00:00+00:00, run_after=2025-11-19 03:00:00+00:00
[2025-11-18T21:30:38.030+0000] {processor.py:183} INFO - Processing /opt/airflow/dags/pipeline_strava_activities.py took 0.071 seconds
[2025-11-18T21:31:08.345+0000] {processor.py:161} INFO - Started process (PID=783) to work on /opt/airflow/dags/pipeline_strava_activities.py
[2025-11-18T21:31:08.346+0000] {processor.py:830} INFO - Processing file /opt/airflow/dags/pipeline_strava_activities.py for tasks to queue
[2025-11-18T21:31:08.348+0000] {logging_mixin.py:188} INFO - [2025-11-18T21:31:08.347+0000] {dagbag.py:545} INFO - Filling up the DagBag from /opt/airflow/dags/pipeline_strava_activities.py
[2025-11-18T21:31:08.359+0000] {processor.py:840} INFO - DAG(s) 'etl_strava_activities' retrieved from /opt/airflow/dags/pipeline_strava_activities.py
[2025-11-18T21:31:08.388+0000] {logging_mixin.py:188} INFO - [2025-11-18T21:31:08.388+0000] {dag.py:3089} INFO - Sync 1 DAGs
[2025-11-18T21:31:08.402+0000] {logging_mixin.py:188} INFO - [2025-11-18T21:31:08.402+0000] {dag.py:3947} INFO - Setting next_dagrun for etl_strava_activities to 2025-11-18 03:00:00+00:00, run_after=2025-11-19 03:00:00+00:00
[2025-11-18T21:31:08.411+0000] {processor.py:183} INFO - Processing /opt/airflow/dags/pipeline_strava_activities.py took 0.070 seconds
[2025-11-18T21:31:38.641+0000] {processor.py:161} INFO - Started process (PID=797) to work on /opt/airflow/dags/pipeline_strava_activities.py
[2025-11-18T21:31:38.642+0000] {processor.py:830} INFO - Processing file /opt/airflow/dags/pipeline_strava_activities.py for tasks to queue
[2025-11-18T21:31:38.645+0000] {logging_mixin.py:188} INFO - [2025-11-18T21:31:38.644+0000] {dagbag.py:545} INFO - Filling up the DagBag from /opt/airflow/dags/pipeline_strava_activities.py
[2025-11-18T21:31:38.669+0000] {processor.py:840} INFO - DAG(s) 'etl_strava_activities' retrieved from /opt/airflow/dags/pipeline_strava_activities.py
[2025-11-18T21:31:38.705+0000] {logging_mixin.py:188} INFO - [2025-11-18T21:31:38.704+0000] {dag.py:3089} INFO - Sync 1 DAGs
[2025-11-18T21:31:38.716+0000] {logging_mixin.py:188} INFO - [2025-11-18T21:31:38.716+0000] {dag.py:3947} INFO - Setting next_dagrun for etl_strava_activities to 2025-11-18 03:00:00+00:00, run_after=2025-11-19 03:00:00+00:00
[2025-11-18T21:31:38.725+0000] {processor.py:183} INFO - Processing /opt/airflow/dags/pipeline_strava_activities.py took 0.091 seconds
[2025-11-18T21:32:09.058+0000] {processor.py:161} INFO - Started process (PID=843) to work on /opt/airflow/dags/pipeline_strava_activities.py
[2025-11-18T21:32:09.061+0000] {processor.py:830} INFO - Processing file /opt/airflow/dags/pipeline_strava_activities.py for tasks to queue
[2025-11-18T21:32:09.066+0000] {logging_mixin.py:188} INFO - [2025-11-18T21:32:09.065+0000] {dagbag.py:545} INFO - Filling up the DagBag from /opt/airflow/dags/pipeline_strava_activities.py
[2025-11-18T21:32:09.095+0000] {processor.py:840} INFO - DAG(s) 'etl_strava_activities' retrieved from /opt/airflow/dags/pipeline_strava_activities.py
[2025-11-18T21:32:09.160+0000] {logging_mixin.py:188} INFO - [2025-11-18T21:32:09.160+0000] {dag.py:3089} INFO - Sync 1 DAGs
[2025-11-18T21:32:09.212+0000] {logging_mixin.py:188} INFO - [2025-11-18T21:32:09.212+0000] {dag.py:3947} INFO - Setting next_dagrun for etl_strava_activities to 2025-11-18 03:00:00+00:00, run_after=2025-11-19 03:00:00+00:00
[2025-11-18T21:32:09.238+0000] {processor.py:183} INFO - Processing /opt/airflow/dags/pipeline_strava_activities.py took 0.193 seconds
[2025-11-18T21:32:39.602+0000] {processor.py:161} INFO - Started process (PID=873) to work on /opt/airflow/dags/pipeline_strava_activities.py
[2025-11-18T21:32:39.603+0000] {processor.py:830} INFO - Processing file /opt/airflow/dags/pipeline_strava_activities.py for tasks to queue
[2025-11-18T21:32:39.605+0000] {logging_mixin.py:188} INFO - [2025-11-18T21:32:39.605+0000] {dagbag.py:545} INFO - Filling up the DagBag from /opt/airflow/dags/pipeline_strava_activities.py
[2025-11-18T21:32:39.622+0000] {processor.py:840} INFO - DAG(s) 'etl_strava_activities' retrieved from /opt/airflow/dags/pipeline_strava_activities.py
[2025-11-18T21:32:39.657+0000] {logging_mixin.py:188} INFO - [2025-11-18T21:32:39.657+0000] {dag.py:3089} INFO - Sync 1 DAGs
[2025-11-18T21:32:39.677+0000] {logging_mixin.py:188} INFO - [2025-11-18T21:32:39.677+0000] {dag.py:3947} INFO - Setting next_dagrun for etl_strava_activities to 2025-11-18 03:00:00+00:00, run_after=2025-11-19 03:00:00+00:00
[2025-11-18T21:32:39.686+0000] {processor.py:183} INFO - Processing /opt/airflow/dags/pipeline_strava_activities.py took 0.094 seconds
[2025-11-18T21:33:09.989+0000] {processor.py:161} INFO - Started process (PID=889) to work on /opt/airflow/dags/pipeline_strava_activities.py
[2025-11-18T21:33:09.990+0000] {processor.py:830} INFO - Processing file /opt/airflow/dags/pipeline_strava_activities.py for tasks to queue
[2025-11-18T21:33:09.993+0000] {logging_mixin.py:188} INFO - [2025-11-18T21:33:09.992+0000] {dagbag.py:545} INFO - Filling up the DagBag from /opt/airflow/dags/pipeline_strava_activities.py
[2025-11-18T21:33:10.014+0000] {processor.py:840} INFO - DAG(s) 'etl_strava_activities' retrieved from /opt/airflow/dags/pipeline_strava_activities.py
[2025-11-18T21:33:10.058+0000] {logging_mixin.py:188} INFO - [2025-11-18T21:33:10.058+0000] {dag.py:3089} INFO - Sync 1 DAGs
[2025-11-18T21:33:10.079+0000] {logging_mixin.py:188} INFO - [2025-11-18T21:33:10.079+0000] {dag.py:3947} INFO - Setting next_dagrun for etl_strava_activities to 2025-11-18 03:00:00+00:00, run_after=2025-11-19 03:00:00+00:00
[2025-11-18T21:33:10.091+0000] {processor.py:183} INFO - Processing /opt/airflow/dags/pipeline_strava_activities.py took 0.114 seconds
[2025-11-18T21:33:40.339+0000] {processor.py:161} INFO - Started process (PID=903) to work on /opt/airflow/dags/pipeline_strava_activities.py
[2025-11-18T21:33:40.340+0000] {processor.py:830} INFO - Processing file /opt/airflow/dags/pipeline_strava_activities.py for tasks to queue
[2025-11-18T21:33:40.341+0000] {logging_mixin.py:188} INFO - [2025-11-18T21:33:40.341+0000] {dagbag.py:545} INFO - Filling up the DagBag from /opt/airflow/dags/pipeline_strava_activities.py
[2025-11-18T21:33:40.353+0000] {processor.py:840} INFO - DAG(s) 'etl_strava_activities' retrieved from /opt/airflow/dags/pipeline_strava_activities.py
[2025-11-18T21:33:40.373+0000] {logging_mixin.py:188} INFO - [2025-11-18T21:33:40.373+0000] {dag.py:3089} INFO - Sync 1 DAGs
[2025-11-18T21:33:40.386+0000] {logging_mixin.py:188} INFO - [2025-11-18T21:33:40.386+0000] {dag.py:3947} INFO - Setting next_dagrun for etl_strava_activities to 2025-11-18 03:00:00+00:00, run_after=2025-11-19 03:00:00+00:00
[2025-11-18T21:33:40.394+0000] {processor.py:183} INFO - Processing /opt/airflow/dags/pipeline_strava_activities.py took 0.060 seconds
[2025-11-18T21:34:10.670+0000] {processor.py:161} INFO - Started process (PID=918) to work on /opt/airflow/dags/pipeline_strava_activities.py
[2025-11-18T21:34:10.671+0000] {processor.py:830} INFO - Processing file /opt/airflow/dags/pipeline_strava_activities.py for tasks to queue
[2025-11-18T21:34:10.680+0000] {logging_mixin.py:188} INFO - [2025-11-18T21:34:10.680+0000] {dagbag.py:545} INFO - Filling up the DagBag from /opt/airflow/dags/pipeline_strava_activities.py
[2025-11-18T21:34:10.698+0000] {processor.py:840} INFO - DAG(s) 'etl_strava_activities' retrieved from /opt/airflow/dags/pipeline_strava_activities.py
[2025-11-18T21:34:10.725+0000] {logging_mixin.py:188} INFO - [2025-11-18T21:34:10.725+0000] {dag.py:3089} INFO - Sync 1 DAGs
[2025-11-18T21:34:10.758+0000] {logging_mixin.py:188} INFO - [2025-11-18T21:34:10.758+0000] {dag.py:3947} INFO - Setting next_dagrun for etl_strava_activities to 2025-11-18 03:00:00+00:00, run_after=2025-11-19 03:00:00+00:00
[2025-11-18T21:34:10.770+0000] {processor.py:183} INFO - Processing /opt/airflow/dags/pipeline_strava_activities.py took 0.105 seconds
[2025-11-18T21:34:41.068+0000] {processor.py:161} INFO - Started process (PID=933) to work on /opt/airflow/dags/pipeline_strava_activities.py
[2025-11-18T21:34:41.069+0000] {processor.py:830} INFO - Processing file /opt/airflow/dags/pipeline_strava_activities.py for tasks to queue
[2025-11-18T21:34:41.073+0000] {logging_mixin.py:188} INFO - [2025-11-18T21:34:41.071+0000] {dagbag.py:545} INFO - Filling up the DagBag from /opt/airflow/dags/pipeline_strava_activities.py
[2025-11-18T21:34:41.084+0000] {processor.py:840} INFO - DAG(s) 'etl_strava_activities' retrieved from /opt/airflow/dags/pipeline_strava_activities.py
[2025-11-18T21:34:41.107+0000] {logging_mixin.py:188} INFO - [2025-11-18T21:34:41.107+0000] {dag.py:3089} INFO - Sync 1 DAGs
[2025-11-18T21:34:41.125+0000] {logging_mixin.py:188} INFO - [2025-11-18T21:34:41.125+0000] {dag.py:3947} INFO - Setting next_dagrun for etl_strava_activities to 2025-11-18 03:00:00+00:00, run_after=2025-11-19 03:00:00+00:00
[2025-11-18T21:34:41.133+0000] {processor.py:183} INFO - Processing /opt/airflow/dags/pipeline_strava_activities.py took 0.071 seconds
[2025-11-18T21:35:11.416+0000] {processor.py:161} INFO - Started process (PID=948) to work on /opt/airflow/dags/pipeline_strava_activities.py
[2025-11-18T21:35:11.417+0000] {processor.py:830} INFO - Processing file /opt/airflow/dags/pipeline_strava_activities.py for tasks to queue
[2025-11-18T21:35:11.419+0000] {logging_mixin.py:188} INFO - [2025-11-18T21:35:11.418+0000] {dagbag.py:545} INFO - Filling up the DagBag from /opt/airflow/dags/pipeline_strava_activities.py
[2025-11-18T21:35:11.437+0000] {processor.py:840} INFO - DAG(s) 'etl_strava_activities' retrieved from /opt/airflow/dags/pipeline_strava_activities.py
[2025-11-18T21:35:11.467+0000] {logging_mixin.py:188} INFO - [2025-11-18T21:35:11.467+0000] {dag.py:3089} INFO - Sync 1 DAGs
[2025-11-18T21:35:11.479+0000] {logging_mixin.py:188} INFO - [2025-11-18T21:35:11.479+0000] {dag.py:3947} INFO - Setting next_dagrun for etl_strava_activities to 2025-11-18 03:00:00+00:00, run_after=2025-11-19 03:00:00+00:00
[2025-11-18T21:35:11.489+0000] {processor.py:183} INFO - Processing /opt/airflow/dags/pipeline_strava_activities.py took 0.077 seconds
[2025-11-18T21:35:41.793+0000] {processor.py:161} INFO - Started process (PID=963) to work on /opt/airflow/dags/pipeline_strava_activities.py
[2025-11-18T21:35:41.794+0000] {processor.py:830} INFO - Processing file /opt/airflow/dags/pipeline_strava_activities.py for tasks to queue
[2025-11-18T21:35:41.798+0000] {logging_mixin.py:188} INFO - [2025-11-18T21:35:41.797+0000] {dagbag.py:545} INFO - Filling up the DagBag from /opt/airflow/dags/pipeline_strava_activities.py
[2025-11-18T21:35:41.813+0000] {processor.py:840} INFO - DAG(s) 'etl_strava_activities' retrieved from /opt/airflow/dags/pipeline_strava_activities.py
[2025-11-18T21:35:41.849+0000] {logging_mixin.py:188} INFO - [2025-11-18T21:35:41.849+0000] {dag.py:3089} INFO - Sync 1 DAGs
[2025-11-18T21:35:41.866+0000] {logging_mixin.py:188} INFO - [2025-11-18T21:35:41.866+0000] {dag.py:3947} INFO - Setting next_dagrun for etl_strava_activities to 2025-11-18 03:00:00+00:00, run_after=2025-11-19 03:00:00+00:00
[2025-11-18T21:35:41.879+0000] {processor.py:183} INFO - Processing /opt/airflow/dags/pipeline_strava_activities.py took 0.094 seconds
[2025-11-18T21:36:12.176+0000] {processor.py:161} INFO - Started process (PID=979) to work on /opt/airflow/dags/pipeline_strava_activities.py
[2025-11-18T21:36:12.177+0000] {processor.py:830} INFO - Processing file /opt/airflow/dags/pipeline_strava_activities.py for tasks to queue
[2025-11-18T21:36:12.179+0000] {logging_mixin.py:188} INFO - [2025-11-18T21:36:12.179+0000] {dagbag.py:545} INFO - Filling up the DagBag from /opt/airflow/dags/pipeline_strava_activities.py
[2025-11-18T21:36:12.195+0000] {processor.py:840} INFO - DAG(s) 'etl_strava_activities' retrieved from /opt/airflow/dags/pipeline_strava_activities.py
[2025-11-18T21:36:12.259+0000] {logging_mixin.py:188} INFO - [2025-11-18T21:36:12.259+0000] {dag.py:3089} INFO - Sync 1 DAGs
[2025-11-18T21:36:12.282+0000] {logging_mixin.py:188} INFO - [2025-11-18T21:36:12.282+0000] {dag.py:3947} INFO - Setting next_dagrun for etl_strava_activities to 2025-11-18 03:00:00+00:00, run_after=2025-11-19 03:00:00+00:00
[2025-11-18T21:36:12.297+0000] {processor.py:183} INFO - Processing /opt/airflow/dags/pipeline_strava_activities.py took 0.129 seconds
[2025-11-18T21:36:42.609+0000] {processor.py:161} INFO - Started process (PID=993) to work on /opt/airflow/dags/pipeline_strava_activities.py
[2025-11-18T21:36:42.610+0000] {processor.py:830} INFO - Processing file /opt/airflow/dags/pipeline_strava_activities.py for tasks to queue
[2025-11-18T21:36:42.613+0000] {logging_mixin.py:188} INFO - [2025-11-18T21:36:42.613+0000] {dagbag.py:545} INFO - Filling up the DagBag from /opt/airflow/dags/pipeline_strava_activities.py
[2025-11-18T21:36:42.635+0000] {processor.py:840} INFO - DAG(s) 'etl_strava_activities' retrieved from /opt/airflow/dags/pipeline_strava_activities.py
[2025-11-18T21:36:42.657+0000] {logging_mixin.py:188} INFO - [2025-11-18T21:36:42.656+0000] {dag.py:3089} INFO - Sync 1 DAGs
[2025-11-18T21:36:42.668+0000] {logging_mixin.py:188} INFO - [2025-11-18T21:36:42.668+0000] {dag.py:3947} INFO - Setting next_dagrun for etl_strava_activities to 2025-11-18 03:00:00+00:00, run_after=2025-11-19 03:00:00+00:00
[2025-11-18T21:36:42.676+0000] {processor.py:183} INFO - Processing /opt/airflow/dags/pipeline_strava_activities.py took 0.078 seconds
[2025-11-18T21:37:12.947+0000] {processor.py:161} INFO - Started process (PID=1008) to work on /opt/airflow/dags/pipeline_strava_activities.py
[2025-11-18T21:37:12.948+0000] {processor.py:830} INFO - Processing file /opt/airflow/dags/pipeline_strava_activities.py for tasks to queue
[2025-11-18T21:37:12.952+0000] {logging_mixin.py:188} INFO - [2025-11-18T21:37:12.951+0000] {dagbag.py:545} INFO - Filling up the DagBag from /opt/airflow/dags/pipeline_strava_activities.py
[2025-11-18T21:37:12.965+0000] {processor.py:840} INFO - DAG(s) 'etl_strava_activities' retrieved from /opt/airflow/dags/pipeline_strava_activities.py
[2025-11-18T21:37:12.997+0000] {logging_mixin.py:188} INFO - [2025-11-18T21:37:12.997+0000] {dag.py:3089} INFO - Sync 1 DAGs
[2025-11-18T21:37:13.012+0000] {logging_mixin.py:188} INFO - [2025-11-18T21:37:13.012+0000] {dag.py:3947} INFO - Setting next_dagrun for etl_strava_activities to 2025-11-18 03:00:00+00:00, run_after=2025-11-19 03:00:00+00:00
[2025-11-18T21:37:13.027+0000] {processor.py:183} INFO - Processing /opt/airflow/dags/pipeline_strava_activities.py took 0.086 seconds
[2025-11-18T21:37:43.284+0000] {processor.py:161} INFO - Started process (PID=1023) to work on /opt/airflow/dags/pipeline_strava_activities.py
[2025-11-18T21:37:43.285+0000] {processor.py:830} INFO - Processing file /opt/airflow/dags/pipeline_strava_activities.py for tasks to queue
[2025-11-18T21:37:43.287+0000] {logging_mixin.py:188} INFO - [2025-11-18T21:37:43.287+0000] {dagbag.py:545} INFO - Filling up the DagBag from /opt/airflow/dags/pipeline_strava_activities.py
[2025-11-18T21:37:43.303+0000] {processor.py:840} INFO - DAG(s) 'etl_strava_activities' retrieved from /opt/airflow/dags/pipeline_strava_activities.py
[2025-11-18T21:37:43.327+0000] {logging_mixin.py:188} INFO - [2025-11-18T21:37:43.327+0000] {dag.py:3089} INFO - Sync 1 DAGs
[2025-11-18T21:37:43.344+0000] {logging_mixin.py:188} INFO - [2025-11-18T21:37:43.344+0000] {dag.py:3947} INFO - Setting next_dagrun for etl_strava_activities to 2025-11-18 03:00:00+00:00, run_after=2025-11-19 03:00:00+00:00
[2025-11-18T21:37:43.352+0000] {processor.py:183} INFO - Processing /opt/airflow/dags/pipeline_strava_activities.py took 0.077 seconds
[2025-11-18T21:38:13.623+0000] {processor.py:161} INFO - Started process (PID=1039) to work on /opt/airflow/dags/pipeline_strava_activities.py
[2025-11-18T21:38:13.624+0000] {processor.py:830} INFO - Processing file /opt/airflow/dags/pipeline_strava_activities.py for tasks to queue
[2025-11-18T21:38:13.626+0000] {logging_mixin.py:188} INFO - [2025-11-18T21:38:13.626+0000] {dagbag.py:545} INFO - Filling up the DagBag from /opt/airflow/dags/pipeline_strava_activities.py
[2025-11-18T21:38:13.640+0000] {processor.py:840} INFO - DAG(s) 'etl_strava_activities' retrieved from /opt/airflow/dags/pipeline_strava_activities.py
[2025-11-18T21:38:13.665+0000] {logging_mixin.py:188} INFO - [2025-11-18T21:38:13.665+0000] {dag.py:3089} INFO - Sync 1 DAGs
[2025-11-18T21:38:13.679+0000] {logging_mixin.py:188} INFO - [2025-11-18T21:38:13.679+0000] {dag.py:3947} INFO - Setting next_dagrun for etl_strava_activities to 2025-11-18 03:00:00+00:00, run_after=2025-11-19 03:00:00+00:00
[2025-11-18T21:38:13.687+0000] {processor.py:183} INFO - Processing /opt/airflow/dags/pipeline_strava_activities.py took 0.069 seconds
[2025-11-18T21:38:44.042+0000] {processor.py:161} INFO - Started process (PID=1053) to work on /opt/airflow/dags/pipeline_strava_activities.py
[2025-11-18T21:38:44.043+0000] {processor.py:830} INFO - Processing file /opt/airflow/dags/pipeline_strava_activities.py for tasks to queue
[2025-11-18T21:38:44.045+0000] {logging_mixin.py:188} INFO - [2025-11-18T21:38:44.044+0000] {dagbag.py:545} INFO - Filling up the DagBag from /opt/airflow/dags/pipeline_strava_activities.py
[2025-11-18T21:38:44.060+0000] {processor.py:840} INFO - DAG(s) 'etl_strava_activities' retrieved from /opt/airflow/dags/pipeline_strava_activities.py
[2025-11-18T21:38:44.082+0000] {logging_mixin.py:188} INFO - [2025-11-18T21:38:44.081+0000] {dag.py:3089} INFO - Sync 1 DAGs
[2025-11-18T21:38:44.095+0000] {logging_mixin.py:188} INFO - [2025-11-18T21:38:44.095+0000] {dag.py:3947} INFO - Setting next_dagrun for etl_strava_activities to 2025-11-18 03:00:00+00:00, run_after=2025-11-19 03:00:00+00:00
[2025-11-18T21:38:44.109+0000] {processor.py:183} INFO - Processing /opt/airflow/dags/pipeline_strava_activities.py took 0.072 seconds
[2025-11-18T21:39:14.443+0000] {processor.py:161} INFO - Started process (PID=1068) to work on /opt/airflow/dags/pipeline_strava_activities.py
[2025-11-18T21:39:14.444+0000] {processor.py:830} INFO - Processing file /opt/airflow/dags/pipeline_strava_activities.py for tasks to queue
[2025-11-18T21:39:14.446+0000] {logging_mixin.py:188} INFO - [2025-11-18T21:39:14.445+0000] {dagbag.py:545} INFO - Filling up the DagBag from /opt/airflow/dags/pipeline_strava_activities.py
[2025-11-18T21:39:14.458+0000] {processor.py:840} INFO - DAG(s) 'etl_strava_activities' retrieved from /opt/airflow/dags/pipeline_strava_activities.py
[2025-11-18T21:39:14.484+0000] {logging_mixin.py:188} INFO - [2025-11-18T21:39:14.484+0000] {dag.py:3089} INFO - Sync 1 DAGs
[2025-11-18T21:39:14.499+0000] {logging_mixin.py:188} INFO - [2025-11-18T21:39:14.499+0000] {dag.py:3947} INFO - Setting next_dagrun for etl_strava_activities to 2025-11-18 03:00:00+00:00, run_after=2025-11-19 03:00:00+00:00
[2025-11-18T21:39:14.508+0000] {processor.py:183} INFO - Processing /opt/airflow/dags/pipeline_strava_activities.py took 0.073 seconds
[2025-11-18T21:39:44.860+0000] {processor.py:161} INFO - Started process (PID=1083) to work on /opt/airflow/dags/pipeline_strava_activities.py
[2025-11-18T21:39:44.860+0000] {processor.py:830} INFO - Processing file /opt/airflow/dags/pipeline_strava_activities.py for tasks to queue
[2025-11-18T21:39:44.862+0000] {logging_mixin.py:188} INFO - [2025-11-18T21:39:44.862+0000] {dagbag.py:545} INFO - Filling up the DagBag from /opt/airflow/dags/pipeline_strava_activities.py
[2025-11-18T21:39:44.874+0000] {processor.py:840} INFO - DAG(s) 'etl_strava_activities' retrieved from /opt/airflow/dags/pipeline_strava_activities.py
[2025-11-18T21:39:44.893+0000] {logging_mixin.py:188} INFO - [2025-11-18T21:39:44.893+0000] {dag.py:3089} INFO - Sync 1 DAGs
[2025-11-18T21:39:44.905+0000] {logging_mixin.py:188} INFO - [2025-11-18T21:39:44.905+0000] {dag.py:3947} INFO - Setting next_dagrun for etl_strava_activities to 2025-11-18 03:00:00+00:00, run_after=2025-11-19 03:00:00+00:00
[2025-11-18T21:39:44.913+0000] {processor.py:183} INFO - Processing /opt/airflow/dags/pipeline_strava_activities.py took 0.059 seconds
[2025-11-18T21:40:15.267+0000] {processor.py:161} INFO - Started process (PID=1098) to work on /opt/airflow/dags/pipeline_strava_activities.py
[2025-11-18T21:40:15.268+0000] {processor.py:830} INFO - Processing file /opt/airflow/dags/pipeline_strava_activities.py for tasks to queue
[2025-11-18T21:40:15.270+0000] {logging_mixin.py:188} INFO - [2025-11-18T21:40:15.270+0000] {dagbag.py:545} INFO - Filling up the DagBag from /opt/airflow/dags/pipeline_strava_activities.py
[2025-11-18T21:40:15.291+0000] {processor.py:840} INFO - DAG(s) 'etl_strava_activities' retrieved from /opt/airflow/dags/pipeline_strava_activities.py
[2025-11-18T21:40:15.317+0000] {logging_mixin.py:188} INFO - [2025-11-18T21:40:15.317+0000] {dag.py:3089} INFO - Sync 1 DAGs
[2025-11-18T21:40:15.339+0000] {logging_mixin.py:188} INFO - [2025-11-18T21:40:15.339+0000] {dag.py:3947} INFO - Setting next_dagrun for etl_strava_activities to 2025-11-18 03:00:00+00:00, run_after=2025-11-19 03:00:00+00:00
[2025-11-18T21:40:15.348+0000] {processor.py:183} INFO - Processing /opt/airflow/dags/pipeline_strava_activities.py took 0.091 seconds
[2025-11-18T21:40:45.642+0000] {processor.py:161} INFO - Started process (PID=1113) to work on /opt/airflow/dags/pipeline_strava_activities.py
[2025-11-18T21:40:45.643+0000] {processor.py:830} INFO - Processing file /opt/airflow/dags/pipeline_strava_activities.py for tasks to queue
[2025-11-18T21:40:45.645+0000] {logging_mixin.py:188} INFO - [2025-11-18T21:40:45.644+0000] {dagbag.py:545} INFO - Filling up the DagBag from /opt/airflow/dags/pipeline_strava_activities.py
[2025-11-18T21:40:45.656+0000] {processor.py:840} INFO - DAG(s) 'etl_strava_activities' retrieved from /opt/airflow/dags/pipeline_strava_activities.py
[2025-11-18T21:40:45.676+0000] {logging_mixin.py:188} INFO - [2025-11-18T21:40:45.676+0000] {dag.py:3089} INFO - Sync 1 DAGs
[2025-11-18T21:40:45.694+0000] {logging_mixin.py:188} INFO - [2025-11-18T21:40:45.694+0000] {dag.py:3947} INFO - Setting next_dagrun for etl_strava_activities to 2025-11-18 03:00:00+00:00, run_after=2025-11-19 03:00:00+00:00
[2025-11-18T21:40:45.703+0000] {processor.py:183} INFO - Processing /opt/airflow/dags/pipeline_strava_activities.py took 0.068 seconds
[2025-11-18T21:41:16.082+0000] {processor.py:161} INFO - Started process (PID=1129) to work on /opt/airflow/dags/pipeline_strava_activities.py
[2025-11-18T21:41:16.083+0000] {processor.py:830} INFO - Processing file /opt/airflow/dags/pipeline_strava_activities.py for tasks to queue
[2025-11-18T21:41:16.085+0000] {logging_mixin.py:188} INFO - [2025-11-18T21:41:16.084+0000] {dagbag.py:545} INFO - Filling up the DagBag from /opt/airflow/dags/pipeline_strava_activities.py
[2025-11-18T21:41:16.096+0000] {processor.py:840} INFO - DAG(s) 'etl_strava_activities' retrieved from /opt/airflow/dags/pipeline_strava_activities.py
[2025-11-18T21:41:16.117+0000] {logging_mixin.py:188} INFO - [2025-11-18T21:41:16.117+0000] {dag.py:3089} INFO - Sync 1 DAGs
[2025-11-18T21:41:16.130+0000] {logging_mixin.py:188} INFO - [2025-11-18T21:41:16.130+0000] {dag.py:3947} INFO - Setting next_dagrun for etl_strava_activities to 2025-11-18 03:00:00+00:00, run_after=2025-11-19 03:00:00+00:00
[2025-11-18T21:41:16.138+0000] {processor.py:183} INFO - Processing /opt/airflow/dags/pipeline_strava_activities.py took 0.061 seconds
[2025-11-18T21:41:46.412+0000] {processor.py:161} INFO - Started process (PID=1144) to work on /opt/airflow/dags/pipeline_strava_activities.py
[2025-11-18T21:41:46.413+0000] {processor.py:830} INFO - Processing file /opt/airflow/dags/pipeline_strava_activities.py for tasks to queue
[2025-11-18T21:41:46.414+0000] {logging_mixin.py:188} INFO - [2025-11-18T21:41:46.414+0000] {dagbag.py:545} INFO - Filling up the DagBag from /opt/airflow/dags/pipeline_strava_activities.py
[2025-11-18T21:41:46.424+0000] {processor.py:840} INFO - DAG(s) 'etl_strava_activities' retrieved from /opt/airflow/dags/pipeline_strava_activities.py
[2025-11-18T21:41:46.444+0000] {logging_mixin.py:188} INFO - [2025-11-18T21:41:46.444+0000] {dag.py:3089} INFO - Sync 1 DAGs
[2025-11-18T21:41:46.458+0000] {logging_mixin.py:188} INFO - [2025-11-18T21:41:46.458+0000] {dag.py:3947} INFO - Setting next_dagrun for etl_strava_activities to 2025-11-18 03:00:00+00:00, run_after=2025-11-19 03:00:00+00:00
[2025-11-18T21:41:46.466+0000] {processor.py:183} INFO - Processing /opt/airflow/dags/pipeline_strava_activities.py took 0.059 seconds
[2025-11-18T21:42:16.754+0000] {processor.py:161} INFO - Started process (PID=1158) to work on /opt/airflow/dags/pipeline_strava_activities.py
[2025-11-18T21:42:16.755+0000] {processor.py:830} INFO - Processing file /opt/airflow/dags/pipeline_strava_activities.py for tasks to queue
[2025-11-18T21:42:16.757+0000] {logging_mixin.py:188} INFO - [2025-11-18T21:42:16.756+0000] {dagbag.py:545} INFO - Filling up the DagBag from /opt/airflow/dags/pipeline_strava_activities.py
[2025-11-18T21:42:16.770+0000] {processor.py:840} INFO - DAG(s) 'etl_strava_activities' retrieved from /opt/airflow/dags/pipeline_strava_activities.py
[2025-11-18T21:42:16.795+0000] {logging_mixin.py:188} INFO - [2025-11-18T21:42:16.795+0000] {dag.py:3089} INFO - Sync 1 DAGs
[2025-11-18T21:42:16.810+0000] {logging_mixin.py:188} INFO - [2025-11-18T21:42:16.810+0000] {dag.py:3947} INFO - Setting next_dagrun for etl_strava_activities to 2025-11-18 03:00:00+00:00, run_after=2025-11-19 03:00:00+00:00
[2025-11-18T21:42:16.818+0000] {processor.py:183} INFO - Processing /opt/airflow/dags/pipeline_strava_activities.py took 0.074 seconds
[2025-11-18T21:42:47.082+0000] {processor.py:161} INFO - Started process (PID=1173) to work on /opt/airflow/dags/pipeline_strava_activities.py
[2025-11-18T21:42:47.082+0000] {processor.py:830} INFO - Processing file /opt/airflow/dags/pipeline_strava_activities.py for tasks to queue
[2025-11-18T21:42:47.084+0000] {logging_mixin.py:188} INFO - [2025-11-18T21:42:47.084+0000] {dagbag.py:545} INFO - Filling up the DagBag from /opt/airflow/dags/pipeline_strava_activities.py
[2025-11-18T21:42:47.096+0000] {processor.py:840} INFO - DAG(s) 'etl_strava_activities' retrieved from /opt/airflow/dags/pipeline_strava_activities.py
[2025-11-18T21:42:47.124+0000] {logging_mixin.py:188} INFO - [2025-11-18T21:42:47.123+0000] {dag.py:3089} INFO - Sync 1 DAGs
[2025-11-18T21:42:47.136+0000] {logging_mixin.py:188} INFO - [2025-11-18T21:42:47.136+0000] {dag.py:3947} INFO - Setting next_dagrun for etl_strava_activities to 2025-11-18 03:00:00+00:00, run_after=2025-11-19 03:00:00+00:00
[2025-11-18T21:42:47.144+0000] {processor.py:183} INFO - Processing /opt/airflow/dags/pipeline_strava_activities.py took 0.066 seconds
[2025-11-18T21:43:17.401+0000] {processor.py:161} INFO - Started process (PID=1188) to work on /opt/airflow/dags/pipeline_strava_activities.py
[2025-11-18T21:43:17.403+0000] {processor.py:830} INFO - Processing file /opt/airflow/dags/pipeline_strava_activities.py for tasks to queue
[2025-11-18T21:43:17.409+0000] {logging_mixin.py:188} INFO - [2025-11-18T21:43:17.408+0000] {dagbag.py:545} INFO - Filling up the DagBag from /opt/airflow/dags/pipeline_strava_activities.py
[2025-11-18T21:43:17.419+0000] {processor.py:840} INFO - DAG(s) 'etl_strava_activities' retrieved from /opt/airflow/dags/pipeline_strava_activities.py
[2025-11-18T21:43:17.452+0000] {logging_mixin.py:188} INFO - [2025-11-18T21:43:17.452+0000] {dag.py:3089} INFO - Sync 1 DAGs
[2025-11-18T21:43:17.466+0000] {logging_mixin.py:188} INFO - [2025-11-18T21:43:17.466+0000] {dag.py:3947} INFO - Setting next_dagrun for etl_strava_activities to 2025-11-18 03:00:00+00:00, run_after=2025-11-19 03:00:00+00:00
[2025-11-18T21:43:17.478+0000] {processor.py:183} INFO - Processing /opt/airflow/dags/pipeline_strava_activities.py took 0.087 seconds
[2025-11-18T21:43:47.859+0000] {processor.py:161} INFO - Started process (PID=1202) to work on /opt/airflow/dags/pipeline_strava_activities.py
[2025-11-18T21:43:47.860+0000] {processor.py:830} INFO - Processing file /opt/airflow/dags/pipeline_strava_activities.py for tasks to queue
[2025-11-18T21:43:47.862+0000] {logging_mixin.py:188} INFO - [2025-11-18T21:43:47.861+0000] {dagbag.py:545} INFO - Filling up the DagBag from /opt/airflow/dags/pipeline_strava_activities.py
[2025-11-18T21:43:47.880+0000] {processor.py:840} INFO - DAG(s) 'etl_strava_activities' retrieved from /opt/airflow/dags/pipeline_strava_activities.py
[2025-11-18T21:43:47.904+0000] {logging_mixin.py:188} INFO - [2025-11-18T21:43:47.904+0000] {dag.py:3089} INFO - Sync 1 DAGs
[2025-11-18T21:43:47.918+0000] {logging_mixin.py:188} INFO - [2025-11-18T21:43:47.918+0000] {dag.py:3947} INFO - Setting next_dagrun for etl_strava_activities to 2025-11-18 03:00:00+00:00, run_after=2025-11-19 03:00:00+00:00
[2025-11-18T21:43:47.926+0000] {processor.py:183} INFO - Processing /opt/airflow/dags/pipeline_strava_activities.py took 0.073 seconds
[2025-11-18T21:44:18.208+0000] {processor.py:161} INFO - Started process (PID=1218) to work on /opt/airflow/dags/pipeline_strava_activities.py
[2025-11-18T21:44:18.208+0000] {processor.py:830} INFO - Processing file /opt/airflow/dags/pipeline_strava_activities.py for tasks to queue
[2025-11-18T21:44:18.217+0000] {logging_mixin.py:188} INFO - [2025-11-18T21:44:18.216+0000] {dagbag.py:545} INFO - Filling up the DagBag from /opt/airflow/dags/pipeline_strava_activities.py
[2025-11-18T21:44:18.405+0000] {processor.py:840} INFO - DAG(s) 'etl_strava_activities' retrieved from /opt/airflow/dags/pipeline_strava_activities.py
[2025-11-18T21:44:18.449+0000] {logging_mixin.py:188} INFO - [2025-11-18T21:44:18.448+0000] {dag.py:3089} INFO - Sync 1 DAGs
[2025-11-18T21:44:18.477+0000] {logging_mixin.py:188} INFO - [2025-11-18T21:44:18.477+0000] {dag.py:3947} INFO - Setting next_dagrun for etl_strava_activities to 2025-11-18 03:00:00+00:00, run_after=2025-11-19 03:00:00+00:00
[2025-11-18T21:44:18.496+0000] {processor.py:183} INFO - Processing /opt/airflow/dags/pipeline_strava_activities.py took 0.295 seconds
[2025-11-18T21:44:48.843+0000] {processor.py:161} INFO - Started process (PID=1233) to work on /opt/airflow/dags/pipeline_strava_activities.py
[2025-11-18T21:44:48.843+0000] {processor.py:830} INFO - Processing file /opt/airflow/dags/pipeline_strava_activities.py for tasks to queue
[2025-11-18T21:44:48.845+0000] {logging_mixin.py:188} INFO - [2025-11-18T21:44:48.844+0000] {dagbag.py:545} INFO - Filling up the DagBag from /opt/airflow/dags/pipeline_strava_activities.py
[2025-11-18T21:44:48.856+0000] {processor.py:840} INFO - DAG(s) 'etl_strava_activities' retrieved from /opt/airflow/dags/pipeline_strava_activities.py
[2025-11-18T21:44:48.881+0000] {logging_mixin.py:188} INFO - [2025-11-18T21:44:48.881+0000] {dag.py:3089} INFO - Sync 1 DAGs
[2025-11-18T21:44:48.895+0000] {logging_mixin.py:188} INFO - [2025-11-18T21:44:48.895+0000] {dag.py:3947} INFO - Setting next_dagrun for etl_strava_activities to 2025-11-18 03:00:00+00:00, run_after=2025-11-19 03:00:00+00:00
[2025-11-18T21:44:48.902+0000] {processor.py:183} INFO - Processing /opt/airflow/dags/pipeline_strava_activities.py took 0.064 seconds
[2025-11-18T21:45:19.153+0000] {processor.py:161} INFO - Started process (PID=1248) to work on /opt/airflow/dags/pipeline_strava_activities.py
[2025-11-18T21:45:19.153+0000] {processor.py:830} INFO - Processing file /opt/airflow/dags/pipeline_strava_activities.py for tasks to queue
[2025-11-18T21:45:19.156+0000] {logging_mixin.py:188} INFO - [2025-11-18T21:45:19.155+0000] {dagbag.py:545} INFO - Filling up the DagBag from /opt/airflow/dags/pipeline_strava_activities.py
[2025-11-18T21:45:19.168+0000] {processor.py:840} INFO - DAG(s) 'etl_strava_activities' retrieved from /opt/airflow/dags/pipeline_strava_activities.py
[2025-11-18T21:45:19.190+0000] {logging_mixin.py:188} INFO - [2025-11-18T21:45:19.190+0000] {dag.py:3089} INFO - Sync 1 DAGs
[2025-11-18T21:45:19.210+0000] {logging_mixin.py:188} INFO - [2025-11-18T21:45:19.210+0000] {dag.py:3947} INFO - Setting next_dagrun for etl_strava_activities to 2025-11-18 03:00:00+00:00, run_after=2025-11-19 03:00:00+00:00
[2025-11-18T21:45:19.218+0000] {processor.py:183} INFO - Processing /opt/airflow/dags/pipeline_strava_activities.py took 0.075 seconds
[2025-11-18T21:45:49.536+0000] {processor.py:161} INFO - Started process (PID=1263) to work on /opt/airflow/dags/pipeline_strava_activities.py
[2025-11-18T21:45:49.537+0000] {processor.py:830} INFO - Processing file /opt/airflow/dags/pipeline_strava_activities.py for tasks to queue
[2025-11-18T21:45:49.539+0000] {logging_mixin.py:188} INFO - [2025-11-18T21:45:49.539+0000] {dagbag.py:545} INFO - Filling up the DagBag from /opt/airflow/dags/pipeline_strava_activities.py
[2025-11-18T21:45:49.550+0000] {processor.py:840} INFO - DAG(s) 'etl_strava_activities' retrieved from /opt/airflow/dags/pipeline_strava_activities.py
[2025-11-18T21:45:49.571+0000] {logging_mixin.py:188} INFO - [2025-11-18T21:45:49.571+0000] {dag.py:3089} INFO - Sync 1 DAGs
[2025-11-18T21:45:49.583+0000] {logging_mixin.py:188} INFO - [2025-11-18T21:45:49.583+0000] {dag.py:3947} INFO - Setting next_dagrun for etl_strava_activities to 2025-11-18 03:00:00+00:00, run_after=2025-11-19 03:00:00+00:00
[2025-11-18T21:45:49.591+0000] {processor.py:183} INFO - Processing /opt/airflow/dags/pipeline_strava_activities.py took 0.065 seconds
[2025-11-18T21:46:19.884+0000] {processor.py:161} INFO - Started process (PID=1278) to work on /opt/airflow/dags/pipeline_strava_activities.py
[2025-11-18T21:46:19.885+0000] {processor.py:830} INFO - Processing file /opt/airflow/dags/pipeline_strava_activities.py for tasks to queue
[2025-11-18T21:46:19.887+0000] {logging_mixin.py:188} INFO - [2025-11-18T21:46:19.886+0000] {dagbag.py:545} INFO - Filling up the DagBag from /opt/airflow/dags/pipeline_strava_activities.py
[2025-11-18T21:46:19.901+0000] {processor.py:840} INFO - DAG(s) 'etl_strava_activities' retrieved from /opt/airflow/dags/pipeline_strava_activities.py
[2025-11-18T21:46:19.925+0000] {logging_mixin.py:188} INFO - [2025-11-18T21:46:19.925+0000] {dag.py:3089} INFO - Sync 1 DAGs
[2025-11-18T21:46:19.942+0000] {logging_mixin.py:188} INFO - [2025-11-18T21:46:19.941+0000] {dag.py:3947} INFO - Setting next_dagrun for etl_strava_activities to 2025-11-18 03:00:00+00:00, run_after=2025-11-19 03:00:00+00:00
[2025-11-18T21:46:19.950+0000] {processor.py:183} INFO - Processing /opt/airflow/dags/pipeline_strava_activities.py took 0.074 seconds
[2025-11-18T21:46:50.228+0000] {processor.py:161} INFO - Started process (PID=1293) to work on /opt/airflow/dags/pipeline_strava_activities.py
[2025-11-18T21:46:50.229+0000] {processor.py:830} INFO - Processing file /opt/airflow/dags/pipeline_strava_activities.py for tasks to queue
[2025-11-18T21:46:50.231+0000] {logging_mixin.py:188} INFO - [2025-11-18T21:46:50.230+0000] {dagbag.py:545} INFO - Filling up the DagBag from /opt/airflow/dags/pipeline_strava_activities.py
[2025-11-18T21:46:50.249+0000] {processor.py:840} INFO - DAG(s) 'etl_strava_activities' retrieved from /opt/airflow/dags/pipeline_strava_activities.py
[2025-11-18T21:46:50.271+0000] {logging_mixin.py:188} INFO - [2025-11-18T21:46:50.271+0000] {dag.py:3089} INFO - Sync 1 DAGs
[2025-11-18T21:46:50.289+0000] {logging_mixin.py:188} INFO - [2025-11-18T21:46:50.289+0000] {dag.py:3947} INFO - Setting next_dagrun for etl_strava_activities to 2025-11-18 03:00:00+00:00, run_after=2025-11-19 03:00:00+00:00
[2025-11-18T21:46:50.297+0000] {processor.py:183} INFO - Processing /opt/airflow/dags/pipeline_strava_activities.py took 0.074 seconds
[2025-11-18T21:47:20.634+0000] {processor.py:161} INFO - Started process (PID=1308) to work on /opt/airflow/dags/pipeline_strava_activities.py
[2025-11-18T21:47:20.635+0000] {processor.py:830} INFO - Processing file /opt/airflow/dags/pipeline_strava_activities.py for tasks to queue
[2025-11-18T21:47:20.640+0000] {logging_mixin.py:188} INFO - [2025-11-18T21:47:20.638+0000] {dagbag.py:545} INFO - Filling up the DagBag from /opt/airflow/dags/pipeline_strava_activities.py
[2025-11-18T21:47:20.663+0000] {processor.py:840} INFO - DAG(s) 'etl_strava_activities' retrieved from /opt/airflow/dags/pipeline_strava_activities.py
[2025-11-18T21:47:20.695+0000] {logging_mixin.py:188} INFO - [2025-11-18T21:47:20.694+0000] {dag.py:3089} INFO - Sync 1 DAGs
[2025-11-18T21:47:20.708+0000] {logging_mixin.py:188} INFO - [2025-11-18T21:47:20.707+0000] {dag.py:3947} INFO - Setting next_dagrun for etl_strava_activities to 2025-11-18 03:00:00+00:00, run_after=2025-11-19 03:00:00+00:00
[2025-11-18T21:47:20.717+0000] {processor.py:183} INFO - Processing /opt/airflow/dags/pipeline_strava_activities.py took 0.090 seconds
[2025-11-18T21:47:51.013+0000] {processor.py:161} INFO - Started process (PID=1324) to work on /opt/airflow/dags/pipeline_strava_activities.py
[2025-11-18T21:47:51.013+0000] {processor.py:830} INFO - Processing file /opt/airflow/dags/pipeline_strava_activities.py for tasks to queue
[2025-11-18T21:47:51.015+0000] {logging_mixin.py:188} INFO - [2025-11-18T21:47:51.014+0000] {dagbag.py:545} INFO - Filling up the DagBag from /opt/airflow/dags/pipeline_strava_activities.py
[2025-11-18T21:47:51.026+0000] {processor.py:840} INFO - DAG(s) 'etl_strava_activities' retrieved from /opt/airflow/dags/pipeline_strava_activities.py
[2025-11-18T21:47:51.045+0000] {logging_mixin.py:188} INFO - [2025-11-18T21:47:51.045+0000] {dag.py:3089} INFO - Sync 1 DAGs
[2025-11-18T21:47:51.057+0000] {logging_mixin.py:188} INFO - [2025-11-18T21:47:51.057+0000] {dag.py:3947} INFO - Setting next_dagrun for etl_strava_activities to 2025-11-18 03:00:00+00:00, run_after=2025-11-19 03:00:00+00:00
[2025-11-18T21:47:51.064+0000] {processor.py:183} INFO - Processing /opt/airflow/dags/pipeline_strava_activities.py took 0.056 seconds
[2025-11-18T21:48:21.340+0000] {processor.py:161} INFO - Started process (PID=1337) to work on /opt/airflow/dags/pipeline_strava_activities.py
[2025-11-18T21:48:21.340+0000] {processor.py:830} INFO - Processing file /opt/airflow/dags/pipeline_strava_activities.py for tasks to queue
[2025-11-18T21:48:21.342+0000] {logging_mixin.py:188} INFO - [2025-11-18T21:48:21.342+0000] {dagbag.py:545} INFO - Filling up the DagBag from /opt/airflow/dags/pipeline_strava_activities.py
[2025-11-18T21:48:21.353+0000] {processor.py:840} INFO - DAG(s) 'etl_strava_activities' retrieved from /opt/airflow/dags/pipeline_strava_activities.py
[2025-11-18T21:48:21.375+0000] {logging_mixin.py:188} INFO - [2025-11-18T21:48:21.375+0000] {dag.py:3089} INFO - Sync 1 DAGs
[2025-11-18T21:48:21.388+0000] {logging_mixin.py:188} INFO - [2025-11-18T21:48:21.388+0000] {dag.py:3947} INFO - Setting next_dagrun for etl_strava_activities to 2025-11-18 03:00:00+00:00, run_after=2025-11-19 03:00:00+00:00
[2025-11-18T21:48:21.396+0000] {processor.py:183} INFO - Processing /opt/airflow/dags/pipeline_strava_activities.py took 0.063 seconds
[2025-11-18T21:48:51.667+0000] {processor.py:161} INFO - Started process (PID=1353) to work on /opt/airflow/dags/pipeline_strava_activities.py
[2025-11-18T21:48:51.668+0000] {processor.py:830} INFO - Processing file /opt/airflow/dags/pipeline_strava_activities.py for tasks to queue
[2025-11-18T21:48:51.669+0000] {logging_mixin.py:188} INFO - [2025-11-18T21:48:51.669+0000] {dagbag.py:545} INFO - Filling up the DagBag from /opt/airflow/dags/pipeline_strava_activities.py
[2025-11-18T21:48:51.681+0000] {processor.py:840} INFO - DAG(s) 'etl_strava_activities' retrieved from /opt/airflow/dags/pipeline_strava_activities.py
[2025-11-18T21:48:51.704+0000] {logging_mixin.py:188} INFO - [2025-11-18T21:48:51.704+0000] {dag.py:3089} INFO - Sync 1 DAGs
[2025-11-18T21:48:51.716+0000] {logging_mixin.py:188} INFO - [2025-11-18T21:48:51.716+0000] {dag.py:3947} INFO - Setting next_dagrun for etl_strava_activities to 2025-11-18 03:00:00+00:00, run_after=2025-11-19 03:00:00+00:00
[2025-11-18T21:48:51.724+0000] {processor.py:183} INFO - Processing /opt/airflow/dags/pipeline_strava_activities.py took 0.062 seconds
[2025-11-18T21:49:30.003+0000] {processor.py:161} INFO - Started process (PID=168) to work on /opt/airflow/dags/pipeline_strava_activities.py
[2025-11-18T21:49:30.004+0000] {processor.py:830} INFO - Processing file /opt/airflow/dags/pipeline_strava_activities.py for tasks to queue
[2025-11-18T21:49:30.007+0000] {logging_mixin.py:188} INFO - [2025-11-18T21:49:30.007+0000] {dagbag.py:545} INFO - Filling up the DagBag from /opt/airflow/dags/pipeline_strava_activities.py
[2025-11-18T21:49:30.017+0000] {processor.py:840} INFO - DAG(s) 'etl_strava_activities' retrieved from /opt/airflow/dags/pipeline_strava_activities.py
[2025-11-18T21:49:30.037+0000] {logging_mixin.py:188} INFO - [2025-11-18T21:49:30.037+0000] {dag.py:3089} INFO - Sync 1 DAGs
[2025-11-18T21:49:30.074+0000] {logging_mixin.py:188} INFO - [2025-11-18T21:49:30.074+0000] {dag.py:3947} INFO - Setting next_dagrun for etl_strava_activities to 2025-11-18 03:00:00+00:00, run_after=2025-11-19 03:00:00+00:00
[2025-11-18T21:49:30.103+0000] {processor.py:183} INFO - Processing /opt/airflow/dags/pipeline_strava_activities.py took 0.103 seconds
[2025-11-18T21:50:00.397+0000] {processor.py:161} INFO - Started process (PID=183) to work on /opt/airflow/dags/pipeline_strava_activities.py
[2025-11-18T21:50:00.398+0000] {processor.py:830} INFO - Processing file /opt/airflow/dags/pipeline_strava_activities.py for tasks to queue
[2025-11-18T21:50:00.401+0000] {logging_mixin.py:188} INFO - [2025-11-18T21:50:00.401+0000] {dagbag.py:545} INFO - Filling up the DagBag from /opt/airflow/dags/pipeline_strava_activities.py
[2025-11-18T21:50:00.408+0000] {processor.py:840} INFO - DAG(s) 'etl_strava_activities' retrieved from /opt/airflow/dags/pipeline_strava_activities.py
[2025-11-18T21:50:00.503+0000] {logging_mixin.py:188} INFO - [2025-11-18T21:50:00.502+0000] {dag.py:3089} INFO - Sync 1 DAGs
[2025-11-18T21:50:00.516+0000] {logging_mixin.py:188} INFO - [2025-11-18T21:50:00.516+0000] {dag.py:3947} INFO - Setting next_dagrun for etl_strava_activities to 2025-11-18 03:00:00+00:00, run_after=2025-11-19 03:00:00+00:00
[2025-11-18T21:50:00.525+0000] {processor.py:183} INFO - Processing /opt/airflow/dags/pipeline_strava_activities.py took 0.142 seconds
[2025-11-18T21:50:30.875+0000] {processor.py:161} INFO - Started process (PID=198) to work on /opt/airflow/dags/pipeline_strava_activities.py
[2025-11-18T21:50:30.876+0000] {processor.py:830} INFO - Processing file /opt/airflow/dags/pipeline_strava_activities.py for tasks to queue
[2025-11-18T21:50:30.878+0000] {logging_mixin.py:188} INFO - [2025-11-18T21:50:30.877+0000] {dagbag.py:545} INFO - Filling up the DagBag from /opt/airflow/dags/pipeline_strava_activities.py
[2025-11-18T21:50:30.892+0000] {processor.py:840} INFO - DAG(s) 'etl_strava_activities' retrieved from /opt/airflow/dags/pipeline_strava_activities.py
[2025-11-18T21:50:30.924+0000] {logging_mixin.py:188} INFO - [2025-11-18T21:50:30.924+0000] {dag.py:3089} INFO - Sync 1 DAGs
[2025-11-18T21:50:30.942+0000] {logging_mixin.py:188} INFO - [2025-11-18T21:50:30.942+0000] {dag.py:3947} INFO - Setting next_dagrun for etl_strava_activities to 2025-11-18 03:00:00+00:00, run_after=2025-11-19 03:00:00+00:00
[2025-11-18T21:50:30.950+0000] {processor.py:183} INFO - Processing /opt/airflow/dags/pipeline_strava_activities.py took 0.085 seconds
[2025-11-18T21:51:01.292+0000] {processor.py:161} INFO - Started process (PID=212) to work on /opt/airflow/dags/pipeline_strava_activities.py
[2025-11-18T21:51:01.293+0000] {processor.py:830} INFO - Processing file /opt/airflow/dags/pipeline_strava_activities.py for tasks to queue
[2025-11-18T21:51:01.296+0000] {logging_mixin.py:188} INFO - [2025-11-18T21:51:01.295+0000] {dagbag.py:545} INFO - Filling up the DagBag from /opt/airflow/dags/pipeline_strava_activities.py
[2025-11-18T21:51:01.313+0000] {processor.py:840} INFO - DAG(s) 'etl_strava_activities' retrieved from /opt/airflow/dags/pipeline_strava_activities.py
[2025-11-18T21:51:01.348+0000] {logging_mixin.py:188} INFO - [2025-11-18T21:51:01.348+0000] {dag.py:3089} INFO - Sync 1 DAGs
[2025-11-18T21:51:01.365+0000] {logging_mixin.py:188} INFO - [2025-11-18T21:51:01.365+0000] {dag.py:3947} INFO - Setting next_dagrun for etl_strava_activities to 2025-11-18 03:00:00+00:00, run_after=2025-11-19 03:00:00+00:00
[2025-11-18T21:51:01.375+0000] {processor.py:183} INFO - Processing /opt/airflow/dags/pipeline_strava_activities.py took 0.093 seconds
[2025-11-18T21:51:31.735+0000] {processor.py:161} INFO - Started process (PID=229) to work on /opt/airflow/dags/pipeline_strava_activities.py
[2025-11-18T21:51:31.736+0000] {processor.py:830} INFO - Processing file /opt/airflow/dags/pipeline_strava_activities.py for tasks to queue
[2025-11-18T21:51:31.739+0000] {logging_mixin.py:188} INFO - [2025-11-18T21:51:31.738+0000] {dagbag.py:545} INFO - Filling up the DagBag from /opt/airflow/dags/pipeline_strava_activities.py
[2025-11-18T21:51:31.753+0000] {processor.py:840} INFO - DAG(s) 'etl_strava_activities' retrieved from /opt/airflow/dags/pipeline_strava_activities.py
[2025-11-18T21:51:31.785+0000] {logging_mixin.py:188} INFO - [2025-11-18T21:51:31.785+0000] {dag.py:3089} INFO - Sync 1 DAGs
[2025-11-18T21:51:31.805+0000] {logging_mixin.py:188} INFO - [2025-11-18T21:51:31.805+0000] {dag.py:3947} INFO - Setting next_dagrun for etl_strava_activities to 2025-11-18 03:00:00+00:00, run_after=2025-11-19 03:00:00+00:00
[2025-11-18T21:51:31.816+0000] {processor.py:183} INFO - Processing /opt/airflow/dags/pipeline_strava_activities.py took 0.087 seconds
[2025-11-18T21:52:02.090+0000] {processor.py:161} INFO - Started process (PID=243) to work on /opt/airflow/dags/pipeline_strava_activities.py
[2025-11-18T21:52:02.091+0000] {processor.py:830} INFO - Processing file /opt/airflow/dags/pipeline_strava_activities.py for tasks to queue
[2025-11-18T21:52:02.092+0000] {logging_mixin.py:188} INFO - [2025-11-18T21:52:02.092+0000] {dagbag.py:545} INFO - Filling up the DagBag from /opt/airflow/dags/pipeline_strava_activities.py
[2025-11-18T21:52:02.103+0000] {processor.py:840} INFO - DAG(s) 'etl_strava_activities' retrieved from /opt/airflow/dags/pipeline_strava_activities.py
[2025-11-18T21:52:02.124+0000] {logging_mixin.py:188} INFO - [2025-11-18T21:52:02.124+0000] {dag.py:3089} INFO - Sync 1 DAGs
[2025-11-18T21:52:02.139+0000] {logging_mixin.py:188} INFO - [2025-11-18T21:52:02.139+0000] {dag.py:3947} INFO - Setting next_dagrun for etl_strava_activities to 2025-11-18 03:00:00+00:00, run_after=2025-11-19 03:00:00+00:00
[2025-11-18T21:52:02.152+0000] {processor.py:183} INFO - Processing /opt/airflow/dags/pipeline_strava_activities.py took 0.065 seconds
[2025-11-18T21:52:32.441+0000] {processor.py:161} INFO - Started process (PID=258) to work on /opt/airflow/dags/pipeline_strava_activities.py
[2025-11-18T21:52:32.442+0000] {processor.py:830} INFO - Processing file /opt/airflow/dags/pipeline_strava_activities.py for tasks to queue
[2025-11-18T21:52:32.447+0000] {logging_mixin.py:188} INFO - [2025-11-18T21:52:32.446+0000] {dagbag.py:545} INFO - Filling up the DagBag from /opt/airflow/dags/pipeline_strava_activities.py
[2025-11-18T21:52:32.461+0000] {processor.py:840} INFO - DAG(s) 'etl_strava_activities' retrieved from /opt/airflow/dags/pipeline_strava_activities.py
[2025-11-18T21:52:32.485+0000] {logging_mixin.py:188} INFO - [2025-11-18T21:52:32.484+0000] {dag.py:3089} INFO - Sync 1 DAGs
[2025-11-18T21:52:32.500+0000] {logging_mixin.py:188} INFO - [2025-11-18T21:52:32.500+0000] {dag.py:3947} INFO - Setting next_dagrun for etl_strava_activities to 2025-11-18 03:00:00+00:00, run_after=2025-11-19 03:00:00+00:00
[2025-11-18T21:52:32.507+0000] {processor.py:183} INFO - Processing /opt/airflow/dags/pipeline_strava_activities.py took 0.072 seconds
[2025-11-18T21:53:02.753+0000] {processor.py:161} INFO - Started process (PID=273) to work on /opt/airflow/dags/pipeline_strava_activities.py
[2025-11-18T21:53:02.754+0000] {processor.py:830} INFO - Processing file /opt/airflow/dags/pipeline_strava_activities.py for tasks to queue
[2025-11-18T21:53:02.755+0000] {logging_mixin.py:188} INFO - [2025-11-18T21:53:02.755+0000] {dagbag.py:545} INFO - Filling up the DagBag from /opt/airflow/dags/pipeline_strava_activities.py
[2025-11-18T21:53:02.763+0000] {processor.py:840} INFO - DAG(s) 'etl_strava_activities' retrieved from /opt/airflow/dags/pipeline_strava_activities.py
[2025-11-18T21:53:02.788+0000] {logging_mixin.py:188} INFO - [2025-11-18T21:53:02.788+0000] {dag.py:3089} INFO - Sync 1 DAGs
[2025-11-18T21:53:02.802+0000] {logging_mixin.py:188} INFO - [2025-11-18T21:53:02.802+0000] {dag.py:3947} INFO - Setting next_dagrun for etl_strava_activities to 2025-11-18 03:00:00+00:00, run_after=2025-11-19 03:00:00+00:00
[2025-11-18T21:53:02.816+0000] {processor.py:183} INFO - Processing /opt/airflow/dags/pipeline_strava_activities.py took 0.067 seconds
[2025-11-18T21:53:33.039+0000] {processor.py:161} INFO - Started process (PID=288) to work on /opt/airflow/dags/pipeline_strava_activities.py
[2025-11-18T21:53:33.040+0000] {processor.py:830} INFO - Processing file /opt/airflow/dags/pipeline_strava_activities.py for tasks to queue
[2025-11-18T21:53:33.042+0000] {logging_mixin.py:188} INFO - [2025-11-18T21:53:33.042+0000] {dagbag.py:545} INFO - Filling up the DagBag from /opt/airflow/dags/pipeline_strava_activities.py
[2025-11-18T21:53:33.055+0000] {processor.py:840} INFO - DAG(s) 'etl_strava_activities' retrieved from /opt/airflow/dags/pipeline_strava_activities.py
[2025-11-18T21:53:33.078+0000] {logging_mixin.py:188} INFO - [2025-11-18T21:53:33.078+0000] {dag.py:3089} INFO - Sync 1 DAGs
[2025-11-18T21:53:33.092+0000] {logging_mixin.py:188} INFO - [2025-11-18T21:53:33.091+0000] {dag.py:3947} INFO - Setting next_dagrun for etl_strava_activities to 2025-11-18 03:00:00+00:00, run_after=2025-11-19 03:00:00+00:00
[2025-11-18T21:53:33.100+0000] {processor.py:183} INFO - Processing /opt/airflow/dags/pipeline_strava_activities.py took 0.068 seconds
[2025-11-18T21:54:03.346+0000] {processor.py:161} INFO - Started process (PID=315) to work on /opt/airflow/dags/pipeline_strava_activities.py
[2025-11-18T21:54:03.347+0000] {processor.py:830} INFO - Processing file /opt/airflow/dags/pipeline_strava_activities.py for tasks to queue
[2025-11-18T21:54:03.349+0000] {logging_mixin.py:188} INFO - [2025-11-18T21:54:03.348+0000] {dagbag.py:545} INFO - Filling up the DagBag from /opt/airflow/dags/pipeline_strava_activities.py
[2025-11-18T21:54:03.359+0000] {processor.py:840} INFO - DAG(s) 'etl_strava_activities' retrieved from /opt/airflow/dags/pipeline_strava_activities.py
[2025-11-18T21:54:03.382+0000] {logging_mixin.py:188} INFO - [2025-11-18T21:54:03.382+0000] {dag.py:3089} INFO - Sync 1 DAGs
[2025-11-18T21:54:03.399+0000] {logging_mixin.py:188} INFO - [2025-11-18T21:54:03.399+0000] {dag.py:3947} INFO - Setting next_dagrun for etl_strava_activities to 2025-11-18 03:00:00+00:00, run_after=2025-11-19 03:00:00+00:00
[2025-11-18T21:54:03.407+0000] {processor.py:183} INFO - Processing /opt/airflow/dags/pipeline_strava_activities.py took 0.064 seconds
[2025-11-18T21:54:33.733+0000] {processor.py:161} INFO - Started process (PID=329) to work on /opt/airflow/dags/pipeline_strava_activities.py
[2025-11-18T21:54:33.734+0000] {processor.py:830} INFO - Processing file /opt/airflow/dags/pipeline_strava_activities.py for tasks to queue
[2025-11-18T21:54:33.736+0000] {logging_mixin.py:188} INFO - [2025-11-18T21:54:33.735+0000] {dagbag.py:545} INFO - Filling up the DagBag from /opt/airflow/dags/pipeline_strava_activities.py
[2025-11-18T21:54:33.746+0000] {processor.py:840} INFO - DAG(s) 'etl_strava_activities' retrieved from /opt/airflow/dags/pipeline_strava_activities.py
[2025-11-18T21:54:33.770+0000] {logging_mixin.py:188} INFO - [2025-11-18T21:54:33.770+0000] {dag.py:3089} INFO - Sync 1 DAGs
[2025-11-18T21:54:33.784+0000] {logging_mixin.py:188} INFO - [2025-11-18T21:54:33.783+0000] {dag.py:3947} INFO - Setting next_dagrun for etl_strava_activities to 2025-11-18 03:00:00+00:00, run_after=2025-11-19 03:00:00+00:00
[2025-11-18T21:54:33.791+0000] {processor.py:183} INFO - Processing /opt/airflow/dags/pipeline_strava_activities.py took 0.064 seconds
[2025-11-18T21:55:04.100+0000] {processor.py:161} INFO - Started process (PID=346) to work on /opt/airflow/dags/pipeline_strava_activities.py
[2025-11-18T21:55:04.101+0000] {processor.py:830} INFO - Processing file /opt/airflow/dags/pipeline_strava_activities.py for tasks to queue
[2025-11-18T21:55:04.102+0000] {logging_mixin.py:188} INFO - [2025-11-18T21:55:04.102+0000] {dagbag.py:545} INFO - Filling up the DagBag from /opt/airflow/dags/pipeline_strava_activities.py
[2025-11-18T21:55:04.115+0000] {processor.py:840} INFO - DAG(s) 'etl_strava_activities' retrieved from /opt/airflow/dags/pipeline_strava_activities.py
[2025-11-18T21:55:04.134+0000] {logging_mixin.py:188} INFO - [2025-11-18T21:55:04.133+0000] {dag.py:3089} INFO - Sync 1 DAGs
[2025-11-18T21:55:04.153+0000] {logging_mixin.py:188} INFO - [2025-11-18T21:55:04.153+0000] {dag.py:3947} INFO - Setting next_dagrun for etl_strava_activities to 2025-11-18 03:00:00+00:00, run_after=2025-11-19 03:00:00+00:00
[2025-11-18T21:55:04.162+0000] {processor.py:183} INFO - Processing /opt/airflow/dags/pipeline_strava_activities.py took 0.090 seconds
[2025-11-18T21:55:34.487+0000] {processor.py:161} INFO - Started process (PID=360) to work on /opt/airflow/dags/pipeline_strava_activities.py
[2025-11-18T21:55:34.488+0000] {processor.py:830} INFO - Processing file /opt/airflow/dags/pipeline_strava_activities.py for tasks to queue
[2025-11-18T21:55:34.490+0000] {logging_mixin.py:188} INFO - [2025-11-18T21:55:34.489+0000] {dagbag.py:545} INFO - Filling up the DagBag from /opt/airflow/dags/pipeline_strava_activities.py
[2025-11-18T21:55:34.500+0000] {processor.py:840} INFO - DAG(s) 'etl_strava_activities' retrieved from /opt/airflow/dags/pipeline_strava_activities.py
[2025-11-18T21:55:34.520+0000] {logging_mixin.py:188} INFO - [2025-11-18T21:55:34.520+0000] {dag.py:3089} INFO - Sync 1 DAGs
[2025-11-18T21:55:34.534+0000] {logging_mixin.py:188} INFO - [2025-11-18T21:55:34.533+0000] {dag.py:3947} INFO - Setting next_dagrun for etl_strava_activities to 2025-11-18 03:00:00+00:00, run_after=2025-11-19 03:00:00+00:00
[2025-11-18T21:55:34.541+0000] {processor.py:183} INFO - Processing /opt/airflow/dags/pipeline_strava_activities.py took 0.059 seconds
[2025-11-18T21:56:04.873+0000] {processor.py:161} INFO - Started process (PID=375) to work on /opt/airflow/dags/pipeline_strava_activities.py
[2025-11-18T21:56:04.874+0000] {processor.py:830} INFO - Processing file /opt/airflow/dags/pipeline_strava_activities.py for tasks to queue
[2025-11-18T21:56:04.876+0000] {logging_mixin.py:188} INFO - [2025-11-18T21:56:04.876+0000] {dagbag.py:545} INFO - Filling up the DagBag from /opt/airflow/dags/pipeline_strava_activities.py
[2025-11-18T21:56:04.887+0000] {processor.py:840} INFO - DAG(s) 'etl_strava_activities' retrieved from /opt/airflow/dags/pipeline_strava_activities.py
[2025-11-18T21:56:04.909+0000] {logging_mixin.py:188} INFO - [2025-11-18T21:56:04.909+0000] {dag.py:3089} INFO - Sync 1 DAGs
[2025-11-18T21:56:04.923+0000] {logging_mixin.py:188} INFO - [2025-11-18T21:56:04.923+0000] {dag.py:3947} INFO - Setting next_dagrun for etl_strava_activities to 2025-11-18 03:00:00+00:00, run_after=2025-11-19 03:00:00+00:00
[2025-11-18T21:56:04.931+0000] {processor.py:183} INFO - Processing /opt/airflow/dags/pipeline_strava_activities.py took 0.062 seconds
[2025-11-18T21:56:35.228+0000] {processor.py:161} INFO - Started process (PID=390) to work on /opt/airflow/dags/pipeline_strava_activities.py
[2025-11-18T21:56:35.229+0000] {processor.py:830} INFO - Processing file /opt/airflow/dags/pipeline_strava_activities.py for tasks to queue
[2025-11-18T21:56:35.233+0000] {logging_mixin.py:188} INFO - [2025-11-18T21:56:35.232+0000] {dagbag.py:545} INFO - Filling up the DagBag from /opt/airflow/dags/pipeline_strava_activities.py
[2025-11-18T21:56:35.251+0000] {processor.py:840} INFO - DAG(s) 'etl_strava_activities' retrieved from /opt/airflow/dags/pipeline_strava_activities.py
[2025-11-18T21:56:35.282+0000] {logging_mixin.py:188} INFO - [2025-11-18T21:56:35.282+0000] {dag.py:3089} INFO - Sync 1 DAGs
[2025-11-18T21:56:35.294+0000] {logging_mixin.py:188} INFO - [2025-11-18T21:56:35.294+0000] {dag.py:3947} INFO - Setting next_dagrun for etl_strava_activities to 2025-11-18 03:00:00+00:00, run_after=2025-11-19 03:00:00+00:00
[2025-11-18T21:56:35.303+0000] {processor.py:183} INFO - Processing /opt/airflow/dags/pipeline_strava_activities.py took 0.083 seconds
[2025-11-18T21:57:05.618+0000] {processor.py:161} INFO - Started process (PID=406) to work on /opt/airflow/dags/pipeline_strava_activities.py
[2025-11-18T21:57:05.619+0000] {processor.py:830} INFO - Processing file /opt/airflow/dags/pipeline_strava_activities.py for tasks to queue
[2025-11-18T21:57:05.622+0000] {logging_mixin.py:188} INFO - [2025-11-18T21:57:05.622+0000] {dagbag.py:545} INFO - Filling up the DagBag from /opt/airflow/dags/pipeline_strava_activities.py
[2025-11-18T21:57:05.660+0000] {processor.py:840} INFO - DAG(s) 'etl_strava_activities' retrieved from /opt/airflow/dags/pipeline_strava_activities.py
[2025-11-18T21:57:05.754+0000] {logging_mixin.py:188} INFO - [2025-11-18T21:57:05.754+0000] {dag.py:3089} INFO - Sync 1 DAGs
[2025-11-18T21:57:05.773+0000] {logging_mixin.py:188} INFO - [2025-11-18T21:57:05.773+0000] {dag.py:3947} INFO - Setting next_dagrun for etl_strava_activities to 2025-11-18 03:00:00+00:00, run_after=2025-11-19 03:00:00+00:00
[2025-11-18T21:57:05.784+0000] {processor.py:183} INFO - Processing /opt/airflow/dags/pipeline_strava_activities.py took 0.175 seconds
[2025-11-18T21:57:36.064+0000] {processor.py:161} INFO - Started process (PID=420) to work on /opt/airflow/dags/pipeline_strava_activities.py
[2025-11-18T21:57:36.065+0000] {processor.py:830} INFO - Processing file /opt/airflow/dags/pipeline_strava_activities.py for tasks to queue
[2025-11-18T21:57:36.067+0000] {logging_mixin.py:188} INFO - [2025-11-18T21:57:36.067+0000] {dagbag.py:545} INFO - Filling up the DagBag from /opt/airflow/dags/pipeline_strava_activities.py
[2025-11-18T21:57:36.086+0000] {processor.py:840} INFO - DAG(s) 'etl_strava_activities' retrieved from /opt/airflow/dags/pipeline_strava_activities.py
[2025-11-18T21:57:36.121+0000] {logging_mixin.py:188} INFO - [2025-11-18T21:57:36.120+0000] {dag.py:3089} INFO - Sync 1 DAGs
[2025-11-18T21:57:36.136+0000] {logging_mixin.py:188} INFO - [2025-11-18T21:57:36.136+0000] {dag.py:3947} INFO - Setting next_dagrun for etl_strava_activities to 2025-11-18 03:00:00+00:00, run_after=2025-11-19 03:00:00+00:00
[2025-11-18T21:57:36.145+0000] {processor.py:183} INFO - Processing /opt/airflow/dags/pipeline_strava_activities.py took 0.090 seconds
[2025-11-18T21:58:06.449+0000] {processor.py:161} INFO - Started process (PID=435) to work on /opt/airflow/dags/pipeline_strava_activities.py
[2025-11-18T21:58:06.450+0000] {processor.py:830} INFO - Processing file /opt/airflow/dags/pipeline_strava_activities.py for tasks to queue
[2025-11-18T21:58:06.451+0000] {logging_mixin.py:188} INFO - [2025-11-18T21:58:06.451+0000] {dagbag.py:545} INFO - Filling up the DagBag from /opt/airflow/dags/pipeline_strava_activities.py
[2025-11-18T21:58:06.462+0000] {processor.py:840} INFO - DAG(s) 'etl_strava_activities' retrieved from /opt/airflow/dags/pipeline_strava_activities.py
[2025-11-18T21:58:06.481+0000] {logging_mixin.py:188} INFO - [2025-11-18T21:58:06.481+0000] {dag.py:3089} INFO - Sync 1 DAGs
[2025-11-18T21:58:06.493+0000] {logging_mixin.py:188} INFO - [2025-11-18T21:58:06.493+0000] {dag.py:3947} INFO - Setting next_dagrun for etl_strava_activities to 2025-11-18 03:00:00+00:00, run_after=2025-11-19 03:00:00+00:00
[2025-11-18T21:58:06.501+0000] {processor.py:183} INFO - Processing /opt/airflow/dags/pipeline_strava_activities.py took 0.058 seconds
[2025-11-18T21:58:36.776+0000] {processor.py:161} INFO - Started process (PID=451) to work on /opt/airflow/dags/pipeline_strava_activities.py
[2025-11-18T21:58:36.777+0000] {processor.py:830} INFO - Processing file /opt/airflow/dags/pipeline_strava_activities.py for tasks to queue
[2025-11-18T21:58:36.778+0000] {logging_mixin.py:188} INFO - [2025-11-18T21:58:36.778+0000] {dagbag.py:545} INFO - Filling up the DagBag from /opt/airflow/dags/pipeline_strava_activities.py
[2025-11-18T21:58:36.792+0000] {processor.py:840} INFO - DAG(s) 'etl_strava_activities' retrieved from /opt/airflow/dags/pipeline_strava_activities.py
[2025-11-18T21:58:36.826+0000] {logging_mixin.py:188} INFO - [2025-11-18T21:58:36.826+0000] {dag.py:3089} INFO - Sync 1 DAGs
[2025-11-18T21:58:36.842+0000] {logging_mixin.py:188} INFO - [2025-11-18T21:58:36.842+0000] {dag.py:3947} INFO - Setting next_dagrun for etl_strava_activities to 2025-11-18 03:00:00+00:00, run_after=2025-11-19 03:00:00+00:00
[2025-11-18T21:58:36.852+0000] {processor.py:183} INFO - Processing /opt/airflow/dags/pipeline_strava_activities.py took 0.087 seconds
[2025-11-18T21:59:07.158+0000] {processor.py:161} INFO - Started process (PID=478) to work on /opt/airflow/dags/pipeline_strava_activities.py
[2025-11-18T21:59:07.159+0000] {processor.py:830} INFO - Processing file /opt/airflow/dags/pipeline_strava_activities.py for tasks to queue
[2025-11-18T21:59:07.160+0000] {logging_mixin.py:188} INFO - [2025-11-18T21:59:07.160+0000] {dagbag.py:545} INFO - Filling up the DagBag from /opt/airflow/dags/pipeline_strava_activities.py
[2025-11-18T21:59:07.176+0000] {processor.py:840} INFO - DAG(s) 'etl_strava_activities' retrieved from /opt/airflow/dags/pipeline_strava_activities.py
[2025-11-18T21:59:07.199+0000] {logging_mixin.py:188} INFO - [2025-11-18T21:59:07.199+0000] {dag.py:3089} INFO - Sync 1 DAGs
[2025-11-18T21:59:07.212+0000] {logging_mixin.py:188} INFO - [2025-11-18T21:59:07.212+0000] {dag.py:3947} INFO - Setting next_dagrun for etl_strava_activities to 2025-11-18 03:00:00+00:00, run_after=2025-11-19 03:00:00+00:00
[2025-11-18T21:59:07.221+0000] {processor.py:183} INFO - Processing /opt/airflow/dags/pipeline_strava_activities.py took 0.070 seconds
[2025-11-18T21:59:37.514+0000] {processor.py:161} INFO - Started process (PID=492) to work on /opt/airflow/dags/pipeline_strava_activities.py
[2025-11-18T21:59:37.514+0000] {processor.py:830} INFO - Processing file /opt/airflow/dags/pipeline_strava_activities.py for tasks to queue
[2025-11-18T21:59:37.516+0000] {logging_mixin.py:188} INFO - [2025-11-18T21:59:37.516+0000] {dagbag.py:545} INFO - Filling up the DagBag from /opt/airflow/dags/pipeline_strava_activities.py
[2025-11-18T21:59:37.528+0000] {processor.py:840} INFO - DAG(s) 'etl_strava_activities' retrieved from /opt/airflow/dags/pipeline_strava_activities.py
[2025-11-18T21:59:37.559+0000] {logging_mixin.py:188} INFO - [2025-11-18T21:59:37.559+0000] {dag.py:3089} INFO - Sync 1 DAGs
[2025-11-18T21:59:37.575+0000] {logging_mixin.py:188} INFO - [2025-11-18T21:59:37.575+0000] {dag.py:3947} INFO - Setting next_dagrun for etl_strava_activities to 2025-11-18 03:00:00+00:00, run_after=2025-11-19 03:00:00+00:00
[2025-11-18T21:59:37.583+0000] {processor.py:183} INFO - Processing /opt/airflow/dags/pipeline_strava_activities.py took 0.082 seconds
[2025-11-18T22:00:07.940+0000] {processor.py:161} INFO - Started process (PID=520) to work on /opt/airflow/dags/pipeline_strava_activities.py
[2025-11-18T22:00:07.941+0000] {processor.py:830} INFO - Processing file /opt/airflow/dags/pipeline_strava_activities.py for tasks to queue
[2025-11-18T22:00:07.944+0000] {logging_mixin.py:188} INFO - [2025-11-18T22:00:07.943+0000] {dagbag.py:545} INFO - Filling up the DagBag from /opt/airflow/dags/pipeline_strava_activities.py
[2025-11-18T22:00:07.957+0000] {processor.py:840} INFO - DAG(s) 'etl_strava_activities' retrieved from /opt/airflow/dags/pipeline_strava_activities.py
[2025-11-18T22:00:07.977+0000] {logging_mixin.py:188} INFO - [2025-11-18T22:00:07.977+0000] {dag.py:3089} INFO - Sync 1 DAGs
[2025-11-18T22:00:07.992+0000] {logging_mixin.py:188} INFO - [2025-11-18T22:00:07.992+0000] {dag.py:3947} INFO - Setting next_dagrun for etl_strava_activities to 2025-11-18 03:00:00+00:00, run_after=2025-11-19 03:00:00+00:00
[2025-11-18T22:00:08.001+0000] {processor.py:183} INFO - Processing /opt/airflow/dags/pipeline_strava_activities.py took 0.072 seconds
[2025-11-18T22:00:38.278+0000] {processor.py:161} INFO - Started process (PID=534) to work on /opt/airflow/dags/pipeline_strava_activities.py
[2025-11-18T22:00:38.279+0000] {processor.py:830} INFO - Processing file /opt/airflow/dags/pipeline_strava_activities.py for tasks to queue
[2025-11-18T22:00:38.281+0000] {logging_mixin.py:188} INFO - [2025-11-18T22:00:38.281+0000] {dagbag.py:545} INFO - Filling up the DagBag from /opt/airflow/dags/pipeline_strava_activities.py
[2025-11-18T22:00:38.301+0000] {processor.py:840} INFO - DAG(s) 'etl_strava_activities' retrieved from /opt/airflow/dags/pipeline_strava_activities.py
[2025-11-18T22:00:38.370+0000] {logging_mixin.py:188} INFO - [2025-11-18T22:00:38.370+0000] {dag.py:3089} INFO - Sync 1 DAGs
[2025-11-18T22:00:38.380+0000] {logging_mixin.py:188} INFO - [2025-11-18T22:00:38.380+0000] {dag.py:3947} INFO - Setting next_dagrun for etl_strava_activities to 2025-11-18 03:00:00+00:00, run_after=2025-11-19 03:00:00+00:00
[2025-11-18T22:00:38.392+0000] {processor.py:183} INFO - Processing /opt/airflow/dags/pipeline_strava_activities.py took 0.121 seconds
[2025-11-18T22:01:08.677+0000] {processor.py:161} INFO - Started process (PID=548) to work on /opt/airflow/dags/pipeline_strava_activities.py
[2025-11-18T22:01:08.678+0000] {processor.py:830} INFO - Processing file /opt/airflow/dags/pipeline_strava_activities.py for tasks to queue
[2025-11-18T22:01:08.680+0000] {logging_mixin.py:188} INFO - [2025-11-18T22:01:08.679+0000] {dagbag.py:545} INFO - Filling up the DagBag from /opt/airflow/dags/pipeline_strava_activities.py
[2025-11-18T22:01:08.691+0000] {processor.py:840} INFO - DAG(s) 'etl_strava_activities' retrieved from /opt/airflow/dags/pipeline_strava_activities.py
[2025-11-18T22:01:08.722+0000] {logging_mixin.py:188} INFO - [2025-11-18T22:01:08.722+0000] {dag.py:3089} INFO - Sync 1 DAGs
[2025-11-18T22:01:08.739+0000] {logging_mixin.py:188} INFO - [2025-11-18T22:01:08.739+0000] {dag.py:3947} INFO - Setting next_dagrun for etl_strava_activities to 2025-11-18 03:00:00+00:00, run_after=2025-11-19 03:00:00+00:00
[2025-11-18T22:01:08.750+0000] {processor.py:183} INFO - Processing /opt/airflow/dags/pipeline_strava_activities.py took 0.078 seconds
[2025-11-18T22:01:39.018+0000] {processor.py:161} INFO - Started process (PID=565) to work on /opt/airflow/dags/pipeline_strava_activities.py
[2025-11-18T22:01:39.019+0000] {processor.py:830} INFO - Processing file /opt/airflow/dags/pipeline_strava_activities.py for tasks to queue
[2025-11-18T22:01:39.022+0000] {logging_mixin.py:188} INFO - [2025-11-18T22:01:39.021+0000] {dagbag.py:545} INFO - Filling up the DagBag from /opt/airflow/dags/pipeline_strava_activities.py
[2025-11-18T22:01:39.033+0000] {processor.py:840} INFO - DAG(s) 'etl_strava_activities' retrieved from /opt/airflow/dags/pipeline_strava_activities.py
[2025-11-18T22:01:39.056+0000] {logging_mixin.py:188} INFO - [2025-11-18T22:01:39.056+0000] {dag.py:3089} INFO - Sync 1 DAGs
[2025-11-18T22:01:39.072+0000] {logging_mixin.py:188} INFO - [2025-11-18T22:01:39.071+0000] {dag.py:3947} INFO - Setting next_dagrun for etl_strava_activities to 2025-11-18 03:00:00+00:00, run_after=2025-11-19 03:00:00+00:00
[2025-11-18T22:01:39.081+0000] {processor.py:183} INFO - Processing /opt/airflow/dags/pipeline_strava_activities.py took 0.068 seconds
[2025-11-18T22:02:09.377+0000] {processor.py:161} INFO - Started process (PID=579) to work on /opt/airflow/dags/pipeline_strava_activities.py
[2025-11-18T22:02:09.378+0000] {processor.py:830} INFO - Processing file /opt/airflow/dags/pipeline_strava_activities.py for tasks to queue
[2025-11-18T22:02:09.380+0000] {logging_mixin.py:188} INFO - [2025-11-18T22:02:09.380+0000] {dagbag.py:545} INFO - Filling up the DagBag from /opt/airflow/dags/pipeline_strava_activities.py
[2025-11-18T22:02:09.398+0000] {processor.py:840} INFO - DAG(s) 'etl_strava_activities' retrieved from /opt/airflow/dags/pipeline_strava_activities.py
[2025-11-18T22:02:09.431+0000] {logging_mixin.py:188} INFO - [2025-11-18T22:02:09.430+0000] {dag.py:3089} INFO - Sync 1 DAGs
[2025-11-18T22:02:09.445+0000] {logging_mixin.py:188} INFO - [2025-11-18T22:02:09.445+0000] {dag.py:3947} INFO - Setting next_dagrun for etl_strava_activities to 2025-11-18 03:00:00+00:00, run_after=2025-11-19 03:00:00+00:00
[2025-11-18T22:02:09.457+0000] {processor.py:183} INFO - Processing /opt/airflow/dags/pipeline_strava_activities.py took 0.087 seconds
[2025-11-18T22:02:39.814+0000] {processor.py:161} INFO - Started process (PID=594) to work on /opt/airflow/dags/pipeline_strava_activities.py
[2025-11-18T22:02:39.815+0000] {processor.py:830} INFO - Processing file /opt/airflow/dags/pipeline_strava_activities.py for tasks to queue
[2025-11-18T22:02:39.826+0000] {logging_mixin.py:188} INFO - [2025-11-18T22:02:39.824+0000] {dagbag.py:545} INFO - Filling up the DagBag from /opt/airflow/dags/pipeline_strava_activities.py
[2025-11-18T22:02:39.838+0000] {processor.py:840} INFO - DAG(s) 'etl_strava_activities' retrieved from /opt/airflow/dags/pipeline_strava_activities.py
[2025-11-18T22:02:39.875+0000] {logging_mixin.py:188} INFO - [2025-11-18T22:02:39.875+0000] {dag.py:3089} INFO - Sync 1 DAGs
[2025-11-18T22:02:39.894+0000] {logging_mixin.py:188} INFO - [2025-11-18T22:02:39.893+0000] {dag.py:3947} INFO - Setting next_dagrun for etl_strava_activities to 2025-11-18 03:00:00+00:00, run_after=2025-11-19 03:00:00+00:00
[2025-11-18T22:02:40.089+0000] {processor.py:183} INFO - Processing /opt/airflow/dags/pipeline_strava_activities.py took 0.281 seconds
[2025-11-18T22:03:10.407+0000] {processor.py:161} INFO - Started process (PID=609) to work on /opt/airflow/dags/pipeline_strava_activities.py
[2025-11-18T22:03:10.407+0000] {processor.py:830} INFO - Processing file /opt/airflow/dags/pipeline_strava_activities.py for tasks to queue
[2025-11-18T22:03:10.409+0000] {logging_mixin.py:188} INFO - [2025-11-18T22:03:10.408+0000] {dagbag.py:545} INFO - Filling up the DagBag from /opt/airflow/dags/pipeline_strava_activities.py
[2025-11-18T22:03:10.426+0000] {processor.py:840} INFO - DAG(s) 'etl_strava_activities' retrieved from /opt/airflow/dags/pipeline_strava_activities.py
[2025-11-18T22:03:10.461+0000] {logging_mixin.py:188} INFO - [2025-11-18T22:03:10.461+0000] {dag.py:3089} INFO - Sync 1 DAGs
[2025-11-18T22:03:10.476+0000] {logging_mixin.py:188} INFO - [2025-11-18T22:03:10.476+0000] {dag.py:3947} INFO - Setting next_dagrun for etl_strava_activities to 2025-11-18 03:00:00+00:00, run_after=2025-11-19 03:00:00+00:00
[2025-11-18T22:03:10.486+0000] {processor.py:183} INFO - Processing /opt/airflow/dags/pipeline_strava_activities.py took 0.083 seconds
[2025-11-18T22:03:40.807+0000] {processor.py:161} INFO - Started process (PID=624) to work on /opt/airflow/dags/pipeline_strava_activities.py
[2025-11-18T22:03:40.808+0000] {processor.py:830} INFO - Processing file /opt/airflow/dags/pipeline_strava_activities.py for tasks to queue
[2025-11-18T22:03:40.811+0000] {logging_mixin.py:188} INFO - [2025-11-18T22:03:40.811+0000] {dagbag.py:545} INFO - Filling up the DagBag from /opt/airflow/dags/pipeline_strava_activities.py
[2025-11-18T22:03:40.831+0000] {processor.py:840} INFO - DAG(s) 'etl_strava_activities' retrieved from /opt/airflow/dags/pipeline_strava_activities.py
[2025-11-18T22:03:40.867+0000] {logging_mixin.py:188} INFO - [2025-11-18T22:03:40.866+0000] {dag.py:3089} INFO - Sync 1 DAGs
[2025-11-18T22:03:40.882+0000] {logging_mixin.py:188} INFO - [2025-11-18T22:03:40.882+0000] {dag.py:3947} INFO - Setting next_dagrun for etl_strava_activities to 2025-11-18 03:00:00+00:00, run_after=2025-11-19 03:00:00+00:00
[2025-11-18T22:03:40.891+0000] {processor.py:183} INFO - Processing /opt/airflow/dags/pipeline_strava_activities.py took 0.093 seconds
[2025-11-18T22:04:11.224+0000] {processor.py:161} INFO - Started process (PID=639) to work on /opt/airflow/dags/pipeline_strava_activities.py
[2025-11-18T22:04:11.225+0000] {processor.py:830} INFO - Processing file /opt/airflow/dags/pipeline_strava_activities.py for tasks to queue
[2025-11-18T22:04:11.228+0000] {logging_mixin.py:188} INFO - [2025-11-18T22:04:11.228+0000] {dagbag.py:545} INFO - Filling up the DagBag from /opt/airflow/dags/pipeline_strava_activities.py
[2025-11-18T22:04:11.244+0000] {processor.py:840} INFO - DAG(s) 'etl_strava_activities' retrieved from /opt/airflow/dags/pipeline_strava_activities.py
[2025-11-18T22:04:11.285+0000] {logging_mixin.py:188} INFO - [2025-11-18T22:04:11.285+0000] {dag.py:3089} INFO - Sync 1 DAGs
[2025-11-18T22:04:11.303+0000] {logging_mixin.py:188} INFO - [2025-11-18T22:04:11.303+0000] {dag.py:3947} INFO - Setting next_dagrun for etl_strava_activities to 2025-11-18 03:00:00+00:00, run_after=2025-11-19 03:00:00+00:00
[2025-11-18T22:04:11.313+0000] {processor.py:183} INFO - Processing /opt/airflow/dags/pipeline_strava_activities.py took 0.097 seconds
[2025-11-18T22:04:41.747+0000] {processor.py:161} INFO - Started process (PID=655) to work on /opt/airflow/dags/pipeline_strava_activities.py
[2025-11-18T22:04:41.748+0000] {processor.py:830} INFO - Processing file /opt/airflow/dags/pipeline_strava_activities.py for tasks to queue
[2025-11-18T22:04:41.751+0000] {logging_mixin.py:188} INFO - [2025-11-18T22:04:41.751+0000] {dagbag.py:545} INFO - Filling up the DagBag from /opt/airflow/dags/pipeline_strava_activities.py
[2025-11-18T22:04:41.768+0000] {processor.py:840} INFO - DAG(s) 'etl_strava_activities' retrieved from /opt/airflow/dags/pipeline_strava_activities.py
[2025-11-18T22:04:41.796+0000] {logging_mixin.py:188} INFO - [2025-11-18T22:04:41.796+0000] {dag.py:3089} INFO - Sync 1 DAGs
[2025-11-18T22:04:41.818+0000] {logging_mixin.py:188} INFO - [2025-11-18T22:04:41.818+0000] {dag.py:3947} INFO - Setting next_dagrun for etl_strava_activities to 2025-11-18 03:00:00+00:00, run_after=2025-11-19 03:00:00+00:00
[2025-11-18T22:04:41.830+0000] {processor.py:183} INFO - Processing /opt/airflow/dags/pipeline_strava_activities.py took 0.093 seconds
[2025-11-18T22:05:12.141+0000] {processor.py:161} INFO - Started process (PID=672) to work on /opt/airflow/dags/pipeline_strava_activities.py
[2025-11-18T22:05:12.143+0000] {processor.py:830} INFO - Processing file /opt/airflow/dags/pipeline_strava_activities.py for tasks to queue
[2025-11-18T22:05:12.145+0000] {logging_mixin.py:188} INFO - [2025-11-18T22:05:12.145+0000] {dagbag.py:545} INFO - Filling up the DagBag from /opt/airflow/dags/pipeline_strava_activities.py
[2025-11-18T22:05:12.162+0000] {processor.py:840} INFO - DAG(s) 'etl_strava_activities' retrieved from /opt/airflow/dags/pipeline_strava_activities.py
[2025-11-18T22:05:12.177+0000] {logging_mixin.py:188} INFO - [2025-11-18T22:05:12.176+0000] {dag.py:3089} INFO - Sync 1 DAGs
[2025-11-18T22:05:12.193+0000] {logging_mixin.py:188} INFO - [2025-11-18T22:05:12.192+0000] {dag.py:3947} INFO - Setting next_dagrun for etl_strava_activities to 2025-11-18 03:00:00+00:00, run_after=2025-11-19 03:00:00+00:00
[2025-11-18T22:05:12.201+0000] {processor.py:183} INFO - Processing /opt/airflow/dags/pipeline_strava_activities.py took 0.066 seconds
[2025-11-18T22:05:42.496+0000] {processor.py:161} INFO - Started process (PID=690) to work on /opt/airflow/dags/pipeline_strava_activities.py
[2025-11-18T22:05:42.496+0000] {processor.py:830} INFO - Processing file /opt/airflow/dags/pipeline_strava_activities.py for tasks to queue
[2025-11-18T22:05:42.498+0000] {logging_mixin.py:188} INFO - [2025-11-18T22:05:42.498+0000] {dagbag.py:545} INFO - Filling up the DagBag from /opt/airflow/dags/pipeline_strava_activities.py
[2025-11-18T22:05:42.509+0000] {processor.py:840} INFO - DAG(s) 'etl_strava_activities' retrieved from /opt/airflow/dags/pipeline_strava_activities.py
[2025-11-18T22:05:42.576+0000] {logging_mixin.py:188} INFO - [2025-11-18T22:05:42.576+0000] {dag.py:3089} INFO - Sync 1 DAGs
[2025-11-18T22:05:42.587+0000] {logging_mixin.py:188} INFO - [2025-11-18T22:05:42.587+0000] {dag.py:3947} INFO - Setting next_dagrun for etl_strava_activities to 2025-11-18 03:00:00+00:00, run_after=2025-11-19 03:00:00+00:00
[2025-11-18T22:05:42.595+0000] {processor.py:183} INFO - Processing /opt/airflow/dags/pipeline_strava_activities.py took 0.104 seconds
[2025-11-18T22:06:12.895+0000] {processor.py:161} INFO - Started process (PID=705) to work on /opt/airflow/dags/pipeline_strava_activities.py
[2025-11-18T22:06:12.896+0000] {processor.py:830} INFO - Processing file /opt/airflow/dags/pipeline_strava_activities.py for tasks to queue
[2025-11-18T22:06:12.898+0000] {logging_mixin.py:188} INFO - [2025-11-18T22:06:12.898+0000] {dagbag.py:545} INFO - Filling up the DagBag from /opt/airflow/dags/pipeline_strava_activities.py
[2025-11-18T22:06:12.909+0000] {processor.py:840} INFO - DAG(s) 'etl_strava_activities' retrieved from /opt/airflow/dags/pipeline_strava_activities.py
[2025-11-18T22:06:12.933+0000] {logging_mixin.py:188} INFO - [2025-11-18T22:06:12.932+0000] {dag.py:3089} INFO - Sync 1 DAGs
[2025-11-18T22:06:12.947+0000] {logging_mixin.py:188} INFO - [2025-11-18T22:06:12.947+0000] {dag.py:3947} INFO - Setting next_dagrun for etl_strava_activities to 2025-11-18 03:00:00+00:00, run_after=2025-11-19 03:00:00+00:00
[2025-11-18T22:06:12.956+0000] {processor.py:183} INFO - Processing /opt/airflow/dags/pipeline_strava_activities.py took 0.066 seconds
[2025-11-18T22:06:43.273+0000] {processor.py:161} INFO - Started process (PID=720) to work on /opt/airflow/dags/pipeline_strava_activities.py
[2025-11-18T22:06:43.273+0000] {processor.py:830} INFO - Processing file /opt/airflow/dags/pipeline_strava_activities.py for tasks to queue
[2025-11-18T22:06:43.275+0000] {logging_mixin.py:188} INFO - [2025-11-18T22:06:43.275+0000] {dagbag.py:545} INFO - Filling up the DagBag from /opt/airflow/dags/pipeline_strava_activities.py
[2025-11-18T22:06:43.294+0000] {processor.py:840} INFO - DAG(s) 'etl_strava_activities' retrieved from /opt/airflow/dags/pipeline_strava_activities.py
[2025-11-18T22:06:43.327+0000] {logging_mixin.py:188} INFO - [2025-11-18T22:06:43.327+0000] {dag.py:3089} INFO - Sync 1 DAGs
[2025-11-18T22:06:43.339+0000] {logging_mixin.py:188} INFO - [2025-11-18T22:06:43.339+0000] {dag.py:3947} INFO - Setting next_dagrun for etl_strava_activities to 2025-11-18 03:00:00+00:00, run_after=2025-11-19 03:00:00+00:00
[2025-11-18T22:06:43.347+0000] {processor.py:183} INFO - Processing /opt/airflow/dags/pipeline_strava_activities.py took 0.079 seconds
[2025-11-18T22:07:13.676+0000] {processor.py:161} INFO - Started process (PID=735) to work on /opt/airflow/dags/pipeline_strava_activities.py
[2025-11-18T22:07:13.677+0000] {processor.py:830} INFO - Processing file /opt/airflow/dags/pipeline_strava_activities.py for tasks to queue
[2025-11-18T22:07:13.679+0000] {logging_mixin.py:188} INFO - [2025-11-18T22:07:13.679+0000] {dagbag.py:545} INFO - Filling up the DagBag from /opt/airflow/dags/pipeline_strava_activities.py
[2025-11-18T22:07:13.690+0000] {processor.py:840} INFO - DAG(s) 'etl_strava_activities' retrieved from /opt/airflow/dags/pipeline_strava_activities.py
[2025-11-18T22:07:13.709+0000] {logging_mixin.py:188} INFO - [2025-11-18T22:07:13.709+0000] {dag.py:3089} INFO - Sync 1 DAGs
[2025-11-18T22:07:13.723+0000] {logging_mixin.py:188} INFO - [2025-11-18T22:07:13.723+0000] {dag.py:3947} INFO - Setting next_dagrun for etl_strava_activities to 2025-11-18 03:00:00+00:00, run_after=2025-11-19 03:00:00+00:00
[2025-11-18T22:07:13.731+0000] {processor.py:183} INFO - Processing /opt/airflow/dags/pipeline_strava_activities.py took 0.060 seconds
[2025-11-18T22:07:43.975+0000] {processor.py:161} INFO - Started process (PID=750) to work on /opt/airflow/dags/pipeline_strava_activities.py
[2025-11-18T22:07:43.976+0000] {processor.py:830} INFO - Processing file /opt/airflow/dags/pipeline_strava_activities.py for tasks to queue
[2025-11-18T22:07:43.978+0000] {logging_mixin.py:188} INFO - [2025-11-18T22:07:43.977+0000] {dagbag.py:545} INFO - Filling up the DagBag from /opt/airflow/dags/pipeline_strava_activities.py
[2025-11-18T22:07:43.988+0000] {processor.py:840} INFO - DAG(s) 'etl_strava_activities' retrieved from /opt/airflow/dags/pipeline_strava_activities.py
[2025-11-18T22:07:44.016+0000] {logging_mixin.py:188} INFO - [2025-11-18T22:07:44.015+0000] {dag.py:3089} INFO - Sync 1 DAGs
[2025-11-18T22:07:44.032+0000] {logging_mixin.py:188} INFO - [2025-11-18T22:07:44.031+0000] {dag.py:3947} INFO - Setting next_dagrun for etl_strava_activities to 2025-11-18 03:00:00+00:00, run_after=2025-11-19 03:00:00+00:00
[2025-11-18T22:07:44.040+0000] {processor.py:183} INFO - Processing /opt/airflow/dags/pipeline_strava_activities.py took 0.076 seconds
[2025-11-18T22:08:14.375+0000] {processor.py:161} INFO - Started process (PID=765) to work on /opt/airflow/dags/pipeline_strava_activities.py
[2025-11-18T22:08:14.376+0000] {processor.py:830} INFO - Processing file /opt/airflow/dags/pipeline_strava_activities.py for tasks to queue
[2025-11-18T22:08:14.378+0000] {logging_mixin.py:188} INFO - [2025-11-18T22:08:14.378+0000] {dagbag.py:545} INFO - Filling up the DagBag from /opt/airflow/dags/pipeline_strava_activities.py
[2025-11-18T22:08:14.389+0000] {processor.py:840} INFO - DAG(s) 'etl_strava_activities' retrieved from /opt/airflow/dags/pipeline_strava_activities.py
[2025-11-18T22:08:14.409+0000] {logging_mixin.py:188} INFO - [2025-11-18T22:08:14.409+0000] {dag.py:3089} INFO - Sync 1 DAGs
[2025-11-18T22:08:14.421+0000] {logging_mixin.py:188} INFO - [2025-11-18T22:08:14.421+0000] {dag.py:3947} INFO - Setting next_dagrun for etl_strava_activities to 2025-11-18 03:00:00+00:00, run_after=2025-11-19 03:00:00+00:00
[2025-11-18T22:08:14.430+0000] {processor.py:183} INFO - Processing /opt/airflow/dags/pipeline_strava_activities.py took 0.066 seconds
[2025-11-18T22:08:44.717+0000] {processor.py:161} INFO - Started process (PID=780) to work on /opt/airflow/dags/pipeline_strava_activities.py
[2025-11-18T22:08:44.718+0000] {processor.py:830} INFO - Processing file /opt/airflow/dags/pipeline_strava_activities.py for tasks to queue
[2025-11-18T22:08:44.719+0000] {logging_mixin.py:188} INFO - [2025-11-18T22:08:44.719+0000] {dagbag.py:545} INFO - Filling up the DagBag from /opt/airflow/dags/pipeline_strava_activities.py
[2025-11-18T22:08:44.731+0000] {processor.py:840} INFO - DAG(s) 'etl_strava_activities' retrieved from /opt/airflow/dags/pipeline_strava_activities.py
[2025-11-18T22:08:44.758+0000] {logging_mixin.py:188} INFO - [2025-11-18T22:08:44.758+0000] {dag.py:3089} INFO - Sync 1 DAGs
[2025-11-18T22:08:44.772+0000] {logging_mixin.py:188} INFO - [2025-11-18T22:08:44.772+0000] {dag.py:3947} INFO - Setting next_dagrun for etl_strava_activities to 2025-11-18 03:00:00+00:00, run_after=2025-11-19 03:00:00+00:00
[2025-11-18T22:08:44.780+0000] {processor.py:183} INFO - Processing /opt/airflow/dags/pipeline_strava_activities.py took 0.069 seconds
[2025-11-18T22:09:15.056+0000] {processor.py:161} INFO - Started process (PID=796) to work on /opt/airflow/dags/pipeline_strava_activities.py
[2025-11-18T22:09:15.057+0000] {processor.py:830} INFO - Processing file /opt/airflow/dags/pipeline_strava_activities.py for tasks to queue
[2025-11-18T22:09:15.062+0000] {logging_mixin.py:188} INFO - [2025-11-18T22:09:15.061+0000] {dagbag.py:545} INFO - Filling up the DagBag from /opt/airflow/dags/pipeline_strava_activities.py
[2025-11-18T22:09:15.074+0000] {processor.py:840} INFO - DAG(s) 'etl_strava_activities' retrieved from /opt/airflow/dags/pipeline_strava_activities.py
[2025-11-18T22:09:15.095+0000] {logging_mixin.py:188} INFO - [2025-11-18T22:09:15.095+0000] {dag.py:3089} INFO - Sync 1 DAGs
[2025-11-18T22:09:15.110+0000] {logging_mixin.py:188} INFO - [2025-11-18T22:09:15.110+0000] {dag.py:3947} INFO - Setting next_dagrun for etl_strava_activities to 2025-11-18 03:00:00+00:00, run_after=2025-11-19 03:00:00+00:00
[2025-11-18T22:09:15.118+0000] {processor.py:183} INFO - Processing /opt/airflow/dags/pipeline_strava_activities.py took 0.069 seconds
[2025-11-18T22:09:45.533+0000] {processor.py:161} INFO - Started process (PID=810) to work on /opt/airflow/dags/pipeline_strava_activities.py
[2025-11-18T22:09:45.535+0000] {processor.py:830} INFO - Processing file /opt/airflow/dags/pipeline_strava_activities.py for tasks to queue
[2025-11-18T22:09:45.537+0000] {logging_mixin.py:188} INFO - [2025-11-18T22:09:45.537+0000] {dagbag.py:545} INFO - Filling up the DagBag from /opt/airflow/dags/pipeline_strava_activities.py
[2025-11-18T22:09:45.553+0000] {processor.py:840} INFO - DAG(s) 'etl_strava_activities' retrieved from /opt/airflow/dags/pipeline_strava_activities.py
[2025-11-18T22:09:45.593+0000] {logging_mixin.py:188} INFO - [2025-11-18T22:09:45.593+0000] {dag.py:3089} INFO - Sync 1 DAGs
[2025-11-18T22:09:45.654+0000] {logging_mixin.py:188} INFO - [2025-11-18T22:09:45.654+0000] {dag.py:3947} INFO - Setting next_dagrun for etl_strava_activities to 2025-11-18 03:00:00+00:00, run_after=2025-11-19 03:00:00+00:00
[2025-11-18T22:09:45.683+0000] {processor.py:183} INFO - Processing /opt/airflow/dags/pipeline_strava_activities.py took 0.160 seconds
[2025-11-18T22:10:15.969+0000] {processor.py:161} INFO - Started process (PID=825) to work on /opt/airflow/dags/pipeline_strava_activities.py
[2025-11-18T22:10:15.970+0000] {processor.py:830} INFO - Processing file /opt/airflow/dags/pipeline_strava_activities.py for tasks to queue
[2025-11-18T22:10:15.972+0000] {logging_mixin.py:188} INFO - [2025-11-18T22:10:15.972+0000] {dagbag.py:545} INFO - Filling up the DagBag from /opt/airflow/dags/pipeline_strava_activities.py
[2025-11-18T22:10:15.990+0000] {processor.py:840} INFO - DAG(s) 'etl_strava_activities' retrieved from /opt/airflow/dags/pipeline_strava_activities.py
[2025-11-18T22:10:16.016+0000] {logging_mixin.py:188} INFO - [2025-11-18T22:10:16.016+0000] {dag.py:3089} INFO - Sync 1 DAGs
[2025-11-18T22:10:16.030+0000] {logging_mixin.py:188} INFO - [2025-11-18T22:10:16.030+0000] {dag.py:3947} INFO - Setting next_dagrun for etl_strava_activities to 2025-11-18 03:00:00+00:00, run_after=2025-11-19 03:00:00+00:00
[2025-11-18T22:10:16.042+0000] {processor.py:183} INFO - Processing /opt/airflow/dags/pipeline_strava_activities.py took 0.079 seconds
[2025-11-18T22:10:46.350+0000] {processor.py:161} INFO - Started process (PID=844) to work on /opt/airflow/dags/pipeline_strava_activities.py
[2025-11-18T22:10:46.351+0000] {processor.py:830} INFO - Processing file /opt/airflow/dags/pipeline_strava_activities.py for tasks to queue
[2025-11-18T22:10:46.354+0000] {logging_mixin.py:188} INFO - [2025-11-18T22:10:46.353+0000] {dagbag.py:545} INFO - Filling up the DagBag from /opt/airflow/dags/pipeline_strava_activities.py
[2025-11-18T22:10:46.367+0000] {processor.py:840} INFO - DAG(s) 'etl_strava_activities' retrieved from /opt/airflow/dags/pipeline_strava_activities.py
[2025-11-18T22:10:46.389+0000] {logging_mixin.py:188} INFO - [2025-11-18T22:10:46.389+0000] {dag.py:3089} INFO - Sync 1 DAGs
[2025-11-18T22:10:46.402+0000] {logging_mixin.py:188} INFO - [2025-11-18T22:10:46.402+0000] {dag.py:3947} INFO - Setting next_dagrun for etl_strava_activities to 2025-11-18 03:00:00+00:00, run_after=2025-11-19 03:00:00+00:00
[2025-11-18T22:10:46.410+0000] {processor.py:183} INFO - Processing /opt/airflow/dags/pipeline_strava_activities.py took 0.064 seconds
[2025-11-18T22:11:16.657+0000] {processor.py:161} INFO - Started process (PID=858) to work on /opt/airflow/dags/pipeline_strava_activities.py
[2025-11-18T22:11:16.658+0000] {processor.py:830} INFO - Processing file /opt/airflow/dags/pipeline_strava_activities.py for tasks to queue
[2025-11-18T22:11:16.660+0000] {logging_mixin.py:188} INFO - [2025-11-18T22:11:16.660+0000] {dagbag.py:545} INFO - Filling up the DagBag from /opt/airflow/dags/pipeline_strava_activities.py
[2025-11-18T22:11:16.670+0000] {processor.py:840} INFO - DAG(s) 'etl_strava_activities' retrieved from /opt/airflow/dags/pipeline_strava_activities.py
[2025-11-18T22:11:16.691+0000] {logging_mixin.py:188} INFO - [2025-11-18T22:11:16.691+0000] {dag.py:3089} INFO - Sync 1 DAGs
[2025-11-18T22:11:16.707+0000] {logging_mixin.py:188} INFO - [2025-11-18T22:11:16.706+0000] {dag.py:3947} INFO - Setting next_dagrun for etl_strava_activities to 2025-11-18 03:00:00+00:00, run_after=2025-11-19 03:00:00+00:00
[2025-11-18T22:11:16.718+0000] {processor.py:183} INFO - Processing /opt/airflow/dags/pipeline_strava_activities.py took 0.067 seconds
[2025-11-18T22:11:46.989+0000] {processor.py:161} INFO - Started process (PID=873) to work on /opt/airflow/dags/pipeline_strava_activities.py
[2025-11-18T22:11:46.990+0000] {processor.py:830} INFO - Processing file /opt/airflow/dags/pipeline_strava_activities.py for tasks to queue
[2025-11-18T22:11:46.991+0000] {logging_mixin.py:188} INFO - [2025-11-18T22:11:46.991+0000] {dagbag.py:545} INFO - Filling up the DagBag from /opt/airflow/dags/pipeline_strava_activities.py
[2025-11-18T22:11:47.005+0000] {processor.py:840} INFO - DAG(s) 'etl_strava_activities' retrieved from /opt/airflow/dags/pipeline_strava_activities.py
[2025-11-18T22:11:47.032+0000] {logging_mixin.py:188} INFO - [2025-11-18T22:11:47.032+0000] {dag.py:3089} INFO - Sync 1 DAGs
[2025-11-18T22:11:47.044+0000] {logging_mixin.py:188} INFO - [2025-11-18T22:11:47.044+0000] {dag.py:3947} INFO - Setting next_dagrun for etl_strava_activities to 2025-11-18 03:00:00+00:00, run_after=2025-11-19 03:00:00+00:00
[2025-11-18T22:11:47.055+0000] {processor.py:183} INFO - Processing /opt/airflow/dags/pipeline_strava_activities.py took 0.075 seconds
[2025-11-18T22:12:17.306+0000] {processor.py:161} INFO - Started process (PID=888) to work on /opt/airflow/dags/pipeline_strava_activities.py
[2025-11-18T22:12:17.307+0000] {processor.py:830} INFO - Processing file /opt/airflow/dags/pipeline_strava_activities.py for tasks to queue
[2025-11-18T22:12:17.309+0000] {logging_mixin.py:188} INFO - [2025-11-18T22:12:17.309+0000] {dagbag.py:545} INFO - Filling up the DagBag from /opt/airflow/dags/pipeline_strava_activities.py
[2025-11-18T22:12:17.322+0000] {processor.py:840} INFO - DAG(s) 'etl_strava_activities' retrieved from /opt/airflow/dags/pipeline_strava_activities.py
[2025-11-18T22:12:17.350+0000] {logging_mixin.py:188} INFO - [2025-11-18T22:12:17.350+0000] {dag.py:3089} INFO - Sync 1 DAGs
[2025-11-18T22:12:17.362+0000] {logging_mixin.py:188} INFO - [2025-11-18T22:12:17.362+0000] {dag.py:3947} INFO - Setting next_dagrun for etl_strava_activities to 2025-11-18 03:00:00+00:00, run_after=2025-11-19 03:00:00+00:00
[2025-11-18T22:12:17.370+0000] {processor.py:183} INFO - Processing /opt/airflow/dags/pipeline_strava_activities.py took 0.070 seconds
[2025-11-18T22:12:47.652+0000] {processor.py:161} INFO - Started process (PID=902) to work on /opt/airflow/dags/pipeline_strava_activities.py
[2025-11-18T22:12:47.653+0000] {processor.py:830} INFO - Processing file /opt/airflow/dags/pipeline_strava_activities.py for tasks to queue
[2025-11-18T22:12:47.654+0000] {logging_mixin.py:188} INFO - [2025-11-18T22:12:47.654+0000] {dagbag.py:545} INFO - Filling up the DagBag from /opt/airflow/dags/pipeline_strava_activities.py
[2025-11-18T22:12:47.664+0000] {processor.py:840} INFO - DAG(s) 'etl_strava_activities' retrieved from /opt/airflow/dags/pipeline_strava_activities.py
[2025-11-18T22:12:47.690+0000] {logging_mixin.py:188} INFO - [2025-11-18T22:12:47.689+0000] {dag.py:3089} INFO - Sync 1 DAGs
[2025-11-18T22:12:47.706+0000] {logging_mixin.py:188} INFO - [2025-11-18T22:12:47.706+0000] {dag.py:3947} INFO - Setting next_dagrun for etl_strava_activities to 2025-11-18 03:00:00+00:00, run_after=2025-11-19 03:00:00+00:00
[2025-11-18T22:12:47.716+0000] {processor.py:183} INFO - Processing /opt/airflow/dags/pipeline_strava_activities.py took 0.071 seconds
[2025-11-18T22:13:18.042+0000] {processor.py:161} INFO - Started process (PID=918) to work on /opt/airflow/dags/pipeline_strava_activities.py
[2025-11-18T22:13:18.042+0000] {processor.py:830} INFO - Processing file /opt/airflow/dags/pipeline_strava_activities.py for tasks to queue
[2025-11-18T22:13:18.044+0000] {logging_mixin.py:188} INFO - [2025-11-18T22:13:18.044+0000] {dagbag.py:545} INFO - Filling up the DagBag from /opt/airflow/dags/pipeline_strava_activities.py
[2025-11-18T22:13:18.054+0000] {processor.py:840} INFO - DAG(s) 'etl_strava_activities' retrieved from /opt/airflow/dags/pipeline_strava_activities.py
[2025-11-18T22:13:18.086+0000] {logging_mixin.py:188} INFO - [2025-11-18T22:13:18.086+0000] {dag.py:3089} INFO - Sync 1 DAGs
[2025-11-18T22:13:18.104+0000] {logging_mixin.py:188} INFO - [2025-11-18T22:13:18.104+0000] {dag.py:3947} INFO - Setting next_dagrun for etl_strava_activities to 2025-11-18 03:00:00+00:00, run_after=2025-11-19 03:00:00+00:00
[2025-11-18T22:13:18.112+0000] {processor.py:183} INFO - Processing /opt/airflow/dags/pipeline_strava_activities.py took 0.081 seconds
[2025-11-18T22:13:48.395+0000] {processor.py:161} INFO - Started process (PID=933) to work on /opt/airflow/dags/pipeline_strava_activities.py
[2025-11-18T22:13:48.396+0000] {processor.py:830} INFO - Processing file /opt/airflow/dags/pipeline_strava_activities.py for tasks to queue
[2025-11-18T22:13:48.398+0000] {logging_mixin.py:188} INFO - [2025-11-18T22:13:48.397+0000] {dagbag.py:545} INFO - Filling up the DagBag from /opt/airflow/dags/pipeline_strava_activities.py
[2025-11-18T22:13:48.409+0000] {processor.py:840} INFO - DAG(s) 'etl_strava_activities' retrieved from /opt/airflow/dags/pipeline_strava_activities.py
[2025-11-18T22:13:48.447+0000] {logging_mixin.py:188} INFO - [2025-11-18T22:13:48.446+0000] {dag.py:3089} INFO - Sync 1 DAGs
[2025-11-18T22:13:48.493+0000] {logging_mixin.py:188} INFO - [2025-11-18T22:13:48.493+0000] {dag.py:3947} INFO - Setting next_dagrun for etl_strava_activities to 2025-11-18 03:00:00+00:00, run_after=2025-11-19 03:00:00+00:00
[2025-11-18T22:13:48.505+0000] {processor.py:183} INFO - Processing /opt/airflow/dags/pipeline_strava_activities.py took 0.122 seconds
[2025-11-18T22:14:18.801+0000] {processor.py:161} INFO - Started process (PID=948) to work on /opt/airflow/dags/pipeline_strava_activities.py
[2025-11-18T22:14:18.802+0000] {processor.py:830} INFO - Processing file /opt/airflow/dags/pipeline_strava_activities.py for tasks to queue
[2025-11-18T22:14:18.805+0000] {logging_mixin.py:188} INFO - [2025-11-18T22:14:18.804+0000] {dagbag.py:545} INFO - Filling up the DagBag from /opt/airflow/dags/pipeline_strava_activities.py
[2025-11-18T22:14:18.822+0000] {processor.py:840} INFO - DAG(s) 'etl_strava_activities' retrieved from /opt/airflow/dags/pipeline_strava_activities.py
[2025-11-18T22:14:18.854+0000] {logging_mixin.py:188} INFO - [2025-11-18T22:14:18.854+0000] {dag.py:3089} INFO - Sync 1 DAGs
[2025-11-18T22:14:18.873+0000] {logging_mixin.py:188} INFO - [2025-11-18T22:14:18.873+0000] {dag.py:3947} INFO - Setting next_dagrun for etl_strava_activities to 2025-11-18 03:00:00+00:00, run_after=2025-11-19 03:00:00+00:00
[2025-11-18T22:14:18.883+0000] {processor.py:183} INFO - Processing /opt/airflow/dags/pipeline_strava_activities.py took 0.087 seconds
[2025-11-18T22:14:49.256+0000] {processor.py:161} INFO - Started process (PID=963) to work on /opt/airflow/dags/pipeline_strava_activities.py
[2025-11-18T22:14:49.257+0000] {processor.py:830} INFO - Processing file /opt/airflow/dags/pipeline_strava_activities.py for tasks to queue
[2025-11-18T22:14:49.258+0000] {logging_mixin.py:188} INFO - [2025-11-18T22:14:49.258+0000] {dagbag.py:545} INFO - Filling up the DagBag from /opt/airflow/dags/pipeline_strava_activities.py
[2025-11-18T22:14:49.270+0000] {processor.py:840} INFO - DAG(s) 'etl_strava_activities' retrieved from /opt/airflow/dags/pipeline_strava_activities.py
[2025-11-18T22:14:49.304+0000] {logging_mixin.py:188} INFO - [2025-11-18T22:14:49.304+0000] {dag.py:3089} INFO - Sync 1 DAGs
[2025-11-18T22:14:49.327+0000] {logging_mixin.py:188} INFO - [2025-11-18T22:14:49.327+0000] {dag.py:3947} INFO - Setting next_dagrun for etl_strava_activities to 2025-11-18 03:00:00+00:00, run_after=2025-11-19 03:00:00+00:00
[2025-11-18T22:14:49.336+0000] {processor.py:183} INFO - Processing /opt/airflow/dags/pipeline_strava_activities.py took 0.089 seconds
[2025-11-18T22:15:19.567+0000] {processor.py:161} INFO - Started process (PID=978) to work on /opt/airflow/dags/pipeline_strava_activities.py
[2025-11-18T22:15:19.568+0000] {processor.py:830} INFO - Processing file /opt/airflow/dags/pipeline_strava_activities.py for tasks to queue
[2025-11-18T22:15:19.571+0000] {logging_mixin.py:188} INFO - [2025-11-18T22:15:19.571+0000] {dagbag.py:545} INFO - Filling up the DagBag from /opt/airflow/dags/pipeline_strava_activities.py
[2025-11-18T22:15:19.580+0000] {processor.py:840} INFO - DAG(s) 'etl_strava_activities' retrieved from /opt/airflow/dags/pipeline_strava_activities.py
[2025-11-18T22:15:19.598+0000] {logging_mixin.py:188} INFO - [2025-11-18T22:15:19.598+0000] {dag.py:3089} INFO - Sync 1 DAGs
[2025-11-18T22:15:19.610+0000] {logging_mixin.py:188} INFO - [2025-11-18T22:15:19.610+0000] {dag.py:3947} INFO - Setting next_dagrun for etl_strava_activities to 2025-11-18 03:00:00+00:00, run_after=2025-11-19 03:00:00+00:00
[2025-11-18T22:15:19.621+0000] {processor.py:183} INFO - Processing /opt/airflow/dags/pipeline_strava_activities.py took 0.061 seconds
[2025-11-18T22:15:49.871+0000] {processor.py:161} INFO - Started process (PID=993) to work on /opt/airflow/dags/pipeline_strava_activities.py
[2025-11-18T22:15:49.871+0000] {processor.py:830} INFO - Processing file /opt/airflow/dags/pipeline_strava_activities.py for tasks to queue
[2025-11-18T22:15:49.873+0000] {logging_mixin.py:188} INFO - [2025-11-18T22:15:49.872+0000] {dagbag.py:545} INFO - Filling up the DagBag from /opt/airflow/dags/pipeline_strava_activities.py
[2025-11-18T22:15:49.890+0000] {processor.py:840} INFO - DAG(s) 'etl_strava_activities' retrieved from /opt/airflow/dags/pipeline_strava_activities.py
[2025-11-18T22:15:49.912+0000] {logging_mixin.py:188} INFO - [2025-11-18T22:15:49.912+0000] {dag.py:3089} INFO - Sync 1 DAGs
[2025-11-18T22:15:49.929+0000] {logging_mixin.py:188} INFO - [2025-11-18T22:15:49.929+0000] {dag.py:3947} INFO - Setting next_dagrun for etl_strava_activities to 2025-11-18 03:00:00+00:00, run_after=2025-11-19 03:00:00+00:00
[2025-11-18T22:15:49.940+0000] {processor.py:183} INFO - Processing /opt/airflow/dags/pipeline_strava_activities.py took 0.073 seconds
[2025-11-18T22:16:20.177+0000] {processor.py:161} INFO - Started process (PID=1008) to work on /opt/airflow/dags/pipeline_strava_activities.py
[2025-11-18T22:16:20.178+0000] {processor.py:830} INFO - Processing file /opt/airflow/dags/pipeline_strava_activities.py for tasks to queue
[2025-11-18T22:16:20.179+0000] {logging_mixin.py:188} INFO - [2025-11-18T22:16:20.179+0000] {dagbag.py:545} INFO - Filling up the DagBag from /opt/airflow/dags/pipeline_strava_activities.py
[2025-11-18T22:16:20.190+0000] {processor.py:840} INFO - DAG(s) 'etl_strava_activities' retrieved from /opt/airflow/dags/pipeline_strava_activities.py
[2025-11-18T22:16:20.211+0000] {logging_mixin.py:188} INFO - [2025-11-18T22:16:20.211+0000] {dag.py:3089} INFO - Sync 1 DAGs
[2025-11-18T22:16:20.229+0000] {logging_mixin.py:188} INFO - [2025-11-18T22:16:20.229+0000] {dag.py:3947} INFO - Setting next_dagrun for etl_strava_activities to 2025-11-18 03:00:00+00:00, run_after=2025-11-19 03:00:00+00:00
[2025-11-18T22:16:20.237+0000] {processor.py:183} INFO - Processing /opt/airflow/dags/pipeline_strava_activities.py took 0.067 seconds
[2025-11-18T22:16:50.535+0000] {processor.py:161} INFO - Started process (PID=1023) to work on /opt/airflow/dags/pipeline_strava_activities.py
[2025-11-18T22:16:50.536+0000] {processor.py:830} INFO - Processing file /opt/airflow/dags/pipeline_strava_activities.py for tasks to queue
[2025-11-18T22:16:50.538+0000] {logging_mixin.py:188} INFO - [2025-11-18T22:16:50.538+0000] {dagbag.py:545} INFO - Filling up the DagBag from /opt/airflow/dags/pipeline_strava_activities.py
[2025-11-18T22:16:50.552+0000] {processor.py:840} INFO - DAG(s) 'etl_strava_activities' retrieved from /opt/airflow/dags/pipeline_strava_activities.py
[2025-11-18T22:16:50.576+0000] {logging_mixin.py:188} INFO - [2025-11-18T22:16:50.576+0000] {dag.py:3089} INFO - Sync 1 DAGs
[2025-11-18T22:16:50.590+0000] {logging_mixin.py:188} INFO - [2025-11-18T22:16:50.590+0000] {dag.py:3947} INFO - Setting next_dagrun for etl_strava_activities to 2025-11-18 03:00:00+00:00, run_after=2025-11-19 03:00:00+00:00
[2025-11-18T22:16:50.598+0000] {processor.py:183} INFO - Processing /opt/airflow/dags/pipeline_strava_activities.py took 0.070 seconds
[2025-11-18T22:17:20.880+0000] {processor.py:161} INFO - Started process (PID=1039) to work on /opt/airflow/dags/pipeline_strava_activities.py
[2025-11-18T22:17:20.882+0000] {processor.py:830} INFO - Processing file /opt/airflow/dags/pipeline_strava_activities.py for tasks to queue
[2025-11-18T22:17:20.884+0000] {logging_mixin.py:188} INFO - [2025-11-18T22:17:20.884+0000] {dagbag.py:545} INFO - Filling up the DagBag from /opt/airflow/dags/pipeline_strava_activities.py
[2025-11-18T22:17:20.900+0000] {processor.py:840} INFO - DAG(s) 'etl_strava_activities' retrieved from /opt/airflow/dags/pipeline_strava_activities.py
[2025-11-18T22:17:20.928+0000] {logging_mixin.py:188} INFO - [2025-11-18T22:17:20.928+0000] {dag.py:3089} INFO - Sync 1 DAGs
[2025-11-18T22:17:20.945+0000] {logging_mixin.py:188} INFO - [2025-11-18T22:17:20.945+0000] {dag.py:3947} INFO - Setting next_dagrun for etl_strava_activities to 2025-11-18 03:00:00+00:00, run_after=2025-11-19 03:00:00+00:00
[2025-11-18T22:17:20.955+0000] {processor.py:183} INFO - Processing /opt/airflow/dags/pipeline_strava_activities.py took 0.081 seconds
[2025-11-18T22:17:51.260+0000] {processor.py:161} INFO - Started process (PID=1066) to work on /opt/airflow/dags/pipeline_strava_activities.py
[2025-11-18T22:17:51.261+0000] {processor.py:830} INFO - Processing file /opt/airflow/dags/pipeline_strava_activities.py for tasks to queue
[2025-11-18T22:17:51.262+0000] {logging_mixin.py:188} INFO - [2025-11-18T22:17:51.262+0000] {dagbag.py:545} INFO - Filling up the DagBag from /opt/airflow/dags/pipeline_strava_activities.py
[2025-11-18T22:17:51.271+0000] {processor.py:840} INFO - DAG(s) 'etl_strava_activities' retrieved from /opt/airflow/dags/pipeline_strava_activities.py
[2025-11-18T22:17:51.280+0000] {logging_mixin.py:188} INFO - [2025-11-18T22:17:51.280+0000] {dag.py:3089} INFO - Sync 1 DAGs
[2025-11-18T22:17:51.295+0000] {logging_mixin.py:188} INFO - [2025-11-18T22:17:51.295+0000] {dag.py:3947} INFO - Setting next_dagrun for etl_strava_activities to 2025-11-18 03:00:00+00:00, run_after=2025-11-19 03:00:00+00:00
[2025-11-18T22:17:51.304+0000] {processor.py:183} INFO - Processing /opt/airflow/dags/pipeline_strava_activities.py took 0.048 seconds
[2025-11-18T22:18:21.590+0000] {processor.py:161} INFO - Started process (PID=1080) to work on /opt/airflow/dags/pipeline_strava_activities.py
[2025-11-18T22:18:21.591+0000] {processor.py:830} INFO - Processing file /opt/airflow/dags/pipeline_strava_activities.py for tasks to queue
[2025-11-18T22:18:21.592+0000] {logging_mixin.py:188} INFO - [2025-11-18T22:18:21.592+0000] {dagbag.py:545} INFO - Filling up the DagBag from /opt/airflow/dags/pipeline_strava_activities.py
[2025-11-18T22:18:21.606+0000] {processor.py:840} INFO - DAG(s) 'etl_strava_activities' retrieved from /opt/airflow/dags/pipeline_strava_activities.py
[2025-11-18T22:18:21.673+0000] {logging_mixin.py:188} INFO - [2025-11-18T22:18:21.673+0000] {dag.py:3089} INFO - Sync 1 DAGs
[2025-11-18T22:18:21.683+0000] {logging_mixin.py:188} INFO - [2025-11-18T22:18:21.683+0000] {dag.py:3947} INFO - Setting next_dagrun for etl_strava_activities to 2025-11-18 03:00:00+00:00, run_after=2025-11-19 03:00:00+00:00
[2025-11-18T22:18:21.695+0000] {processor.py:183} INFO - Processing /opt/airflow/dags/pipeline_strava_activities.py took 0.111 seconds
[2025-11-18T22:18:52.015+0000] {processor.py:161} INFO - Started process (PID=1095) to work on /opt/airflow/dags/pipeline_strava_activities.py
[2025-11-18T22:18:52.016+0000] {processor.py:830} INFO - Processing file /opt/airflow/dags/pipeline_strava_activities.py for tasks to queue
[2025-11-18T22:18:52.018+0000] {logging_mixin.py:188} INFO - [2025-11-18T22:18:52.018+0000] {dagbag.py:545} INFO - Filling up the DagBag from /opt/airflow/dags/pipeline_strava_activities.py
[2025-11-18T22:18:52.029+0000] {processor.py:840} INFO - DAG(s) 'etl_strava_activities' retrieved from /opt/airflow/dags/pipeline_strava_activities.py
[2025-11-18T22:18:52.056+0000] {logging_mixin.py:188} INFO - [2025-11-18T22:18:52.056+0000] {dag.py:3089} INFO - Sync 1 DAGs
[2025-11-18T22:18:52.070+0000] {logging_mixin.py:188} INFO - [2025-11-18T22:18:52.070+0000] {dag.py:3947} INFO - Setting next_dagrun for etl_strava_activities to 2025-11-18 03:00:00+00:00, run_after=2025-11-19 03:00:00+00:00
[2025-11-18T22:18:52.082+0000] {processor.py:183} INFO - Processing /opt/airflow/dags/pipeline_strava_activities.py took 0.071 seconds
[2025-11-18T22:19:22.345+0000] {processor.py:161} INFO - Started process (PID=1109) to work on /opt/airflow/dags/pipeline_strava_activities.py
[2025-11-18T22:19:22.345+0000] {processor.py:830} INFO - Processing file /opt/airflow/dags/pipeline_strava_activities.py for tasks to queue
[2025-11-18T22:19:22.348+0000] {logging_mixin.py:188} INFO - [2025-11-18T22:19:22.347+0000] {dagbag.py:545} INFO - Filling up the DagBag from /opt/airflow/dags/pipeline_strava_activities.py
[2025-11-18T22:19:22.359+0000] {processor.py:840} INFO - DAG(s) 'etl_strava_activities' retrieved from /opt/airflow/dags/pipeline_strava_activities.py
[2025-11-18T22:19:22.385+0000] {logging_mixin.py:188} INFO - [2025-11-18T22:19:22.385+0000] {dag.py:3089} INFO - Sync 1 DAGs
[2025-11-18T22:19:22.401+0000] {logging_mixin.py:188} INFO - [2025-11-18T22:19:22.401+0000] {dag.py:3947} INFO - Setting next_dagrun for etl_strava_activities to 2025-11-18 03:00:00+00:00, run_after=2025-11-19 03:00:00+00:00
[2025-11-18T22:19:22.411+0000] {processor.py:183} INFO - Processing /opt/airflow/dags/pipeline_strava_activities.py took 0.071 seconds
[2025-11-18T22:19:52.712+0000] {processor.py:161} INFO - Started process (PID=1125) to work on /opt/airflow/dags/pipeline_strava_activities.py
[2025-11-18T22:19:52.713+0000] {processor.py:830} INFO - Processing file /opt/airflow/dags/pipeline_strava_activities.py for tasks to queue
[2025-11-18T22:19:52.715+0000] {logging_mixin.py:188} INFO - [2025-11-18T22:19:52.715+0000] {dagbag.py:545} INFO - Filling up the DagBag from /opt/airflow/dags/pipeline_strava_activities.py
[2025-11-18T22:19:52.726+0000] {processor.py:840} INFO - DAG(s) 'etl_strava_activities' retrieved from /opt/airflow/dags/pipeline_strava_activities.py
[2025-11-18T22:19:52.750+0000] {logging_mixin.py:188} INFO - [2025-11-18T22:19:52.750+0000] {dag.py:3089} INFO - Sync 1 DAGs
[2025-11-18T22:19:52.763+0000] {logging_mixin.py:188} INFO - [2025-11-18T22:19:52.763+0000] {dag.py:3947} INFO - Setting next_dagrun for etl_strava_activities to 2025-11-18 03:00:00+00:00, run_after=2025-11-19 03:00:00+00:00
[2025-11-18T22:19:52.775+0000] {processor.py:183} INFO - Processing /opt/airflow/dags/pipeline_strava_activities.py took 0.068 seconds
[2025-11-18T22:20:23.070+0000] {processor.py:161} INFO - Started process (PID=1140) to work on /opt/airflow/dags/pipeline_strava_activities.py
[2025-11-18T22:20:23.071+0000] {processor.py:830} INFO - Processing file /opt/airflow/dags/pipeline_strava_activities.py for tasks to queue
[2025-11-18T22:20:23.075+0000] {logging_mixin.py:188} INFO - [2025-11-18T22:20:23.074+0000] {dagbag.py:545} INFO - Filling up the DagBag from /opt/airflow/dags/pipeline_strava_activities.py
[2025-11-18T22:20:23.103+0000] {processor.py:840} INFO - DAG(s) 'etl_strava_activities' retrieved from /opt/airflow/dags/pipeline_strava_activities.py
[2025-11-18T22:20:23.159+0000] {logging_mixin.py:188} INFO - [2025-11-18T22:20:23.158+0000] {dag.py:3089} INFO - Sync 1 DAGs
[2025-11-18T22:20:23.183+0000] {logging_mixin.py:188} INFO - [2025-11-18T22:20:23.183+0000] {dag.py:3947} INFO - Setting next_dagrun for etl_strava_activities to 2025-11-18 03:00:00+00:00, run_after=2025-11-19 03:00:00+00:00
[2025-11-18T22:20:23.192+0000] {processor.py:183} INFO - Processing /opt/airflow/dags/pipeline_strava_activities.py took 0.130 seconds
[2025-11-18T22:20:53.502+0000] {processor.py:161} INFO - Started process (PID=1155) to work on /opt/airflow/dags/pipeline_strava_activities.py
[2025-11-18T22:20:53.503+0000] {processor.py:830} INFO - Processing file /opt/airflow/dags/pipeline_strava_activities.py for tasks to queue
[2025-11-18T22:20:53.505+0000] {logging_mixin.py:188} INFO - [2025-11-18T22:20:53.505+0000] {dagbag.py:545} INFO - Filling up the DagBag from /opt/airflow/dags/pipeline_strava_activities.py
[2025-11-18T22:20:53.519+0000] {processor.py:840} INFO - DAG(s) 'etl_strava_activities' retrieved from /opt/airflow/dags/pipeline_strava_activities.py
[2025-11-18T22:20:53.546+0000] {logging_mixin.py:188} INFO - [2025-11-18T22:20:53.546+0000] {dag.py:3089} INFO - Sync 1 DAGs
[2025-11-18T22:20:53.561+0000] {logging_mixin.py:188} INFO - [2025-11-18T22:20:53.561+0000] {dag.py:3947} INFO - Setting next_dagrun for etl_strava_activities to 2025-11-18 03:00:00+00:00, run_after=2025-11-19 03:00:00+00:00
[2025-11-18T22:20:53.571+0000] {processor.py:183} INFO - Processing /opt/airflow/dags/pipeline_strava_activities.py took 0.076 seconds
[2025-11-18T22:21:23.870+0000] {processor.py:161} INFO - Started process (PID=1170) to work on /opt/airflow/dags/pipeline_strava_activities.py
[2025-11-18T22:21:23.871+0000] {processor.py:830} INFO - Processing file /opt/airflow/dags/pipeline_strava_activities.py for tasks to queue
[2025-11-18T22:21:23.873+0000] {logging_mixin.py:188} INFO - [2025-11-18T22:21:23.872+0000] {dagbag.py:545} INFO - Filling up the DagBag from /opt/airflow/dags/pipeline_strava_activities.py
[2025-11-18T22:21:23.884+0000] {processor.py:840} INFO - DAG(s) 'etl_strava_activities' retrieved from /opt/airflow/dags/pipeline_strava_activities.py
[2025-11-18T22:21:23.910+0000] {logging_mixin.py:188} INFO - [2025-11-18T22:21:23.910+0000] {dag.py:3089} INFO - Sync 1 DAGs
[2025-11-18T22:21:23.924+0000] {logging_mixin.py:188} INFO - [2025-11-18T22:21:23.924+0000] {dag.py:3947} INFO - Setting next_dagrun for etl_strava_activities to 2025-11-18 03:00:00+00:00, run_after=2025-11-19 03:00:00+00:00
[2025-11-18T22:21:23.933+0000] {processor.py:183} INFO - Processing /opt/airflow/dags/pipeline_strava_activities.py took 0.068 seconds
[2025-11-18T22:21:54.241+0000] {processor.py:161} INFO - Started process (PID=1186) to work on /opt/airflow/dags/pipeline_strava_activities.py
[2025-11-18T22:21:54.242+0000] {processor.py:830} INFO - Processing file /opt/airflow/dags/pipeline_strava_activities.py for tasks to queue
[2025-11-18T22:21:54.243+0000] {logging_mixin.py:188} INFO - [2025-11-18T22:21:54.243+0000] {dagbag.py:545} INFO - Filling up the DagBag from /opt/airflow/dags/pipeline_strava_activities.py
[2025-11-18T22:21:54.265+0000] {processor.py:840} INFO - DAG(s) 'etl_strava_activities' retrieved from /opt/airflow/dags/pipeline_strava_activities.py
[2025-11-18T22:21:54.292+0000] {logging_mixin.py:188} INFO - [2025-11-18T22:21:54.292+0000] {dag.py:3089} INFO - Sync 1 DAGs
[2025-11-18T22:21:54.307+0000] {logging_mixin.py:188} INFO - [2025-11-18T22:21:54.306+0000] {dag.py:3947} INFO - Setting next_dagrun for etl_strava_activities to 2025-11-18 03:00:00+00:00, run_after=2025-11-19 03:00:00+00:00
[2025-11-18T22:21:54.315+0000] {processor.py:183} INFO - Processing /opt/airflow/dags/pipeline_strava_activities.py took 0.082 seconds
[2025-11-18T22:22:24.608+0000] {processor.py:161} INFO - Started process (PID=1213) to work on /opt/airflow/dags/pipeline_strava_activities.py
[2025-11-18T22:22:24.612+0000] {processor.py:830} INFO - Processing file /opt/airflow/dags/pipeline_strava_activities.py for tasks to queue
[2025-11-18T22:22:24.614+0000] {logging_mixin.py:188} INFO - [2025-11-18T22:22:24.614+0000] {dagbag.py:545} INFO - Filling up the DagBag from /opt/airflow/dags/pipeline_strava_activities.py
[2025-11-18T22:22:24.628+0000] {processor.py:840} INFO - DAG(s) 'etl_strava_activities' retrieved from /opt/airflow/dags/pipeline_strava_activities.py
[2025-11-18T22:22:24.642+0000] {logging_mixin.py:188} INFO - [2025-11-18T22:22:24.642+0000] {dag.py:3089} INFO - Sync 1 DAGs
[2025-11-18T22:22:24.674+0000] {logging_mixin.py:188} INFO - [2025-11-18T22:22:24.673+0000] {dag.py:3947} INFO - Setting next_dagrun for etl_strava_activities to 2025-11-18 03:00:00+00:00, run_after=2025-11-19 03:00:00+00:00
[2025-11-18T22:22:24.683+0000] {processor.py:183} INFO - Processing /opt/airflow/dags/pipeline_strava_activities.py took 0.083 seconds
[2025-11-18T22:22:54.954+0000] {processor.py:161} INFO - Started process (PID=1252) to work on /opt/airflow/dags/pipeline_strava_activities.py
[2025-11-18T22:22:54.954+0000] {processor.py:830} INFO - Processing file /opt/airflow/dags/pipeline_strava_activities.py for tasks to queue
[2025-11-18T22:22:54.955+0000] {logging_mixin.py:188} INFO - [2025-11-18T22:22:54.955+0000] {dagbag.py:545} INFO - Filling up the DagBag from /opt/airflow/dags/pipeline_strava_activities.py
[2025-11-18T22:22:54.962+0000] {processor.py:840} INFO - DAG(s) 'etl_strava_activities' retrieved from /opt/airflow/dags/pipeline_strava_activities.py
[2025-11-18T22:22:55.023+0000] {logging_mixin.py:188} INFO - [2025-11-18T22:22:55.023+0000] {dag.py:3089} INFO - Sync 1 DAGs
[2025-11-18T22:22:55.037+0000] {logging_mixin.py:188} INFO - [2025-11-18T22:22:55.037+0000] {dag.py:3947} INFO - Setting next_dagrun for etl_strava_activities to 2025-11-18 03:00:00+00:00, run_after=2025-11-19 03:00:00+00:00
[2025-11-18T22:22:55.045+0000] {processor.py:183} INFO - Processing /opt/airflow/dags/pipeline_strava_activities.py took 0.095 seconds
[2025-11-18T22:23:25.322+0000] {processor.py:161} INFO - Started process (PID=1266) to work on /opt/airflow/dags/pipeline_strava_activities.py
[2025-11-18T22:23:25.322+0000] {processor.py:830} INFO - Processing file /opt/airflow/dags/pipeline_strava_activities.py for tasks to queue
[2025-11-18T22:23:25.325+0000] {logging_mixin.py:188} INFO - [2025-11-18T22:23:25.324+0000] {dagbag.py:545} INFO - Filling up the DagBag from /opt/airflow/dags/pipeline_strava_activities.py
[2025-11-18T22:23:25.342+0000] {processor.py:840} INFO - DAG(s) 'etl_strava_activities' retrieved from /opt/airflow/dags/pipeline_strava_activities.py
[2025-11-18T22:23:25.380+0000] {logging_mixin.py:188} INFO - [2025-11-18T22:23:25.380+0000] {dag.py:3089} INFO - Sync 1 DAGs
[2025-11-18T22:23:25.405+0000] {logging_mixin.py:188} INFO - [2025-11-18T22:23:25.404+0000] {dag.py:3947} INFO - Setting next_dagrun for etl_strava_activities to 2025-11-18 03:00:00+00:00, run_after=2025-11-19 03:00:00+00:00
[2025-11-18T22:23:25.413+0000] {processor.py:183} INFO - Processing /opt/airflow/dags/pipeline_strava_activities.py took 0.098 seconds
[2025-11-18T22:23:55.727+0000] {processor.py:161} INFO - Started process (PID=1281) to work on /opt/airflow/dags/pipeline_strava_activities.py
[2025-11-18T22:23:55.727+0000] {processor.py:830} INFO - Processing file /opt/airflow/dags/pipeline_strava_activities.py for tasks to queue
[2025-11-18T22:23:55.729+0000] {logging_mixin.py:188} INFO - [2025-11-18T22:23:55.729+0000] {dagbag.py:545} INFO - Filling up the DagBag from /opt/airflow/dags/pipeline_strava_activities.py
[2025-11-18T22:23:55.740+0000] {processor.py:840} INFO - DAG(s) 'etl_strava_activities' retrieved from /opt/airflow/dags/pipeline_strava_activities.py
[2025-11-18T22:23:55.761+0000] {logging_mixin.py:188} INFO - [2025-11-18T22:23:55.761+0000] {dag.py:3089} INFO - Sync 1 DAGs
[2025-11-18T22:23:55.775+0000] {logging_mixin.py:188} INFO - [2025-11-18T22:23:55.774+0000] {dag.py:3947} INFO - Setting next_dagrun for etl_strava_activities to 2025-11-18 03:00:00+00:00, run_after=2025-11-19 03:00:00+00:00
[2025-11-18T22:23:55.790+0000] {processor.py:183} INFO - Processing /opt/airflow/dags/pipeline_strava_activities.py took 0.070 seconds
[2025-11-18T22:24:26.084+0000] {processor.py:161} INFO - Started process (PID=1297) to work on /opt/airflow/dags/pipeline_strava_activities.py
[2025-11-18T22:24:26.085+0000] {processor.py:830} INFO - Processing file /opt/airflow/dags/pipeline_strava_activities.py for tasks to queue
[2025-11-18T22:24:26.086+0000] {logging_mixin.py:188} INFO - [2025-11-18T22:24:26.086+0000] {dagbag.py:545} INFO - Filling up the DagBag from /opt/airflow/dags/pipeline_strava_activities.py
[2025-11-18T22:24:26.100+0000] {processor.py:840} INFO - DAG(s) 'etl_strava_activities' retrieved from /opt/airflow/dags/pipeline_strava_activities.py
[2025-11-18T22:24:26.124+0000] {logging_mixin.py:188} INFO - [2025-11-18T22:24:26.124+0000] {dag.py:3089} INFO - Sync 1 DAGs
[2025-11-18T22:24:26.143+0000] {logging_mixin.py:188} INFO - [2025-11-18T22:24:26.143+0000] {dag.py:3947} INFO - Setting next_dagrun for etl_strava_activities to 2025-11-18 03:00:00+00:00, run_after=2025-11-19 03:00:00+00:00
[2025-11-18T22:24:26.154+0000] {processor.py:183} INFO - Processing /opt/airflow/dags/pipeline_strava_activities.py took 0.078 seconds
[2025-11-18T22:24:56.519+0000] {processor.py:161} INFO - Started process (PID=1310) to work on /opt/airflow/dags/pipeline_strava_activities.py
[2025-11-18T22:24:56.520+0000] {processor.py:830} INFO - Processing file /opt/airflow/dags/pipeline_strava_activities.py for tasks to queue
[2025-11-18T22:24:56.526+0000] {logging_mixin.py:188} INFO - [2025-11-18T22:24:56.525+0000] {dagbag.py:545} INFO - Filling up the DagBag from /opt/airflow/dags/pipeline_strava_activities.py
[2025-11-18T22:24:56.538+0000] {processor.py:840} INFO - DAG(s) 'etl_strava_activities' retrieved from /opt/airflow/dags/pipeline_strava_activities.py
[2025-11-18T22:24:56.563+0000] {logging_mixin.py:188} INFO - [2025-11-18T22:24:56.562+0000] {dag.py:3089} INFO - Sync 1 DAGs
[2025-11-18T22:24:56.579+0000] {logging_mixin.py:188} INFO - [2025-11-18T22:24:56.579+0000] {dag.py:3947} INFO - Setting next_dagrun for etl_strava_activities to 2025-11-18 03:00:00+00:00, run_after=2025-11-19 03:00:00+00:00
[2025-11-18T22:24:56.590+0000] {processor.py:183} INFO - Processing /opt/airflow/dags/pipeline_strava_activities.py took 0.084 seconds
[2025-11-18T22:25:26.872+0000] {processor.py:161} INFO - Started process (PID=1326) to work on /opt/airflow/dags/pipeline_strava_activities.py
[2025-11-18T22:25:26.873+0000] {processor.py:830} INFO - Processing file /opt/airflow/dags/pipeline_strava_activities.py for tasks to queue
[2025-11-18T22:25:26.876+0000] {logging_mixin.py:188} INFO - [2025-11-18T22:25:26.876+0000] {dagbag.py:545} INFO - Filling up the DagBag from /opt/airflow/dags/pipeline_strava_activities.py
[2025-11-18T22:25:26.895+0000] {processor.py:840} INFO - DAG(s) 'etl_strava_activities' retrieved from /opt/airflow/dags/pipeline_strava_activities.py
[2025-11-18T22:25:26.927+0000] {logging_mixin.py:188} INFO - [2025-11-18T22:25:26.927+0000] {dag.py:3089} INFO - Sync 1 DAGs
[2025-11-18T22:25:26.949+0000] {logging_mixin.py:188} INFO - [2025-11-18T22:25:26.948+0000] {dag.py:3947} INFO - Setting next_dagrun for etl_strava_activities to 2025-11-18 03:00:00+00:00, run_after=2025-11-19 03:00:00+00:00
[2025-11-18T22:25:26.959+0000] {processor.py:183} INFO - Processing /opt/airflow/dags/pipeline_strava_activities.py took 0.097 seconds
[2025-11-18T22:25:57.183+0000] {processor.py:161} INFO - Started process (PID=1341) to work on /opt/airflow/dags/pipeline_strava_activities.py
[2025-11-18T22:25:57.183+0000] {processor.py:830} INFO - Processing file /opt/airflow/dags/pipeline_strava_activities.py for tasks to queue
[2025-11-18T22:25:57.185+0000] {logging_mixin.py:188} INFO - [2025-11-18T22:25:57.184+0000] {dagbag.py:545} INFO - Filling up the DagBag from /opt/airflow/dags/pipeline_strava_activities.py
[2025-11-18T22:25:57.195+0000] {processor.py:840} INFO - DAG(s) 'etl_strava_activities' retrieved from /opt/airflow/dags/pipeline_strava_activities.py
[2025-11-18T22:25:57.214+0000] {logging_mixin.py:188} INFO - [2025-11-18T22:25:57.214+0000] {dag.py:3089} INFO - Sync 1 DAGs
[2025-11-18T22:25:57.229+0000] {logging_mixin.py:188} INFO - [2025-11-18T22:25:57.228+0000] {dag.py:3947} INFO - Setting next_dagrun for etl_strava_activities to 2025-11-18 03:00:00+00:00, run_after=2025-11-19 03:00:00+00:00
[2025-11-18T22:25:57.239+0000] {processor.py:183} INFO - Processing /opt/airflow/dags/pipeline_strava_activities.py took 0.061 seconds
[2025-11-18T22:26:27.520+0000] {processor.py:161} INFO - Started process (PID=1356) to work on /opt/airflow/dags/pipeline_strava_activities.py
[2025-11-18T22:26:27.521+0000] {processor.py:830} INFO - Processing file /opt/airflow/dags/pipeline_strava_activities.py for tasks to queue
[2025-11-18T22:26:27.522+0000] {logging_mixin.py:188} INFO - [2025-11-18T22:26:27.522+0000] {dagbag.py:545} INFO - Filling up the DagBag from /opt/airflow/dags/pipeline_strava_activities.py
[2025-11-18T22:26:27.536+0000] {processor.py:840} INFO - DAG(s) 'etl_strava_activities' retrieved from /opt/airflow/dags/pipeline_strava_activities.py
[2025-11-18T22:26:27.562+0000] {logging_mixin.py:188} INFO - [2025-11-18T22:26:27.562+0000] {dag.py:3089} INFO - Sync 1 DAGs
[2025-11-18T22:26:27.574+0000] {logging_mixin.py:188} INFO - [2025-11-18T22:26:27.574+0000] {dag.py:3947} INFO - Setting next_dagrun for etl_strava_activities to 2025-11-18 03:00:00+00:00, run_after=2025-11-19 03:00:00+00:00
[2025-11-18T22:26:27.590+0000] {processor.py:183} INFO - Processing /opt/airflow/dags/pipeline_strava_activities.py took 0.079 seconds
[2025-11-18T22:26:57.849+0000] {processor.py:161} INFO - Started process (PID=1372) to work on /opt/airflow/dags/pipeline_strava_activities.py
[2025-11-18T22:26:57.850+0000] {processor.py:830} INFO - Processing file /opt/airflow/dags/pipeline_strava_activities.py for tasks to queue
[2025-11-18T22:26:57.851+0000] {logging_mixin.py:188} INFO - [2025-11-18T22:26:57.851+0000] {dagbag.py:545} INFO - Filling up the DagBag from /opt/airflow/dags/pipeline_strava_activities.py
[2025-11-18T22:26:57.862+0000] {processor.py:840} INFO - DAG(s) 'etl_strava_activities' retrieved from /opt/airflow/dags/pipeline_strava_activities.py
[2025-11-18T22:26:57.883+0000] {logging_mixin.py:188} INFO - [2025-11-18T22:26:57.883+0000] {dag.py:3089} INFO - Sync 1 DAGs
[2025-11-18T22:26:57.896+0000] {logging_mixin.py:188} INFO - [2025-11-18T22:26:57.896+0000] {dag.py:3947} INFO - Setting next_dagrun for etl_strava_activities to 2025-11-18 03:00:00+00:00, run_after=2025-11-19 03:00:00+00:00
[2025-11-18T22:26:57.904+0000] {processor.py:183} INFO - Processing /opt/airflow/dags/pipeline_strava_activities.py took 0.058 seconds
[2025-11-18T22:27:28.217+0000] {processor.py:161} INFO - Started process (PID=1398) to work on /opt/airflow/dags/pipeline_strava_activities.py
[2025-11-18T22:27:28.218+0000] {processor.py:830} INFO - Processing file /opt/airflow/dags/pipeline_strava_activities.py for tasks to queue
[2025-11-18T22:27:28.219+0000] {logging_mixin.py:188} INFO - [2025-11-18T22:27:28.219+0000] {dagbag.py:545} INFO - Filling up the DagBag from /opt/airflow/dags/pipeline_strava_activities.py
[2025-11-18T22:27:28.225+0000] {processor.py:840} INFO - DAG(s) 'etl_strava_activities' retrieved from /opt/airflow/dags/pipeline_strava_activities.py
[2025-11-18T22:27:28.234+0000] {logging_mixin.py:188} INFO - [2025-11-18T22:27:28.234+0000] {dag.py:3089} INFO - Sync 1 DAGs
[2025-11-18T22:27:28.248+0000] {logging_mixin.py:188} INFO - [2025-11-18T22:27:28.248+0000] {dag.py:3947} INFO - Setting next_dagrun for etl_strava_activities to 2025-11-18 03:00:00+00:00, run_after=2025-11-19 03:00:00+00:00
[2025-11-18T22:27:28.260+0000] {processor.py:183} INFO - Processing /opt/airflow/dags/pipeline_strava_activities.py took 0.045 seconds
[2025-11-18T22:27:58.716+0000] {processor.py:161} INFO - Started process (PID=2910) to work on /opt/airflow/dags/pipeline_strava_activities.py
[2025-11-18T22:27:58.718+0000] {processor.py:830} INFO - Processing file /opt/airflow/dags/pipeline_strava_activities.py for tasks to queue
[2025-11-18T22:27:58.727+0000] {logging_mixin.py:188} INFO - [2025-11-18T22:27:58.726+0000] {dagbag.py:545} INFO - Filling up the DagBag from /opt/airflow/dags/pipeline_strava_activities.py
[2025-11-18T22:27:58.790+0000] {processor.py:840} INFO - DAG(s) 'etl_strava_activities' retrieved from /opt/airflow/dags/pipeline_strava_activities.py
[2025-11-18T22:27:59.092+0000] {logging_mixin.py:188} INFO - [2025-11-18T22:27:59.092+0000] {dag.py:3089} INFO - Sync 1 DAGs
[2025-11-18T22:27:59.140+0000] {logging_mixin.py:188} INFO - [2025-11-18T22:27:59.140+0000] {dag.py:3947} INFO - Setting next_dagrun for etl_strava_activities to 2025-11-18 03:00:00+00:00, run_after=2025-11-19 03:00:00+00:00
[2025-11-18T22:27:59.168+0000] {processor.py:183} INFO - Processing /opt/airflow/dags/pipeline_strava_activities.py took 0.495 seconds
[2025-11-18T22:28:29.479+0000] {processor.py:161} INFO - Started process (PID=3189) to work on /opt/airflow/dags/pipeline_strava_activities.py
[2025-11-18T22:28:29.480+0000] {processor.py:830} INFO - Processing file /opt/airflow/dags/pipeline_strava_activities.py for tasks to queue
[2025-11-18T22:28:29.482+0000] {logging_mixin.py:188} INFO - [2025-11-18T22:28:29.482+0000] {dagbag.py:545} INFO - Filling up the DagBag from /opt/airflow/dags/pipeline_strava_activities.py
[2025-11-18T22:28:29.498+0000] {processor.py:840} INFO - DAG(s) 'etl_strava_activities' retrieved from /opt/airflow/dags/pipeline_strava_activities.py
[2025-11-18T22:28:29.542+0000] {logging_mixin.py:188} INFO - [2025-11-18T22:28:29.542+0000] {dag.py:3089} INFO - Sync 1 DAGs
[2025-11-18T22:28:29.572+0000] {logging_mixin.py:188} INFO - [2025-11-18T22:28:29.571+0000] {dag.py:3947} INFO - Setting next_dagrun for etl_strava_activities to 2025-11-18 03:00:00+00:00, run_after=2025-11-19 03:00:00+00:00
[2025-11-18T22:28:29.583+0000] {processor.py:183} INFO - Processing /opt/airflow/dags/pipeline_strava_activities.py took 0.110 seconds
[2025-11-18T22:28:59.903+0000] {processor.py:161} INFO - Started process (PID=3203) to work on /opt/airflow/dags/pipeline_strava_activities.py
[2025-11-18T22:28:59.903+0000] {processor.py:830} INFO - Processing file /opt/airflow/dags/pipeline_strava_activities.py for tasks to queue
[2025-11-18T22:28:59.908+0000] {logging_mixin.py:188} INFO - [2025-11-18T22:28:59.908+0000] {dagbag.py:545} INFO - Filling up the DagBag from /opt/airflow/dags/pipeline_strava_activities.py
[2025-11-18T22:28:59.935+0000] {processor.py:840} INFO - DAG(s) 'etl_strava_activities' retrieved from /opt/airflow/dags/pipeline_strava_activities.py
[2025-11-18T22:28:59.973+0000] {logging_mixin.py:188} INFO - [2025-11-18T22:28:59.973+0000] {dag.py:3089} INFO - Sync 1 DAGs
[2025-11-18T22:28:59.995+0000] {logging_mixin.py:188} INFO - [2025-11-18T22:28:59.995+0000] {dag.py:3947} INFO - Setting next_dagrun for etl_strava_activities to 2025-11-18 03:00:00+00:00, run_after=2025-11-19 03:00:00+00:00
[2025-11-18T22:29:00.013+0000] {processor.py:183} INFO - Processing /opt/airflow/dags/pipeline_strava_activities.py took 0.124 seconds
[2025-11-18T22:29:30.299+0000] {processor.py:161} INFO - Started process (PID=3218) to work on /opt/airflow/dags/pipeline_strava_activities.py
[2025-11-18T22:29:30.300+0000] {processor.py:830} INFO - Processing file /opt/airflow/dags/pipeline_strava_activities.py for tasks to queue
[2025-11-18T22:29:30.302+0000] {logging_mixin.py:188} INFO - [2025-11-18T22:29:30.301+0000] {dagbag.py:545} INFO - Filling up the DagBag from /opt/airflow/dags/pipeline_strava_activities.py
[2025-11-18T22:29:30.314+0000] {processor.py:840} INFO - DAG(s) 'etl_strava_activities' retrieved from /opt/airflow/dags/pipeline_strava_activities.py
[2025-11-18T22:29:30.340+0000] {logging_mixin.py:188} INFO - [2025-11-18T22:29:30.339+0000] {dag.py:3089} INFO - Sync 1 DAGs
[2025-11-18T22:29:30.354+0000] {logging_mixin.py:188} INFO - [2025-11-18T22:29:30.354+0000] {dag.py:3947} INFO - Setting next_dagrun for etl_strava_activities to 2025-11-18 03:00:00+00:00, run_after=2025-11-19 03:00:00+00:00
[2025-11-18T22:29:30.367+0000] {processor.py:183} INFO - Processing /opt/airflow/dags/pipeline_strava_activities.py took 0.073 seconds
[2025-11-18T22:30:00.727+0000] {processor.py:161} INFO - Started process (PID=3233) to work on /opt/airflow/dags/pipeline_strava_activities.py
[2025-11-18T22:30:00.729+0000] {processor.py:830} INFO - Processing file /opt/airflow/dags/pipeline_strava_activities.py for tasks to queue
[2025-11-18T22:30:00.731+0000] {logging_mixin.py:188} INFO - [2025-11-18T22:30:00.730+0000] {dagbag.py:545} INFO - Filling up the DagBag from /opt/airflow/dags/pipeline_strava_activities.py
[2025-11-18T22:30:00.751+0000] {processor.py:840} INFO - DAG(s) 'etl_strava_activities' retrieved from /opt/airflow/dags/pipeline_strava_activities.py
[2025-11-18T22:30:00.785+0000] {logging_mixin.py:188} INFO - [2025-11-18T22:30:00.785+0000] {dag.py:3089} INFO - Sync 1 DAGs
[2025-11-18T22:30:00.799+0000] {logging_mixin.py:188} INFO - [2025-11-18T22:30:00.799+0000] {dag.py:3947} INFO - Setting next_dagrun for etl_strava_activities to 2025-11-18 03:00:00+00:00, run_after=2025-11-19 03:00:00+00:00
[2025-11-18T22:30:00.808+0000] {processor.py:183} INFO - Processing /opt/airflow/dags/pipeline_strava_activities.py took 0.088 seconds
[2025-11-18T22:30:31.170+0000] {processor.py:161} INFO - Started process (PID=3249) to work on /opt/airflow/dags/pipeline_strava_activities.py
[2025-11-18T22:30:31.172+0000] {processor.py:830} INFO - Processing file /opt/airflow/dags/pipeline_strava_activities.py for tasks to queue
[2025-11-18T22:30:31.180+0000] {logging_mixin.py:188} INFO - [2025-11-18T22:30:31.180+0000] {dagbag.py:545} INFO - Filling up the DagBag from /opt/airflow/dags/pipeline_strava_activities.py
[2025-11-18T22:30:31.198+0000] {processor.py:840} INFO - DAG(s) 'etl_strava_activities' retrieved from /opt/airflow/dags/pipeline_strava_activities.py
[2025-11-18T22:30:31.238+0000] {logging_mixin.py:188} INFO - [2025-11-18T22:30:31.237+0000] {dag.py:3089} INFO - Sync 1 DAGs
[2025-11-18T22:30:31.268+0000] {logging_mixin.py:188} INFO - [2025-11-18T22:30:31.268+0000] {dag.py:3947} INFO - Setting next_dagrun for etl_strava_activities to 2025-11-18 03:00:00+00:00, run_after=2025-11-19 03:00:00+00:00
[2025-11-18T22:30:31.283+0000] {processor.py:183} INFO - Processing /opt/airflow/dags/pipeline_strava_activities.py took 0.124 seconds
[2025-11-18T22:31:01.570+0000] {processor.py:161} INFO - Started process (PID=3262) to work on /opt/airflow/dags/pipeline_strava_activities.py
[2025-11-18T22:31:01.571+0000] {processor.py:830} INFO - Processing file /opt/airflow/dags/pipeline_strava_activities.py for tasks to queue
[2025-11-18T22:31:01.573+0000] {logging_mixin.py:188} INFO - [2025-11-18T22:31:01.573+0000] {dagbag.py:545} INFO - Filling up the DagBag from /opt/airflow/dags/pipeline_strava_activities.py
[2025-11-18T22:31:01.591+0000] {processor.py:840} INFO - DAG(s) 'etl_strava_activities' retrieved from /opt/airflow/dags/pipeline_strava_activities.py
[2025-11-18T22:31:01.618+0000] {logging_mixin.py:188} INFO - [2025-11-18T22:31:01.618+0000] {dag.py:3089} INFO - Sync 1 DAGs
[2025-11-18T22:31:01.636+0000] {logging_mixin.py:188} INFO - [2025-11-18T22:31:01.636+0000] {dag.py:3947} INFO - Setting next_dagrun for etl_strava_activities to 2025-11-18 03:00:00+00:00, run_after=2025-11-19 03:00:00+00:00
[2025-11-18T22:31:01.646+0000] {processor.py:183} INFO - Processing /opt/airflow/dags/pipeline_strava_activities.py took 0.085 seconds
[2025-11-18T22:31:31.937+0000] {processor.py:161} INFO - Started process (PID=3278) to work on /opt/airflow/dags/pipeline_strava_activities.py
[2025-11-18T22:31:31.938+0000] {processor.py:830} INFO - Processing file /opt/airflow/dags/pipeline_strava_activities.py for tasks to queue
[2025-11-18T22:31:31.940+0000] {logging_mixin.py:188} INFO - [2025-11-18T22:31:31.939+0000] {dagbag.py:545} INFO - Filling up the DagBag from /opt/airflow/dags/pipeline_strava_activities.py
[2025-11-18T22:31:31.955+0000] {processor.py:840} INFO - DAG(s) 'etl_strava_activities' retrieved from /opt/airflow/dags/pipeline_strava_activities.py
[2025-11-18T22:31:31.978+0000] {logging_mixin.py:188} INFO - [2025-11-18T22:31:31.978+0000] {dag.py:3089} INFO - Sync 1 DAGs
[2025-11-18T22:31:31.992+0000] {logging_mixin.py:188} INFO - [2025-11-18T22:31:31.992+0000] {dag.py:3947} INFO - Setting next_dagrun for etl_strava_activities to 2025-11-18 03:00:00+00:00, run_after=2025-11-19 03:00:00+00:00
[2025-11-18T22:31:32.001+0000] {processor.py:183} INFO - Processing /opt/airflow/dags/pipeline_strava_activities.py took 0.069 seconds
[2025-11-18T22:32:02.283+0000] {processor.py:161} INFO - Started process (PID=3294) to work on /opt/airflow/dags/pipeline_strava_activities.py
[2025-11-18T22:32:02.284+0000] {processor.py:830} INFO - Processing file /opt/airflow/dags/pipeline_strava_activities.py for tasks to queue
[2025-11-18T22:32:02.286+0000] {logging_mixin.py:188} INFO - [2025-11-18T22:32:02.285+0000] {dagbag.py:545} INFO - Filling up the DagBag from /opt/airflow/dags/pipeline_strava_activities.py
[2025-11-18T22:32:02.306+0000] {processor.py:840} INFO - DAG(s) 'etl_strava_activities' retrieved from /opt/airflow/dags/pipeline_strava_activities.py
[2025-11-18T22:32:02.346+0000] {logging_mixin.py:188} INFO - [2025-11-18T22:32:02.346+0000] {dag.py:3089} INFO - Sync 1 DAGs
[2025-11-18T22:32:02.367+0000] {logging_mixin.py:188} INFO - [2025-11-18T22:32:02.367+0000] {dag.py:3947} INFO - Setting next_dagrun for etl_strava_activities to 2025-11-18 03:00:00+00:00, run_after=2025-11-19 03:00:00+00:00
[2025-11-18T22:32:02.381+0000] {processor.py:183} INFO - Processing /opt/airflow/dags/pipeline_strava_activities.py took 0.108 seconds
[2025-11-18T22:32:32.645+0000] {processor.py:161} INFO - Started process (PID=3308) to work on /opt/airflow/dags/pipeline_strava_activities.py
[2025-11-18T22:32:32.646+0000] {processor.py:830} INFO - Processing file /opt/airflow/dags/pipeline_strava_activities.py for tasks to queue
[2025-11-18T22:32:32.649+0000] {logging_mixin.py:188} INFO - [2025-11-18T22:32:32.648+0000] {dagbag.py:545} INFO - Filling up the DagBag from /opt/airflow/dags/pipeline_strava_activities.py
[2025-11-18T22:32:32.664+0000] {processor.py:840} INFO - DAG(s) 'etl_strava_activities' retrieved from /opt/airflow/dags/pipeline_strava_activities.py
[2025-11-18T22:32:32.690+0000] {logging_mixin.py:188} INFO - [2025-11-18T22:32:32.690+0000] {dag.py:3089} INFO - Sync 1 DAGs
[2025-11-18T22:32:32.708+0000] {logging_mixin.py:188} INFO - [2025-11-18T22:32:32.708+0000] {dag.py:3947} INFO - Setting next_dagrun for etl_strava_activities to 2025-11-18 03:00:00+00:00, run_after=2025-11-19 03:00:00+00:00
[2025-11-18T22:32:32.717+0000] {processor.py:183} INFO - Processing /opt/airflow/dags/pipeline_strava_activities.py took 0.079 seconds
[2025-11-18T22:33:02.946+0000] {processor.py:161} INFO - Started process (PID=3437) to work on /opt/airflow/dags/pipeline_strava_activities.py
[2025-11-18T22:33:02.946+0000] {processor.py:830} INFO - Processing file /opt/airflow/dags/pipeline_strava_activities.py for tasks to queue
[2025-11-18T22:33:02.947+0000] {logging_mixin.py:188} INFO - [2025-11-18T22:33:02.947+0000] {dagbag.py:545} INFO - Filling up the DagBag from /opt/airflow/dags/pipeline_strava_activities.py
[2025-11-18T22:33:02.957+0000] {processor.py:840} INFO - DAG(s) 'etl_strava_activities' retrieved from /opt/airflow/dags/pipeline_strava_activities.py
[2025-11-18T22:33:02.981+0000] {logging_mixin.py:188} INFO - [2025-11-18T22:33:02.981+0000] {dag.py:3089} INFO - Sync 1 DAGs
[2025-11-18T22:33:02.996+0000] {logging_mixin.py:188} INFO - [2025-11-18T22:33:02.996+0000] {dag.py:3947} INFO - Setting next_dagrun for etl_strava_activities to 2025-11-18 03:00:00+00:00, run_after=2025-11-19 03:00:00+00:00
[2025-11-18T22:33:03.008+0000] {processor.py:183} INFO - Processing /opt/airflow/dags/pipeline_strava_activities.py took 0.067 seconds
[2025-11-18T22:33:33.261+0000] {processor.py:161} INFO - Started process (PID=3768) to work on /opt/airflow/dags/pipeline_strava_activities.py
[2025-11-18T22:33:33.262+0000] {processor.py:830} INFO - Processing file /opt/airflow/dags/pipeline_strava_activities.py for tasks to queue
[2025-11-18T22:33:33.266+0000] {logging_mixin.py:188} INFO - [2025-11-18T22:33:33.265+0000] {dagbag.py:545} INFO - Filling up the DagBag from /opt/airflow/dags/pipeline_strava_activities.py
[2025-11-18T22:33:33.280+0000] {processor.py:840} INFO - DAG(s) 'etl_strava_activities' retrieved from /opt/airflow/dags/pipeline_strava_activities.py
[2025-11-18T22:33:33.303+0000] {logging_mixin.py:188} INFO - [2025-11-18T22:33:33.303+0000] {dag.py:3089} INFO - Sync 1 DAGs
[2025-11-18T22:33:33.317+0000] {logging_mixin.py:188} INFO - [2025-11-18T22:33:33.317+0000] {dag.py:3947} INFO - Setting next_dagrun for etl_strava_activities to 2025-11-18 03:00:00+00:00, run_after=2025-11-19 03:00:00+00:00
[2025-11-18T22:33:33.329+0000] {processor.py:183} INFO - Processing /opt/airflow/dags/pipeline_strava_activities.py took 0.076 seconds
[2025-11-18T22:34:03.623+0000] {processor.py:161} INFO - Started process (PID=3783) to work on /opt/airflow/dags/pipeline_strava_activities.py
[2025-11-18T22:34:03.624+0000] {processor.py:830} INFO - Processing file /opt/airflow/dags/pipeline_strava_activities.py for tasks to queue
[2025-11-18T22:34:03.626+0000] {logging_mixin.py:188} INFO - [2025-11-18T22:34:03.626+0000] {dagbag.py:545} INFO - Filling up the DagBag from /opt/airflow/dags/pipeline_strava_activities.py
[2025-11-18T22:34:03.640+0000] {processor.py:840} INFO - DAG(s) 'etl_strava_activities' retrieved from /opt/airflow/dags/pipeline_strava_activities.py
[2025-11-18T22:34:03.665+0000] {logging_mixin.py:188} INFO - [2025-11-18T22:34:03.665+0000] {dag.py:3089} INFO - Sync 1 DAGs
[2025-11-18T22:34:03.679+0000] {logging_mixin.py:188} INFO - [2025-11-18T22:34:03.679+0000] {dag.py:3947} INFO - Setting next_dagrun for etl_strava_activities to 2025-11-18 03:00:00+00:00, run_after=2025-11-19 03:00:00+00:00
[2025-11-18T22:34:03.687+0000] {processor.py:183} INFO - Processing /opt/airflow/dags/pipeline_strava_activities.py took 0.070 seconds
[2025-11-18T22:34:33.988+0000] {processor.py:161} INFO - Started process (PID=3798) to work on /opt/airflow/dags/pipeline_strava_activities.py
[2025-11-18T22:34:33.989+0000] {processor.py:830} INFO - Processing file /opt/airflow/dags/pipeline_strava_activities.py for tasks to queue
[2025-11-18T22:34:33.991+0000] {logging_mixin.py:188} INFO - [2025-11-18T22:34:33.990+0000] {dagbag.py:545} INFO - Filling up the DagBag from /opt/airflow/dags/pipeline_strava_activities.py
[2025-11-18T22:34:34.003+0000] {processor.py:840} INFO - DAG(s) 'etl_strava_activities' retrieved from /opt/airflow/dags/pipeline_strava_activities.py
[2025-11-18T22:34:34.033+0000] {logging_mixin.py:188} INFO - [2025-11-18T22:34:34.033+0000] {dag.py:3089} INFO - Sync 1 DAGs
[2025-11-18T22:34:34.058+0000] {logging_mixin.py:188} INFO - [2025-11-18T22:34:34.058+0000] {dag.py:3947} INFO - Setting next_dagrun for etl_strava_activities to 2025-11-18 03:00:00+00:00, run_after=2025-11-19 03:00:00+00:00
[2025-11-18T22:34:34.066+0000] {processor.py:183} INFO - Processing /opt/airflow/dags/pipeline_strava_activities.py took 0.084 seconds
[2025-11-18T22:35:04.456+0000] {processor.py:161} INFO - Started process (PID=3813) to work on /opt/airflow/dags/pipeline_strava_activities.py
[2025-11-18T22:35:04.456+0000] {processor.py:830} INFO - Processing file /opt/airflow/dags/pipeline_strava_activities.py for tasks to queue
[2025-11-18T22:35:04.458+0000] {logging_mixin.py:188} INFO - [2025-11-18T22:35:04.458+0000] {dagbag.py:545} INFO - Filling up the DagBag from /opt/airflow/dags/pipeline_strava_activities.py
[2025-11-18T22:35:04.475+0000] {processor.py:840} INFO - DAG(s) 'etl_strava_activities' retrieved from /opt/airflow/dags/pipeline_strava_activities.py
[2025-11-18T22:35:04.505+0000] {logging_mixin.py:188} INFO - [2025-11-18T22:35:04.505+0000] {dag.py:3089} INFO - Sync 1 DAGs
[2025-11-18T22:35:04.518+0000] {logging_mixin.py:188} INFO - [2025-11-18T22:35:04.517+0000] {dag.py:3947} INFO - Setting next_dagrun for etl_strava_activities to 2025-11-18 03:00:00+00:00, run_after=2025-11-19 03:00:00+00:00
[2025-11-18T22:35:04.527+0000] {processor.py:183} INFO - Processing /opt/airflow/dags/pipeline_strava_activities.py took 0.080 seconds
[2025-11-18T22:35:34.821+0000] {processor.py:161} INFO - Started process (PID=3829) to work on /opt/airflow/dags/pipeline_strava_activities.py
[2025-11-18T22:35:34.823+0000] {processor.py:830} INFO - Processing file /opt/airflow/dags/pipeline_strava_activities.py for tasks to queue
[2025-11-18T22:35:34.828+0000] {logging_mixin.py:188} INFO - [2025-11-18T22:35:34.826+0000] {dagbag.py:545} INFO - Filling up the DagBag from /opt/airflow/dags/pipeline_strava_activities.py
[2025-11-18T22:35:34.852+0000] {processor.py:840} INFO - DAG(s) 'etl_strava_activities' retrieved from /opt/airflow/dags/pipeline_strava_activities.py
[2025-11-18T22:35:34.885+0000] {logging_mixin.py:188} INFO - [2025-11-18T22:35:34.885+0000] {dag.py:3089} INFO - Sync 1 DAGs
[2025-11-18T22:35:34.899+0000] {logging_mixin.py:188} INFO - [2025-11-18T22:35:34.899+0000] {dag.py:3947} INFO - Setting next_dagrun for etl_strava_activities to 2025-11-18 03:00:00+00:00, run_after=2025-11-19 03:00:00+00:00
[2025-11-18T22:35:34.908+0000] {processor.py:183} INFO - Processing /opt/airflow/dags/pipeline_strava_activities.py took 0.094 seconds
[2025-11-18T22:36:05.249+0000] {processor.py:161} INFO - Started process (PID=3843) to work on /opt/airflow/dags/pipeline_strava_activities.py
[2025-11-18T22:36:05.250+0000] {processor.py:830} INFO - Processing file /opt/airflow/dags/pipeline_strava_activities.py for tasks to queue
[2025-11-18T22:36:05.252+0000] {logging_mixin.py:188} INFO - [2025-11-18T22:36:05.252+0000] {dagbag.py:545} INFO - Filling up the DagBag from /opt/airflow/dags/pipeline_strava_activities.py
[2025-11-18T22:36:05.274+0000] {processor.py:840} INFO - DAG(s) 'etl_strava_activities' retrieved from /opt/airflow/dags/pipeline_strava_activities.py
[2025-11-18T22:36:05.315+0000] {logging_mixin.py:188} INFO - [2025-11-18T22:36:05.315+0000] {dag.py:3089} INFO - Sync 1 DAGs
[2025-11-18T22:36:05.330+0000] {logging_mixin.py:188} INFO - [2025-11-18T22:36:05.330+0000] {dag.py:3947} INFO - Setting next_dagrun for etl_strava_activities to 2025-11-18 03:00:00+00:00, run_after=2025-11-19 03:00:00+00:00
[2025-11-18T22:36:05.339+0000] {processor.py:183} INFO - Processing /opt/airflow/dags/pipeline_strava_activities.py took 0.101 seconds
[2025-11-18T22:36:35.641+0000] {processor.py:161} INFO - Started process (PID=3859) to work on /opt/airflow/dags/pipeline_strava_activities.py
[2025-11-18T22:36:35.642+0000] {processor.py:830} INFO - Processing file /opt/airflow/dags/pipeline_strava_activities.py for tasks to queue
[2025-11-18T22:36:35.648+0000] {logging_mixin.py:188} INFO - [2025-11-18T22:36:35.647+0000] {dagbag.py:545} INFO - Filling up the DagBag from /opt/airflow/dags/pipeline_strava_activities.py
[2025-11-18T22:36:35.680+0000] {processor.py:840} INFO - DAG(s) 'etl_strava_activities' retrieved from /opt/airflow/dags/pipeline_strava_activities.py
[2025-11-18T22:36:35.748+0000] {logging_mixin.py:188} INFO - [2025-11-18T22:36:35.748+0000] {dag.py:3089} INFO - Sync 1 DAGs
[2025-11-18T22:36:35.789+0000] {logging_mixin.py:188} INFO - [2025-11-18T22:36:35.789+0000] {dag.py:3947} INFO - Setting next_dagrun for etl_strava_activities to 2025-11-18 03:00:00+00:00, run_after=2025-11-19 03:00:00+00:00
[2025-11-18T22:36:35.811+0000] {processor.py:183} INFO - Processing /opt/airflow/dags/pipeline_strava_activities.py took 0.180 seconds
[2025-11-18T22:37:06.192+0000] {processor.py:161} INFO - Started process (PID=3872) to work on /opt/airflow/dags/pipeline_strava_activities.py
[2025-11-18T22:37:06.194+0000] {processor.py:830} INFO - Processing file /opt/airflow/dags/pipeline_strava_activities.py for tasks to queue
[2025-11-18T22:37:06.197+0000] {logging_mixin.py:188} INFO - [2025-11-18T22:37:06.196+0000] {dagbag.py:545} INFO - Filling up the DagBag from /opt/airflow/dags/pipeline_strava_activities.py
[2025-11-18T22:37:06.218+0000] {processor.py:840} INFO - DAG(s) 'etl_strava_activities' retrieved from /opt/airflow/dags/pipeline_strava_activities.py
[2025-11-18T22:37:06.250+0000] {logging_mixin.py:188} INFO - [2025-11-18T22:37:06.250+0000] {dag.py:3089} INFO - Sync 1 DAGs
[2025-11-18T22:37:06.278+0000] {logging_mixin.py:188} INFO - [2025-11-18T22:37:06.278+0000] {dag.py:3947} INFO - Setting next_dagrun for etl_strava_activities to 2025-11-18 03:00:00+00:00, run_after=2025-11-19 03:00:00+00:00
[2025-11-18T22:37:06.290+0000] {processor.py:183} INFO - Processing /opt/airflow/dags/pipeline_strava_activities.py took 0.114 seconds
[2025-11-18T22:37:36.615+0000] {processor.py:161} INFO - Started process (PID=3888) to work on /opt/airflow/dags/pipeline_strava_activities.py
[2025-11-18T22:37:36.616+0000] {processor.py:830} INFO - Processing file /opt/airflow/dags/pipeline_strava_activities.py for tasks to queue
[2025-11-18T22:37:36.619+0000] {logging_mixin.py:188} INFO - [2025-11-18T22:37:36.618+0000] {dagbag.py:545} INFO - Filling up the DagBag from /opt/airflow/dags/pipeline_strava_activities.py
[2025-11-18T22:37:36.632+0000] {processor.py:840} INFO - DAG(s) 'etl_strava_activities' retrieved from /opt/airflow/dags/pipeline_strava_activities.py
[2025-11-18T22:37:36.660+0000] {logging_mixin.py:188} INFO - [2025-11-18T22:37:36.660+0000] {dag.py:3089} INFO - Sync 1 DAGs
[2025-11-18T22:37:36.673+0000] {logging_mixin.py:188} INFO - [2025-11-18T22:37:36.673+0000] {dag.py:3947} INFO - Setting next_dagrun for etl_strava_activities to 2025-11-18 03:00:00+00:00, run_after=2025-11-19 03:00:00+00:00
[2025-11-18T22:37:36.681+0000] {processor.py:183} INFO - Processing /opt/airflow/dags/pipeline_strava_activities.py took 0.072 seconds
[2025-11-18T22:38:06.974+0000] {processor.py:161} INFO - Started process (PID=3903) to work on /opt/airflow/dags/pipeline_strava_activities.py
[2025-11-18T22:38:06.976+0000] {processor.py:830} INFO - Processing file /opt/airflow/dags/pipeline_strava_activities.py for tasks to queue
[2025-11-18T22:38:06.982+0000] {logging_mixin.py:188} INFO - [2025-11-18T22:38:06.981+0000] {dagbag.py:545} INFO - Filling up the DagBag from /opt/airflow/dags/pipeline_strava_activities.py
[2025-11-18T22:38:07.010+0000] {processor.py:840} INFO - DAG(s) 'etl_strava_activities' retrieved from /opt/airflow/dags/pipeline_strava_activities.py
[2025-11-18T22:38:07.047+0000] {logging_mixin.py:188} INFO - [2025-11-18T22:38:07.047+0000] {dag.py:3089} INFO - Sync 1 DAGs
[2025-11-18T22:38:07.061+0000] {logging_mixin.py:188} INFO - [2025-11-18T22:38:07.061+0000] {dag.py:3947} INFO - Setting next_dagrun for etl_strava_activities to 2025-11-18 03:00:00+00:00, run_after=2025-11-19 03:00:00+00:00
[2025-11-18T22:38:07.070+0000] {processor.py:183} INFO - Processing /opt/airflow/dags/pipeline_strava_activities.py took 0.108 seconds
[2025-11-18T22:38:37.340+0000] {processor.py:161} INFO - Started process (PID=3918) to work on /opt/airflow/dags/pipeline_strava_activities.py
[2025-11-18T22:38:37.341+0000] {processor.py:830} INFO - Processing file /opt/airflow/dags/pipeline_strava_activities.py for tasks to queue
[2025-11-18T22:38:37.344+0000] {logging_mixin.py:188} INFO - [2025-11-18T22:38:37.343+0000] {dagbag.py:545} INFO - Filling up the DagBag from /opt/airflow/dags/pipeline_strava_activities.py
[2025-11-18T22:38:37.374+0000] {processor.py:840} INFO - DAG(s) 'etl_strava_activities' retrieved from /opt/airflow/dags/pipeline_strava_activities.py
[2025-11-18T22:38:37.395+0000] {logging_mixin.py:188} INFO - [2025-11-18T22:38:37.395+0000] {dag.py:3089} INFO - Sync 1 DAGs
[2025-11-18T22:38:37.410+0000] {logging_mixin.py:188} INFO - [2025-11-18T22:38:37.410+0000] {dag.py:3947} INFO - Setting next_dagrun for etl_strava_activities to 2025-11-18 03:00:00+00:00, run_after=2025-11-19 03:00:00+00:00
[2025-11-18T22:38:37.422+0000] {processor.py:183} INFO - Processing /opt/airflow/dags/pipeline_strava_activities.py took 0.092 seconds
[2025-11-18T22:39:07.721+0000] {processor.py:161} INFO - Started process (PID=3934) to work on /opt/airflow/dags/pipeline_strava_activities.py
[2025-11-18T22:39:07.721+0000] {processor.py:830} INFO - Processing file /opt/airflow/dags/pipeline_strava_activities.py for tasks to queue
[2025-11-18T22:39:07.728+0000] {logging_mixin.py:188} INFO - [2025-11-18T22:39:07.726+0000] {dagbag.py:545} INFO - Filling up the DagBag from /opt/airflow/dags/pipeline_strava_activities.py
[2025-11-18T22:39:07.744+0000] {processor.py:840} INFO - DAG(s) 'etl_strava_activities' retrieved from /opt/airflow/dags/pipeline_strava_activities.py
[2025-11-18T22:39:07.767+0000] {logging_mixin.py:188} INFO - [2025-11-18T22:39:07.767+0000] {dag.py:3089} INFO - Sync 1 DAGs
[2025-11-18T22:39:07.783+0000] {logging_mixin.py:188} INFO - [2025-11-18T22:39:07.783+0000] {dag.py:3947} INFO - Setting next_dagrun for etl_strava_activities to 2025-11-18 03:00:00+00:00, run_after=2025-11-19 03:00:00+00:00
[2025-11-18T22:39:07.793+0000] {processor.py:183} INFO - Processing /opt/airflow/dags/pipeline_strava_activities.py took 0.078 seconds
[2025-11-18T22:39:38.111+0000] {processor.py:161} INFO - Started process (PID=3948) to work on /opt/airflow/dags/pipeline_strava_activities.py
[2025-11-18T22:39:38.113+0000] {processor.py:830} INFO - Processing file /opt/airflow/dags/pipeline_strava_activities.py for tasks to queue
[2025-11-18T22:39:38.120+0000] {logging_mixin.py:188} INFO - [2025-11-18T22:39:38.120+0000] {dagbag.py:545} INFO - Filling up the DagBag from /opt/airflow/dags/pipeline_strava_activities.py
[2025-11-18T22:39:38.140+0000] {processor.py:840} INFO - DAG(s) 'etl_strava_activities' retrieved from /opt/airflow/dags/pipeline_strava_activities.py
[2025-11-18T22:39:38.159+0000] {logging_mixin.py:188} INFO - [2025-11-18T22:39:38.159+0000] {dag.py:3089} INFO - Sync 1 DAGs
[2025-11-18T22:39:38.172+0000] {logging_mixin.py:188} INFO - [2025-11-18T22:39:38.172+0000] {dag.py:3947} INFO - Setting next_dagrun for etl_strava_activities to 2025-11-18 03:00:00+00:00, run_after=2025-11-19 03:00:00+00:00
[2025-11-18T22:39:38.180+0000] {processor.py:183} INFO - Processing /opt/airflow/dags/pipeline_strava_activities.py took 0.075 seconds
[2025-11-18T22:40:08.495+0000] {processor.py:161} INFO - Started process (PID=4305) to work on /opt/airflow/dags/pipeline_strava_activities.py
[2025-11-18T22:40:08.495+0000] {processor.py:830} INFO - Processing file /opt/airflow/dags/pipeline_strava_activities.py for tasks to queue
[2025-11-18T22:40:08.499+0000] {logging_mixin.py:188} INFO - [2025-11-18T22:40:08.499+0000] {dagbag.py:545} INFO - Filling up the DagBag from /opt/airflow/dags/pipeline_strava_activities.py
[2025-11-18T22:40:08.529+0000] {processor.py:840} INFO - DAG(s) 'etl_strava_activities' retrieved from /opt/airflow/dags/pipeline_strava_activities.py
[2025-11-18T22:40:08.545+0000] {logging_mixin.py:188} INFO - [2025-11-18T22:40:08.545+0000] {dag.py:3089} INFO - Sync 1 DAGs
[2025-11-18T22:40:08.572+0000] {logging_mixin.py:188} INFO - [2025-11-18T22:40:08.572+0000] {dag.py:3947} INFO - Setting next_dagrun for etl_strava_activities to 2025-11-18 03:00:00+00:00, run_after=2025-11-19 03:00:00+00:00
[2025-11-18T22:40:08.591+0000] {processor.py:183} INFO - Processing /opt/airflow/dags/pipeline_strava_activities.py took 0.112 seconds
[2025-11-18T22:40:38.853+0000] {processor.py:161} INFO - Started process (PID=4867) to work on /opt/airflow/dags/pipeline_strava_activities.py
[2025-11-18T22:40:38.854+0000] {processor.py:830} INFO - Processing file /opt/airflow/dags/pipeline_strava_activities.py for tasks to queue
[2025-11-18T22:40:38.860+0000] {logging_mixin.py:188} INFO - [2025-11-18T22:40:38.859+0000] {dagbag.py:545} INFO - Filling up the DagBag from /opt/airflow/dags/pipeline_strava_activities.py
[2025-11-18T22:40:38.880+0000] {processor.py:840} INFO - DAG(s) 'etl_strava_activities' retrieved from /opt/airflow/dags/pipeline_strava_activities.py
[2025-11-18T22:40:38.954+0000] {logging_mixin.py:188} INFO - [2025-11-18T22:40:38.953+0000] {dag.py:3089} INFO - Sync 1 DAGs
[2025-11-18T22:40:38.964+0000] {logging_mixin.py:188} INFO - [2025-11-18T22:40:38.964+0000] {dag.py:3947} INFO - Setting next_dagrun for etl_strava_activities to 2025-11-18 03:00:00+00:00, run_after=2025-11-19 03:00:00+00:00
[2025-11-18T22:40:38.973+0000] {processor.py:183} INFO - Processing /opt/airflow/dags/pipeline_strava_activities.py took 0.130 seconds
[2025-11-18T22:41:09.263+0000] {processor.py:161} INFO - Started process (PID=4882) to work on /opt/airflow/dags/pipeline_strava_activities.py
[2025-11-18T22:41:09.263+0000] {processor.py:830} INFO - Processing file /opt/airflow/dags/pipeline_strava_activities.py for tasks to queue
[2025-11-18T22:41:09.266+0000] {logging_mixin.py:188} INFO - [2025-11-18T22:41:09.265+0000] {dagbag.py:545} INFO - Filling up the DagBag from /opt/airflow/dags/pipeline_strava_activities.py
[2025-11-18T22:41:09.279+0000] {processor.py:840} INFO - DAG(s) 'etl_strava_activities' retrieved from /opt/airflow/dags/pipeline_strava_activities.py
[2025-11-18T22:41:09.311+0000] {logging_mixin.py:188} INFO - [2025-11-18T22:41:09.311+0000] {dag.py:3089} INFO - Sync 1 DAGs
[2025-11-18T22:41:09.326+0000] {logging_mixin.py:188} INFO - [2025-11-18T22:41:09.326+0000] {dag.py:3947} INFO - Setting next_dagrun for etl_strava_activities to 2025-11-18 03:00:00+00:00, run_after=2025-11-19 03:00:00+00:00
[2025-11-18T22:41:09.339+0000] {processor.py:183} INFO - Processing /opt/airflow/dags/pipeline_strava_activities.py took 0.083 seconds
[2025-11-18T22:41:39.610+0000] {processor.py:161} INFO - Started process (PID=4897) to work on /opt/airflow/dags/pipeline_strava_activities.py
[2025-11-18T22:41:39.611+0000] {processor.py:830} INFO - Processing file /opt/airflow/dags/pipeline_strava_activities.py for tasks to queue
[2025-11-18T22:41:39.614+0000] {logging_mixin.py:188} INFO - [2025-11-18T22:41:39.614+0000] {dagbag.py:545} INFO - Filling up the DagBag from /opt/airflow/dags/pipeline_strava_activities.py
[2025-11-18T22:41:39.625+0000] {processor.py:840} INFO - DAG(s) 'etl_strava_activities' retrieved from /opt/airflow/dags/pipeline_strava_activities.py
[2025-11-18T22:41:39.653+0000] {logging_mixin.py:188} INFO - [2025-11-18T22:41:39.653+0000] {dag.py:3089} INFO - Sync 1 DAGs
[2025-11-18T22:41:39.670+0000] {logging_mixin.py:188} INFO - [2025-11-18T22:41:39.669+0000] {dag.py:3947} INFO - Setting next_dagrun for etl_strava_activities to 2025-11-18 03:00:00+00:00, run_after=2025-11-19 03:00:00+00:00
[2025-11-18T22:41:39.683+0000] {processor.py:183} INFO - Processing /opt/airflow/dags/pipeline_strava_activities.py took 0.080 seconds
[2025-11-18T22:42:09.984+0000] {processor.py:161} INFO - Started process (PID=4912) to work on /opt/airflow/dags/pipeline_strava_activities.py
[2025-11-18T22:42:09.985+0000] {processor.py:830} INFO - Processing file /opt/airflow/dags/pipeline_strava_activities.py for tasks to queue
[2025-11-18T22:42:09.987+0000] {logging_mixin.py:188} INFO - [2025-11-18T22:42:09.987+0000] {dagbag.py:545} INFO - Filling up the DagBag from /opt/airflow/dags/pipeline_strava_activities.py
[2025-11-18T22:42:10.009+0000] {processor.py:840} INFO - DAG(s) 'etl_strava_activities' retrieved from /opt/airflow/dags/pipeline_strava_activities.py
[2025-11-18T22:42:10.034+0000] {logging_mixin.py:188} INFO - [2025-11-18T22:42:10.034+0000] {dag.py:3089} INFO - Sync 1 DAGs
[2025-11-18T22:42:10.048+0000] {logging_mixin.py:188} INFO - [2025-11-18T22:42:10.048+0000] {dag.py:3947} INFO - Setting next_dagrun for etl_strava_activities to 2025-11-18 03:00:00+00:00, run_after=2025-11-19 03:00:00+00:00
[2025-11-18T22:42:10.057+0000] {processor.py:183} INFO - Processing /opt/airflow/dags/pipeline_strava_activities.py took 0.079 seconds
[2025-11-18T22:42:40.323+0000] {processor.py:161} INFO - Started process (PID=4928) to work on /opt/airflow/dags/pipeline_strava_activities.py
[2025-11-18T22:42:40.324+0000] {processor.py:830} INFO - Processing file /opt/airflow/dags/pipeline_strava_activities.py for tasks to queue
[2025-11-18T22:42:40.325+0000] {logging_mixin.py:188} INFO - [2025-11-18T22:42:40.325+0000] {dagbag.py:545} INFO - Filling up the DagBag from /opt/airflow/dags/pipeline_strava_activities.py
[2025-11-18T22:42:40.340+0000] {processor.py:840} INFO - DAG(s) 'etl_strava_activities' retrieved from /opt/airflow/dags/pipeline_strava_activities.py
[2025-11-18T22:42:40.367+0000] {logging_mixin.py:188} INFO - [2025-11-18T22:42:40.367+0000] {dag.py:3089} INFO - Sync 1 DAGs
[2025-11-18T22:42:40.390+0000] {logging_mixin.py:188} INFO - [2025-11-18T22:42:40.390+0000] {dag.py:3947} INFO - Setting next_dagrun for etl_strava_activities to 2025-11-18 03:00:00+00:00, run_after=2025-11-19 03:00:00+00:00
[2025-11-18T22:42:40.402+0000] {processor.py:183} INFO - Processing /opt/airflow/dags/pipeline_strava_activities.py took 0.091 seconds
[2025-11-18T22:43:10.786+0000] {processor.py:161} INFO - Started process (PID=4942) to work on /opt/airflow/dags/pipeline_strava_activities.py
[2025-11-18T22:43:10.789+0000] {processor.py:830} INFO - Processing file /opt/airflow/dags/pipeline_strava_activities.py for tasks to queue
[2025-11-18T22:43:10.809+0000] {logging_mixin.py:188} INFO - [2025-11-18T22:43:10.804+0000] {dagbag.py:545} INFO - Filling up the DagBag from /opt/airflow/dags/pipeline_strava_activities.py
[2025-11-18T22:43:10.846+0000] {processor.py:840} INFO - DAG(s) 'etl_strava_activities' retrieved from /opt/airflow/dags/pipeline_strava_activities.py
[2025-11-18T22:43:10.904+0000] {logging_mixin.py:188} INFO - [2025-11-18T22:43:10.904+0000] {dag.py:3089} INFO - Sync 1 DAGs
[2025-11-18T22:43:10.930+0000] {logging_mixin.py:188} INFO - [2025-11-18T22:43:10.930+0000] {dag.py:3947} INFO - Setting next_dagrun for etl_strava_activities to 2025-11-18 03:00:00+00:00, run_after=2025-11-19 03:00:00+00:00
[2025-11-18T22:43:10.943+0000] {processor.py:183} INFO - Processing /opt/airflow/dags/pipeline_strava_activities.py took 0.179 seconds
[2025-11-18T22:43:41.246+0000] {processor.py:161} INFO - Started process (PID=4957) to work on /opt/airflow/dags/pipeline_strava_activities.py
[2025-11-18T22:43:41.247+0000] {processor.py:830} INFO - Processing file /opt/airflow/dags/pipeline_strava_activities.py for tasks to queue
[2025-11-18T22:43:41.250+0000] {logging_mixin.py:188} INFO - [2025-11-18T22:43:41.249+0000] {dagbag.py:545} INFO - Filling up the DagBag from /opt/airflow/dags/pipeline_strava_activities.py
[2025-11-18T22:43:41.268+0000] {processor.py:840} INFO - DAG(s) 'etl_strava_activities' retrieved from /opt/airflow/dags/pipeline_strava_activities.py
[2025-11-18T22:43:41.305+0000] {logging_mixin.py:188} INFO - [2025-11-18T22:43:41.305+0000] {dag.py:3089} INFO - Sync 1 DAGs
[2025-11-18T22:43:41.335+0000] {logging_mixin.py:188} INFO - [2025-11-18T22:43:41.335+0000] {dag.py:3947} INFO - Setting next_dagrun for etl_strava_activities to 2025-11-18 03:00:00+00:00, run_after=2025-11-19 03:00:00+00:00
[2025-11-18T22:43:41.360+0000] {processor.py:183} INFO - Processing /opt/airflow/dags/pipeline_strava_activities.py took 0.120 seconds
[2025-11-18T22:44:11.645+0000] {processor.py:161} INFO - Started process (PID=5021) to work on /opt/airflow/dags/pipeline_strava_activities.py
[2025-11-18T22:44:11.646+0000] {processor.py:830} INFO - Processing file /opt/airflow/dags/pipeline_strava_activities.py for tasks to queue
[2025-11-18T22:44:11.650+0000] {logging_mixin.py:188} INFO - [2025-11-18T22:44:11.648+0000] {dagbag.py:545} INFO - Filling up the DagBag from /opt/airflow/dags/pipeline_strava_activities.py
[2025-11-18T22:44:11.668+0000] {processor.py:840} INFO - DAG(s) 'etl_strava_activities' retrieved from /opt/airflow/dags/pipeline_strava_activities.py
[2025-11-18T22:44:11.698+0000] {logging_mixin.py:188} INFO - [2025-11-18T22:44:11.698+0000] {dag.py:3089} INFO - Sync 1 DAGs
[2025-11-18T22:44:11.714+0000] {logging_mixin.py:188} INFO - [2025-11-18T22:44:11.714+0000] {dag.py:3947} INFO - Setting next_dagrun for etl_strava_activities to 2025-11-18 03:00:00+00:00, run_after=2025-11-19 03:00:00+00:00
[2025-11-18T22:44:11.723+0000] {processor.py:183} INFO - Processing /opt/airflow/dags/pipeline_strava_activities.py took 0.087 seconds
[2025-11-18T22:44:42.031+0000] {processor.py:161} INFO - Started process (PID=5926) to work on /opt/airflow/dags/pipeline_strava_activities.py
[2025-11-18T22:44:42.033+0000] {processor.py:830} INFO - Processing file /opt/airflow/dags/pipeline_strava_activities.py for tasks to queue
[2025-11-18T22:44:42.035+0000] {logging_mixin.py:188} INFO - [2025-11-18T22:44:42.035+0000] {dagbag.py:545} INFO - Filling up the DagBag from /opt/airflow/dags/pipeline_strava_activities.py
[2025-11-18T22:44:42.049+0000] {processor.py:840} INFO - DAG(s) 'etl_strava_activities' retrieved from /opt/airflow/dags/pipeline_strava_activities.py
[2025-11-18T22:44:42.072+0000] {logging_mixin.py:188} INFO - [2025-11-18T22:44:42.072+0000] {dag.py:3089} INFO - Sync 1 DAGs
[2025-11-18T22:44:42.085+0000] {logging_mixin.py:188} INFO - [2025-11-18T22:44:42.085+0000] {dag.py:3947} INFO - Setting next_dagrun for etl_strava_activities to 2025-11-18 03:00:00+00:00, run_after=2025-11-19 03:00:00+00:00
[2025-11-18T22:44:42.094+0000] {processor.py:183} INFO - Processing /opt/airflow/dags/pipeline_strava_activities.py took 0.075 seconds
[2025-11-18T22:45:12.424+0000] {processor.py:161} INFO - Started process (PID=5942) to work on /opt/airflow/dags/pipeline_strava_activities.py
[2025-11-18T22:45:12.425+0000] {processor.py:830} INFO - Processing file /opt/airflow/dags/pipeline_strava_activities.py for tasks to queue
[2025-11-18T22:45:12.428+0000] {logging_mixin.py:188} INFO - [2025-11-18T22:45:12.427+0000] {dagbag.py:545} INFO - Filling up the DagBag from /opt/airflow/dags/pipeline_strava_activities.py
[2025-11-18T22:45:12.442+0000] {processor.py:840} INFO - DAG(s) 'etl_strava_activities' retrieved from /opt/airflow/dags/pipeline_strava_activities.py
[2025-11-18T22:45:12.479+0000] {logging_mixin.py:188} INFO - [2025-11-18T22:45:12.479+0000] {dag.py:3089} INFO - Sync 1 DAGs
[2025-11-18T22:45:12.498+0000] {logging_mixin.py:188} INFO - [2025-11-18T22:45:12.498+0000] {dag.py:3947} INFO - Setting next_dagrun for etl_strava_activities to 2025-11-18 03:00:00+00:00, run_after=2025-11-19 03:00:00+00:00
[2025-11-18T22:45:12.514+0000] {processor.py:183} INFO - Processing /opt/airflow/dags/pipeline_strava_activities.py took 0.098 seconds
[2025-11-18T22:45:42.796+0000] {processor.py:161} INFO - Started process (PID=5982) to work on /opt/airflow/dags/pipeline_strava_activities.py
[2025-11-18T22:45:42.796+0000] {processor.py:830} INFO - Processing file /opt/airflow/dags/pipeline_strava_activities.py for tasks to queue
[2025-11-18T22:45:42.797+0000] {logging_mixin.py:188} INFO - [2025-11-18T22:45:42.797+0000] {dagbag.py:545} INFO - Filling up the DagBag from /opt/airflow/dags/pipeline_strava_activities.py
[2025-11-18T22:45:42.815+0000] {processor.py:840} INFO - DAG(s) 'etl_strava_activities' retrieved from /opt/airflow/dags/pipeline_strava_activities.py
[2025-11-18T22:45:42.826+0000] {logging_mixin.py:188} INFO - [2025-11-18T22:45:42.826+0000] {dag.py:3089} INFO - Sync 1 DAGs
[2025-11-18T22:45:42.842+0000] {logging_mixin.py:188} INFO - [2025-11-18T22:45:42.842+0000] {dag.py:3947} INFO - Setting next_dagrun for etl_strava_activities to 2025-11-18 03:00:00+00:00, run_after=2025-11-19 03:00:00+00:00
[2025-11-18T22:45:42.853+0000] {processor.py:183} INFO - Processing /opt/airflow/dags/pipeline_strava_activities.py took 0.060 seconds
[2025-11-18T22:46:13.174+0000] {processor.py:161} INFO - Started process (PID=5996) to work on /opt/airflow/dags/pipeline_strava_activities.py
[2025-11-18T22:46:13.174+0000] {processor.py:830} INFO - Processing file /opt/airflow/dags/pipeline_strava_activities.py for tasks to queue
[2025-11-18T22:46:13.177+0000] {logging_mixin.py:188} INFO - [2025-11-18T22:46:13.176+0000] {dagbag.py:545} INFO - Filling up the DagBag from /opt/airflow/dags/pipeline_strava_activities.py
[2025-11-18T22:46:13.188+0000] {processor.py:840} INFO - DAG(s) 'etl_strava_activities' retrieved from /opt/airflow/dags/pipeline_strava_activities.py
[2025-11-18T22:46:13.269+0000] {logging_mixin.py:188} INFO - [2025-11-18T22:46:13.269+0000] {dag.py:3089} INFO - Sync 1 DAGs
[2025-11-18T22:46:13.279+0000] {logging_mixin.py:188} INFO - [2025-11-18T22:46:13.279+0000] {dag.py:3947} INFO - Setting next_dagrun for etl_strava_activities to 2025-11-18 03:00:00+00:00, run_after=2025-11-19 03:00:00+00:00
[2025-11-18T22:46:13.288+0000] {processor.py:183} INFO - Processing /opt/airflow/dags/pipeline_strava_activities.py took 0.119 seconds
[2025-11-18T22:46:43.604+0000] {processor.py:161} INFO - Started process (PID=6023) to work on /opt/airflow/dags/pipeline_strava_activities.py
[2025-11-18T22:46:43.604+0000] {processor.py:830} INFO - Processing file /opt/airflow/dags/pipeline_strava_activities.py for tasks to queue
[2025-11-18T22:46:43.606+0000] {logging_mixin.py:188} INFO - [2025-11-18T22:46:43.606+0000] {dagbag.py:545} INFO - Filling up the DagBag from /opt/airflow/dags/pipeline_strava_activities.py
[2025-11-18T22:46:43.621+0000] {processor.py:840} INFO - DAG(s) 'etl_strava_activities' retrieved from /opt/airflow/dags/pipeline_strava_activities.py
[2025-11-18T22:46:43.646+0000] {logging_mixin.py:188} INFO - [2025-11-18T22:46:43.646+0000] {dag.py:3089} INFO - Sync 1 DAGs
[2025-11-18T22:46:43.662+0000] {logging_mixin.py:188} INFO - [2025-11-18T22:46:43.662+0000] {dag.py:3947} INFO - Setting next_dagrun for etl_strava_activities to 2025-11-18 03:00:00+00:00, run_after=2025-11-19 03:00:00+00:00
[2025-11-18T22:46:43.669+0000] {processor.py:183} INFO - Processing /opt/airflow/dags/pipeline_strava_activities.py took 0.070 seconds
[2025-11-18T22:47:13.919+0000] {processor.py:161} INFO - Started process (PID=6038) to work on /opt/airflow/dags/pipeline_strava_activities.py
[2025-11-18T22:47:13.920+0000] {processor.py:830} INFO - Processing file /opt/airflow/dags/pipeline_strava_activities.py for tasks to queue
[2025-11-18T22:47:13.922+0000] {logging_mixin.py:188} INFO - [2025-11-18T22:47:13.922+0000] {dagbag.py:545} INFO - Filling up the DagBag from /opt/airflow/dags/pipeline_strava_activities.py
[2025-11-18T22:47:13.938+0000] {processor.py:840} INFO - DAG(s) 'etl_strava_activities' retrieved from /opt/airflow/dags/pipeline_strava_activities.py
[2025-11-18T22:47:13.969+0000] {logging_mixin.py:188} INFO - [2025-11-18T22:47:13.968+0000] {dag.py:3089} INFO - Sync 1 DAGs
[2025-11-18T22:47:13.986+0000] {logging_mixin.py:188} INFO - [2025-11-18T22:47:13.985+0000] {dag.py:3947} INFO - Setting next_dagrun for etl_strava_activities to 2025-11-18 03:00:00+00:00, run_after=2025-11-19 03:00:00+00:00
[2025-11-18T22:47:13.997+0000] {processor.py:183} INFO - Processing /opt/airflow/dags/pipeline_strava_activities.py took 0.083 seconds
[2025-11-18T22:47:44.297+0000] {processor.py:161} INFO - Started process (PID=6054) to work on /opt/airflow/dags/pipeline_strava_activities.py
[2025-11-18T22:47:44.298+0000] {processor.py:830} INFO - Processing file /opt/airflow/dags/pipeline_strava_activities.py for tasks to queue
[2025-11-18T22:47:44.300+0000] {logging_mixin.py:188} INFO - [2025-11-18T22:47:44.300+0000] {dagbag.py:545} INFO - Filling up the DagBag from /opt/airflow/dags/pipeline_strava_activities.py
[2025-11-18T22:47:44.317+0000] {processor.py:840} INFO - DAG(s) 'etl_strava_activities' retrieved from /opt/airflow/dags/pipeline_strava_activities.py
[2025-11-18T22:47:44.353+0000] {logging_mixin.py:188} INFO - [2025-11-18T22:47:44.353+0000] {dag.py:3089} INFO - Sync 1 DAGs
[2025-11-18T22:47:44.367+0000] {logging_mixin.py:188} INFO - [2025-11-18T22:47:44.367+0000] {dag.py:3947} INFO - Setting next_dagrun for etl_strava_activities to 2025-11-18 03:00:00+00:00, run_after=2025-11-19 03:00:00+00:00
[2025-11-18T22:47:44.376+0000] {processor.py:183} INFO - Processing /opt/airflow/dags/pipeline_strava_activities.py took 0.087 seconds
[2025-11-18T22:48:14.611+0000] {processor.py:161} INFO - Started process (PID=6841) to work on /opt/airflow/dags/pipeline_strava_activities.py
[2025-11-18T22:48:14.611+0000] {processor.py:830} INFO - Processing file /opt/airflow/dags/pipeline_strava_activities.py for tasks to queue
[2025-11-18T22:48:14.613+0000] {logging_mixin.py:188} INFO - [2025-11-18T22:48:14.613+0000] {dagbag.py:545} INFO - Filling up the DagBag from /opt/airflow/dags/pipeline_strava_activities.py
[2025-11-18T22:48:14.625+0000] {processor.py:840} INFO - DAG(s) 'etl_strava_activities' retrieved from /opt/airflow/dags/pipeline_strava_activities.py
[2025-11-18T22:48:14.665+0000] {logging_mixin.py:188} INFO - [2025-11-18T22:48:14.665+0000] {dag.py:3089} INFO - Sync 1 DAGs
[2025-11-18T22:48:14.701+0000] {logging_mixin.py:188} INFO - [2025-11-18T22:48:14.701+0000] {dag.py:3947} INFO - Setting next_dagrun for etl_strava_activities to 2025-11-18 03:00:00+00:00, run_after=2025-11-19 03:00:00+00:00
[2025-11-18T22:48:14.722+0000] {processor.py:183} INFO - Processing /opt/airflow/dags/pipeline_strava_activities.py took 0.118 seconds
[2025-11-18T22:48:45.122+0000] {processor.py:161} INFO - Started process (PID=6968) to work on /opt/airflow/dags/pipeline_strava_activities.py
[2025-11-18T22:48:45.123+0000] {processor.py:830} INFO - Processing file /opt/airflow/dags/pipeline_strava_activities.py for tasks to queue
[2025-11-18T22:48:45.128+0000] {logging_mixin.py:188} INFO - [2025-11-18T22:48:45.126+0000] {dagbag.py:545} INFO - Filling up the DagBag from /opt/airflow/dags/pipeline_strava_activities.py
[2025-11-18T22:48:45.149+0000] {processor.py:840} INFO - DAG(s) 'etl_strava_activities' retrieved from /opt/airflow/dags/pipeline_strava_activities.py
[2025-11-18T22:48:45.181+0000] {logging_mixin.py:188} INFO - [2025-11-18T22:48:45.181+0000] {dag.py:3089} INFO - Sync 1 DAGs
[2025-11-18T22:48:45.238+0000] {logging_mixin.py:188} INFO - [2025-11-18T22:48:45.237+0000] {dag.py:3947} INFO - Setting next_dagrun for etl_strava_activities to 2025-11-18 03:00:00+00:00, run_after=2025-11-19 03:00:00+00:00
[2025-11-18T22:48:45.253+0000] {processor.py:183} INFO - Processing /opt/airflow/dags/pipeline_strava_activities.py took 0.139 seconds
[2025-11-18T22:49:15.552+0000] {processor.py:161} INFO - Started process (PID=6982) to work on /opt/airflow/dags/pipeline_strava_activities.py
[2025-11-18T22:49:15.553+0000] {processor.py:830} INFO - Processing file /opt/airflow/dags/pipeline_strava_activities.py for tasks to queue
[2025-11-18T22:49:15.555+0000] {logging_mixin.py:188} INFO - [2025-11-18T22:49:15.555+0000] {dagbag.py:545} INFO - Filling up the DagBag from /opt/airflow/dags/pipeline_strava_activities.py
[2025-11-18T22:49:15.568+0000] {processor.py:840} INFO - DAG(s) 'etl_strava_activities' retrieved from /opt/airflow/dags/pipeline_strava_activities.py
[2025-11-18T22:49:15.590+0000] {logging_mixin.py:188} INFO - [2025-11-18T22:49:15.590+0000] {dag.py:3089} INFO - Sync 1 DAGs
[2025-11-18T22:49:15.604+0000] {logging_mixin.py:188} INFO - [2025-11-18T22:49:15.604+0000] {dag.py:3947} INFO - Setting next_dagrun for etl_strava_activities to 2025-11-18 03:00:00+00:00, run_after=2025-11-19 03:00:00+00:00
[2025-11-18T22:49:15.612+0000] {processor.py:183} INFO - Processing /opt/airflow/dags/pipeline_strava_activities.py took 0.069 seconds
[2025-11-18T22:49:45.904+0000] {processor.py:161} INFO - Started process (PID=6998) to work on /opt/airflow/dags/pipeline_strava_activities.py
[2025-11-18T22:49:45.905+0000] {processor.py:830} INFO - Processing file /opt/airflow/dags/pipeline_strava_activities.py for tasks to queue
[2025-11-18T22:49:45.907+0000] {logging_mixin.py:188} INFO - [2025-11-18T22:49:45.907+0000] {dagbag.py:545} INFO - Filling up the DagBag from /opt/airflow/dags/pipeline_strava_activities.py
[2025-11-18T22:49:45.921+0000] {processor.py:840} INFO - DAG(s) 'etl_strava_activities' retrieved from /opt/airflow/dags/pipeline_strava_activities.py
[2025-11-18T22:49:45.953+0000] {logging_mixin.py:188} INFO - [2025-11-18T22:49:45.953+0000] {dag.py:3089} INFO - Sync 1 DAGs
[2025-11-18T22:49:45.967+0000] {logging_mixin.py:188} INFO - [2025-11-18T22:49:45.967+0000] {dag.py:3947} INFO - Setting next_dagrun for etl_strava_activities to 2025-11-18 03:00:00+00:00, run_after=2025-11-19 03:00:00+00:00
[2025-11-18T22:49:45.976+0000] {processor.py:183} INFO - Processing /opt/airflow/dags/pipeline_strava_activities.py took 0.076 seconds
[2025-11-18T22:50:16.330+0000] {processor.py:161} INFO - Started process (PID=7014) to work on /opt/airflow/dags/pipeline_strava_activities.py
[2025-11-18T22:50:16.331+0000] {processor.py:830} INFO - Processing file /opt/airflow/dags/pipeline_strava_activities.py for tasks to queue
[2025-11-18T22:50:16.333+0000] {logging_mixin.py:188} INFO - [2025-11-18T22:50:16.333+0000] {dagbag.py:545} INFO - Filling up the DagBag from /opt/airflow/dags/pipeline_strava_activities.py
[2025-11-18T22:50:16.361+0000] {processor.py:840} INFO - DAG(s) 'etl_strava_activities' retrieved from /opt/airflow/dags/pipeline_strava_activities.py
[2025-11-18T22:50:16.385+0000] {logging_mixin.py:188} INFO - [2025-11-18T22:50:16.385+0000] {dag.py:3089} INFO - Sync 1 DAGs
[2025-11-18T22:50:16.401+0000] {logging_mixin.py:188} INFO - [2025-11-18T22:50:16.401+0000] {dag.py:3947} INFO - Setting next_dagrun for etl_strava_activities to 2025-11-18 03:00:00+00:00, run_after=2025-11-19 03:00:00+00:00
[2025-11-18T22:50:16.411+0000] {processor.py:183} INFO - Processing /opt/airflow/dags/pipeline_strava_activities.py took 0.087 seconds
[2025-11-18T22:50:46.681+0000] {processor.py:161} INFO - Started process (PID=7029) to work on /opt/airflow/dags/pipeline_strava_activities.py
[2025-11-18T22:50:46.683+0000] {processor.py:830} INFO - Processing file /opt/airflow/dags/pipeline_strava_activities.py for tasks to queue
[2025-11-18T22:50:46.687+0000] {logging_mixin.py:188} INFO - [2025-11-18T22:50:46.686+0000] {dagbag.py:545} INFO - Filling up the DagBag from /opt/airflow/dags/pipeline_strava_activities.py
[2025-11-18T22:50:46.705+0000] {processor.py:840} INFO - DAG(s) 'etl_strava_activities' retrieved from /opt/airflow/dags/pipeline_strava_activities.py
[2025-11-18T22:50:46.745+0000] {logging_mixin.py:188} INFO - [2025-11-18T22:50:46.744+0000] {dag.py:3089} INFO - Sync 1 DAGs
[2025-11-18T22:50:46.762+0000] {logging_mixin.py:188} INFO - [2025-11-18T22:50:46.762+0000] {dag.py:3947} INFO - Setting next_dagrun for etl_strava_activities to 2025-11-18 03:00:00+00:00, run_after=2025-11-19 03:00:00+00:00
[2025-11-18T22:50:46.777+0000] {processor.py:183} INFO - Processing /opt/airflow/dags/pipeline_strava_activities.py took 0.103 seconds
[2025-11-18T22:51:17.124+0000] {processor.py:161} INFO - Started process (PID=7043) to work on /opt/airflow/dags/pipeline_strava_activities.py
[2025-11-18T22:51:17.125+0000] {processor.py:830} INFO - Processing file /opt/airflow/dags/pipeline_strava_activities.py for tasks to queue
[2025-11-18T22:51:17.130+0000] {logging_mixin.py:188} INFO - [2025-11-18T22:51:17.128+0000] {dagbag.py:545} INFO - Filling up the DagBag from /opt/airflow/dags/pipeline_strava_activities.py
[2025-11-18T22:51:17.151+0000] {processor.py:840} INFO - DAG(s) 'etl_strava_activities' retrieved from /opt/airflow/dags/pipeline_strava_activities.py
[2025-11-18T22:51:17.175+0000] {logging_mixin.py:188} INFO - [2025-11-18T22:51:17.175+0000] {dag.py:3089} INFO - Sync 1 DAGs
[2025-11-18T22:51:17.190+0000] {logging_mixin.py:188} INFO - [2025-11-18T22:51:17.190+0000] {dag.py:3947} INFO - Setting next_dagrun for etl_strava_activities to 2025-11-18 03:00:00+00:00, run_after=2025-11-19 03:00:00+00:00
[2025-11-18T22:51:17.198+0000] {processor.py:183} INFO - Processing /opt/airflow/dags/pipeline_strava_activities.py took 0.085 seconds
[2025-11-18T22:51:47.426+0000] {processor.py:161} INFO - Started process (PID=7950) to work on /opt/airflow/dags/pipeline_strava_activities.py
[2025-11-18T22:51:47.427+0000] {processor.py:830} INFO - Processing file /opt/airflow/dags/pipeline_strava_activities.py for tasks to queue
[2025-11-18T22:51:47.430+0000] {logging_mixin.py:188} INFO - [2025-11-18T22:51:47.429+0000] {dagbag.py:545} INFO - Filling up the DagBag from /opt/airflow/dags/pipeline_strava_activities.py
[2025-11-18T22:51:47.444+0000] {processor.py:840} INFO - DAG(s) 'etl_strava_activities' retrieved from /opt/airflow/dags/pipeline_strava_activities.py
[2025-11-18T22:51:47.471+0000] {logging_mixin.py:188} INFO - [2025-11-18T22:51:47.471+0000] {dag.py:3089} INFO - Sync 1 DAGs
[2025-11-18T22:51:47.489+0000] {logging_mixin.py:188} INFO - [2025-11-18T22:51:47.488+0000] {dag.py:3947} INFO - Setting next_dagrun for etl_strava_activities to 2025-11-18 03:00:00+00:00, run_after=2025-11-19 03:00:00+00:00
[2025-11-18T22:51:47.500+0000] {processor.py:183} INFO - Processing /opt/airflow/dags/pipeline_strava_activities.py took 0.083 seconds
[2025-11-18T22:52:17.817+0000] {processor.py:161} INFO - Started process (PID=7965) to work on /opt/airflow/dags/pipeline_strava_activities.py
[2025-11-18T22:52:17.818+0000] {processor.py:830} INFO - Processing file /opt/airflow/dags/pipeline_strava_activities.py for tasks to queue
[2025-11-18T22:52:17.820+0000] {logging_mixin.py:188} INFO - [2025-11-18T22:52:17.820+0000] {dagbag.py:545} INFO - Filling up the DagBag from /opt/airflow/dags/pipeline_strava_activities.py
[2025-11-18T22:52:17.832+0000] {processor.py:840} INFO - DAG(s) 'etl_strava_activities' retrieved from /opt/airflow/dags/pipeline_strava_activities.py
[2025-11-18T22:52:17.867+0000] {logging_mixin.py:188} INFO - [2025-11-18T22:52:17.867+0000] {dag.py:3089} INFO - Sync 1 DAGs
[2025-11-18T22:52:17.883+0000] {logging_mixin.py:188} INFO - [2025-11-18T22:52:17.883+0000] {dag.py:3947} INFO - Setting next_dagrun for etl_strava_activities to 2025-11-18 03:00:00+00:00, run_after=2025-11-19 03:00:00+00:00
[2025-11-18T22:52:17.900+0000] {processor.py:183} INFO - Processing /opt/airflow/dags/pipeline_strava_activities.py took 0.086 seconds
[2025-11-18T22:52:48.199+0000] {processor.py:161} INFO - Started process (PID=7979) to work on /opt/airflow/dags/pipeline_strava_activities.py
[2025-11-18T22:52:48.201+0000] {processor.py:830} INFO - Processing file /opt/airflow/dags/pipeline_strava_activities.py for tasks to queue
[2025-11-18T22:52:48.203+0000] {logging_mixin.py:188} INFO - [2025-11-18T22:52:48.202+0000] {dagbag.py:545} INFO - Filling up the DagBag from /opt/airflow/dags/pipeline_strava_activities.py
[2025-11-18T22:52:48.218+0000] {processor.py:840} INFO - DAG(s) 'etl_strava_activities' retrieved from /opt/airflow/dags/pipeline_strava_activities.py
[2025-11-18T22:52:48.258+0000] {logging_mixin.py:188} INFO - [2025-11-18T22:52:48.257+0000] {dag.py:3089} INFO - Sync 1 DAGs
[2025-11-18T22:52:48.279+0000] {logging_mixin.py:188} INFO - [2025-11-18T22:52:48.278+0000] {dag.py:3947} INFO - Setting next_dagrun for etl_strava_activities to 2025-11-18 03:00:00+00:00, run_after=2025-11-19 03:00:00+00:00
[2025-11-18T22:52:48.287+0000] {processor.py:183} INFO - Processing /opt/airflow/dags/pipeline_strava_activities.py took 0.098 seconds
[2025-11-18T22:53:18.554+0000] {processor.py:161} INFO - Started process (PID=7994) to work on /opt/airflow/dags/pipeline_strava_activities.py
[2025-11-18T22:53:18.555+0000] {processor.py:830} INFO - Processing file /opt/airflow/dags/pipeline_strava_activities.py for tasks to queue
[2025-11-18T22:53:18.558+0000] {logging_mixin.py:188} INFO - [2025-11-18T22:53:18.557+0000] {dagbag.py:545} INFO - Filling up the DagBag from /opt/airflow/dags/pipeline_strava_activities.py
[2025-11-18T22:53:18.576+0000] {processor.py:840} INFO - DAG(s) 'etl_strava_activities' retrieved from /opt/airflow/dags/pipeline_strava_activities.py
[2025-11-18T22:53:18.613+0000] {logging_mixin.py:188} INFO - [2025-11-18T22:53:18.613+0000] {dag.py:3089} INFO - Sync 1 DAGs
[2025-11-18T22:53:18.630+0000] {logging_mixin.py:188} INFO - [2025-11-18T22:53:18.629+0000] {dag.py:3947} INFO - Setting next_dagrun for etl_strava_activities to 2025-11-18 03:00:00+00:00, run_after=2025-11-19 03:00:00+00:00
[2025-11-18T22:53:18.650+0000] {processor.py:183} INFO - Processing /opt/airflow/dags/pipeline_strava_activities.py took 0.104 seconds
[2025-11-18T22:53:48.907+0000] {processor.py:161} INFO - Started process (PID=8034) to work on /opt/airflow/dags/pipeline_strava_activities.py
[2025-11-18T22:53:48.908+0000] {processor.py:830} INFO - Processing file /opt/airflow/dags/pipeline_strava_activities.py for tasks to queue
[2025-11-18T22:53:48.910+0000] {logging_mixin.py:188} INFO - [2025-11-18T22:53:48.909+0000] {dagbag.py:545} INFO - Filling up the DagBag from /opt/airflow/dags/pipeline_strava_activities.py
[2025-11-18T22:53:48.925+0000] {processor.py:840} INFO - DAG(s) 'etl_strava_activities' retrieved from /opt/airflow/dags/pipeline_strava_activities.py
[2025-11-18T22:53:48.950+0000] {logging_mixin.py:188} INFO - [2025-11-18T22:53:48.950+0000] {dag.py:3089} INFO - Sync 1 DAGs
[2025-11-18T22:53:48.972+0000] {logging_mixin.py:188} INFO - [2025-11-18T22:53:48.972+0000] {dag.py:3947} INFO - Setting next_dagrun for etl_strava_activities to 2025-11-18 03:00:00+00:00, run_after=2025-11-19 03:00:00+00:00
[2025-11-18T22:53:48.989+0000] {processor.py:183} INFO - Processing /opt/airflow/dags/pipeline_strava_activities.py took 0.088 seconds
[2025-11-18T22:54:19.317+0000] {processor.py:161} INFO - Started process (PID=8049) to work on /opt/airflow/dags/pipeline_strava_activities.py
[2025-11-18T22:54:19.318+0000] {processor.py:830} INFO - Processing file /opt/airflow/dags/pipeline_strava_activities.py for tasks to queue
[2025-11-18T22:54:19.320+0000] {logging_mixin.py:188} INFO - [2025-11-18T22:54:19.320+0000] {dagbag.py:545} INFO - Filling up the DagBag from /opt/airflow/dags/pipeline_strava_activities.py
[2025-11-18T22:54:19.335+0000] {processor.py:840} INFO - DAG(s) 'etl_strava_activities' retrieved from /opt/airflow/dags/pipeline_strava_activities.py
[2025-11-18T22:54:19.365+0000] {logging_mixin.py:188} INFO - [2025-11-18T22:54:19.365+0000] {dag.py:3089} INFO - Sync 1 DAGs
[2025-11-18T22:54:19.380+0000] {logging_mixin.py:188} INFO - [2025-11-18T22:54:19.380+0000] {dag.py:3947} INFO - Setting next_dagrun for etl_strava_activities to 2025-11-18 03:00:00+00:00, run_after=2025-11-19 03:00:00+00:00
[2025-11-18T22:54:19.389+0000] {processor.py:183} INFO - Processing /opt/airflow/dags/pipeline_strava_activities.py took 0.084 seconds
[2025-11-18T22:54:49.669+0000] {processor.py:161} INFO - Started process (PID=8101) to work on /opt/airflow/dags/pipeline_strava_activities.py
[2025-11-18T22:54:49.670+0000] {processor.py:830} INFO - Processing file /opt/airflow/dags/pipeline_strava_activities.py for tasks to queue
[2025-11-18T22:54:49.674+0000] {logging_mixin.py:188} INFO - [2025-11-18T22:54:49.673+0000] {dagbag.py:545} INFO - Filling up the DagBag from /opt/airflow/dags/pipeline_strava_activities.py
[2025-11-18T22:54:49.696+0000] {processor.py:840} INFO - DAG(s) 'etl_strava_activities' retrieved from /opt/airflow/dags/pipeline_strava_activities.py
[2025-11-18T22:54:49.717+0000] {logging_mixin.py:188} INFO - [2025-11-18T22:54:49.717+0000] {dag.py:3089} INFO - Sync 1 DAGs
[2025-11-18T22:54:49.748+0000] {logging_mixin.py:188} INFO - [2025-11-18T22:54:49.747+0000] {dag.py:3947} INFO - Setting next_dagrun for etl_strava_activities to 2025-11-18 03:00:00+00:00, run_after=2025-11-19 03:00:00+00:00
[2025-11-18T22:54:49.774+0000] {processor.py:183} INFO - Processing /opt/airflow/dags/pipeline_strava_activities.py took 0.114 seconds
[2025-11-18T22:55:20.029+0000] {processor.py:161} INFO - Started process (PID=9002) to work on /opt/airflow/dags/pipeline_strava_activities.py
[2025-11-18T22:55:20.029+0000] {processor.py:830} INFO - Processing file /opt/airflow/dags/pipeline_strava_activities.py for tasks to queue
[2025-11-18T22:55:20.034+0000] {logging_mixin.py:188} INFO - [2025-11-18T22:55:20.033+0000] {dagbag.py:545} INFO - Filling up the DagBag from /opt/airflow/dags/pipeline_strava_activities.py
[2025-11-18T22:55:20.064+0000] {processor.py:840} INFO - DAG(s) 'etl_strava_activities' retrieved from /opt/airflow/dags/pipeline_strava_activities.py
[2025-11-18T22:55:20.160+0000] {logging_mixin.py:188} INFO - [2025-11-18T22:55:20.160+0000] {dag.py:3089} INFO - Sync 1 DAGs
[2025-11-18T22:55:20.172+0000] {logging_mixin.py:188} INFO - [2025-11-18T22:55:20.172+0000] {dag.py:3947} INFO - Setting next_dagrun for etl_strava_activities to 2025-11-18 03:00:00+00:00, run_after=2025-11-19 03:00:00+00:00
[2025-11-18T22:55:20.182+0000] {processor.py:183} INFO - Processing /opt/airflow/dags/pipeline_strava_activities.py took 0.163 seconds
[2025-11-18T22:55:50.479+0000] {processor.py:161} INFO - Started process (PID=9016) to work on /opt/airflow/dags/pipeline_strava_activities.py
[2025-11-18T22:55:50.482+0000] {processor.py:830} INFO - Processing file /opt/airflow/dags/pipeline_strava_activities.py for tasks to queue
[2025-11-18T22:55:50.491+0000] {logging_mixin.py:188} INFO - [2025-11-18T22:55:50.490+0000] {dagbag.py:545} INFO - Filling up the DagBag from /opt/airflow/dags/pipeline_strava_activities.py
[2025-11-18T22:55:50.519+0000] {processor.py:840} INFO - DAG(s) 'etl_strava_activities' retrieved from /opt/airflow/dags/pipeline_strava_activities.py
[2025-11-18T22:55:50.575+0000] {logging_mixin.py:188} INFO - [2025-11-18T22:55:50.575+0000] {dag.py:3089} INFO - Sync 1 DAGs
[2025-11-18T22:55:50.600+0000] {logging_mixin.py:188} INFO - [2025-11-18T22:55:50.600+0000] {dag.py:3947} INFO - Setting next_dagrun for etl_strava_activities to 2025-11-18 03:00:00+00:00, run_after=2025-11-19 03:00:00+00:00
[2025-11-18T22:55:50.618+0000] {processor.py:183} INFO - Processing /opt/airflow/dags/pipeline_strava_activities.py took 0.156 seconds
[2025-11-18T22:56:20.863+0000] {processor.py:161} INFO - Started process (PID=9033) to work on /opt/airflow/dags/pipeline_strava_activities.py
[2025-11-18T22:56:20.864+0000] {processor.py:830} INFO - Processing file /opt/airflow/dags/pipeline_strava_activities.py for tasks to queue
[2025-11-18T22:56:20.866+0000] {logging_mixin.py:188} INFO - [2025-11-18T22:56:20.866+0000] {dagbag.py:545} INFO - Filling up the DagBag from /opt/airflow/dags/pipeline_strava_activities.py
[2025-11-18T22:56:20.878+0000] {processor.py:840} INFO - DAG(s) 'etl_strava_activities' retrieved from /opt/airflow/dags/pipeline_strava_activities.py
[2025-11-18T22:56:20.904+0000] {logging_mixin.py:188} INFO - [2025-11-18T22:56:20.904+0000] {dag.py:3089} INFO - Sync 1 DAGs
[2025-11-18T22:56:20.922+0000] {logging_mixin.py:188} INFO - [2025-11-18T22:56:20.922+0000] {dag.py:3947} INFO - Setting next_dagrun for etl_strava_activities to 2025-11-18 03:00:00+00:00, run_after=2025-11-19 03:00:00+00:00
[2025-11-18T22:56:20.931+0000] {processor.py:183} INFO - Processing /opt/airflow/dags/pipeline_strava_activities.py took 0.071 seconds
[2025-11-18T22:56:51.187+0000] {processor.py:161} INFO - Started process (PID=9048) to work on /opt/airflow/dags/pipeline_strava_activities.py
[2025-11-18T22:56:51.188+0000] {processor.py:830} INFO - Processing file /opt/airflow/dags/pipeline_strava_activities.py for tasks to queue
[2025-11-18T22:56:51.190+0000] {logging_mixin.py:188} INFO - [2025-11-18T22:56:51.190+0000] {dagbag.py:545} INFO - Filling up the DagBag from /opt/airflow/dags/pipeline_strava_activities.py
[2025-11-18T22:56:51.207+0000] {processor.py:840} INFO - DAG(s) 'etl_strava_activities' retrieved from /opt/airflow/dags/pipeline_strava_activities.py
[2025-11-18T22:56:51.233+0000] {logging_mixin.py:188} INFO - [2025-11-18T22:56:51.233+0000] {dag.py:3089} INFO - Sync 1 DAGs
[2025-11-18T22:56:51.250+0000] {logging_mixin.py:188} INFO - [2025-11-18T22:56:51.250+0000] {dag.py:3947} INFO - Setting next_dagrun for etl_strava_activities to 2025-11-18 03:00:00+00:00, run_after=2025-11-19 03:00:00+00:00
[2025-11-18T22:56:51.261+0000] {processor.py:183} INFO - Processing /opt/airflow/dags/pipeline_strava_activities.py took 0.082 seconds
[2025-11-18T22:57:21.564+0000] {processor.py:161} INFO - Started process (PID=9061) to work on /opt/airflow/dags/pipeline_strava_activities.py
[2025-11-18T22:57:21.565+0000] {processor.py:830} INFO - Processing file /opt/airflow/dags/pipeline_strava_activities.py for tasks to queue
[2025-11-18T22:57:21.566+0000] {logging_mixin.py:188} INFO - [2025-11-18T22:57:21.565+0000] {dagbag.py:545} INFO - Filling up the DagBag from /opt/airflow/dags/pipeline_strava_activities.py
[2025-11-18T22:57:21.579+0000] {processor.py:840} INFO - DAG(s) 'etl_strava_activities' retrieved from /opt/airflow/dags/pipeline_strava_activities.py
[2025-11-18T22:57:21.626+0000] {logging_mixin.py:188} INFO - [2025-11-18T22:57:21.625+0000] {dag.py:3089} INFO - Sync 1 DAGs
[2025-11-18T22:57:21.649+0000] {logging_mixin.py:188} INFO - [2025-11-18T22:57:21.649+0000] {dag.py:3947} INFO - Setting next_dagrun for etl_strava_activities to 2025-11-18 03:00:00+00:00, run_after=2025-11-19 03:00:00+00:00
[2025-11-18T22:57:21.659+0000] {processor.py:183} INFO - Processing /opt/airflow/dags/pipeline_strava_activities.py took 0.099 seconds
[2025-11-18T22:57:51.915+0000] {processor.py:161} INFO - Started process (PID=9077) to work on /opt/airflow/dags/pipeline_strava_activities.py
[2025-11-18T22:57:51.916+0000] {processor.py:830} INFO - Processing file /opt/airflow/dags/pipeline_strava_activities.py for tasks to queue
[2025-11-18T22:57:51.918+0000] {logging_mixin.py:188} INFO - [2025-11-18T22:57:51.918+0000] {dagbag.py:545} INFO - Filling up the DagBag from /opt/airflow/dags/pipeline_strava_activities.py
[2025-11-18T22:57:51.936+0000] {processor.py:840} INFO - DAG(s) 'etl_strava_activities' retrieved from /opt/airflow/dags/pipeline_strava_activities.py
[2025-11-18T22:57:51.967+0000] {logging_mixin.py:188} INFO - [2025-11-18T22:57:51.967+0000] {dag.py:3089} INFO - Sync 1 DAGs
[2025-11-18T22:57:51.983+0000] {logging_mixin.py:188} INFO - [2025-11-18T22:57:51.982+0000] {dag.py:3947} INFO - Setting next_dagrun for etl_strava_activities to 2025-11-18 03:00:00+00:00, run_after=2025-11-19 03:00:00+00:00
[2025-11-18T22:57:51.993+0000] {processor.py:183} INFO - Processing /opt/airflow/dags/pipeline_strava_activities.py took 0.083 seconds
[2025-11-18T22:58:22.271+0000] {processor.py:161} INFO - Started process (PID=9092) to work on /opt/airflow/dags/pipeline_strava_activities.py
[2025-11-18T22:58:22.272+0000] {processor.py:830} INFO - Processing file /opt/airflow/dags/pipeline_strava_activities.py for tasks to queue
[2025-11-18T22:58:22.275+0000] {logging_mixin.py:188} INFO - [2025-11-18T22:58:22.274+0000] {dagbag.py:545} INFO - Filling up the DagBag from /opt/airflow/dags/pipeline_strava_activities.py
[2025-11-18T22:58:22.294+0000] {processor.py:840} INFO - DAG(s) 'etl_strava_activities' retrieved from /opt/airflow/dags/pipeline_strava_activities.py
[2025-11-18T22:58:22.325+0000] {logging_mixin.py:188} INFO - [2025-11-18T22:58:22.325+0000] {dag.py:3089} INFO - Sync 1 DAGs
[2025-11-18T22:58:22.340+0000] {logging_mixin.py:188} INFO - [2025-11-18T22:58:22.340+0000] {dag.py:3947} INFO - Setting next_dagrun for etl_strava_activities to 2025-11-18 03:00:00+00:00, run_after=2025-11-19 03:00:00+00:00
[2025-11-18T22:58:22.350+0000] {processor.py:183} INFO - Processing /opt/airflow/dags/pipeline_strava_activities.py took 0.084 seconds
[2025-11-18T22:58:52.667+0000] {processor.py:161} INFO - Started process (PID=9107) to work on /opt/airflow/dags/pipeline_strava_activities.py
[2025-11-18T22:58:52.668+0000] {processor.py:830} INFO - Processing file /opt/airflow/dags/pipeline_strava_activities.py for tasks to queue
[2025-11-18T22:58:52.677+0000] {logging_mixin.py:188} INFO - [2025-11-18T22:58:52.675+0000] {dagbag.py:545} INFO - Filling up the DagBag from /opt/airflow/dags/pipeline_strava_activities.py
[2025-11-18T22:58:52.693+0000] {processor.py:840} INFO - DAG(s) 'etl_strava_activities' retrieved from /opt/airflow/dags/pipeline_strava_activities.py
[2025-11-18T22:58:52.734+0000] {logging_mixin.py:188} INFO - [2025-11-18T22:58:52.734+0000] {dag.py:3089} INFO - Sync 1 DAGs
[2025-11-18T22:58:52.755+0000] {logging_mixin.py:188} INFO - [2025-11-18T22:58:52.755+0000] {dag.py:3947} INFO - Setting next_dagrun for etl_strava_activities to 2025-11-18 03:00:00+00:00, run_after=2025-11-19 03:00:00+00:00
[2025-11-18T22:58:52.763+0000] {processor.py:183} INFO - Processing /opt/airflow/dags/pipeline_strava_activities.py took 0.108 seconds
[2025-11-18T22:59:23.070+0000] {processor.py:161} INFO - Started process (PID=9122) to work on /opt/airflow/dags/pipeline_strava_activities.py
[2025-11-18T22:59:23.071+0000] {processor.py:830} INFO - Processing file /opt/airflow/dags/pipeline_strava_activities.py for tasks to queue
[2025-11-18T22:59:23.073+0000] {logging_mixin.py:188} INFO - [2025-11-18T22:59:23.072+0000] {dagbag.py:545} INFO - Filling up the DagBag from /opt/airflow/dags/pipeline_strava_activities.py
[2025-11-18T22:59:23.092+0000] {processor.py:840} INFO - DAG(s) 'etl_strava_activities' retrieved from /opt/airflow/dags/pipeline_strava_activities.py
[2025-11-18T22:59:23.121+0000] {logging_mixin.py:188} INFO - [2025-11-18T22:59:23.121+0000] {dag.py:3089} INFO - Sync 1 DAGs
[2025-11-18T22:59:23.134+0000] {logging_mixin.py:188} INFO - [2025-11-18T22:59:23.134+0000] {dag.py:3947} INFO - Setting next_dagrun for etl_strava_activities to 2025-11-18 03:00:00+00:00, run_after=2025-11-19 03:00:00+00:00
[2025-11-18T22:59:23.143+0000] {processor.py:183} INFO - Processing /opt/airflow/dags/pipeline_strava_activities.py took 0.078 seconds
[2025-11-18T22:59:53.544+0000] {processor.py:161} INFO - Started process (PID=9138) to work on /opt/airflow/dags/pipeline_strava_activities.py
[2025-11-18T22:59:53.545+0000] {processor.py:830} INFO - Processing file /opt/airflow/dags/pipeline_strava_activities.py for tasks to queue
[2025-11-18T22:59:53.549+0000] {logging_mixin.py:188} INFO - [2025-11-18T22:59:53.548+0000] {dagbag.py:545} INFO - Filling up the DagBag from /opt/airflow/dags/pipeline_strava_activities.py
[2025-11-18T22:59:53.569+0000] {processor.py:840} INFO - DAG(s) 'etl_strava_activities' retrieved from /opt/airflow/dags/pipeline_strava_activities.py
[2025-11-18T22:59:53.612+0000] {logging_mixin.py:188} INFO - [2025-11-18T22:59:53.611+0000] {dag.py:3089} INFO - Sync 1 DAGs
[2025-11-18T22:59:53.628+0000] {logging_mixin.py:188} INFO - [2025-11-18T22:59:53.628+0000] {dag.py:3947} INFO - Setting next_dagrun for etl_strava_activities to 2025-11-18 03:00:00+00:00, run_after=2025-11-19 03:00:00+00:00
[2025-11-18T22:59:53.638+0000] {processor.py:183} INFO - Processing /opt/airflow/dags/pipeline_strava_activities.py took 0.101 seconds
[2025-11-18T23:00:23.959+0000] {processor.py:161} INFO - Started process (PID=9152) to work on /opt/airflow/dags/pipeline_strava_activities.py
[2025-11-18T23:00:23.960+0000] {processor.py:830} INFO - Processing file /opt/airflow/dags/pipeline_strava_activities.py for tasks to queue
[2025-11-18T23:00:23.961+0000] {logging_mixin.py:188} INFO - [2025-11-18T23:00:23.961+0000] {dagbag.py:545} INFO - Filling up the DagBag from /opt/airflow/dags/pipeline_strava_activities.py
[2025-11-18T23:00:23.974+0000] {processor.py:840} INFO - DAG(s) 'etl_strava_activities' retrieved from /opt/airflow/dags/pipeline_strava_activities.py
[2025-11-18T23:00:24.004+0000] {logging_mixin.py:188} INFO - [2025-11-18T23:00:24.004+0000] {dag.py:3089} INFO - Sync 1 DAGs
[2025-11-18T23:00:24.026+0000] {logging_mixin.py:188} INFO - [2025-11-18T23:00:24.025+0000] {dag.py:3947} INFO - Setting next_dagrun for etl_strava_activities to 2025-11-18 03:00:00+00:00, run_after=2025-11-19 03:00:00+00:00
[2025-11-18T23:00:24.034+0000] {processor.py:183} INFO - Processing /opt/airflow/dags/pipeline_strava_activities.py took 0.081 seconds
[2025-11-18T23:00:54.320+0000] {processor.py:161} INFO - Started process (PID=9167) to work on /opt/airflow/dags/pipeline_strava_activities.py
[2025-11-18T23:00:54.321+0000] {processor.py:830} INFO - Processing file /opt/airflow/dags/pipeline_strava_activities.py for tasks to queue
[2025-11-18T23:00:54.324+0000] {logging_mixin.py:188} INFO - [2025-11-18T23:00:54.323+0000] {dagbag.py:545} INFO - Filling up the DagBag from /opt/airflow/dags/pipeline_strava_activities.py
[2025-11-18T23:00:54.338+0000] {processor.py:840} INFO - DAG(s) 'etl_strava_activities' retrieved from /opt/airflow/dags/pipeline_strava_activities.py
[2025-11-18T23:00:54.378+0000] {logging_mixin.py:188} INFO - [2025-11-18T23:00:54.378+0000] {dag.py:3089} INFO - Sync 1 DAGs
[2025-11-18T23:00:54.393+0000] {logging_mixin.py:188} INFO - [2025-11-18T23:00:54.393+0000] {dag.py:3947} INFO - Setting next_dagrun for etl_strava_activities to 2025-11-18 03:00:00+00:00, run_after=2025-11-19 03:00:00+00:00
[2025-11-18T23:00:54.402+0000] {processor.py:183} INFO - Processing /opt/airflow/dags/pipeline_strava_activities.py took 0.089 seconds
[2025-11-18T23:01:24.637+0000] {processor.py:161} INFO - Started process (PID=9182) to work on /opt/airflow/dags/pipeline_strava_activities.py
[2025-11-18T23:01:24.637+0000] {processor.py:830} INFO - Processing file /opt/airflow/dags/pipeline_strava_activities.py for tasks to queue
[2025-11-18T23:01:24.639+0000] {logging_mixin.py:188} INFO - [2025-11-18T23:01:24.639+0000] {dagbag.py:545} INFO - Filling up the DagBag from /opt/airflow/dags/pipeline_strava_activities.py
[2025-11-18T23:01:24.651+0000] {processor.py:840} INFO - DAG(s) 'etl_strava_activities' retrieved from /opt/airflow/dags/pipeline_strava_activities.py
[2025-11-18T23:01:24.675+0000] {logging_mixin.py:188} INFO - [2025-11-18T23:01:24.675+0000] {dag.py:3089} INFO - Sync 1 DAGs
[2025-11-18T23:01:24.700+0000] {logging_mixin.py:188} INFO - [2025-11-18T23:01:24.700+0000] {dag.py:3947} INFO - Setting next_dagrun for etl_strava_activities to 2025-11-18 03:00:00+00:00, run_after=2025-11-19 03:00:00+00:00
[2025-11-18T23:01:24.710+0000] {processor.py:183} INFO - Processing /opt/airflow/dags/pipeline_strava_activities.py took 0.078 seconds
[2025-11-18T23:01:55.017+0000] {processor.py:161} INFO - Started process (PID=9197) to work on /opt/airflow/dags/pipeline_strava_activities.py
[2025-11-18T23:01:55.018+0000] {processor.py:830} INFO - Processing file /opt/airflow/dags/pipeline_strava_activities.py for tasks to queue
[2025-11-18T23:01:55.020+0000] {logging_mixin.py:188} INFO - [2025-11-18T23:01:55.020+0000] {dagbag.py:545} INFO - Filling up the DagBag from /opt/airflow/dags/pipeline_strava_activities.py
[2025-11-18T23:01:55.033+0000] {processor.py:840} INFO - DAG(s) 'etl_strava_activities' retrieved from /opt/airflow/dags/pipeline_strava_activities.py
[2025-11-18T23:01:55.066+0000] {logging_mixin.py:188} INFO - [2025-11-18T23:01:55.066+0000] {dag.py:3089} INFO - Sync 1 DAGs
[2025-11-18T23:01:55.086+0000] {logging_mixin.py:188} INFO - [2025-11-18T23:01:55.086+0000] {dag.py:3947} INFO - Setting next_dagrun for etl_strava_activities to 2025-11-18 03:00:00+00:00, run_after=2025-11-19 03:00:00+00:00
[2025-11-18T23:01:55.094+0000] {processor.py:183} INFO - Processing /opt/airflow/dags/pipeline_strava_activities.py took 0.096 seconds
[2025-11-18T23:02:25.429+0000] {processor.py:161} INFO - Started process (PID=9212) to work on /opt/airflow/dags/pipeline_strava_activities.py
[2025-11-18T23:02:25.430+0000] {processor.py:830} INFO - Processing file /opt/airflow/dags/pipeline_strava_activities.py for tasks to queue
[2025-11-18T23:02:25.434+0000] {logging_mixin.py:188} INFO - [2025-11-18T23:02:25.434+0000] {dagbag.py:545} INFO - Filling up the DagBag from /opt/airflow/dags/pipeline_strava_activities.py
[2025-11-18T23:02:25.449+0000] {processor.py:840} INFO - DAG(s) 'etl_strava_activities' retrieved from /opt/airflow/dags/pipeline_strava_activities.py
[2025-11-18T23:02:25.481+0000] {logging_mixin.py:188} INFO - [2025-11-18T23:02:25.481+0000] {dag.py:3089} INFO - Sync 1 DAGs
[2025-11-18T23:02:25.494+0000] {logging_mixin.py:188} INFO - [2025-11-18T23:02:25.494+0000] {dag.py:3947} INFO - Setting next_dagrun for etl_strava_activities to 2025-11-18 03:00:00+00:00, run_after=2025-11-19 03:00:00+00:00
[2025-11-18T23:02:25.503+0000] {processor.py:183} INFO - Processing /opt/airflow/dags/pipeline_strava_activities.py took 0.080 seconds
[2025-11-18T23:02:55.777+0000] {processor.py:161} INFO - Started process (PID=9227) to work on /opt/airflow/dags/pipeline_strava_activities.py
[2025-11-18T23:02:55.778+0000] {processor.py:830} INFO - Processing file /opt/airflow/dags/pipeline_strava_activities.py for tasks to queue
[2025-11-18T23:02:55.780+0000] {logging_mixin.py:188} INFO - [2025-11-18T23:02:55.780+0000] {dagbag.py:545} INFO - Filling up the DagBag from /opt/airflow/dags/pipeline_strava_activities.py
[2025-11-18T23:02:55.797+0000] {processor.py:840} INFO - DAG(s) 'etl_strava_activities' retrieved from /opt/airflow/dags/pipeline_strava_activities.py
[2025-11-18T23:02:55.833+0000] {logging_mixin.py:188} INFO - [2025-11-18T23:02:55.833+0000] {dag.py:3089} INFO - Sync 1 DAGs
[2025-11-18T23:02:55.852+0000] {logging_mixin.py:188} INFO - [2025-11-18T23:02:55.852+0000] {dag.py:3947} INFO - Setting next_dagrun for etl_strava_activities to 2025-11-18 03:00:00+00:00, run_after=2025-11-19 03:00:00+00:00
[2025-11-18T23:02:55.865+0000] {processor.py:183} INFO - Processing /opt/airflow/dags/pipeline_strava_activities.py took 0.095 seconds
[2025-11-18T23:03:26.179+0000] {processor.py:161} INFO - Started process (PID=9242) to work on /opt/airflow/dags/pipeline_strava_activities.py
[2025-11-18T23:03:26.180+0000] {processor.py:830} INFO - Processing file /opt/airflow/dags/pipeline_strava_activities.py for tasks to queue
[2025-11-18T23:03:26.183+0000] {logging_mixin.py:188} INFO - [2025-11-18T23:03:26.182+0000] {dagbag.py:545} INFO - Filling up the DagBag from /opt/airflow/dags/pipeline_strava_activities.py
[2025-11-18T23:03:26.200+0000] {processor.py:840} INFO - DAG(s) 'etl_strava_activities' retrieved from /opt/airflow/dags/pipeline_strava_activities.py
[2025-11-18T23:03:26.233+0000] {logging_mixin.py:188} INFO - [2025-11-18T23:03:26.233+0000] {dag.py:3089} INFO - Sync 1 DAGs
[2025-11-18T23:03:26.253+0000] {logging_mixin.py:188} INFO - [2025-11-18T23:03:26.253+0000] {dag.py:3947} INFO - Setting next_dagrun for etl_strava_activities to 2025-11-18 03:00:00+00:00, run_after=2025-11-19 03:00:00+00:00
[2025-11-18T23:03:26.263+0000] {processor.py:183} INFO - Processing /opt/airflow/dags/pipeline_strava_activities.py took 0.091 seconds
[2025-11-18T23:03:56.594+0000] {processor.py:161} INFO - Started process (PID=9257) to work on /opt/airflow/dags/pipeline_strava_activities.py
[2025-11-18T23:03:56.595+0000] {processor.py:830} INFO - Processing file /opt/airflow/dags/pipeline_strava_activities.py for tasks to queue
[2025-11-18T23:03:56.603+0000] {logging_mixin.py:188} INFO - [2025-11-18T23:03:56.602+0000] {dagbag.py:545} INFO - Filling up the DagBag from /opt/airflow/dags/pipeline_strava_activities.py
[2025-11-18T23:03:56.642+0000] {processor.py:840} INFO - DAG(s) 'etl_strava_activities' retrieved from /opt/airflow/dags/pipeline_strava_activities.py
[2025-11-18T23:03:56.816+0000] {logging_mixin.py:188} INFO - [2025-11-18T23:03:56.815+0000] {dag.py:3089} INFO - Sync 1 DAGs
[2025-11-18T23:03:56.874+0000] {logging_mixin.py:188} INFO - [2025-11-18T23:03:56.873+0000] {dag.py:3947} INFO - Setting next_dagrun for etl_strava_activities to 2025-11-18 03:00:00+00:00, run_after=2025-11-19 03:00:00+00:00
[2025-11-18T23:03:56.903+0000] {processor.py:183} INFO - Processing /opt/airflow/dags/pipeline_strava_activities.py took 0.318 seconds
[2025-11-18T23:04:27.318+0000] {processor.py:161} INFO - Started process (PID=9272) to work on /opt/airflow/dags/pipeline_strava_activities.py
[2025-11-18T23:04:27.319+0000] {processor.py:830} INFO - Processing file /opt/airflow/dags/pipeline_strava_activities.py for tasks to queue
[2025-11-18T23:04:27.323+0000] {logging_mixin.py:188} INFO - [2025-11-18T23:04:27.322+0000] {dagbag.py:545} INFO - Filling up the DagBag from /opt/airflow/dags/pipeline_strava_activities.py
[2025-11-18T23:04:27.342+0000] {processor.py:840} INFO - DAG(s) 'etl_strava_activities' retrieved from /opt/airflow/dags/pipeline_strava_activities.py
[2025-11-18T23:04:27.375+0000] {logging_mixin.py:188} INFO - [2025-11-18T23:04:27.375+0000] {dag.py:3089} INFO - Sync 1 DAGs
[2025-11-18T23:04:27.392+0000] {logging_mixin.py:188} INFO - [2025-11-18T23:04:27.392+0000] {dag.py:3947} INFO - Setting next_dagrun for etl_strava_activities to 2025-11-18 03:00:00+00:00, run_after=2025-11-19 03:00:00+00:00
[2025-11-18T23:04:27.401+0000] {processor.py:183} INFO - Processing /opt/airflow/dags/pipeline_strava_activities.py took 0.094 seconds
[2025-11-18T23:04:57.732+0000] {processor.py:161} INFO - Started process (PID=9325) to work on /opt/airflow/dags/pipeline_strava_activities.py
[2025-11-18T23:04:57.734+0000] {processor.py:830} INFO - Processing file /opt/airflow/dags/pipeline_strava_activities.py for tasks to queue
[2025-11-18T23:04:57.736+0000] {logging_mixin.py:188} INFO - [2025-11-18T23:04:57.736+0000] {dagbag.py:545} INFO - Filling up the DagBag from /opt/airflow/dags/pipeline_strava_activities.py
[2025-11-18T23:04:57.749+0000] {processor.py:840} INFO - DAG(s) 'etl_strava_activities' retrieved from /opt/airflow/dags/pipeline_strava_activities.py
[2025-11-18T23:04:57.768+0000] {logging_mixin.py:188} INFO - [2025-11-18T23:04:57.768+0000] {dag.py:3089} INFO - Sync 1 DAGs
[2025-11-18T23:04:57.785+0000] {logging_mixin.py:188} INFO - [2025-11-18T23:04:57.785+0000] {dag.py:3947} INFO - Setting next_dagrun for etl_strava_activities to 2025-11-18 03:00:00+00:00, run_after=2025-11-19 03:00:00+00:00
[2025-11-18T23:04:57.795+0000] {processor.py:183} INFO - Processing /opt/airflow/dags/pipeline_strava_activities.py took 0.069 seconds
[2025-11-18T23:05:28.129+0000] {processor.py:161} INFO - Started process (PID=9364) to work on /opt/airflow/dags/pipeline_strava_activities.py
[2025-11-18T23:05:28.131+0000] {processor.py:830} INFO - Processing file /opt/airflow/dags/pipeline_strava_activities.py for tasks to queue
[2025-11-18T23:05:28.141+0000] {logging_mixin.py:188} INFO - [2025-11-18T23:05:28.140+0000] {dagbag.py:545} INFO - Filling up the DagBag from /opt/airflow/dags/pipeline_strava_activities.py
[2025-11-18T23:05:28.188+0000] {processor.py:840} INFO - DAG(s) 'etl_strava_activities' retrieved from /opt/airflow/dags/pipeline_strava_activities.py
[2025-11-18T23:05:28.360+0000] {logging_mixin.py:188} INFO - [2025-11-18T23:05:28.359+0000] {dag.py:3089} INFO - Sync 1 DAGs
[2025-11-18T23:05:28.383+0000] {logging_mixin.py:188} INFO - [2025-11-18T23:05:28.383+0000] {dag.py:3947} INFO - Setting next_dagrun for etl_strava_activities to 2025-11-18 03:00:00+00:00, run_after=2025-11-19 03:00:00+00:00
[2025-11-18T23:05:28.397+0000] {processor.py:183} INFO - Processing /opt/airflow/dags/pipeline_strava_activities.py took 0.296 seconds
[2025-11-18T23:05:58.671+0000] {processor.py:161} INFO - Started process (PID=9391) to work on /opt/airflow/dags/pipeline_strava_activities.py
[2025-11-18T23:05:58.672+0000] {processor.py:830} INFO - Processing file /opt/airflow/dags/pipeline_strava_activities.py for tasks to queue
[2025-11-18T23:05:58.677+0000] {logging_mixin.py:188} INFO - [2025-11-18T23:05:58.677+0000] {dagbag.py:545} INFO - Filling up the DagBag from /opt/airflow/dags/pipeline_strava_activities.py
[2025-11-18T23:05:58.689+0000] {processor.py:840} INFO - DAG(s) 'etl_strava_activities' retrieved from /opt/airflow/dags/pipeline_strava_activities.py
[2025-11-18T23:05:58.728+0000] {logging_mixin.py:188} INFO - [2025-11-18T23:05:58.728+0000] {dag.py:3089} INFO - Sync 1 DAGs
[2025-11-18T23:05:58.745+0000] {logging_mixin.py:188} INFO - [2025-11-18T23:05:58.745+0000] {dag.py:3947} INFO - Setting next_dagrun for etl_strava_activities to 2025-11-18 03:00:00+00:00, run_after=2025-11-19 03:00:00+00:00
[2025-11-18T23:05:58.754+0000] {processor.py:183} INFO - Processing /opt/airflow/dags/pipeline_strava_activities.py took 0.089 seconds
[2025-11-18T23:06:29.058+0000] {processor.py:161} INFO - Started process (PID=9407) to work on /opt/airflow/dags/pipeline_strava_activities.py
[2025-11-18T23:06:29.059+0000] {processor.py:830} INFO - Processing file /opt/airflow/dags/pipeline_strava_activities.py for tasks to queue
[2025-11-18T23:06:29.060+0000] {logging_mixin.py:188} INFO - [2025-11-18T23:06:29.060+0000] {dagbag.py:545} INFO - Filling up the DagBag from /opt/airflow/dags/pipeline_strava_activities.py
[2025-11-18T23:06:29.081+0000] {processor.py:840} INFO - DAG(s) 'etl_strava_activities' retrieved from /opt/airflow/dags/pipeline_strava_activities.py
[2025-11-18T23:06:29.109+0000] {logging_mixin.py:188} INFO - [2025-11-18T23:06:29.109+0000] {dag.py:3089} INFO - Sync 1 DAGs
[2025-11-18T23:06:29.125+0000] {logging_mixin.py:188} INFO - [2025-11-18T23:06:29.125+0000] {dag.py:3947} INFO - Setting next_dagrun for etl_strava_activities to 2025-11-18 03:00:00+00:00, run_after=2025-11-19 03:00:00+00:00
[2025-11-18T23:06:29.134+0000] {processor.py:183} INFO - Processing /opt/airflow/dags/pipeline_strava_activities.py took 0.088 seconds
[2025-11-18T23:06:59.389+0000] {processor.py:161} INFO - Started process (PID=9421) to work on /opt/airflow/dags/pipeline_strava_activities.py
[2025-11-18T23:06:59.389+0000] {processor.py:830} INFO - Processing file /opt/airflow/dags/pipeline_strava_activities.py for tasks to queue
[2025-11-18T23:06:59.391+0000] {logging_mixin.py:188} INFO - [2025-11-18T23:06:59.391+0000] {dagbag.py:545} INFO - Filling up the DagBag from /opt/airflow/dags/pipeline_strava_activities.py
[2025-11-18T23:06:59.405+0000] {processor.py:840} INFO - DAG(s) 'etl_strava_activities' retrieved from /opt/airflow/dags/pipeline_strava_activities.py
[2025-11-18T23:06:59.431+0000] {logging_mixin.py:188} INFO - [2025-11-18T23:06:59.431+0000] {dag.py:3089} INFO - Sync 1 DAGs
[2025-11-18T23:06:59.447+0000] {logging_mixin.py:188} INFO - [2025-11-18T23:06:59.447+0000] {dag.py:3947} INFO - Setting next_dagrun for etl_strava_activities to 2025-11-18 03:00:00+00:00, run_after=2025-11-19 03:00:00+00:00
[2025-11-18T23:06:59.458+0000] {processor.py:183} INFO - Processing /opt/airflow/dags/pipeline_strava_activities.py took 0.073 seconds
[2025-11-18T23:07:29.725+0000] {processor.py:161} INFO - Started process (PID=9435) to work on /opt/airflow/dags/pipeline_strava_activities.py
[2025-11-18T23:07:29.726+0000] {processor.py:830} INFO - Processing file /opt/airflow/dags/pipeline_strava_activities.py for tasks to queue
[2025-11-18T23:07:29.729+0000] {logging_mixin.py:188} INFO - [2025-11-18T23:07:29.729+0000] {dagbag.py:545} INFO - Filling up the DagBag from /opt/airflow/dags/pipeline_strava_activities.py
[2025-11-18T23:07:29.748+0000] {processor.py:840} INFO - DAG(s) 'etl_strava_activities' retrieved from /opt/airflow/dags/pipeline_strava_activities.py
[2025-11-18T23:07:29.787+0000] {logging_mixin.py:188} INFO - [2025-11-18T23:07:29.787+0000] {dag.py:3089} INFO - Sync 1 DAGs
[2025-11-18T23:07:29.803+0000] {logging_mixin.py:188} INFO - [2025-11-18T23:07:29.803+0000] {dag.py:3947} INFO - Setting next_dagrun for etl_strava_activities to 2025-11-18 03:00:00+00:00, run_after=2025-11-19 03:00:00+00:00
[2025-11-18T23:07:29.814+0000] {processor.py:183} INFO - Processing /opt/airflow/dags/pipeline_strava_activities.py took 0.094 seconds
[2025-11-18T23:08:00.087+0000] {processor.py:161} INFO - Started process (PID=9450) to work on /opt/airflow/dags/pipeline_strava_activities.py
[2025-11-18T23:08:00.088+0000] {processor.py:830} INFO - Processing file /opt/airflow/dags/pipeline_strava_activities.py for tasks to queue
[2025-11-18T23:08:00.091+0000] {logging_mixin.py:188} INFO - [2025-11-18T23:08:00.090+0000] {dagbag.py:545} INFO - Filling up the DagBag from /opt/airflow/dags/pipeline_strava_activities.py
[2025-11-18T23:08:00.113+0000] {processor.py:840} INFO - DAG(s) 'etl_strava_activities' retrieved from /opt/airflow/dags/pipeline_strava_activities.py
[2025-11-18T23:08:00.155+0000] {logging_mixin.py:188} INFO - [2025-11-18T23:08:00.154+0000] {dag.py:3089} INFO - Sync 1 DAGs
[2025-11-18T23:08:00.181+0000] {logging_mixin.py:188} INFO - [2025-11-18T23:08:00.181+0000] {dag.py:3947} INFO - Setting next_dagrun for etl_strava_activities to 2025-11-18 03:00:00+00:00, run_after=2025-11-19 03:00:00+00:00
[2025-11-18T23:08:00.192+0000] {processor.py:183} INFO - Processing /opt/airflow/dags/pipeline_strava_activities.py took 0.114 seconds
[2025-11-18T23:08:30.616+0000] {processor.py:161} INFO - Started process (PID=9466) to work on /opt/airflow/dags/pipeline_strava_activities.py
[2025-11-18T23:08:30.617+0000] {processor.py:830} INFO - Processing file /opt/airflow/dags/pipeline_strava_activities.py for tasks to queue
[2025-11-18T23:08:30.623+0000] {logging_mixin.py:188} INFO - [2025-11-18T23:08:30.622+0000] {dagbag.py:545} INFO - Filling up the DagBag from /opt/airflow/dags/pipeline_strava_activities.py
[2025-11-18T23:08:30.647+0000] {processor.py:840} INFO - DAG(s) 'etl_strava_activities' retrieved from /opt/airflow/dags/pipeline_strava_activities.py
[2025-11-18T23:08:30.675+0000] {logging_mixin.py:188} INFO - [2025-11-18T23:08:30.675+0000] {dag.py:3089} INFO - Sync 1 DAGs
[2025-11-18T23:08:30.698+0000] {logging_mixin.py:188} INFO - [2025-11-18T23:08:30.697+0000] {dag.py:3947} INFO - Setting next_dagrun for etl_strava_activities to 2025-11-18 03:00:00+00:00, run_after=2025-11-19 03:00:00+00:00
[2025-11-18T23:08:30.707+0000] {processor.py:183} INFO - Processing /opt/airflow/dags/pipeline_strava_activities.py took 0.106 seconds
[2025-11-18T23:09:00.947+0000] {processor.py:161} INFO - Started process (PID=9481) to work on /opt/airflow/dags/pipeline_strava_activities.py
[2025-11-18T23:09:00.948+0000] {processor.py:830} INFO - Processing file /opt/airflow/dags/pipeline_strava_activities.py for tasks to queue
[2025-11-18T23:09:00.950+0000] {logging_mixin.py:188} INFO - [2025-11-18T23:09:00.950+0000] {dagbag.py:545} INFO - Filling up the DagBag from /opt/airflow/dags/pipeline_strava_activities.py
[2025-11-18T23:09:00.963+0000] {processor.py:840} INFO - DAG(s) 'etl_strava_activities' retrieved from /opt/airflow/dags/pipeline_strava_activities.py
[2025-11-18T23:09:00.996+0000] {logging_mixin.py:188} INFO - [2025-11-18T23:09:00.996+0000] {dag.py:3089} INFO - Sync 1 DAGs
[2025-11-18T23:09:01.011+0000] {logging_mixin.py:188} INFO - [2025-11-18T23:09:01.011+0000] {dag.py:3947} INFO - Setting next_dagrun for etl_strava_activities to 2025-11-18 03:00:00+00:00, run_after=2025-11-19 03:00:00+00:00
[2025-11-18T23:09:01.021+0000] {processor.py:183} INFO - Processing /opt/airflow/dags/pipeline_strava_activities.py took 0.082 seconds
[2025-11-18T23:09:31.280+0000] {processor.py:161} INFO - Started process (PID=9496) to work on /opt/airflow/dags/pipeline_strava_activities.py
[2025-11-18T23:09:31.282+0000] {processor.py:830} INFO - Processing file /opt/airflow/dags/pipeline_strava_activities.py for tasks to queue
[2025-11-18T23:09:31.287+0000] {logging_mixin.py:188} INFO - [2025-11-18T23:09:31.286+0000] {dagbag.py:545} INFO - Filling up the DagBag from /opt/airflow/dags/pipeline_strava_activities.py
[2025-11-18T23:09:31.306+0000] {processor.py:840} INFO - DAG(s) 'etl_strava_activities' retrieved from /opt/airflow/dags/pipeline_strava_activities.py
[2025-11-18T23:09:31.342+0000] {logging_mixin.py:188} INFO - [2025-11-18T23:09:31.342+0000] {dag.py:3089} INFO - Sync 1 DAGs
[2025-11-18T23:09:31.365+0000] {logging_mixin.py:188} INFO - [2025-11-18T23:09:31.364+0000] {dag.py:3947} INFO - Setting next_dagrun for etl_strava_activities to 2025-11-18 03:00:00+00:00, run_after=2025-11-19 03:00:00+00:00
[2025-11-18T23:09:31.377+0000] {processor.py:183} INFO - Processing /opt/airflow/dags/pipeline_strava_activities.py took 0.103 seconds
[2025-11-18T23:10:01.713+0000] {processor.py:161} INFO - Started process (PID=9524) to work on /opt/airflow/dags/pipeline_strava_activities.py
[2025-11-18T23:10:01.714+0000] {processor.py:830} INFO - Processing file /opt/airflow/dags/pipeline_strava_activities.py for tasks to queue
[2025-11-18T23:10:01.717+0000] {logging_mixin.py:188} INFO - [2025-11-18T23:10:01.717+0000] {dagbag.py:545} INFO - Filling up the DagBag from /opt/airflow/dags/pipeline_strava_activities.py
[2025-11-18T23:10:01.730+0000] {processor.py:840} INFO - DAG(s) 'etl_strava_activities' retrieved from /opt/airflow/dags/pipeline_strava_activities.py
[2025-11-18T23:10:01.744+0000] {logging_mixin.py:188} INFO - [2025-11-18T23:10:01.744+0000] {dag.py:3089} INFO - Sync 1 DAGs
[2025-11-18T23:10:01.762+0000] {logging_mixin.py:188} INFO - [2025-11-18T23:10:01.762+0000] {dag.py:3947} INFO - Setting next_dagrun for etl_strava_activities to 2025-11-18 03:00:00+00:00, run_after=2025-11-19 03:00:00+00:00
[2025-11-18T23:10:01.771+0000] {processor.py:183} INFO - Processing /opt/airflow/dags/pipeline_strava_activities.py took 0.066 seconds
[2025-11-18T23:10:32.048+0000] {processor.py:161} INFO - Started process (PID=9576) to work on /opt/airflow/dags/pipeline_strava_activities.py
[2025-11-18T23:10:32.048+0000] {processor.py:830} INFO - Processing file /opt/airflow/dags/pipeline_strava_activities.py for tasks to queue
[2025-11-18T23:10:32.050+0000] {logging_mixin.py:188} INFO - [2025-11-18T23:10:32.049+0000] {dagbag.py:545} INFO - Filling up the DagBag from /opt/airflow/dags/pipeline_strava_activities.py
[2025-11-18T23:10:32.057+0000] {processor.py:840} INFO - DAG(s) 'etl_strava_activities' retrieved from /opt/airflow/dags/pipeline_strava_activities.py
[2025-11-18T23:10:32.110+0000] {logging_mixin.py:188} INFO - [2025-11-18T23:10:32.110+0000] {dag.py:3089} INFO - Sync 1 DAGs
[2025-11-18T23:10:32.119+0000] {logging_mixin.py:188} INFO - [2025-11-18T23:10:32.119+0000] {dag.py:3947} INFO - Setting next_dagrun for etl_strava_activities to 2025-11-18 03:00:00+00:00, run_after=2025-11-19 03:00:00+00:00
[2025-11-18T23:10:32.126+0000] {processor.py:183} INFO - Processing /opt/airflow/dags/pipeline_strava_activities.py took 0.082 seconds
[2025-11-18T23:11:02.397+0000] {processor.py:161} INFO - Started process (PID=9602) to work on /opt/airflow/dags/pipeline_strava_activities.py
[2025-11-18T23:11:02.397+0000] {processor.py:830} INFO - Processing file /opt/airflow/dags/pipeline_strava_activities.py for tasks to queue
[2025-11-18T23:11:02.400+0000] {logging_mixin.py:188} INFO - [2025-11-18T23:11:02.400+0000] {dagbag.py:545} INFO - Filling up the DagBag from /opt/airflow/dags/pipeline_strava_activities.py
[2025-11-18T23:11:02.412+0000] {processor.py:840} INFO - DAG(s) 'etl_strava_activities' retrieved from /opt/airflow/dags/pipeline_strava_activities.py
[2025-11-18T23:11:02.435+0000] {logging_mixin.py:188} INFO - [2025-11-18T23:11:02.435+0000] {dag.py:3089} INFO - Sync 1 DAGs
[2025-11-18T23:11:02.450+0000] {logging_mixin.py:188} INFO - [2025-11-18T23:11:02.450+0000] {dag.py:3947} INFO - Setting next_dagrun for etl_strava_activities to 2025-11-18 03:00:00+00:00, run_after=2025-11-19 03:00:00+00:00
[2025-11-18T23:11:02.459+0000] {processor.py:183} INFO - Processing /opt/airflow/dags/pipeline_strava_activities.py took 0.069 seconds
[2025-11-18T23:11:32.708+0000] {processor.py:161} INFO - Started process (PID=9618) to work on /opt/airflow/dags/pipeline_strava_activities.py
[2025-11-18T23:11:32.708+0000] {processor.py:830} INFO - Processing file /opt/airflow/dags/pipeline_strava_activities.py for tasks to queue
[2025-11-18T23:11:32.710+0000] {logging_mixin.py:188} INFO - [2025-11-18T23:11:32.709+0000] {dagbag.py:545} INFO - Filling up the DagBag from /opt/airflow/dags/pipeline_strava_activities.py
[2025-11-18T23:11:32.723+0000] {processor.py:840} INFO - DAG(s) 'etl_strava_activities' retrieved from /opt/airflow/dags/pipeline_strava_activities.py
[2025-11-18T23:11:32.760+0000] {logging_mixin.py:188} INFO - [2025-11-18T23:11:32.760+0000] {dag.py:3089} INFO - Sync 1 DAGs
[2025-11-18T23:11:32.776+0000] {logging_mixin.py:188} INFO - [2025-11-18T23:11:32.776+0000] {dag.py:3947} INFO - Setting next_dagrun for etl_strava_activities to 2025-11-18 03:00:00+00:00, run_after=2025-11-19 03:00:00+00:00
[2025-11-18T23:11:32.785+0000] {processor.py:183} INFO - Processing /opt/airflow/dags/pipeline_strava_activities.py took 0.083 seconds
[2025-11-18T23:12:02.974+0000] {processor.py:161} INFO - Started process (PID=9632) to work on /opt/airflow/dags/pipeline_strava_activities.py
[2025-11-18T23:12:02.975+0000] {processor.py:830} INFO - Processing file /opt/airflow/dags/pipeline_strava_activities.py for tasks to queue
[2025-11-18T23:12:02.978+0000] {logging_mixin.py:188} INFO - [2025-11-18T23:12:02.977+0000] {dagbag.py:545} INFO - Filling up the DagBag from /opt/airflow/dags/pipeline_strava_activities.py
[2025-11-18T23:12:03.004+0000] {processor.py:840} INFO - DAG(s) 'etl_strava_activities' retrieved from /opt/airflow/dags/pipeline_strava_activities.py
[2025-11-18T23:12:03.043+0000] {logging_mixin.py:188} INFO - [2025-11-18T23:12:03.043+0000] {dag.py:3089} INFO - Sync 1 DAGs
[2025-11-18T23:12:03.063+0000] {logging_mixin.py:188} INFO - [2025-11-18T23:12:03.063+0000] {dag.py:3947} INFO - Setting next_dagrun for etl_strava_activities to 2025-11-18 03:00:00+00:00, run_after=2025-11-19 03:00:00+00:00
[2025-11-18T23:12:03.076+0000] {processor.py:183} INFO - Processing /opt/airflow/dags/pipeline_strava_activities.py took 0.110 seconds
[2025-11-18T23:12:33.389+0000] {processor.py:161} INFO - Started process (PID=9647) to work on /opt/airflow/dags/pipeline_strava_activities.py
[2025-11-18T23:12:33.391+0000] {processor.py:830} INFO - Processing file /opt/airflow/dags/pipeline_strava_activities.py for tasks to queue
[2025-11-18T23:12:33.398+0000] {logging_mixin.py:188} INFO - [2025-11-18T23:12:33.397+0000] {dagbag.py:545} INFO - Filling up the DagBag from /opt/airflow/dags/pipeline_strava_activities.py
[2025-11-18T23:12:33.408+0000] {processor.py:840} INFO - DAG(s) 'etl_strava_activities' retrieved from /opt/airflow/dags/pipeline_strava_activities.py
[2025-11-18T23:12:33.438+0000] {logging_mixin.py:188} INFO - [2025-11-18T23:12:33.438+0000] {dag.py:3089} INFO - Sync 1 DAGs
[2025-11-18T23:12:33.453+0000] {logging_mixin.py:188} INFO - [2025-11-18T23:12:33.453+0000] {dag.py:3947} INFO - Setting next_dagrun for etl_strava_activities to 2025-11-18 03:00:00+00:00, run_after=2025-11-19 03:00:00+00:00
[2025-11-18T23:12:33.464+0000] {processor.py:183} INFO - Processing /opt/airflow/dags/pipeline_strava_activities.py took 0.095 seconds
[2025-11-18T23:13:03.738+0000] {processor.py:161} INFO - Started process (PID=9662) to work on /opt/airflow/dags/pipeline_strava_activities.py
[2025-11-18T23:13:03.739+0000] {processor.py:830} INFO - Processing file /opt/airflow/dags/pipeline_strava_activities.py for tasks to queue
[2025-11-18T23:13:03.741+0000] {logging_mixin.py:188} INFO - [2025-11-18T23:13:03.740+0000] {dagbag.py:545} INFO - Filling up the DagBag from /opt/airflow/dags/pipeline_strava_activities.py
[2025-11-18T23:13:03.760+0000] {processor.py:840} INFO - DAG(s) 'etl_strava_activities' retrieved from /opt/airflow/dags/pipeline_strava_activities.py
[2025-11-18T23:13:03.834+0000] {logging_mixin.py:188} INFO - [2025-11-18T23:13:03.834+0000] {dag.py:3089} INFO - Sync 1 DAGs
[2025-11-18T23:13:03.852+0000] {logging_mixin.py:188} INFO - [2025-11-18T23:13:03.852+0000] {dag.py:3947} INFO - Setting next_dagrun for etl_strava_activities to 2025-11-18 03:00:00+00:00, run_after=2025-11-19 03:00:00+00:00
[2025-11-18T23:13:03.864+0000] {processor.py:183} INFO - Processing /opt/airflow/dags/pipeline_strava_activities.py took 0.132 seconds
[2025-11-18T23:13:34.139+0000] {processor.py:161} INFO - Started process (PID=9677) to work on /opt/airflow/dags/pipeline_strava_activities.py
[2025-11-18T23:13:34.139+0000] {processor.py:830} INFO - Processing file /opt/airflow/dags/pipeline_strava_activities.py for tasks to queue
[2025-11-18T23:13:34.141+0000] {logging_mixin.py:188} INFO - [2025-11-18T23:13:34.141+0000] {dagbag.py:545} INFO - Filling up the DagBag from /opt/airflow/dags/pipeline_strava_activities.py
[2025-11-18T23:13:34.162+0000] {processor.py:840} INFO - DAG(s) 'etl_strava_activities' retrieved from /opt/airflow/dags/pipeline_strava_activities.py
[2025-11-18T23:13:34.174+0000] {logging_mixin.py:188} INFO - [2025-11-18T23:13:34.174+0000] {dag.py:3089} INFO - Sync 1 DAGs
[2025-11-18T23:13:34.189+0000] {logging_mixin.py:188} INFO - [2025-11-18T23:13:34.189+0000] {dag.py:3947} INFO - Setting next_dagrun for etl_strava_activities to 2025-11-18 03:00:00+00:00, run_after=2025-11-19 03:00:00+00:00
[2025-11-18T23:13:34.199+0000] {processor.py:183} INFO - Processing /opt/airflow/dags/pipeline_strava_activities.py took 0.065 seconds
[2025-11-18T23:14:04.554+0000] {processor.py:161} INFO - Started process (PID=9693) to work on /opt/airflow/dags/pipeline_strava_activities.py
[2025-11-18T23:14:04.555+0000] {processor.py:830} INFO - Processing file /opt/airflow/dags/pipeline_strava_activities.py for tasks to queue
[2025-11-18T23:14:04.560+0000] {logging_mixin.py:188} INFO - [2025-11-18T23:14:04.559+0000] {dagbag.py:545} INFO - Filling up the DagBag from /opt/airflow/dags/pipeline_strava_activities.py
[2025-11-18T23:14:04.592+0000] {processor.py:840} INFO - DAG(s) 'etl_strava_activities' retrieved from /opt/airflow/dags/pipeline_strava_activities.py
[2025-11-18T23:14:04.665+0000] {logging_mixin.py:188} INFO - [2025-11-18T23:14:04.665+0000] {dag.py:3089} INFO - Sync 1 DAGs
[2025-11-18T23:14:04.680+0000] {logging_mixin.py:188} INFO - [2025-11-18T23:14:04.679+0000] {dag.py:3947} INFO - Setting next_dagrun for etl_strava_activities to 2025-11-18 03:00:00+00:00, run_after=2025-11-19 03:00:00+00:00
[2025-11-18T23:14:04.690+0000] {processor.py:183} INFO - Processing /opt/airflow/dags/pipeline_strava_activities.py took 0.143 seconds
[2025-11-18T23:14:34.985+0000] {processor.py:161} INFO - Started process (PID=9731) to work on /opt/airflow/dags/pipeline_strava_activities.py
[2025-11-18T23:14:34.985+0000] {processor.py:830} INFO - Processing file /opt/airflow/dags/pipeline_strava_activities.py for tasks to queue
[2025-11-18T23:14:34.986+0000] {logging_mixin.py:188} INFO - [2025-11-18T23:14:34.986+0000] {dagbag.py:545} INFO - Filling up the DagBag from /opt/airflow/dags/pipeline_strava_activities.py
[2025-11-18T23:14:34.992+0000] {processor.py:840} INFO - DAG(s) 'etl_strava_activities' retrieved from /opt/airflow/dags/pipeline_strava_activities.py
[2025-11-18T23:14:34.999+0000] {logging_mixin.py:188} INFO - [2025-11-18T23:14:34.999+0000] {dag.py:3089} INFO - Sync 1 DAGs
[2025-11-18T23:14:35.011+0000] {logging_mixin.py:188} INFO - [2025-11-18T23:14:35.011+0000] {dag.py:3947} INFO - Setting next_dagrun for etl_strava_activities to 2025-11-18 03:00:00+00:00, run_after=2025-11-19 03:00:00+00:00
[2025-11-18T23:14:35.021+0000] {processor.py:183} INFO - Processing /opt/airflow/dags/pipeline_strava_activities.py took 0.039 seconds
[2025-11-18T23:15:05.341+0000] {processor.py:161} INFO - Started process (PID=9759) to work on /opt/airflow/dags/pipeline_strava_activities.py
[2025-11-18T23:15:05.342+0000] {processor.py:830} INFO - Processing file /opt/airflow/dags/pipeline_strava_activities.py for tasks to queue
[2025-11-18T23:15:05.346+0000] {logging_mixin.py:188} INFO - [2025-11-18T23:15:05.345+0000] {dagbag.py:545} INFO - Filling up the DagBag from /opt/airflow/dags/pipeline_strava_activities.py
[2025-11-18T23:15:05.379+0000] {processor.py:840} INFO - DAG(s) 'etl_strava_activities' retrieved from /opt/airflow/dags/pipeline_strava_activities.py
[2025-11-18T23:15:05.476+0000] {logging_mixin.py:188} INFO - [2025-11-18T23:15:05.476+0000] {dag.py:3089} INFO - Sync 1 DAGs
[2025-11-18T23:15:05.496+0000] {logging_mixin.py:188} INFO - [2025-11-18T23:15:05.495+0000] {dag.py:3947} INFO - Setting next_dagrun for etl_strava_activities to 2025-11-18 03:00:00+00:00, run_after=2025-11-19 03:00:00+00:00
[2025-11-18T23:15:05.508+0000] {processor.py:183} INFO - Processing /opt/airflow/dags/pipeline_strava_activities.py took 0.179 seconds
[2025-11-18T23:15:35.810+0000] {processor.py:161} INFO - Started process (PID=9775) to work on /opt/airflow/dags/pipeline_strava_activities.py
[2025-11-18T23:15:35.811+0000] {processor.py:830} INFO - Processing file /opt/airflow/dags/pipeline_strava_activities.py for tasks to queue
[2025-11-18T23:15:35.813+0000] {logging_mixin.py:188} INFO - [2025-11-18T23:15:35.812+0000] {dagbag.py:545} INFO - Filling up the DagBag from /opt/airflow/dags/pipeline_strava_activities.py
[2025-11-18T23:15:35.831+0000] {processor.py:840} INFO - DAG(s) 'etl_strava_activities' retrieved from /opt/airflow/dags/pipeline_strava_activities.py
[2025-11-18T23:15:35.865+0000] {logging_mixin.py:188} INFO - [2025-11-18T23:15:35.865+0000] {dag.py:3089} INFO - Sync 1 DAGs
[2025-11-18T23:15:35.880+0000] {logging_mixin.py:188} INFO - [2025-11-18T23:15:35.880+0000] {dag.py:3947} INFO - Setting next_dagrun for etl_strava_activities to 2025-11-18 03:00:00+00:00, run_after=2025-11-19 03:00:00+00:00
[2025-11-18T23:15:35.891+0000] {processor.py:183} INFO - Processing /opt/airflow/dags/pipeline_strava_activities.py took 0.086 seconds
[2025-11-18T23:16:06.175+0000] {processor.py:161} INFO - Started process (PID=9802) to work on /opt/airflow/dags/pipeline_strava_activities.py
[2025-11-18T23:16:06.176+0000] {processor.py:830} INFO - Processing file /opt/airflow/dags/pipeline_strava_activities.py for tasks to queue
[2025-11-18T23:16:06.178+0000] {logging_mixin.py:188} INFO - [2025-11-18T23:16:06.178+0000] {dagbag.py:545} INFO - Filling up the DagBag from /opt/airflow/dags/pipeline_strava_activities.py
[2025-11-18T23:16:06.191+0000] {processor.py:840} INFO - DAG(s) 'etl_strava_activities' retrieved from /opt/airflow/dags/pipeline_strava_activities.py
[2025-11-18T23:16:06.231+0000] {logging_mixin.py:188} INFO - [2025-11-18T23:16:06.231+0000] {dag.py:3089} INFO - Sync 1 DAGs
[2025-11-18T23:16:06.248+0000] {logging_mixin.py:188} INFO - [2025-11-18T23:16:06.248+0000] {dag.py:3947} INFO - Setting next_dagrun for etl_strava_activities to 2025-11-18 03:00:00+00:00, run_after=2025-11-19 03:00:00+00:00
[2025-11-18T23:16:06.260+0000] {processor.py:183} INFO - Processing /opt/airflow/dags/pipeline_strava_activities.py took 0.095 seconds
[2025-11-18T23:16:36.578+0000] {processor.py:161} INFO - Started process (PID=9842) to work on /opt/airflow/dags/pipeline_strava_activities.py
[2025-11-18T23:16:36.579+0000] {processor.py:830} INFO - Processing file /opt/airflow/dags/pipeline_strava_activities.py for tasks to queue
[2025-11-18T23:16:36.582+0000] {logging_mixin.py:188} INFO - [2025-11-18T23:16:36.582+0000] {dagbag.py:545} INFO - Filling up the DagBag from /opt/airflow/dags/pipeline_strava_activities.py
[2025-11-18T23:16:36.596+0000] {processor.py:840} INFO - DAG(s) 'etl_strava_activities' retrieved from /opt/airflow/dags/pipeline_strava_activities.py
[2025-11-18T23:16:36.611+0000] {logging_mixin.py:188} INFO - [2025-11-18T23:16:36.611+0000] {dag.py:3089} INFO - Sync 1 DAGs
[2025-11-18T23:16:36.632+0000] {logging_mixin.py:188} INFO - [2025-11-18T23:16:36.632+0000] {dag.py:3947} INFO - Setting next_dagrun for etl_strava_activities to 2025-11-18 03:00:00+00:00, run_after=2025-11-19 03:00:00+00:00
[2025-11-18T23:16:36.644+0000] {processor.py:183} INFO - Processing /opt/airflow/dags/pipeline_strava_activities.py took 0.080 seconds
[2025-11-18T23:17:06.927+0000] {processor.py:161} INFO - Started process (PID=9868) to work on /opt/airflow/dags/pipeline_strava_activities.py
[2025-11-18T23:17:06.929+0000] {processor.py:830} INFO - Processing file /opt/airflow/dags/pipeline_strava_activities.py for tasks to queue
[2025-11-18T23:17:06.935+0000] {logging_mixin.py:188} INFO - [2025-11-18T23:17:06.934+0000] {dagbag.py:545} INFO - Filling up the DagBag from /opt/airflow/dags/pipeline_strava_activities.py
[2025-11-18T23:17:06.959+0000] {processor.py:840} INFO - DAG(s) 'etl_strava_activities' retrieved from /opt/airflow/dags/pipeline_strava_activities.py
[2025-11-18T23:17:07.076+0000] {logging_mixin.py:188} INFO - [2025-11-18T23:17:07.076+0000] {dag.py:3089} INFO - Sync 1 DAGs
[2025-11-18T23:17:07.091+0000] {logging_mixin.py:188} INFO - [2025-11-18T23:17:07.091+0000] {dag.py:3947} INFO - Setting next_dagrun for etl_strava_activities to 2025-11-18 03:00:00+00:00, run_after=2025-11-19 03:00:00+00:00
[2025-11-18T23:17:07.103+0000] {processor.py:183} INFO - Processing /opt/airflow/dags/pipeline_strava_activities.py took 0.189 seconds
[2025-11-18T23:17:37.426+0000] {processor.py:161} INFO - Started process (PID=9883) to work on /opt/airflow/dags/pipeline_strava_activities.py
[2025-11-18T23:17:37.427+0000] {processor.py:830} INFO - Processing file /opt/airflow/dags/pipeline_strava_activities.py for tasks to queue
[2025-11-18T23:17:37.429+0000] {logging_mixin.py:188} INFO - [2025-11-18T23:17:37.429+0000] {dagbag.py:545} INFO - Filling up the DagBag from /opt/airflow/dags/pipeline_strava_activities.py
[2025-11-18T23:17:37.452+0000] {processor.py:840} INFO - DAG(s) 'etl_strava_activities' retrieved from /opt/airflow/dags/pipeline_strava_activities.py
[2025-11-18T23:17:37.482+0000] {logging_mixin.py:188} INFO - [2025-11-18T23:17:37.482+0000] {dag.py:3089} INFO - Sync 1 DAGs
[2025-11-18T23:17:37.501+0000] {logging_mixin.py:188} INFO - [2025-11-18T23:17:37.500+0000] {dag.py:3947} INFO - Setting next_dagrun for etl_strava_activities to 2025-11-18 03:00:00+00:00, run_after=2025-11-19 03:00:00+00:00
[2025-11-18T23:17:37.512+0000] {processor.py:183} INFO - Processing /opt/airflow/dags/pipeline_strava_activities.py took 0.094 seconds
[2025-11-18T23:18:07.856+0000] {processor.py:161} INFO - Started process (PID=9899) to work on /opt/airflow/dags/pipeline_strava_activities.py
[2025-11-18T23:18:07.856+0000] {processor.py:830} INFO - Processing file /opt/airflow/dags/pipeline_strava_activities.py for tasks to queue
[2025-11-18T23:18:07.859+0000] {logging_mixin.py:188} INFO - [2025-11-18T23:18:07.859+0000] {dagbag.py:545} INFO - Filling up the DagBag from /opt/airflow/dags/pipeline_strava_activities.py
[2025-11-18T23:18:07.877+0000] {processor.py:840} INFO - DAG(s) 'etl_strava_activities' retrieved from /opt/airflow/dags/pipeline_strava_activities.py
[2025-11-18T23:18:07.905+0000] {logging_mixin.py:188} INFO - [2025-11-18T23:18:07.904+0000] {dag.py:3089} INFO - Sync 1 DAGs
[2025-11-18T23:18:07.922+0000] {logging_mixin.py:188} INFO - [2025-11-18T23:18:07.922+0000] {dag.py:3947} INFO - Setting next_dagrun for etl_strava_activities to 2025-11-18 03:00:00+00:00, run_after=2025-11-19 03:00:00+00:00
[2025-11-18T23:18:07.933+0000] {processor.py:183} INFO - Processing /opt/airflow/dags/pipeline_strava_activities.py took 0.088 seconds
[2025-11-18T23:18:38.224+0000] {processor.py:161} INFO - Started process (PID=9914) to work on /opt/airflow/dags/pipeline_strava_activities.py
[2025-11-18T23:18:38.225+0000] {processor.py:830} INFO - Processing file /opt/airflow/dags/pipeline_strava_activities.py for tasks to queue
[2025-11-18T23:18:38.229+0000] {logging_mixin.py:188} INFO - [2025-11-18T23:18:38.228+0000] {dagbag.py:545} INFO - Filling up the DagBag from /opt/airflow/dags/pipeline_strava_activities.py
[2025-11-18T23:18:38.246+0000] {processor.py:840} INFO - DAG(s) 'etl_strava_activities' retrieved from /opt/airflow/dags/pipeline_strava_activities.py
[2025-11-18T23:18:38.294+0000] {logging_mixin.py:188} INFO - [2025-11-18T23:18:38.294+0000] {dag.py:3089} INFO - Sync 1 DAGs
[2025-11-18T23:18:38.311+0000] {logging_mixin.py:188} INFO - [2025-11-18T23:18:38.311+0000] {dag.py:3947} INFO - Setting next_dagrun for etl_strava_activities to 2025-11-18 03:00:00+00:00, run_after=2025-11-19 03:00:00+00:00
[2025-11-18T23:18:38.321+0000] {processor.py:183} INFO - Processing /opt/airflow/dags/pipeline_strava_activities.py took 0.103 seconds
[2025-11-18T23:19:08.640+0000] {processor.py:161} INFO - Started process (PID=9928) to work on /opt/airflow/dags/pipeline_strava_activities.py
[2025-11-18T23:19:08.641+0000] {processor.py:830} INFO - Processing file /opt/airflow/dags/pipeline_strava_activities.py for tasks to queue
[2025-11-18T23:19:08.643+0000] {logging_mixin.py:188} INFO - [2025-11-18T23:19:08.642+0000] {dagbag.py:545} INFO - Filling up the DagBag from /opt/airflow/dags/pipeline_strava_activities.py
[2025-11-18T23:19:08.665+0000] {processor.py:840} INFO - DAG(s) 'etl_strava_activities' retrieved from /opt/airflow/dags/pipeline_strava_activities.py
[2025-11-18T23:19:08.691+0000] {logging_mixin.py:188} INFO - [2025-11-18T23:19:08.690+0000] {dag.py:3089} INFO - Sync 1 DAGs
[2025-11-18T23:19:08.726+0000] {logging_mixin.py:188} INFO - [2025-11-18T23:19:08.726+0000] {dag.py:3947} INFO - Setting next_dagrun for etl_strava_activities to 2025-11-18 03:00:00+00:00, run_after=2025-11-19 03:00:00+00:00
[2025-11-18T23:19:08.742+0000] {processor.py:183} INFO - Processing /opt/airflow/dags/pipeline_strava_activities.py took 0.115 seconds
[2025-11-18T23:19:39.080+0000] {processor.py:161} INFO - Started process (PID=9980) to work on /opt/airflow/dags/pipeline_strava_activities.py
[2025-11-18T23:19:39.081+0000] {processor.py:830} INFO - Processing file /opt/airflow/dags/pipeline_strava_activities.py for tasks to queue
[2025-11-18T23:19:39.085+0000] {logging_mixin.py:188} INFO - [2025-11-18T23:19:39.084+0000] {dagbag.py:545} INFO - Filling up the DagBag from /opt/airflow/dags/pipeline_strava_activities.py
[2025-11-18T23:19:39.112+0000] {processor.py:840} INFO - DAG(s) 'etl_strava_activities' retrieved from /opt/airflow/dags/pipeline_strava_activities.py
[2025-11-18T23:19:39.206+0000] {logging_mixin.py:188} INFO - [2025-11-18T23:19:39.206+0000] {dag.py:3089} INFO - Sync 1 DAGs
[2025-11-18T23:19:39.224+0000] {logging_mixin.py:188} INFO - [2025-11-18T23:19:39.224+0000] {dag.py:3947} INFO - Setting next_dagrun for etl_strava_activities to 2025-11-18 03:00:00+00:00, run_after=2025-11-19 03:00:00+00:00
[2025-11-18T23:19:39.234+0000] {processor.py:183} INFO - Processing /opt/airflow/dags/pipeline_strava_activities.py took 0.161 seconds
[2025-11-18T23:20:09.525+0000] {processor.py:161} INFO - Started process (PID=10006) to work on /opt/airflow/dags/pipeline_strava_activities.py
[2025-11-18T23:20:09.525+0000] {processor.py:830} INFO - Processing file /opt/airflow/dags/pipeline_strava_activities.py for tasks to queue
[2025-11-18T23:20:09.527+0000] {logging_mixin.py:188} INFO - [2025-11-18T23:20:09.527+0000] {dagbag.py:545} INFO - Filling up the DagBag from /opt/airflow/dags/pipeline_strava_activities.py
[2025-11-18T23:20:09.542+0000] {processor.py:840} INFO - DAG(s) 'etl_strava_activities' retrieved from /opt/airflow/dags/pipeline_strava_activities.py
[2025-11-18T23:20:09.554+0000] {logging_mixin.py:188} INFO - [2025-11-18T23:20:09.554+0000] {dag.py:3089} INFO - Sync 1 DAGs
[2025-11-18T23:20:09.572+0000] {logging_mixin.py:188} INFO - [2025-11-18T23:20:09.572+0000] {dag.py:3947} INFO - Setting next_dagrun for etl_strava_activities to 2025-11-18 03:00:00+00:00, run_after=2025-11-19 03:00:00+00:00
[2025-11-18T23:20:09.585+0000] {processor.py:183} INFO - Processing /opt/airflow/dags/pipeline_strava_activities.py took 0.069 seconds
[2025-11-18T23:20:39.901+0000] {processor.py:161} INFO - Started process (PID=10022) to work on /opt/airflow/dags/pipeline_strava_activities.py
[2025-11-18T23:20:39.903+0000] {processor.py:830} INFO - Processing file /opt/airflow/dags/pipeline_strava_activities.py for tasks to queue
[2025-11-18T23:20:39.905+0000] {logging_mixin.py:188} INFO - [2025-11-18T23:20:39.905+0000] {dagbag.py:545} INFO - Filling up the DagBag from /opt/airflow/dags/pipeline_strava_activities.py
[2025-11-18T23:20:39.927+0000] {processor.py:840} INFO - DAG(s) 'etl_strava_activities' retrieved from /opt/airflow/dags/pipeline_strava_activities.py
[2025-11-18T23:20:40.050+0000] {logging_mixin.py:188} INFO - [2025-11-18T23:20:40.050+0000] {dag.py:3089} INFO - Sync 1 DAGs
[2025-11-18T23:20:40.071+0000] {logging_mixin.py:188} INFO - [2025-11-18T23:20:40.071+0000] {dag.py:3947} INFO - Setting next_dagrun for etl_strava_activities to 2025-11-18 03:00:00+00:00, run_after=2025-11-19 03:00:00+00:00
[2025-11-18T23:20:40.085+0000] {processor.py:183} INFO - Processing /opt/airflow/dags/pipeline_strava_activities.py took 0.199 seconds
[2025-11-18T23:21:10.404+0000] {processor.py:161} INFO - Started process (PID=10062) to work on /opt/airflow/dags/pipeline_strava_activities.py
[2025-11-18T23:21:10.405+0000] {processor.py:830} INFO - Processing file /opt/airflow/dags/pipeline_strava_activities.py for tasks to queue
[2025-11-18T23:21:10.410+0000] {logging_mixin.py:188} INFO - [2025-11-18T23:21:10.410+0000] {dagbag.py:545} INFO - Filling up the DagBag from /opt/airflow/dags/pipeline_strava_activities.py
[2025-11-18T23:21:10.431+0000] {processor.py:840} INFO - DAG(s) 'etl_strava_activities' retrieved from /opt/airflow/dags/pipeline_strava_activities.py
[2025-11-18T23:21:10.458+0000] {logging_mixin.py:188} INFO - [2025-11-18T23:21:10.457+0000] {dag.py:3089} INFO - Sync 1 DAGs
[2025-11-18T23:21:10.489+0000] {logging_mixin.py:188} INFO - [2025-11-18T23:21:10.489+0000] {dag.py:3947} INFO - Setting next_dagrun for etl_strava_activities to 2025-11-18 03:00:00+00:00, run_after=2025-11-19 03:00:00+00:00
[2025-11-18T23:21:10.503+0000] {processor.py:183} INFO - Processing /opt/airflow/dags/pipeline_strava_activities.py took 0.108 seconds
[2025-11-18T23:21:40.805+0000] {processor.py:161} INFO - Started process (PID=10088) to work on /opt/airflow/dags/pipeline_strava_activities.py
[2025-11-18T23:21:40.806+0000] {processor.py:830} INFO - Processing file /opt/airflow/dags/pipeline_strava_activities.py for tasks to queue
[2025-11-18T23:21:40.808+0000] {logging_mixin.py:188} INFO - [2025-11-18T23:21:40.807+0000] {dagbag.py:545} INFO - Filling up the DagBag from /opt/airflow/dags/pipeline_strava_activities.py
[2025-11-18T23:21:40.824+0000] {processor.py:840} INFO - DAG(s) 'etl_strava_activities' retrieved from /opt/airflow/dags/pipeline_strava_activities.py
[2025-11-18T23:21:40.920+0000] {logging_mixin.py:188} INFO - [2025-11-18T23:21:40.920+0000] {dag.py:3089} INFO - Sync 1 DAGs
[2025-11-18T23:21:40.936+0000] {logging_mixin.py:188} INFO - [2025-11-18T23:21:40.936+0000] {dag.py:3947} INFO - Setting next_dagrun for etl_strava_activities to 2025-11-18 03:00:00+00:00, run_after=2025-11-19 03:00:00+00:00
[2025-11-18T23:21:40.947+0000] {processor.py:183} INFO - Processing /opt/airflow/dags/pipeline_strava_activities.py took 0.151 seconds
[2025-11-18T23:22:11.188+0000] {processor.py:161} INFO - Started process (PID=10116) to work on /opt/airflow/dags/pipeline_strava_activities.py
[2025-11-18T23:22:11.189+0000] {processor.py:830} INFO - Processing file /opt/airflow/dags/pipeline_strava_activities.py for tasks to queue
[2025-11-18T23:22:11.191+0000] {logging_mixin.py:188} INFO - [2025-11-18T23:22:11.190+0000] {dagbag.py:545} INFO - Filling up the DagBag from /opt/airflow/dags/pipeline_strava_activities.py
[2025-11-18T23:22:11.204+0000] {processor.py:840} INFO - DAG(s) 'etl_strava_activities' retrieved from /opt/airflow/dags/pipeline_strava_activities.py
[2025-11-18T23:22:11.229+0000] {logging_mixin.py:188} INFO - [2025-11-18T23:22:11.229+0000] {dag.py:3089} INFO - Sync 1 DAGs
[2025-11-18T23:22:11.246+0000] {logging_mixin.py:188} INFO - [2025-11-18T23:22:11.245+0000] {dag.py:3947} INFO - Setting next_dagrun for etl_strava_activities to 2025-11-18 03:00:00+00:00, run_after=2025-11-19 03:00:00+00:00
[2025-11-18T23:22:11.260+0000] {processor.py:183} INFO - Processing /opt/airflow/dags/pipeline_strava_activities.py took 0.076 seconds
[2025-11-18T23:22:41.521+0000] {processor.py:161} INFO - Started process (PID=10131) to work on /opt/airflow/dags/pipeline_strava_activities.py
[2025-11-18T23:22:41.521+0000] {processor.py:830} INFO - Processing file /opt/airflow/dags/pipeline_strava_activities.py for tasks to queue
[2025-11-18T23:22:41.524+0000] {logging_mixin.py:188} INFO - [2025-11-18T23:22:41.523+0000] {dagbag.py:545} INFO - Filling up the DagBag from /opt/airflow/dags/pipeline_strava_activities.py
[2025-11-18T23:22:41.541+0000] {processor.py:840} INFO - DAG(s) 'etl_strava_activities' retrieved from /opt/airflow/dags/pipeline_strava_activities.py
[2025-11-18T23:22:41.577+0000] {logging_mixin.py:188} INFO - [2025-11-18T23:22:41.577+0000] {dag.py:3089} INFO - Sync 1 DAGs
[2025-11-18T23:22:41.594+0000] {logging_mixin.py:188} INFO - [2025-11-18T23:22:41.594+0000] {dag.py:3947} INFO - Setting next_dagrun for etl_strava_activities to 2025-11-18 03:00:00+00:00, run_after=2025-11-19 03:00:00+00:00
[2025-11-18T23:22:41.604+0000] {processor.py:183} INFO - Processing /opt/airflow/dags/pipeline_strava_activities.py took 0.090 seconds
[2025-11-18T23:23:11.842+0000] {processor.py:161} INFO - Started process (PID=10146) to work on /opt/airflow/dags/pipeline_strava_activities.py
[2025-11-18T23:23:11.843+0000] {processor.py:830} INFO - Processing file /opt/airflow/dags/pipeline_strava_activities.py for tasks to queue
[2025-11-18T23:23:11.844+0000] {logging_mixin.py:188} INFO - [2025-11-18T23:23:11.844+0000] {dagbag.py:545} INFO - Filling up the DagBag from /opt/airflow/dags/pipeline_strava_activities.py
[2025-11-18T23:23:11.858+0000] {processor.py:840} INFO - DAG(s) 'etl_strava_activities' retrieved from /opt/airflow/dags/pipeline_strava_activities.py
[2025-11-18T23:23:11.882+0000] {logging_mixin.py:188} INFO - [2025-11-18T23:23:11.882+0000] {dag.py:3089} INFO - Sync 1 DAGs
[2025-11-18T23:23:11.905+0000] {logging_mixin.py:188} INFO - [2025-11-18T23:23:11.905+0000] {dag.py:3947} INFO - Setting next_dagrun for etl_strava_activities to 2025-11-18 03:00:00+00:00, run_after=2025-11-19 03:00:00+00:00
[2025-11-18T23:23:11.921+0000] {processor.py:183} INFO - Processing /opt/airflow/dags/pipeline_strava_activities.py took 0.085 seconds
[2025-11-18T23:23:42.266+0000] {processor.py:161} INFO - Started process (PID=10161) to work on /opt/airflow/dags/pipeline_strava_activities.py
[2025-11-18T23:23:42.267+0000] {processor.py:830} INFO - Processing file /opt/airflow/dags/pipeline_strava_activities.py for tasks to queue
[2025-11-18T23:23:42.269+0000] {logging_mixin.py:188} INFO - [2025-11-18T23:23:42.268+0000] {dagbag.py:545} INFO - Filling up the DagBag from /opt/airflow/dags/pipeline_strava_activities.py
[2025-11-18T23:23:42.293+0000] {processor.py:840} INFO - DAG(s) 'etl_strava_activities' retrieved from /opt/airflow/dags/pipeline_strava_activities.py
[2025-11-18T23:23:42.331+0000] {logging_mixin.py:188} INFO - [2025-11-18T23:23:42.331+0000] {dag.py:3089} INFO - Sync 1 DAGs
[2025-11-18T23:23:42.353+0000] {logging_mixin.py:188} INFO - [2025-11-18T23:23:42.353+0000] {dag.py:3947} INFO - Setting next_dagrun for etl_strava_activities to 2025-11-18 03:00:00+00:00, run_after=2025-11-19 03:00:00+00:00
[2025-11-18T23:23:42.363+0000] {processor.py:183} INFO - Processing /opt/airflow/dags/pipeline_strava_activities.py took 0.110 seconds
[2025-11-18T23:24:12.734+0000] {processor.py:161} INFO - Started process (PID=10176) to work on /opt/airflow/dags/pipeline_strava_activities.py
[2025-11-18T23:24:12.735+0000] {processor.py:830} INFO - Processing file /opt/airflow/dags/pipeline_strava_activities.py for tasks to queue
[2025-11-18T23:24:12.737+0000] {logging_mixin.py:188} INFO - [2025-11-18T23:24:12.737+0000] {dagbag.py:545} INFO - Filling up the DagBag from /opt/airflow/dags/pipeline_strava_activities.py
[2025-11-18T23:24:12.752+0000] {processor.py:840} INFO - DAG(s) 'etl_strava_activities' retrieved from /opt/airflow/dags/pipeline_strava_activities.py
[2025-11-18T23:24:12.780+0000] {logging_mixin.py:188} INFO - [2025-11-18T23:24:12.780+0000] {dag.py:3089} INFO - Sync 1 DAGs
[2025-11-18T23:24:12.800+0000] {logging_mixin.py:188} INFO - [2025-11-18T23:24:12.800+0000] {dag.py:3947} INFO - Setting next_dagrun for etl_strava_activities to 2025-11-18 03:00:00+00:00, run_after=2025-11-19 03:00:00+00:00
[2025-11-18T23:24:12.810+0000] {processor.py:183} INFO - Processing /opt/airflow/dags/pipeline_strava_activities.py took 0.098 seconds
[2025-11-18T23:24:43.097+0000] {processor.py:161} INFO - Started process (PID=10204) to work on /opt/airflow/dags/pipeline_strava_activities.py
[2025-11-18T23:24:43.098+0000] {processor.py:830} INFO - Processing file /opt/airflow/dags/pipeline_strava_activities.py for tasks to queue
[2025-11-18T23:24:43.100+0000] {logging_mixin.py:188} INFO - [2025-11-18T23:24:43.099+0000] {dagbag.py:545} INFO - Filling up the DagBag from /opt/airflow/dags/pipeline_strava_activities.py
[2025-11-18T23:24:43.109+0000] {processor.py:840} INFO - DAG(s) 'etl_strava_activities' retrieved from /opt/airflow/dags/pipeline_strava_activities.py
[2025-11-18T23:24:43.139+0000] {logging_mixin.py:188} INFO - [2025-11-18T23:24:43.139+0000] {dag.py:3089} INFO - Sync 1 DAGs
[2025-11-18T23:24:43.151+0000] {logging_mixin.py:188} INFO - [2025-11-18T23:24:43.151+0000] {dag.py:3947} INFO - Setting next_dagrun for etl_strava_activities to 2025-11-18 03:00:00+00:00, run_after=2025-11-19 03:00:00+00:00
[2025-11-18T23:24:43.160+0000] {processor.py:183} INFO - Processing /opt/airflow/dags/pipeline_strava_activities.py took 0.068 seconds
[2025-11-18T23:25:13.435+0000] {processor.py:161} INFO - Started process (PID=10218) to work on /opt/airflow/dags/pipeline_strava_activities.py
[2025-11-18T23:25:13.436+0000] {processor.py:830} INFO - Processing file /opt/airflow/dags/pipeline_strava_activities.py for tasks to queue
[2025-11-18T23:25:13.442+0000] {logging_mixin.py:188} INFO - [2025-11-18T23:25:13.439+0000] {dagbag.py:545} INFO - Filling up the DagBag from /opt/airflow/dags/pipeline_strava_activities.py
[2025-11-18T23:25:13.461+0000] {processor.py:840} INFO - DAG(s) 'etl_strava_activities' retrieved from /opt/airflow/dags/pipeline_strava_activities.py
[2025-11-18T23:25:13.507+0000] {logging_mixin.py:188} INFO - [2025-11-18T23:25:13.507+0000] {dag.py:3089} INFO - Sync 1 DAGs
[2025-11-18T23:25:13.542+0000] {logging_mixin.py:188} INFO - [2025-11-18T23:25:13.542+0000] {dag.py:3947} INFO - Setting next_dagrun for etl_strava_activities to 2025-11-18 03:00:00+00:00, run_after=2025-11-19 03:00:00+00:00
[2025-11-18T23:25:13.557+0000] {processor.py:183} INFO - Processing /opt/airflow/dags/pipeline_strava_activities.py took 0.133 seconds
[2025-11-18T23:25:43.887+0000] {processor.py:161} INFO - Started process (PID=10233) to work on /opt/airflow/dags/pipeline_strava_activities.py
[2025-11-18T23:25:43.888+0000] {processor.py:830} INFO - Processing file /opt/airflow/dags/pipeline_strava_activities.py for tasks to queue
[2025-11-18T23:25:43.891+0000] {logging_mixin.py:188} INFO - [2025-11-18T23:25:43.890+0000] {dagbag.py:545} INFO - Filling up the DagBag from /opt/airflow/dags/pipeline_strava_activities.py
[2025-11-18T23:25:43.903+0000] {processor.py:840} INFO - DAG(s) 'etl_strava_activities' retrieved from /opt/airflow/dags/pipeline_strava_activities.py
[2025-11-18T23:25:43.939+0000] {logging_mixin.py:188} INFO - [2025-11-18T23:25:43.939+0000] {dag.py:3089} INFO - Sync 1 DAGs
[2025-11-18T23:25:43.968+0000] {logging_mixin.py:188} INFO - [2025-11-18T23:25:43.967+0000] {dag.py:3947} INFO - Setting next_dagrun for etl_strava_activities to 2025-11-18 03:00:00+00:00, run_after=2025-11-19 03:00:00+00:00
[2025-11-18T23:25:43.982+0000] {processor.py:183} INFO - Processing /opt/airflow/dags/pipeline_strava_activities.py took 0.104 seconds
[2025-11-18T23:26:14.280+0000] {processor.py:161} INFO - Started process (PID=10247) to work on /opt/airflow/dags/pipeline_strava_activities.py
[2025-11-18T23:26:14.281+0000] {processor.py:830} INFO - Processing file /opt/airflow/dags/pipeline_strava_activities.py for tasks to queue
[2025-11-18T23:26:14.283+0000] {logging_mixin.py:188} INFO - [2025-11-18T23:26:14.283+0000] {dagbag.py:545} INFO - Filling up the DagBag from /opt/airflow/dags/pipeline_strava_activities.py
[2025-11-18T23:26:14.295+0000] {processor.py:840} INFO - DAG(s) 'etl_strava_activities' retrieved from /opt/airflow/dags/pipeline_strava_activities.py
[2025-11-18T23:26:14.336+0000] {logging_mixin.py:188} INFO - [2025-11-18T23:26:14.336+0000] {dag.py:3089} INFO - Sync 1 DAGs
[2025-11-18T23:26:14.359+0000] {logging_mixin.py:188} INFO - [2025-11-18T23:26:14.359+0000] {dag.py:3947} INFO - Setting next_dagrun for etl_strava_activities to 2025-11-18 03:00:00+00:00, run_after=2025-11-19 03:00:00+00:00
[2025-11-18T23:26:14.376+0000] {processor.py:183} INFO - Processing /opt/airflow/dags/pipeline_strava_activities.py took 0.102 seconds
[2025-11-18T23:26:44.726+0000] {processor.py:161} INFO - Started process (PID=10275) to work on /opt/airflow/dags/pipeline_strava_activities.py
[2025-11-18T23:26:44.727+0000] {processor.py:830} INFO - Processing file /opt/airflow/dags/pipeline_strava_activities.py for tasks to queue
[2025-11-18T23:26:44.730+0000] {logging_mixin.py:188} INFO - [2025-11-18T23:26:44.730+0000] {dagbag.py:545} INFO - Filling up the DagBag from /opt/airflow/dags/pipeline_strava_activities.py
[2025-11-18T23:26:44.744+0000] {processor.py:840} INFO - DAG(s) 'etl_strava_activities' retrieved from /opt/airflow/dags/pipeline_strava_activities.py
[2025-11-18T23:26:44.781+0000] {logging_mixin.py:188} INFO - [2025-11-18T23:26:44.781+0000] {dag.py:3089} INFO - Sync 1 DAGs
[2025-11-18T23:26:44.798+0000] {logging_mixin.py:188} INFO - [2025-11-18T23:26:44.798+0000] {dag.py:3947} INFO - Setting next_dagrun for etl_strava_activities to 2025-11-18 03:00:00+00:00, run_after=2025-11-19 03:00:00+00:00
[2025-11-18T23:26:44.808+0000] {processor.py:183} INFO - Processing /opt/airflow/dags/pipeline_strava_activities.py took 0.088 seconds
[2025-11-18T23:27:15.088+0000] {processor.py:161} INFO - Started process (PID=10290) to work on /opt/airflow/dags/pipeline_strava_activities.py
[2025-11-18T23:27:15.089+0000] {processor.py:830} INFO - Processing file /opt/airflow/dags/pipeline_strava_activities.py for tasks to queue
[2025-11-18T23:27:15.091+0000] {logging_mixin.py:188} INFO - [2025-11-18T23:27:15.090+0000] {dagbag.py:545} INFO - Filling up the DagBag from /opt/airflow/dags/pipeline_strava_activities.py
[2025-11-18T23:27:15.104+0000] {processor.py:840} INFO - DAG(s) 'etl_strava_activities' retrieved from /opt/airflow/dags/pipeline_strava_activities.py
[2025-11-18T23:27:15.132+0000] {logging_mixin.py:188} INFO - [2025-11-18T23:27:15.132+0000] {dag.py:3089} INFO - Sync 1 DAGs
[2025-11-18T23:27:15.151+0000] {logging_mixin.py:188} INFO - [2025-11-18T23:27:15.151+0000] {dag.py:3947} INFO - Setting next_dagrun for etl_strava_activities to 2025-11-18 03:00:00+00:00, run_after=2025-11-19 03:00:00+00:00
[2025-11-18T23:27:15.162+0000] {processor.py:183} INFO - Processing /opt/airflow/dags/pipeline_strava_activities.py took 0.082 seconds
[2025-11-18T23:27:45.500+0000] {processor.py:161} INFO - Started process (PID=10306) to work on /opt/airflow/dags/pipeline_strava_activities.py
[2025-11-18T23:27:45.502+0000] {processor.py:830} INFO - Processing file /opt/airflow/dags/pipeline_strava_activities.py for tasks to queue
[2025-11-18T23:27:45.511+0000] {logging_mixin.py:188} INFO - [2025-11-18T23:27:45.510+0000] {dagbag.py:545} INFO - Filling up the DagBag from /opt/airflow/dags/pipeline_strava_activities.py
[2025-11-18T23:27:45.529+0000] {processor.py:840} INFO - DAG(s) 'etl_strava_activities' retrieved from /opt/airflow/dags/pipeline_strava_activities.py
[2025-11-18T23:27:45.563+0000] {logging_mixin.py:188} INFO - [2025-11-18T23:27:45.563+0000] {dag.py:3089} INFO - Sync 1 DAGs
[2025-11-18T23:27:45.584+0000] {logging_mixin.py:188} INFO - [2025-11-18T23:27:45.584+0000] {dag.py:3947} INFO - Setting next_dagrun for etl_strava_activities to 2025-11-18 03:00:00+00:00, run_after=2025-11-19 03:00:00+00:00
[2025-11-18T23:27:45.596+0000] {processor.py:183} INFO - Processing /opt/airflow/dags/pipeline_strava_activities.py took 0.106 seconds
[2025-11-18T23:28:15.876+0000] {processor.py:161} INFO - Started process (PID=10320) to work on /opt/airflow/dags/pipeline_strava_activities.py
[2025-11-18T23:28:15.877+0000] {processor.py:830} INFO - Processing file /opt/airflow/dags/pipeline_strava_activities.py for tasks to queue
[2025-11-18T23:28:15.879+0000] {logging_mixin.py:188} INFO - [2025-11-18T23:28:15.879+0000] {dagbag.py:545} INFO - Filling up the DagBag from /opt/airflow/dags/pipeline_strava_activities.py
[2025-11-18T23:28:15.891+0000] {processor.py:840} INFO - DAG(s) 'etl_strava_activities' retrieved from /opt/airflow/dags/pipeline_strava_activities.py
[2025-11-18T23:28:15.921+0000] {logging_mixin.py:188} INFO - [2025-11-18T23:28:15.921+0000] {dag.py:3089} INFO - Sync 1 DAGs
[2025-11-18T23:28:15.942+0000] {logging_mixin.py:188} INFO - [2025-11-18T23:28:15.942+0000] {dag.py:3947} INFO - Setting next_dagrun for etl_strava_activities to 2025-11-18 03:00:00+00:00, run_after=2025-11-19 03:00:00+00:00
[2025-11-18T23:28:15.955+0000] {processor.py:183} INFO - Processing /opt/airflow/dags/pipeline_strava_activities.py took 0.085 seconds
[2025-11-18T23:28:46.236+0000] {processor.py:161} INFO - Started process (PID=10335) to work on /opt/airflow/dags/pipeline_strava_activities.py
[2025-11-18T23:28:46.237+0000] {processor.py:830} INFO - Processing file /opt/airflow/dags/pipeline_strava_activities.py for tasks to queue
[2025-11-18T23:28:46.239+0000] {logging_mixin.py:188} INFO - [2025-11-18T23:28:46.238+0000] {dagbag.py:545} INFO - Filling up the DagBag from /opt/airflow/dags/pipeline_strava_activities.py
[2025-11-18T23:28:46.249+0000] {processor.py:840} INFO - DAG(s) 'etl_strava_activities' retrieved from /opt/airflow/dags/pipeline_strava_activities.py
[2025-11-18T23:28:46.280+0000] {logging_mixin.py:188} INFO - [2025-11-18T23:28:46.280+0000] {dag.py:3089} INFO - Sync 1 DAGs
[2025-11-18T23:28:46.299+0000] {logging_mixin.py:188} INFO - [2025-11-18T23:28:46.299+0000] {dag.py:3947} INFO - Setting next_dagrun for etl_strava_activities to 2025-11-18 03:00:00+00:00, run_after=2025-11-19 03:00:00+00:00
[2025-11-18T23:28:46.311+0000] {processor.py:183} INFO - Processing /opt/airflow/dags/pipeline_strava_activities.py took 0.082 seconds
[2025-11-18T23:29:16.577+0000] {processor.py:161} INFO - Started process (PID=10351) to work on /opt/airflow/dags/pipeline_strava_activities.py
[2025-11-18T23:29:16.578+0000] {processor.py:830} INFO - Processing file /opt/airflow/dags/pipeline_strava_activities.py for tasks to queue
[2025-11-18T23:29:16.582+0000] {logging_mixin.py:188} INFO - [2025-11-18T23:29:16.581+0000] {dagbag.py:545} INFO - Filling up the DagBag from /opt/airflow/dags/pipeline_strava_activities.py
[2025-11-18T23:29:16.599+0000] {processor.py:840} INFO - DAG(s) 'etl_strava_activities' retrieved from /opt/airflow/dags/pipeline_strava_activities.py
[2025-11-18T23:29:16.630+0000] {logging_mixin.py:188} INFO - [2025-11-18T23:29:16.630+0000] {dag.py:3089} INFO - Sync 1 DAGs
[2025-11-18T23:29:16.655+0000] {logging_mixin.py:188} INFO - [2025-11-18T23:29:16.655+0000] {dag.py:3947} INFO - Setting next_dagrun for etl_strava_activities to 2025-11-18 03:00:00+00:00, run_after=2025-11-19 03:00:00+00:00
[2025-11-18T23:29:16.665+0000] {processor.py:183} INFO - Processing /opt/airflow/dags/pipeline_strava_activities.py took 0.094 seconds
[2025-11-18T23:29:46.997+0000] {processor.py:161} INFO - Started process (PID=10366) to work on /opt/airflow/dags/pipeline_strava_activities.py
[2025-11-18T23:29:46.997+0000] {processor.py:830} INFO - Processing file /opt/airflow/dags/pipeline_strava_activities.py for tasks to queue
[2025-11-18T23:29:47.000+0000] {logging_mixin.py:188} INFO - [2025-11-18T23:29:46.999+0000] {dagbag.py:545} INFO - Filling up the DagBag from /opt/airflow/dags/pipeline_strava_activities.py
[2025-11-18T23:29:47.013+0000] {processor.py:840} INFO - DAG(s) 'etl_strava_activities' retrieved from /opt/airflow/dags/pipeline_strava_activities.py
[2025-11-18T23:29:47.038+0000] {logging_mixin.py:188} INFO - [2025-11-18T23:29:47.038+0000] {dag.py:3089} INFO - Sync 1 DAGs
[2025-11-18T23:29:47.055+0000] {logging_mixin.py:188} INFO - [2025-11-18T23:29:47.055+0000] {dag.py:3947} INFO - Setting next_dagrun for etl_strava_activities to 2025-11-18 03:00:00+00:00, run_after=2025-11-19 03:00:00+00:00
[2025-11-18T23:29:47.064+0000] {processor.py:183} INFO - Processing /opt/airflow/dags/pipeline_strava_activities.py took 0.080 seconds
[2025-11-18T23:30:17.381+0000] {processor.py:161} INFO - Started process (PID=10380) to work on /opt/airflow/dags/pipeline_strava_activities.py
[2025-11-18T23:30:17.384+0000] {processor.py:830} INFO - Processing file /opt/airflow/dags/pipeline_strava_activities.py for tasks to queue
[2025-11-18T23:30:17.386+0000] {logging_mixin.py:188} INFO - [2025-11-18T23:30:17.386+0000] {dagbag.py:545} INFO - Filling up the DagBag from /opt/airflow/dags/pipeline_strava_activities.py
[2025-11-18T23:30:17.398+0000] {processor.py:840} INFO - DAG(s) 'etl_strava_activities' retrieved from /opt/airflow/dags/pipeline_strava_activities.py
[2025-11-18T23:30:17.432+0000] {logging_mixin.py:188} INFO - [2025-11-18T23:30:17.432+0000] {dag.py:3089} INFO - Sync 1 DAGs
[2025-11-18T23:30:17.456+0000] {logging_mixin.py:188} INFO - [2025-11-18T23:30:17.456+0000] {dag.py:3947} INFO - Setting next_dagrun for etl_strava_activities to 2025-11-18 03:00:00+00:00, run_after=2025-11-19 03:00:00+00:00
[2025-11-18T23:30:17.466+0000] {processor.py:183} INFO - Processing /opt/airflow/dags/pipeline_strava_activities.py took 0.091 seconds
[2025-11-18T23:30:47.767+0000] {processor.py:161} INFO - Started process (PID=10395) to work on /opt/airflow/dags/pipeline_strava_activities.py
[2025-11-18T23:30:47.768+0000] {processor.py:830} INFO - Processing file /opt/airflow/dags/pipeline_strava_activities.py for tasks to queue
[2025-11-18T23:30:47.770+0000] {logging_mixin.py:188} INFO - [2025-11-18T23:30:47.770+0000] {dagbag.py:545} INFO - Filling up the DagBag from /opt/airflow/dags/pipeline_strava_activities.py
[2025-11-18T23:30:47.785+0000] {processor.py:840} INFO - DAG(s) 'etl_strava_activities' retrieved from /opt/airflow/dags/pipeline_strava_activities.py
[2025-11-18T23:30:47.822+0000] {logging_mixin.py:188} INFO - [2025-11-18T23:30:47.822+0000] {dag.py:3089} INFO - Sync 1 DAGs
[2025-11-18T23:30:47.837+0000] {logging_mixin.py:188} INFO - [2025-11-18T23:30:47.837+0000] {dag.py:3947} INFO - Setting next_dagrun for etl_strava_activities to 2025-11-18 03:00:00+00:00, run_after=2025-11-19 03:00:00+00:00
[2025-11-18T23:30:47.849+0000] {processor.py:183} INFO - Processing /opt/airflow/dags/pipeline_strava_activities.py took 0.091 seconds
[2025-11-18T23:31:18.122+0000] {processor.py:161} INFO - Started process (PID=10409) to work on /opt/airflow/dags/pipeline_strava_activities.py
[2025-11-18T23:31:18.123+0000] {processor.py:830} INFO - Processing file /opt/airflow/dags/pipeline_strava_activities.py for tasks to queue
[2025-11-18T23:31:18.125+0000] {logging_mixin.py:188} INFO - [2025-11-18T23:31:18.124+0000] {dagbag.py:545} INFO - Filling up the DagBag from /opt/airflow/dags/pipeline_strava_activities.py
[2025-11-18T23:31:18.136+0000] {processor.py:840} INFO - DAG(s) 'etl_strava_activities' retrieved from /opt/airflow/dags/pipeline_strava_activities.py
[2025-11-18T23:31:18.164+0000] {logging_mixin.py:188} INFO - [2025-11-18T23:31:18.164+0000] {dag.py:3089} INFO - Sync 1 DAGs
[2025-11-18T23:31:18.182+0000] {logging_mixin.py:188} INFO - [2025-11-18T23:31:18.182+0000] {dag.py:3947} INFO - Setting next_dagrun for etl_strava_activities to 2025-11-18 03:00:00+00:00, run_after=2025-11-19 03:00:00+00:00
[2025-11-18T23:31:18.191+0000] {processor.py:183} INFO - Processing /opt/airflow/dags/pipeline_strava_activities.py took 0.075 seconds
[2025-11-18T23:31:48.473+0000] {processor.py:161} INFO - Started process (PID=10425) to work on /opt/airflow/dags/pipeline_strava_activities.py
[2025-11-18T23:31:48.474+0000] {processor.py:830} INFO - Processing file /opt/airflow/dags/pipeline_strava_activities.py for tasks to queue
[2025-11-18T23:31:48.476+0000] {logging_mixin.py:188} INFO - [2025-11-18T23:31:48.476+0000] {dagbag.py:545} INFO - Filling up the DagBag from /opt/airflow/dags/pipeline_strava_activities.py
[2025-11-18T23:31:48.493+0000] {processor.py:840} INFO - DAG(s) 'etl_strava_activities' retrieved from /opt/airflow/dags/pipeline_strava_activities.py
[2025-11-18T23:31:48.520+0000] {logging_mixin.py:188} INFO - [2025-11-18T23:31:48.520+0000] {dag.py:3089} INFO - Sync 1 DAGs
[2025-11-18T23:31:48.541+0000] {logging_mixin.py:188} INFO - [2025-11-18T23:31:48.541+0000] {dag.py:3947} INFO - Setting next_dagrun for etl_strava_activities to 2025-11-18 03:00:00+00:00, run_after=2025-11-19 03:00:00+00:00
[2025-11-18T23:31:48.550+0000] {processor.py:183} INFO - Processing /opt/airflow/dags/pipeline_strava_activities.py took 0.084 seconds
[2025-11-18T23:32:18.805+0000] {processor.py:161} INFO - Started process (PID=10440) to work on /opt/airflow/dags/pipeline_strava_activities.py
[2025-11-18T23:32:18.807+0000] {processor.py:830} INFO - Processing file /opt/airflow/dags/pipeline_strava_activities.py for tasks to queue
[2025-11-18T23:32:18.809+0000] {logging_mixin.py:188} INFO - [2025-11-18T23:32:18.809+0000] {dagbag.py:545} INFO - Filling up the DagBag from /opt/airflow/dags/pipeline_strava_activities.py
[2025-11-18T23:32:18.825+0000] {processor.py:840} INFO - DAG(s) 'etl_strava_activities' retrieved from /opt/airflow/dags/pipeline_strava_activities.py
[2025-11-18T23:32:18.850+0000] {logging_mixin.py:188} INFO - [2025-11-18T23:32:18.850+0000] {dag.py:3089} INFO - Sync 1 DAGs
[2025-11-18T23:32:18.867+0000] {logging_mixin.py:188} INFO - [2025-11-18T23:32:18.866+0000] {dag.py:3947} INFO - Setting next_dagrun for etl_strava_activities to 2025-11-18 03:00:00+00:00, run_after=2025-11-19 03:00:00+00:00
[2025-11-18T23:32:18.877+0000] {processor.py:183} INFO - Processing /opt/airflow/dags/pipeline_strava_activities.py took 0.082 seconds
[2025-11-18T23:32:49.149+0000] {processor.py:161} INFO - Started process (PID=10456) to work on /opt/airflow/dags/pipeline_strava_activities.py
[2025-11-18T23:32:49.150+0000] {processor.py:830} INFO - Processing file /opt/airflow/dags/pipeline_strava_activities.py for tasks to queue
[2025-11-18T23:32:49.152+0000] {logging_mixin.py:188} INFO - [2025-11-18T23:32:49.152+0000] {dagbag.py:545} INFO - Filling up the DagBag from /opt/airflow/dags/pipeline_strava_activities.py
[2025-11-18T23:32:49.167+0000] {processor.py:840} INFO - DAG(s) 'etl_strava_activities' retrieved from /opt/airflow/dags/pipeline_strava_activities.py
[2025-11-18T23:32:49.191+0000] {logging_mixin.py:188} INFO - [2025-11-18T23:32:49.191+0000] {dag.py:3089} INFO - Sync 1 DAGs
[2025-11-18T23:32:49.207+0000] {logging_mixin.py:188} INFO - [2025-11-18T23:32:49.207+0000] {dag.py:3947} INFO - Setting next_dagrun for etl_strava_activities to 2025-11-18 03:00:00+00:00, run_after=2025-11-19 03:00:00+00:00
[2025-11-18T23:32:49.216+0000] {processor.py:183} INFO - Processing /opt/airflow/dags/pipeline_strava_activities.py took 0.075 seconds
[2025-11-18T23:33:19.507+0000] {processor.py:161} INFO - Started process (PID=10471) to work on /opt/airflow/dags/pipeline_strava_activities.py
[2025-11-18T23:33:19.508+0000] {processor.py:830} INFO - Processing file /opt/airflow/dags/pipeline_strava_activities.py for tasks to queue
[2025-11-18T23:33:19.511+0000] {logging_mixin.py:188} INFO - [2025-11-18T23:33:19.511+0000] {dagbag.py:545} INFO - Filling up the DagBag from /opt/airflow/dags/pipeline_strava_activities.py
[2025-11-18T23:33:19.525+0000] {processor.py:840} INFO - DAG(s) 'etl_strava_activities' retrieved from /opt/airflow/dags/pipeline_strava_activities.py
[2025-11-18T23:33:19.557+0000] {logging_mixin.py:188} INFO - [2025-11-18T23:33:19.557+0000] {dag.py:3089} INFO - Sync 1 DAGs
[2025-11-18T23:33:19.577+0000] {logging_mixin.py:188} INFO - [2025-11-18T23:33:19.577+0000] {dag.py:3947} INFO - Setting next_dagrun for etl_strava_activities to 2025-11-18 03:00:00+00:00, run_after=2025-11-19 03:00:00+00:00
[2025-11-18T23:33:19.592+0000] {processor.py:183} INFO - Processing /opt/airflow/dags/pipeline_strava_activities.py took 0.095 seconds
[2025-11-18T23:33:49.862+0000] {processor.py:161} INFO - Started process (PID=10486) to work on /opt/airflow/dags/pipeline_strava_activities.py
[2025-11-18T23:33:49.863+0000] {processor.py:830} INFO - Processing file /opt/airflow/dags/pipeline_strava_activities.py for tasks to queue
[2025-11-18T23:33:49.866+0000] {logging_mixin.py:188} INFO - [2025-11-18T23:33:49.866+0000] {dagbag.py:545} INFO - Filling up the DagBag from /opt/airflow/dags/pipeline_strava_activities.py
[2025-11-18T23:33:49.881+0000] {processor.py:840} INFO - DAG(s) 'etl_strava_activities' retrieved from /opt/airflow/dags/pipeline_strava_activities.py
[2025-11-18T23:33:49.908+0000] {logging_mixin.py:188} INFO - [2025-11-18T23:33:49.908+0000] {dag.py:3089} INFO - Sync 1 DAGs
[2025-11-18T23:33:49.927+0000] {logging_mixin.py:188} INFO - [2025-11-18T23:33:49.927+0000] {dag.py:3947} INFO - Setting next_dagrun for etl_strava_activities to 2025-11-18 03:00:00+00:00, run_after=2025-11-19 03:00:00+00:00
[2025-11-18T23:33:49.939+0000] {processor.py:183} INFO - Processing /opt/airflow/dags/pipeline_strava_activities.py took 0.082 seconds
[2025-11-18T23:34:20.206+0000] {processor.py:161} INFO - Started process (PID=10501) to work on /opt/airflow/dags/pipeline_strava_activities.py
[2025-11-18T23:34:20.207+0000] {processor.py:830} INFO - Processing file /opt/airflow/dags/pipeline_strava_activities.py for tasks to queue
[2025-11-18T23:34:20.209+0000] {logging_mixin.py:188} INFO - [2025-11-18T23:34:20.209+0000] {dagbag.py:545} INFO - Filling up the DagBag from /opt/airflow/dags/pipeline_strava_activities.py
[2025-11-18T23:34:20.222+0000] {processor.py:840} INFO - DAG(s) 'etl_strava_activities' retrieved from /opt/airflow/dags/pipeline_strava_activities.py
[2025-11-18T23:34:20.244+0000] {logging_mixin.py:188} INFO - [2025-11-18T23:34:20.244+0000] {dag.py:3089} INFO - Sync 1 DAGs
[2025-11-18T23:34:20.258+0000] {logging_mixin.py:188} INFO - [2025-11-18T23:34:20.258+0000] {dag.py:3947} INFO - Setting next_dagrun for etl_strava_activities to 2025-11-18 03:00:00+00:00, run_after=2025-11-19 03:00:00+00:00
[2025-11-18T23:34:20.268+0000] {processor.py:183} INFO - Processing /opt/airflow/dags/pipeline_strava_activities.py took 0.068 seconds
[2025-11-18T23:34:50.576+0000] {processor.py:161} INFO - Started process (PID=10514) to work on /opt/airflow/dags/pipeline_strava_activities.py
[2025-11-18T23:34:50.577+0000] {processor.py:830} INFO - Processing file /opt/airflow/dags/pipeline_strava_activities.py for tasks to queue
[2025-11-18T23:34:50.579+0000] {logging_mixin.py:188} INFO - [2025-11-18T23:34:50.578+0000] {dagbag.py:545} INFO - Filling up the DagBag from /opt/airflow/dags/pipeline_strava_activities.py
[2025-11-18T23:34:50.589+0000] {processor.py:840} INFO - DAG(s) 'etl_strava_activities' retrieved from /opt/airflow/dags/pipeline_strava_activities.py
[2025-11-18T23:34:50.599+0000] {logging_mixin.py:188} INFO - [2025-11-18T23:34:50.599+0000] {dag.py:3089} INFO - Sync 1 DAGs
[2025-11-18T23:34:50.617+0000] {logging_mixin.py:188} INFO - [2025-11-18T23:34:50.617+0000] {dag.py:3947} INFO - Setting next_dagrun for etl_strava_activities to 2025-11-18 03:00:00+00:00, run_after=2025-11-19 03:00:00+00:00
[2025-11-18T23:34:50.629+0000] {processor.py:183} INFO - Processing /opt/airflow/dags/pipeline_strava_activities.py took 0.063 seconds
[2025-11-18T23:35:20.936+0000] {processor.py:161} INFO - Started process (PID=10554) to work on /opt/airflow/dags/pipeline_strava_activities.py
[2025-11-18T23:35:20.937+0000] {processor.py:830} INFO - Processing file /opt/airflow/dags/pipeline_strava_activities.py for tasks to queue
[2025-11-18T23:35:20.939+0000] {logging_mixin.py:188} INFO - [2025-11-18T23:35:20.938+0000] {dagbag.py:545} INFO - Filling up the DagBag from /opt/airflow/dags/pipeline_strava_activities.py
[2025-11-18T23:35:20.958+0000] {processor.py:840} INFO - DAG(s) 'etl_strava_activities' retrieved from /opt/airflow/dags/pipeline_strava_activities.py
[2025-11-18T23:35:21.049+0000] {logging_mixin.py:188} INFO - [2025-11-18T23:35:21.049+0000] {dag.py:3089} INFO - Sync 1 DAGs
[2025-11-18T23:35:21.066+0000] {logging_mixin.py:188} INFO - [2025-11-18T23:35:21.066+0000] {dag.py:3947} INFO - Setting next_dagrun for etl_strava_activities to 2025-11-18 03:00:00+00:00, run_after=2025-11-19 03:00:00+00:00
[2025-11-18T23:35:21.079+0000] {processor.py:183} INFO - Processing /opt/airflow/dags/pipeline_strava_activities.py took 0.149 seconds
[2025-11-18T23:35:51.382+0000] {processor.py:161} INFO - Started process (PID=10581) to work on /opt/airflow/dags/pipeline_strava_activities.py
[2025-11-18T23:35:51.383+0000] {processor.py:830} INFO - Processing file /opt/airflow/dags/pipeline_strava_activities.py for tasks to queue
[2025-11-18T23:35:51.385+0000] {logging_mixin.py:188} INFO - [2025-11-18T23:35:51.385+0000] {dagbag.py:545} INFO - Filling up the DagBag from /opt/airflow/dags/pipeline_strava_activities.py
[2025-11-18T23:35:51.409+0000] {processor.py:840} INFO - DAG(s) 'etl_strava_activities' retrieved from /opt/airflow/dags/pipeline_strava_activities.py
[2025-11-18T23:35:51.450+0000] {logging_mixin.py:188} INFO - [2025-11-18T23:35:51.449+0000] {dag.py:3089} INFO - Sync 1 DAGs
[2025-11-18T23:35:51.473+0000] {logging_mixin.py:188} INFO - [2025-11-18T23:35:51.473+0000] {dag.py:3947} INFO - Setting next_dagrun for etl_strava_activities to 2025-11-18 03:00:00+00:00, run_after=2025-11-19 03:00:00+00:00
[2025-11-18T23:35:51.493+0000] {processor.py:183} INFO - Processing /opt/airflow/dags/pipeline_strava_activities.py took 0.120 seconds
[2025-11-18T23:36:21.737+0000] {processor.py:161} INFO - Started process (PID=10597) to work on /opt/airflow/dags/pipeline_strava_activities.py
[2025-11-18T23:36:21.739+0000] {processor.py:830} INFO - Processing file /opt/airflow/dags/pipeline_strava_activities.py for tasks to queue
[2025-11-18T23:36:21.744+0000] {logging_mixin.py:188} INFO - [2025-11-18T23:36:21.744+0000] {dagbag.py:545} INFO - Filling up the DagBag from /opt/airflow/dags/pipeline_strava_activities.py
[2025-11-18T23:36:21.756+0000] {processor.py:840} INFO - DAG(s) 'etl_strava_activities' retrieved from /opt/airflow/dags/pipeline_strava_activities.py
[2025-11-18T23:36:21.789+0000] {logging_mixin.py:188} INFO - [2025-11-18T23:36:21.788+0000] {dag.py:3089} INFO - Sync 1 DAGs
[2025-11-18T23:36:21.805+0000] {logging_mixin.py:188} INFO - [2025-11-18T23:36:21.804+0000] {dag.py:3947} INFO - Setting next_dagrun for etl_strava_activities to 2025-11-18 03:00:00+00:00, run_after=2025-11-19 03:00:00+00:00
[2025-11-18T23:36:21.815+0000] {processor.py:183} INFO - Processing /opt/airflow/dags/pipeline_strava_activities.py took 0.086 seconds
[2025-11-18T23:36:52.067+0000] {processor.py:161} INFO - Started process (PID=10613) to work on /opt/airflow/dags/pipeline_strava_activities.py
[2025-11-18T23:36:52.068+0000] {processor.py:830} INFO - Processing file /opt/airflow/dags/pipeline_strava_activities.py for tasks to queue
[2025-11-18T23:36:52.069+0000] {logging_mixin.py:188} INFO - [2025-11-18T23:36:52.069+0000] {dagbag.py:545} INFO - Filling up the DagBag from /opt/airflow/dags/pipeline_strava_activities.py
[2025-11-18T23:36:52.082+0000] {processor.py:840} INFO - DAG(s) 'etl_strava_activities' retrieved from /opt/airflow/dags/pipeline_strava_activities.py
[2025-11-18T23:36:52.106+0000] {logging_mixin.py:188} INFO - [2025-11-18T23:36:52.106+0000] {dag.py:3089} INFO - Sync 1 DAGs
[2025-11-18T23:36:52.120+0000] {logging_mixin.py:188} INFO - [2025-11-18T23:36:52.120+0000] {dag.py:3947} INFO - Setting next_dagrun for etl_strava_activities to 2025-11-18 03:00:00+00:00, run_after=2025-11-19 03:00:00+00:00
[2025-11-18T23:36:52.131+0000] {processor.py:183} INFO - Processing /opt/airflow/dags/pipeline_strava_activities.py took 0.069 seconds
[2025-11-18T23:37:22.363+0000] {processor.py:161} INFO - Started process (PID=10627) to work on /opt/airflow/dags/pipeline_strava_activities.py
[2025-11-18T23:37:22.364+0000] {processor.py:830} INFO - Processing file /opt/airflow/dags/pipeline_strava_activities.py for tasks to queue
[2025-11-18T23:37:22.367+0000] {logging_mixin.py:188} INFO - [2025-11-18T23:37:22.367+0000] {dagbag.py:545} INFO - Filling up the DagBag from /opt/airflow/dags/pipeline_strava_activities.py
[2025-11-18T23:37:22.389+0000] {processor.py:840} INFO - DAG(s) 'etl_strava_activities' retrieved from /opt/airflow/dags/pipeline_strava_activities.py
[2025-11-18T23:37:22.419+0000] {logging_mixin.py:188} INFO - [2025-11-18T23:37:22.419+0000] {dag.py:3089} INFO - Sync 1 DAGs
[2025-11-18T23:37:22.435+0000] {logging_mixin.py:188} INFO - [2025-11-18T23:37:22.435+0000] {dag.py:3947} INFO - Setting next_dagrun for etl_strava_activities to 2025-11-18 03:00:00+00:00, run_after=2025-11-19 03:00:00+00:00
[2025-11-18T23:37:22.444+0000] {processor.py:183} INFO - Processing /opt/airflow/dags/pipeline_strava_activities.py took 0.089 seconds
[2025-11-18T23:37:52.823+0000] {processor.py:161} INFO - Started process (PID=10643) to work on /opt/airflow/dags/pipeline_strava_activities.py
[2025-11-18T23:37:52.824+0000] {processor.py:830} INFO - Processing file /opt/airflow/dags/pipeline_strava_activities.py for tasks to queue
[2025-11-18T23:37:52.827+0000] {logging_mixin.py:188} INFO - [2025-11-18T23:37:52.827+0000] {dagbag.py:545} INFO - Filling up the DagBag from /opt/airflow/dags/pipeline_strava_activities.py
[2025-11-18T23:37:52.840+0000] {processor.py:840} INFO - DAG(s) 'etl_strava_activities' retrieved from /opt/airflow/dags/pipeline_strava_activities.py
[2025-11-18T23:37:52.866+0000] {logging_mixin.py:188} INFO - [2025-11-18T23:37:52.866+0000] {dag.py:3089} INFO - Sync 1 DAGs
[2025-11-18T23:37:52.887+0000] {logging_mixin.py:188} INFO - [2025-11-18T23:37:52.886+0000] {dag.py:3947} INFO - Setting next_dagrun for etl_strava_activities to 2025-11-18 03:00:00+00:00, run_after=2025-11-19 03:00:00+00:00
[2025-11-18T23:37:52.902+0000] {processor.py:183} INFO - Processing /opt/airflow/dags/pipeline_strava_activities.py took 0.088 seconds
[2025-11-18T23:43:48.897+0000] {processor.py:161} INFO - Started process (PID=10660) to work on /opt/airflow/dags/pipeline_strava_activities.py
[2025-11-18T23:43:48.898+0000] {processor.py:830} INFO - Processing file /opt/airflow/dags/pipeline_strava_activities.py for tasks to queue
[2025-11-18T23:43:48.899+0000] {logging_mixin.py:188} INFO - [2025-11-18T23:43:48.899+0000] {dagbag.py:545} INFO - Filling up the DagBag from /opt/airflow/dags/pipeline_strava_activities.py
[2025-11-18T23:43:48.918+0000] {processor.py:840} INFO - DAG(s) 'etl_strava_activities' retrieved from /opt/airflow/dags/pipeline_strava_activities.py
[2025-11-18T23:43:48.938+0000] {logging_mixin.py:188} INFO - [2025-11-18T23:43:48.938+0000] {dag.py:3089} INFO - Sync 1 DAGs
[2025-11-18T23:43:48.954+0000] {logging_mixin.py:188} INFO - [2025-11-18T23:43:48.954+0000] {dag.py:3947} INFO - Setting next_dagrun for etl_strava_activities to 2025-11-18 03:00:00+00:00, run_after=2025-11-19 03:00:00+00:00
[2025-11-18T23:43:48.979+0000] {processor.py:183} INFO - Processing /opt/airflow/dags/pipeline_strava_activities.py took 0.090 seconds
[2025-11-18T23:44:19.305+0000] {processor.py:161} INFO - Started process (PID=10684) to work on /opt/airflow/dags/pipeline_strava_activities.py
[2025-11-18T23:44:19.307+0000] {processor.py:830} INFO - Processing file /opt/airflow/dags/pipeline_strava_activities.py for tasks to queue
[2025-11-18T23:44:19.309+0000] {logging_mixin.py:188} INFO - [2025-11-18T23:44:19.309+0000] {dagbag.py:545} INFO - Filling up the DagBag from /opt/airflow/dags/pipeline_strava_activities.py
[2025-11-18T23:44:19.329+0000] {processor.py:840} INFO - DAG(s) 'etl_strava_activities' retrieved from /opt/airflow/dags/pipeline_strava_activities.py
[2025-11-18T23:44:19.377+0000] {logging_mixin.py:188} INFO - [2025-11-18T23:44:19.376+0000] {dag.py:3089} INFO - Sync 1 DAGs
[2025-11-18T23:44:19.400+0000] {logging_mixin.py:188} INFO - [2025-11-18T23:44:19.400+0000] {dag.py:3947} INFO - Setting next_dagrun for etl_strava_activities to 2025-11-18 03:00:00+00:00, run_after=2025-11-19 03:00:00+00:00
[2025-11-18T23:44:19.411+0000] {processor.py:183} INFO - Processing /opt/airflow/dags/pipeline_strava_activities.py took 0.118 seconds
[2025-11-18T23:57:17.319+0000] {processor.py:161} INFO - Started process (PID=10700) to work on /opt/airflow/dags/pipeline_strava_activities.py
[2025-11-18T23:57:17.320+0000] {processor.py:830} INFO - Processing file /opt/airflow/dags/pipeline_strava_activities.py for tasks to queue
[2025-11-18T23:57:17.323+0000] {logging_mixin.py:188} INFO - [2025-11-18T23:57:17.323+0000] {dagbag.py:545} INFO - Filling up the DagBag from /opt/airflow/dags/pipeline_strava_activities.py
[2025-11-18T23:57:17.346+0000] {processor.py:840} INFO - DAG(s) 'etl_strava_activities' retrieved from /opt/airflow/dags/pipeline_strava_activities.py
[2025-11-18T23:57:17.380+0000] {logging_mixin.py:188} INFO - [2025-11-18T23:57:17.380+0000] {dag.py:3089} INFO - Sync 1 DAGs
[2025-11-18T23:57:17.403+0000] {logging_mixin.py:188} INFO - [2025-11-18T23:57:17.403+0000] {dag.py:3947} INFO - Setting next_dagrun for etl_strava_activities to 2025-11-18 03:00:00+00:00, run_after=2025-11-19 03:00:00+00:00
[2025-11-18T23:57:17.417+0000] {processor.py:183} INFO - Processing /opt/airflow/dags/pipeline_strava_activities.py took 0.106 seconds
[2025-11-18T23:57:47.709+0000] {processor.py:161} INFO - Started process (PID=10714) to work on /opt/airflow/dags/pipeline_strava_activities.py
[2025-11-18T23:57:47.712+0000] {processor.py:830} INFO - Processing file /opt/airflow/dags/pipeline_strava_activities.py for tasks to queue
[2025-11-18T23:57:47.714+0000] {logging_mixin.py:188} INFO - [2025-11-18T23:57:47.714+0000] {dagbag.py:545} INFO - Filling up the DagBag from /opt/airflow/dags/pipeline_strava_activities.py
[2025-11-18T23:57:47.730+0000] {processor.py:840} INFO - DAG(s) 'etl_strava_activities' retrieved from /opt/airflow/dags/pipeline_strava_activities.py
[2025-11-18T23:57:47.759+0000] {logging_mixin.py:188} INFO - [2025-11-18T23:57:47.758+0000] {dag.py:3089} INFO - Sync 1 DAGs
[2025-11-18T23:57:47.775+0000] {logging_mixin.py:188} INFO - [2025-11-18T23:57:47.775+0000] {dag.py:3947} INFO - Setting next_dagrun for etl_strava_activities to 2025-11-18 03:00:00+00:00, run_after=2025-11-19 03:00:00+00:00
[2025-11-18T23:57:47.786+0000] {processor.py:183} INFO - Processing /opt/airflow/dags/pipeline_strava_activities.py took 0.087 seconds
[2025-11-18T23:58:18.077+0000] {processor.py:161} INFO - Started process (PID=10730) to work on /opt/airflow/dags/pipeline_strava_activities.py
[2025-11-18T23:58:18.079+0000] {processor.py:830} INFO - Processing file /opt/airflow/dags/pipeline_strava_activities.py for tasks to queue
[2025-11-18T23:58:18.081+0000] {logging_mixin.py:188} INFO - [2025-11-18T23:58:18.081+0000] {dagbag.py:545} INFO - Filling up the DagBag from /opt/airflow/dags/pipeline_strava_activities.py
[2025-11-18T23:58:18.099+0000] {processor.py:840} INFO - DAG(s) 'etl_strava_activities' retrieved from /opt/airflow/dags/pipeline_strava_activities.py
[2025-11-18T23:58:18.115+0000] {logging_mixin.py:188} INFO - [2025-11-18T23:58:18.115+0000] {dag.py:3089} INFO - Sync 1 DAGs
[2025-11-18T23:58:18.128+0000] {logging_mixin.py:188} INFO - [2025-11-18T23:58:18.128+0000] {dag.py:3947} INFO - Setting next_dagrun for etl_strava_activities to 2025-11-18 03:00:00+00:00, run_after=2025-11-19 03:00:00+00:00
[2025-11-18T23:58:18.139+0000] {processor.py:183} INFO - Processing /opt/airflow/dags/pipeline_strava_activities.py took 0.069 seconds
[2025-11-18T23:58:48.374+0000] {processor.py:161} INFO - Started process (PID=10745) to work on /opt/airflow/dags/pipeline_strava_activities.py
[2025-11-18T23:58:48.375+0000] {processor.py:830} INFO - Processing file /opt/airflow/dags/pipeline_strava_activities.py for tasks to queue
[2025-11-18T23:58:48.376+0000] {logging_mixin.py:188} INFO - [2025-11-18T23:58:48.376+0000] {dagbag.py:545} INFO - Filling up the DagBag from /opt/airflow/dags/pipeline_strava_activities.py
[2025-11-18T23:58:48.385+0000] {processor.py:840} INFO - DAG(s) 'etl_strava_activities' retrieved from /opt/airflow/dags/pipeline_strava_activities.py
[2025-11-18T23:58:48.404+0000] {logging_mixin.py:188} INFO - [2025-11-18T23:58:48.404+0000] {dag.py:3089} INFO - Sync 1 DAGs
[2025-11-18T23:58:48.418+0000] {logging_mixin.py:188} INFO - [2025-11-18T23:58:48.418+0000] {dag.py:3947} INFO - Setting next_dagrun for etl_strava_activities to 2025-11-18 03:00:00+00:00, run_after=2025-11-19 03:00:00+00:00
[2025-11-18T23:58:48.427+0000] {processor.py:183} INFO - Processing /opt/airflow/dags/pipeline_strava_activities.py took 0.056 seconds
[2025-11-18T23:59:18.662+0000] {processor.py:161} INFO - Started process (PID=10760) to work on /opt/airflow/dags/pipeline_strava_activities.py
[2025-11-18T23:59:18.663+0000] {processor.py:830} INFO - Processing file /opt/airflow/dags/pipeline_strava_activities.py for tasks to queue
[2025-11-18T23:59:18.666+0000] {logging_mixin.py:188} INFO - [2025-11-18T23:59:18.665+0000] {dagbag.py:545} INFO - Filling up the DagBag from /opt/airflow/dags/pipeline_strava_activities.py
[2025-11-18T23:59:18.683+0000] {processor.py:840} INFO - DAG(s) 'etl_strava_activities' retrieved from /opt/airflow/dags/pipeline_strava_activities.py
[2025-11-18T23:59:18.706+0000] {logging_mixin.py:188} INFO - [2025-11-18T23:59:18.706+0000] {dag.py:3089} INFO - Sync 1 DAGs
[2025-11-18T23:59:18.722+0000] {logging_mixin.py:188} INFO - [2025-11-18T23:59:18.722+0000] {dag.py:3947} INFO - Setting next_dagrun for etl_strava_activities to 2025-11-18 03:00:00+00:00, run_after=2025-11-19 03:00:00+00:00
[2025-11-18T23:59:18.732+0000] {processor.py:183} INFO - Processing /opt/airflow/dags/pipeline_strava_activities.py took 0.081 seconds
[2025-11-18T23:59:49.006+0000] {processor.py:161} INFO - Started process (PID=10773) to work on /opt/airflow/dags/pipeline_strava_activities.py
[2025-11-18T23:59:49.006+0000] {processor.py:830} INFO - Processing file /opt/airflow/dags/pipeline_strava_activities.py for tasks to queue
[2025-11-18T23:59:49.008+0000] {logging_mixin.py:188} INFO - [2025-11-18T23:59:49.008+0000] {dagbag.py:545} INFO - Filling up the DagBag from /opt/airflow/dags/pipeline_strava_activities.py
[2025-11-18T23:59:49.022+0000] {processor.py:840} INFO - DAG(s) 'etl_strava_activities' retrieved from /opt/airflow/dags/pipeline_strava_activities.py
[2025-11-18T23:59:49.044+0000] {logging_mixin.py:188} INFO - [2025-11-18T23:59:49.044+0000] {dag.py:3089} INFO - Sync 1 DAGs
[2025-11-18T23:59:49.061+0000] {logging_mixin.py:188} INFO - [2025-11-18T23:59:49.061+0000] {dag.py:3947} INFO - Setting next_dagrun for etl_strava_activities to 2025-11-18 03:00:00+00:00, run_after=2025-11-19 03:00:00+00:00
[2025-11-18T23:59:49.073+0000] {processor.py:183} INFO - Processing /opt/airflow/dags/pipeline_strava_activities.py took 0.075 seconds
