[2025-11-18T00:13:51.952+0000] {processor.py:161} INFO - Started process (PID=1121) to work on /opt/airflow/dags/pipeline_label_studio.py
[2025-11-18T00:13:51.952+0000] {processor.py:830} INFO - Processing file /opt/airflow/dags/pipeline_label_studio.py for tasks to queue
[2025-11-18T00:13:51.953+0000] {logging_mixin.py:188} INFO - [2025-11-18T00:13:51.953+0000] {dagbag.py:545} INFO - Filling up the DagBag from /opt/airflow/dags/pipeline_label_studio.py
[2025-11-18T00:13:51.961+0000] {processor.py:840} INFO - DAG(s) 'etl_label_studio' retrieved from /opt/airflow/dags/pipeline_label_studio.py
[2025-11-18T00:13:51.986+0000] {logging_mixin.py:188} INFO - [2025-11-18T00:13:51.986+0000] {dag.py:3089} INFO - Sync 1 DAGs
[2025-11-18T00:13:52.004+0000] {logging_mixin.py:188} INFO - [2025-11-18T00:13:52.004+0000] {dag.py:3947} INFO - Setting next_dagrun for etl_label_studio to 2025-11-17 03:00:00+00:00, run_after=2025-11-18 03:00:00+00:00
[2025-11-18T00:13:52.017+0000] {processor.py:183} INFO - Processing /opt/airflow/dags/pipeline_label_studio.py took 0.070 seconds
[2025-11-18T00:15:37.069+0000] {processor.py:161} INFO - Started process (PID=1136) to work on /opt/airflow/dags/pipeline_label_studio.py
[2025-11-18T00:15:37.070+0000] {processor.py:830} INFO - Processing file /opt/airflow/dags/pipeline_label_studio.py for tasks to queue
[2025-11-18T00:15:37.071+0000] {logging_mixin.py:188} INFO - [2025-11-18T00:15:37.071+0000] {dagbag.py:545} INFO - Filling up the DagBag from /opt/airflow/dags/pipeline_label_studio.py
[2025-11-18T00:15:37.078+0000] {processor.py:840} INFO - DAG(s) 'etl_label_studio' retrieved from /opt/airflow/dags/pipeline_label_studio.py
[2025-11-18T00:15:37.098+0000] {logging_mixin.py:188} INFO - [2025-11-18T00:15:37.098+0000] {dag.py:3089} INFO - Sync 1 DAGs
[2025-11-18T00:15:37.114+0000] {logging_mixin.py:188} INFO - [2025-11-18T00:15:37.114+0000] {dag.py:3947} INFO - Setting next_dagrun for etl_label_studio to 2025-11-17 03:00:00+00:00, run_after=2025-11-18 03:00:00+00:00
[2025-11-18T00:15:37.125+0000] {processor.py:183} INFO - Processing /opt/airflow/dags/pipeline_label_studio.py took 0.061 seconds
[2025-11-18T01:19:31.140+0000] {processor.py:161} INFO - Started process (PID=1151) to work on /opt/airflow/dags/pipeline_label_studio.py
[2025-11-18T01:19:31.140+0000] {processor.py:830} INFO - Processing file /opt/airflow/dags/pipeline_label_studio.py for tasks to queue
[2025-11-18T01:19:31.141+0000] {logging_mixin.py:188} INFO - [2025-11-18T01:19:31.141+0000] {dagbag.py:545} INFO - Filling up the DagBag from /opt/airflow/dags/pipeline_label_studio.py
[2025-11-18T01:19:31.149+0000] {processor.py:840} INFO - DAG(s) 'etl_label_studio' retrieved from /opt/airflow/dags/pipeline_label_studio.py
[2025-11-18T01:19:31.172+0000] {logging_mixin.py:188} INFO - [2025-11-18T01:19:31.172+0000] {dag.py:3089} INFO - Sync 1 DAGs
[2025-11-18T01:19:31.189+0000] {logging_mixin.py:188} INFO - [2025-11-18T01:19:31.189+0000] {dag.py:3947} INFO - Setting next_dagrun for etl_label_studio to 2025-11-17 03:00:00+00:00, run_after=2025-11-18 03:00:00+00:00
[2025-11-18T01:19:31.202+0000] {processor.py:183} INFO - Processing /opt/airflow/dags/pipeline_label_studio.py took 0.067 seconds
[2025-11-18T01:21:16.242+0000] {processor.py:161} INFO - Started process (PID=1166) to work on /opt/airflow/dags/pipeline_label_studio.py
[2025-11-18T01:21:16.243+0000] {processor.py:830} INFO - Processing file /opt/airflow/dags/pipeline_label_studio.py for tasks to queue
[2025-11-18T01:21:16.245+0000] {logging_mixin.py:188} INFO - [2025-11-18T01:21:16.244+0000] {dagbag.py:545} INFO - Filling up the DagBag from /opt/airflow/dags/pipeline_label_studio.py
[2025-11-18T01:21:16.252+0000] {processor.py:840} INFO - DAG(s) 'etl_label_studio' retrieved from /opt/airflow/dags/pipeline_label_studio.py
[2025-11-18T01:21:16.272+0000] {logging_mixin.py:188} INFO - [2025-11-18T01:21:16.272+0000] {dag.py:3089} INFO - Sync 1 DAGs
[2025-11-18T01:21:16.288+0000] {logging_mixin.py:188} INFO - [2025-11-18T01:21:16.288+0000] {dag.py:3947} INFO - Setting next_dagrun for etl_label_studio to 2025-11-17 03:00:00+00:00, run_after=2025-11-18 03:00:00+00:00
[2025-11-18T01:21:16.299+0000] {processor.py:183} INFO - Processing /opt/airflow/dags/pipeline_label_studio.py took 0.060 seconds
[2025-11-18T01:37:36.333+0000] {processor.py:161} INFO - Started process (PID=1181) to work on /opt/airflow/dags/pipeline_label_studio.py
[2025-11-18T01:37:36.334+0000] {processor.py:830} INFO - Processing file /opt/airflow/dags/pipeline_label_studio.py for tasks to queue
[2025-11-18T01:37:36.335+0000] {logging_mixin.py:188} INFO - [2025-11-18T01:37:36.335+0000] {dagbag.py:545} INFO - Filling up the DagBag from /opt/airflow/dags/pipeline_label_studio.py
[2025-11-18T01:37:36.343+0000] {processor.py:840} INFO - DAG(s) 'etl_label_studio' retrieved from /opt/airflow/dags/pipeline_label_studio.py
[2025-11-18T01:37:36.368+0000] {logging_mixin.py:188} INFO - [2025-11-18T01:37:36.367+0000] {dag.py:3089} INFO - Sync 1 DAGs
[2025-11-18T01:37:36.394+0000] {logging_mixin.py:188} INFO - [2025-11-18T01:37:36.393+0000] {dag.py:3947} INFO - Setting next_dagrun for etl_label_studio to 2025-11-17 03:00:00+00:00, run_after=2025-11-18 03:00:00+00:00
[2025-11-18T01:37:36.406+0000] {processor.py:183} INFO - Processing /opt/airflow/dags/pipeline_label_studio.py took 0.077 seconds
[2025-11-18T01:39:21.474+0000] {processor.py:161} INFO - Started process (PID=1196) to work on /opt/airflow/dags/pipeline_label_studio.py
[2025-11-18T01:39:21.475+0000] {processor.py:830} INFO - Processing file /opt/airflow/dags/pipeline_label_studio.py for tasks to queue
[2025-11-18T01:39:21.477+0000] {logging_mixin.py:188} INFO - [2025-11-18T01:39:21.476+0000] {dagbag.py:545} INFO - Filling up the DagBag from /opt/airflow/dags/pipeline_label_studio.py
[2025-11-18T01:39:21.486+0000] {processor.py:840} INFO - DAG(s) 'etl_label_studio' retrieved from /opt/airflow/dags/pipeline_label_studio.py
[2025-11-18T01:39:21.514+0000] {logging_mixin.py:188} INFO - [2025-11-18T01:39:21.514+0000] {dag.py:3089} INFO - Sync 1 DAGs
[2025-11-18T01:39:21.531+0000] {logging_mixin.py:188} INFO - [2025-11-18T01:39:21.531+0000] {dag.py:3947} INFO - Setting next_dagrun for etl_label_studio to 2025-11-17 03:00:00+00:00, run_after=2025-11-18 03:00:00+00:00
[2025-11-18T01:39:21.543+0000] {processor.py:183} INFO - Processing /opt/airflow/dags/pipeline_label_studio.py took 0.076 seconds
[2025-11-18T02:20:43.442+0000] {processor.py:161} INFO - Started process (PID=1211) to work on /opt/airflow/dags/pipeline_label_studio.py
[2025-11-18T02:20:43.443+0000] {processor.py:830} INFO - Processing file /opt/airflow/dags/pipeline_label_studio.py for tasks to queue
[2025-11-18T02:20:43.444+0000] {logging_mixin.py:188} INFO - [2025-11-18T02:20:43.444+0000] {dagbag.py:545} INFO - Filling up the DagBag from /opt/airflow/dags/pipeline_label_studio.py
[2025-11-18T02:20:43.452+0000] {processor.py:840} INFO - DAG(s) 'etl_label_studio' retrieved from /opt/airflow/dags/pipeline_label_studio.py
[2025-11-18T02:20:43.475+0000] {logging_mixin.py:188} INFO - [2025-11-18T02:20:43.475+0000] {dag.py:3089} INFO - Sync 1 DAGs
[2025-11-18T02:20:43.490+0000] {logging_mixin.py:188} INFO - [2025-11-18T02:20:43.490+0000] {dag.py:3947} INFO - Setting next_dagrun for etl_label_studio to 2025-11-17 03:00:00+00:00, run_after=2025-11-18 03:00:00+00:00
[2025-11-18T02:20:43.501+0000] {processor.py:183} INFO - Processing /opt/airflow/dags/pipeline_label_studio.py took 0.062 seconds
[2025-11-18T02:22:28.684+0000] {processor.py:161} INFO - Started process (PID=1226) to work on /opt/airflow/dags/pipeline_label_studio.py
[2025-11-18T02:22:28.686+0000] {processor.py:830} INFO - Processing file /opt/airflow/dags/pipeline_label_studio.py for tasks to queue
[2025-11-18T02:22:28.687+0000] {logging_mixin.py:188} INFO - [2025-11-18T02:22:28.686+0000] {dagbag.py:545} INFO - Filling up the DagBag from /opt/airflow/dags/pipeline_label_studio.py
[2025-11-18T02:22:28.699+0000] {processor.py:840} INFO - DAG(s) 'etl_label_studio' retrieved from /opt/airflow/dags/pipeline_label_studio.py
[2025-11-18T02:22:28.790+0000] {logging_mixin.py:188} INFO - [2025-11-18T02:22:28.789+0000] {dag.py:3089} INFO - Sync 1 DAGs
[2025-11-18T02:22:28.871+0000] {logging_mixin.py:188} INFO - [2025-11-18T02:22:28.870+0000] {dag.py:3947} INFO - Setting next_dagrun for etl_label_studio to 2025-11-17 03:00:00+00:00, run_after=2025-11-18 03:00:00+00:00
[2025-11-18T02:22:28.919+0000] {processor.py:183} INFO - Processing /opt/airflow/dags/pipeline_label_studio.py took 0.239 seconds
[2025-11-18T02:39:38.434+0000] {processor.py:161} INFO - Started process (PID=1241) to work on /opt/airflow/dags/pipeline_label_studio.py
[2025-11-18T02:39:38.435+0000] {processor.py:830} INFO - Processing file /opt/airflow/dags/pipeline_label_studio.py for tasks to queue
[2025-11-18T02:39:38.436+0000] {logging_mixin.py:188} INFO - [2025-11-18T02:39:38.436+0000] {dagbag.py:545} INFO - Filling up the DagBag from /opt/airflow/dags/pipeline_label_studio.py
[2025-11-18T02:39:38.443+0000] {processor.py:840} INFO - DAG(s) 'etl_label_studio' retrieved from /opt/airflow/dags/pipeline_label_studio.py
[2025-11-18T02:39:38.463+0000] {logging_mixin.py:188} INFO - [2025-11-18T02:39:38.463+0000] {dag.py:3089} INFO - Sync 1 DAGs
[2025-11-18T02:39:38.478+0000] {logging_mixin.py:188} INFO - [2025-11-18T02:39:38.478+0000] {dag.py:3947} INFO - Setting next_dagrun for etl_label_studio to 2025-11-17 03:00:00+00:00, run_after=2025-11-18 03:00:00+00:00
[2025-11-18T02:39:38.490+0000] {processor.py:183} INFO - Processing /opt/airflow/dags/pipeline_label_studio.py took 0.061 seconds
[2025-11-18T02:41:23.453+0000] {processor.py:161} INFO - Started process (PID=1256) to work on /opt/airflow/dags/pipeline_label_studio.py
[2025-11-18T02:41:23.454+0000] {processor.py:830} INFO - Processing file /opt/airflow/dags/pipeline_label_studio.py for tasks to queue
[2025-11-18T02:41:23.456+0000] {logging_mixin.py:188} INFO - [2025-11-18T02:41:23.455+0000] {dagbag.py:545} INFO - Filling up the DagBag from /opt/airflow/dags/pipeline_label_studio.py
[2025-11-18T02:41:23.463+0000] {processor.py:840} INFO - DAG(s) 'etl_label_studio' retrieved from /opt/airflow/dags/pipeline_label_studio.py
[2025-11-18T02:41:23.483+0000] {logging_mixin.py:188} INFO - [2025-11-18T02:41:23.483+0000] {dag.py:3089} INFO - Sync 1 DAGs
[2025-11-18T02:41:23.498+0000] {logging_mixin.py:188} INFO - [2025-11-18T02:41:23.498+0000] {dag.py:3947} INFO - Setting next_dagrun for etl_label_studio to 2025-11-17 03:00:00+00:00, run_after=2025-11-18 03:00:00+00:00
[2025-11-18T02:41:23.510+0000] {processor.py:183} INFO - Processing /opt/airflow/dags/pipeline_label_studio.py took 0.060 seconds
[2025-11-18T04:22:31.374+0000] {processor.py:161} INFO - Started process (PID=1271) to work on /opt/airflow/dags/pipeline_label_studio.py
[2025-11-18T04:22:31.376+0000] {processor.py:830} INFO - Processing file /opt/airflow/dags/pipeline_label_studio.py for tasks to queue
[2025-11-18T04:22:31.378+0000] {logging_mixin.py:188} INFO - [2025-11-18T04:22:31.377+0000] {dagbag.py:545} INFO - Filling up the DagBag from /opt/airflow/dags/pipeline_label_studio.py
[2025-11-18T04:22:31.388+0000] {processor.py:840} INFO - DAG(s) 'etl_label_studio' retrieved from /opt/airflow/dags/pipeline_label_studio.py
[2025-11-18T04:22:31.414+0000] {logging_mixin.py:188} INFO - [2025-11-18T04:22:31.414+0000] {dag.py:3089} INFO - Sync 1 DAGs
[2025-11-18T04:22:31.429+0000] {logging_mixin.py:188} INFO - [2025-11-18T04:22:31.429+0000] {dag.py:3947} INFO - Setting next_dagrun for etl_label_studio to 2025-11-17 03:00:00+00:00, run_after=2025-11-18 03:00:00+00:00
[2025-11-18T04:22:31.440+0000] {processor.py:183} INFO - Processing /opt/airflow/dags/pipeline_label_studio.py took 0.073 seconds
[2025-11-18T04:38:26.492+0000] {processor.py:161} INFO - Started process (PID=1597) to work on /opt/airflow/dags/pipeline_label_studio.py
[2025-11-18T04:38:26.493+0000] {processor.py:830} INFO - Processing file /opt/airflow/dags/pipeline_label_studio.py for tasks to queue
[2025-11-18T04:38:26.495+0000] {logging_mixin.py:188} INFO - [2025-11-18T04:38:26.494+0000] {dagbag.py:545} INFO - Filling up the DagBag from /opt/airflow/dags/pipeline_label_studio.py
[2025-11-18T04:38:26.504+0000] {processor.py:840} INFO - DAG(s) 'etl_label_studio' retrieved from /opt/airflow/dags/pipeline_label_studio.py
[2025-11-18T04:38:26.557+0000] {logging_mixin.py:188} INFO - [2025-11-18T04:38:26.557+0000] {dag.py:3089} INFO - Sync 1 DAGs
[2025-11-18T04:38:26.621+0000] {logging_mixin.py:188} INFO - [2025-11-18T04:38:26.621+0000] {dag.py:3947} INFO - Setting next_dagrun for etl_label_studio to 2025-11-18 03:00:00+00:00, run_after=2025-11-19 03:00:00+00:00
[2025-11-18T04:38:26.661+0000] {processor.py:183} INFO - Processing /opt/airflow/dags/pipeline_label_studio.py took 0.173 seconds
[2025-11-18T04:39:45.804+0000] {processor.py:161} INFO - Started process (PID=1810) to work on /opt/airflow/dags/pipeline_label_studio.py
[2025-11-18T04:39:45.806+0000] {processor.py:830} INFO - Processing file /opt/airflow/dags/pipeline_label_studio.py for tasks to queue
[2025-11-18T04:39:45.809+0000] {logging_mixin.py:188} INFO - [2025-11-18T04:39:45.808+0000] {dagbag.py:545} INFO - Filling up the DagBag from /opt/airflow/dags/pipeline_label_studio.py
[2025-11-18T04:39:45.830+0000] {processor.py:840} INFO - DAG(s) 'etl_label_studio' retrieved from /opt/airflow/dags/pipeline_label_studio.py
[2025-11-18T04:39:45.864+0000] {logging_mixin.py:188} INFO - [2025-11-18T04:39:45.863+0000] {dag.py:3089} INFO - Sync 1 DAGs
[2025-11-18T04:39:45.894+0000] {logging_mixin.py:188} INFO - [2025-11-18T04:39:45.894+0000] {dag.py:3947} INFO - Setting next_dagrun for etl_label_studio to 2025-11-18 03:00:00+00:00, run_after=2025-11-19 03:00:00+00:00
[2025-11-18T04:39:45.913+0000] {processor.py:183} INFO - Processing /opt/airflow/dags/pipeline_label_studio.py took 0.116 seconds
[2025-11-18T04:41:29.806+0000] {processor.py:161} INFO - Started process (PID=1825) to work on /opt/airflow/dags/pipeline_label_studio.py
[2025-11-18T04:41:29.807+0000] {processor.py:830} INFO - Processing file /opt/airflow/dags/pipeline_label_studio.py for tasks to queue
[2025-11-18T04:41:29.808+0000] {logging_mixin.py:188} INFO - [2025-11-18T04:41:29.808+0000] {dagbag.py:545} INFO - Filling up the DagBag from /opt/airflow/dags/pipeline_label_studio.py
[2025-11-18T04:41:29.817+0000] {processor.py:840} INFO - DAG(s) 'etl_label_studio' retrieved from /opt/airflow/dags/pipeline_label_studio.py
[2025-11-18T04:41:29.845+0000] {logging_mixin.py:188} INFO - [2025-11-18T04:41:29.844+0000] {dag.py:3089} INFO - Sync 1 DAGs
[2025-11-18T04:41:29.868+0000] {logging_mixin.py:188} INFO - [2025-11-18T04:41:29.868+0000] {dag.py:3947} INFO - Setting next_dagrun for etl_label_studio to 2025-11-18 03:00:00+00:00, run_after=2025-11-19 03:00:00+00:00
[2025-11-18T04:41:29.881+0000] {processor.py:183} INFO - Processing /opt/airflow/dags/pipeline_label_studio.py took 0.079 seconds
[2025-11-18T05:24:48.634+0000] {processor.py:161} INFO - Started process (PID=1843) to work on /opt/airflow/dags/pipeline_label_studio.py
[2025-11-18T05:24:48.635+0000] {processor.py:830} INFO - Processing file /opt/airflow/dags/pipeline_label_studio.py for tasks to queue
[2025-11-18T05:24:48.637+0000] {logging_mixin.py:188} INFO - [2025-11-18T05:24:48.637+0000] {dagbag.py:545} INFO - Filling up the DagBag from /opt/airflow/dags/pipeline_label_studio.py
[2025-11-18T05:24:48.648+0000] {processor.py:840} INFO - DAG(s) 'etl_label_studio' retrieved from /opt/airflow/dags/pipeline_label_studio.py
[2025-11-18T05:24:48.676+0000] {logging_mixin.py:188} INFO - [2025-11-18T05:24:48.676+0000] {dag.py:3089} INFO - Sync 1 DAGs
[2025-11-18T05:24:48.694+0000] {logging_mixin.py:188} INFO - [2025-11-18T05:24:48.694+0000] {dag.py:3947} INFO - Setting next_dagrun for etl_label_studio to 2025-11-18 03:00:00+00:00, run_after=2025-11-19 03:00:00+00:00
[2025-11-18T05:24:48.706+0000] {processor.py:183} INFO - Processing /opt/airflow/dags/pipeline_label_studio.py took 0.078 seconds
[2025-11-18T05:26:31.886+0000] {processor.py:161} INFO - Started process (PID=2287) to work on /opt/airflow/dags/pipeline_label_studio.py
[2025-11-18T05:26:31.887+0000] {processor.py:830} INFO - Processing file /opt/airflow/dags/pipeline_label_studio.py for tasks to queue
[2025-11-18T05:26:31.888+0000] {logging_mixin.py:188} INFO - [2025-11-18T05:26:31.888+0000] {dagbag.py:545} INFO - Filling up the DagBag from /opt/airflow/dags/pipeline_label_studio.py
[2025-11-18T05:26:31.898+0000] {processor.py:840} INFO - DAG(s) 'etl_label_studio' retrieved from /opt/airflow/dags/pipeline_label_studio.py
[2025-11-18T05:26:31.927+0000] {logging_mixin.py:188} INFO - [2025-11-18T05:26:31.927+0000] {dag.py:3089} INFO - Sync 1 DAGs
[2025-11-18T05:26:31.950+0000] {logging_mixin.py:188} INFO - [2025-11-18T05:26:31.950+0000] {dag.py:3947} INFO - Setting next_dagrun for etl_label_studio to 2025-11-18 03:00:00+00:00, run_after=2025-11-19 03:00:00+00:00
[2025-11-18T05:26:31.965+0000] {processor.py:183} INFO - Processing /opt/airflow/dags/pipeline_label_studio.py took 0.084 seconds
[2025-11-18T06:24:41.526+0000] {processor.py:161} INFO - Started process (PID=2302) to work on /opt/airflow/dags/pipeline_label_studio.py
[2025-11-18T06:24:41.528+0000] {processor.py:830} INFO - Processing file /opt/airflow/dags/pipeline_label_studio.py for tasks to queue
[2025-11-18T06:24:41.529+0000] {logging_mixin.py:188} INFO - [2025-11-18T06:24:41.528+0000] {dagbag.py:545} INFO - Filling up the DagBag from /opt/airflow/dags/pipeline_label_studio.py
[2025-11-18T06:24:41.537+0000] {processor.py:840} INFO - DAG(s) 'etl_label_studio' retrieved from /opt/airflow/dags/pipeline_label_studio.py
[2025-11-18T06:24:41.557+0000] {logging_mixin.py:188} INFO - [2025-11-18T06:24:41.557+0000] {dag.py:3089} INFO - Sync 1 DAGs
[2025-11-18T06:24:41.573+0000] {logging_mixin.py:188} INFO - [2025-11-18T06:24:41.573+0000] {dag.py:3947} INFO - Setting next_dagrun for etl_label_studio to 2025-11-18 03:00:00+00:00, run_after=2025-11-19 03:00:00+00:00
[2025-11-18T06:24:41.584+0000] {processor.py:183} INFO - Processing /opt/airflow/dags/pipeline_label_studio.py took 0.061 seconds
[2025-11-18T06:41:27.493+0000] {processor.py:161} INFO - Started process (PID=2317) to work on /opt/airflow/dags/pipeline_label_studio.py
[2025-11-18T06:41:27.494+0000] {processor.py:830} INFO - Processing file /opt/airflow/dags/pipeline_label_studio.py for tasks to queue
[2025-11-18T06:41:27.495+0000] {logging_mixin.py:188} INFO - [2025-11-18T06:41:27.495+0000] {dagbag.py:545} INFO - Filling up the DagBag from /opt/airflow/dags/pipeline_label_studio.py
[2025-11-18T06:41:27.504+0000] {processor.py:840} INFO - DAG(s) 'etl_label_studio' retrieved from /opt/airflow/dags/pipeline_label_studio.py
[2025-11-18T06:41:27.524+0000] {logging_mixin.py:188} INFO - [2025-11-18T06:41:27.524+0000] {dag.py:3089} INFO - Sync 1 DAGs
[2025-11-18T06:41:27.539+0000] {logging_mixin.py:188} INFO - [2025-11-18T06:41:27.539+0000] {dag.py:3947} INFO - Setting next_dagrun for etl_label_studio to 2025-11-18 03:00:00+00:00, run_after=2025-11-19 03:00:00+00:00
[2025-11-18T06:41:27.550+0000] {processor.py:183} INFO - Processing /opt/airflow/dags/pipeline_label_studio.py took 0.061 seconds
[2025-11-18T06:54:56.992+0000] {processor.py:161} INFO - Started process (PID=2332) to work on /opt/airflow/dags/pipeline_label_studio.py
[2025-11-18T06:54:56.994+0000] {processor.py:830} INFO - Processing file /opt/airflow/dags/pipeline_label_studio.py for tasks to queue
[2025-11-18T06:54:56.996+0000] {logging_mixin.py:188} INFO - [2025-11-18T06:54:56.996+0000] {dagbag.py:545} INFO - Filling up the DagBag from /opt/airflow/dags/pipeline_label_studio.py
[2025-11-18T06:54:57.004+0000] {processor.py:840} INFO - DAG(s) 'etl_label_studio' retrieved from /opt/airflow/dags/pipeline_label_studio.py
[2025-11-18T06:54:57.028+0000] {logging_mixin.py:188} INFO - [2025-11-18T06:54:57.028+0000] {dag.py:3089} INFO - Sync 1 DAGs
[2025-11-18T06:54:57.044+0000] {logging_mixin.py:188} INFO - [2025-11-18T06:54:57.043+0000] {dag.py:3947} INFO - Setting next_dagrun for etl_label_studio to 2025-11-18 03:00:00+00:00, run_after=2025-11-19 03:00:00+00:00
[2025-11-18T06:54:57.055+0000] {processor.py:183} INFO - Processing /opt/airflow/dags/pipeline_label_studio.py took 0.068 seconds
[2025-11-18T07:26:40.321+0000] {processor.py:161} INFO - Started process (PID=2347) to work on /opt/airflow/dags/pipeline_label_studio.py
[2025-11-18T07:26:40.322+0000] {processor.py:830} INFO - Processing file /opt/airflow/dags/pipeline_label_studio.py for tasks to queue
[2025-11-18T07:26:40.323+0000] {logging_mixin.py:188} INFO - [2025-11-18T07:26:40.323+0000] {dagbag.py:545} INFO - Filling up the DagBag from /opt/airflow/dags/pipeline_label_studio.py
[2025-11-18T07:26:40.330+0000] {processor.py:840} INFO - DAG(s) 'etl_label_studio' retrieved from /opt/airflow/dags/pipeline_label_studio.py
[2025-11-18T07:26:40.352+0000] {logging_mixin.py:188} INFO - [2025-11-18T07:26:40.352+0000] {dag.py:3089} INFO - Sync 1 DAGs
[2025-11-18T07:26:40.369+0000] {logging_mixin.py:188} INFO - [2025-11-18T07:26:40.369+0000] {dag.py:3947} INFO - Setting next_dagrun for etl_label_studio to 2025-11-18 03:00:00+00:00, run_after=2025-11-19 03:00:00+00:00
[2025-11-18T07:26:40.385+0000] {processor.py:183} INFO - Processing /opt/airflow/dags/pipeline_label_studio.py took 0.069 seconds
[2025-11-18T07:43:25.383+0000] {processor.py:161} INFO - Started process (PID=2362) to work on /opt/airflow/dags/pipeline_label_studio.py
[2025-11-18T07:43:25.384+0000] {processor.py:830} INFO - Processing file /opt/airflow/dags/pipeline_label_studio.py for tasks to queue
[2025-11-18T07:43:25.385+0000] {logging_mixin.py:188} INFO - [2025-11-18T07:43:25.385+0000] {dagbag.py:545} INFO - Filling up the DagBag from /opt/airflow/dags/pipeline_label_studio.py
[2025-11-18T07:43:25.394+0000] {processor.py:840} INFO - DAG(s) 'etl_label_studio' retrieved from /opt/airflow/dags/pipeline_label_studio.py
[2025-11-18T07:43:25.416+0000] {logging_mixin.py:188} INFO - [2025-11-18T07:43:25.416+0000] {dag.py:3089} INFO - Sync 1 DAGs
[2025-11-18T07:43:25.432+0000] {logging_mixin.py:188} INFO - [2025-11-18T07:43:25.432+0000] {dag.py:3947} INFO - Setting next_dagrun for etl_label_studio to 2025-11-18 03:00:00+00:00, run_after=2025-11-19 03:00:00+00:00
[2025-11-18T07:43:25.444+0000] {processor.py:183} INFO - Processing /opt/airflow/dags/pipeline_label_studio.py took 0.067 seconds
[2025-11-18T07:45:09.611+0000] {processor.py:161} INFO - Started process (PID=2377) to work on /opt/airflow/dags/pipeline_label_studio.py
[2025-11-18T07:45:09.613+0000] {processor.py:830} INFO - Processing file /opt/airflow/dags/pipeline_label_studio.py for tasks to queue
[2025-11-18T07:45:09.616+0000] {logging_mixin.py:188} INFO - [2025-11-18T07:45:09.616+0000] {dagbag.py:545} INFO - Filling up the DagBag from /opt/airflow/dags/pipeline_label_studio.py
[2025-11-18T07:45:09.626+0000] {processor.py:840} INFO - DAG(s) 'etl_label_studio' retrieved from /opt/airflow/dags/pipeline_label_studio.py
[2025-11-18T07:45:09.649+0000] {logging_mixin.py:188} INFO - [2025-11-18T07:45:09.649+0000] {dag.py:3089} INFO - Sync 1 DAGs
[2025-11-18T07:45:09.665+0000] {logging_mixin.py:188} INFO - [2025-11-18T07:45:09.665+0000] {dag.py:3947} INFO - Setting next_dagrun for etl_label_studio to 2025-11-18 03:00:00+00:00, run_after=2025-11-19 03:00:00+00:00
[2025-11-18T07:45:09.676+0000] {processor.py:183} INFO - Processing /opt/airflow/dags/pipeline_label_studio.py took 0.073 seconds
[2025-11-18T07:46:04.965+0000] {processor.py:161} INFO - Started process (PID=2392) to work on /opt/airflow/dags/pipeline_label_studio.py
[2025-11-18T07:46:04.966+0000] {processor.py:830} INFO - Processing file /opt/airflow/dags/pipeline_label_studio.py for tasks to queue
[2025-11-18T07:46:04.967+0000] {logging_mixin.py:188} INFO - [2025-11-18T07:46:04.967+0000] {dagbag.py:545} INFO - Filling up the DagBag from /opt/airflow/dags/pipeline_label_studio.py
[2025-11-18T07:46:04.978+0000] {processor.py:840} INFO - DAG(s) 'etl_label_studio' retrieved from /opt/airflow/dags/pipeline_label_studio.py
[2025-11-18T07:46:05.013+0000] {logging_mixin.py:188} INFO - [2025-11-18T07:46:05.013+0000] {dag.py:3089} INFO - Sync 1 DAGs
[2025-11-18T07:46:05.033+0000] {logging_mixin.py:188} INFO - [2025-11-18T07:46:05.033+0000] {dag.py:3947} INFO - Setting next_dagrun for etl_label_studio to 2025-11-18 03:00:00+00:00, run_after=2025-11-19 03:00:00+00:00
[2025-11-18T07:46:05.056+0000] {processor.py:183} INFO - Processing /opt/airflow/dags/pipeline_label_studio.py took 0.098 seconds
[2025-11-18T08:03:14.106+0000] {processor.py:161} INFO - Started process (PID=2407) to work on /opt/airflow/dags/pipeline_label_studio.py
[2025-11-18T08:03:14.107+0000] {processor.py:830} INFO - Processing file /opt/airflow/dags/pipeline_label_studio.py for tasks to queue
[2025-11-18T08:03:14.108+0000] {logging_mixin.py:188} INFO - [2025-11-18T08:03:14.108+0000] {dagbag.py:545} INFO - Filling up the DagBag from /opt/airflow/dags/pipeline_label_studio.py
[2025-11-18T08:03:14.116+0000] {processor.py:840} INFO - DAG(s) 'etl_label_studio' retrieved from /opt/airflow/dags/pipeline_label_studio.py
[2025-11-18T08:03:14.137+0000] {logging_mixin.py:188} INFO - [2025-11-18T08:03:14.137+0000] {dag.py:3089} INFO - Sync 1 DAGs
[2025-11-18T08:03:14.152+0000] {logging_mixin.py:188} INFO - [2025-11-18T08:03:14.152+0000] {dag.py:3947} INFO - Setting next_dagrun for etl_label_studio to 2025-11-18 03:00:00+00:00, run_after=2025-11-19 03:00:00+00:00
[2025-11-18T08:03:14.165+0000] {processor.py:183} INFO - Processing /opt/airflow/dags/pipeline_label_studio.py took 0.063 seconds
[2025-11-18T08:26:33.061+0000] {processor.py:161} INFO - Started process (PID=2422) to work on /opt/airflow/dags/pipeline_label_studio.py
[2025-11-18T08:26:33.062+0000] {processor.py:830} INFO - Processing file /opt/airflow/dags/pipeline_label_studio.py for tasks to queue
[2025-11-18T08:26:33.063+0000] {logging_mixin.py:188} INFO - [2025-11-18T08:26:33.063+0000] {dagbag.py:545} INFO - Filling up the DagBag from /opt/airflow/dags/pipeline_label_studio.py
[2025-11-18T08:26:33.072+0000] {processor.py:840} INFO - DAG(s) 'etl_label_studio' retrieved from /opt/airflow/dags/pipeline_label_studio.py
[2025-11-18T08:26:33.093+0000] {logging_mixin.py:188} INFO - [2025-11-18T08:26:33.093+0000] {dag.py:3089} INFO - Sync 1 DAGs
[2025-11-18T08:26:33.108+0000] {logging_mixin.py:188} INFO - [2025-11-18T08:26:33.108+0000] {dag.py:3947} INFO - Setting next_dagrun for etl_label_studio to 2025-11-18 03:00:00+00:00, run_after=2025-11-19 03:00:00+00:00
[2025-11-18T08:26:33.120+0000] {processor.py:183} INFO - Processing /opt/airflow/dags/pipeline_label_studio.py took 0.063 seconds
[2025-11-18T08:28:17.127+0000] {processor.py:161} INFO - Started process (PID=2437) to work on /opt/airflow/dags/pipeline_label_studio.py
[2025-11-18T08:28:17.128+0000] {processor.py:830} INFO - Processing file /opt/airflow/dags/pipeline_label_studio.py for tasks to queue
[2025-11-18T08:28:17.129+0000] {logging_mixin.py:188} INFO - [2025-11-18T08:28:17.129+0000] {dagbag.py:545} INFO - Filling up the DagBag from /opt/airflow/dags/pipeline_label_studio.py
[2025-11-18T08:28:17.136+0000] {processor.py:840} INFO - DAG(s) 'etl_label_studio' retrieved from /opt/airflow/dags/pipeline_label_studio.py
[2025-11-18T08:28:17.160+0000] {logging_mixin.py:188} INFO - [2025-11-18T08:28:17.159+0000] {dag.py:3089} INFO - Sync 1 DAGs
[2025-11-18T08:28:17.175+0000] {logging_mixin.py:188} INFO - [2025-11-18T08:28:17.175+0000] {dag.py:3947} INFO - Setting next_dagrun for etl_label_studio to 2025-11-18 03:00:00+00:00, run_after=2025-11-19 03:00:00+00:00
[2025-11-18T08:28:17.187+0000] {processor.py:183} INFO - Processing /opt/airflow/dags/pipeline_label_studio.py took 0.064 seconds
[2025-11-18T08:30:02.127+0000] {processor.py:161} INFO - Started process (PID=2452) to work on /opt/airflow/dags/pipeline_label_studio.py
[2025-11-18T08:30:02.127+0000] {processor.py:830} INFO - Processing file /opt/airflow/dags/pipeline_label_studio.py for tasks to queue
[2025-11-18T08:30:02.128+0000] {logging_mixin.py:188} INFO - [2025-11-18T08:30:02.128+0000] {dagbag.py:545} INFO - Filling up the DagBag from /opt/airflow/dags/pipeline_label_studio.py
[2025-11-18T08:30:02.136+0000] {processor.py:840} INFO - DAG(s) 'etl_label_studio' retrieved from /opt/airflow/dags/pipeline_label_studio.py
[2025-11-18T08:30:02.163+0000] {logging_mixin.py:188} INFO - [2025-11-18T08:30:02.163+0000] {dag.py:3089} INFO - Sync 1 DAGs
[2025-11-18T08:30:02.189+0000] {logging_mixin.py:188} INFO - [2025-11-18T08:30:02.188+0000] {dag.py:3947} INFO - Setting next_dagrun for etl_label_studio to 2025-11-18 03:00:00+00:00, run_after=2025-11-19 03:00:00+00:00
[2025-11-18T08:30:02.203+0000] {processor.py:183} INFO - Processing /opt/airflow/dags/pipeline_label_studio.py took 0.082 seconds
[2025-11-18T08:48:49.241+0000] {processor.py:161} INFO - Started process (PID=2467) to work on /opt/airflow/dags/pipeline_label_studio.py
[2025-11-18T08:48:49.242+0000] {processor.py:830} INFO - Processing file /opt/airflow/dags/pipeline_label_studio.py for tasks to queue
[2025-11-18T08:48:49.244+0000] {logging_mixin.py:188} INFO - [2025-11-18T08:48:49.244+0000] {dagbag.py:545} INFO - Filling up the DagBag from /opt/airflow/dags/pipeline_label_studio.py
[2025-11-18T08:48:49.253+0000] {processor.py:840} INFO - DAG(s) 'etl_label_studio' retrieved from /opt/airflow/dags/pipeline_label_studio.py
[2025-11-18T08:48:49.274+0000] {logging_mixin.py:188} INFO - [2025-11-18T08:48:49.274+0000] {dag.py:3089} INFO - Sync 1 DAGs
[2025-11-18T08:48:49.290+0000] {logging_mixin.py:188} INFO - [2025-11-18T08:48:49.290+0000] {dag.py:3947} INFO - Setting next_dagrun for etl_label_studio to 2025-11-18 03:00:00+00:00, run_after=2025-11-19 03:00:00+00:00
[2025-11-18T08:48:49.301+0000] {processor.py:183} INFO - Processing /opt/airflow/dags/pipeline_label_studio.py took 0.065 seconds
[2025-11-18T08:49:20.502+0000] {processor.py:161} INFO - Started process (PID=2482) to work on /opt/airflow/dags/pipeline_label_studio.py
[2025-11-18T08:49:20.504+0000] {processor.py:830} INFO - Processing file /opt/airflow/dags/pipeline_label_studio.py for tasks to queue
[2025-11-18T08:49:20.506+0000] {logging_mixin.py:188} INFO - [2025-11-18T08:49:20.506+0000] {dagbag.py:545} INFO - Filling up the DagBag from /opt/airflow/dags/pipeline_label_studio.py
[2025-11-18T08:49:20.520+0000] {processor.py:840} INFO - DAG(s) 'etl_label_studio' retrieved from /opt/airflow/dags/pipeline_label_studio.py
[2025-11-18T08:49:20.566+0000] {logging_mixin.py:188} INFO - [2025-11-18T08:49:20.566+0000] {dag.py:3089} INFO - Sync 1 DAGs
[2025-11-18T08:49:20.643+0000] {logging_mixin.py:188} INFO - [2025-11-18T08:49:20.642+0000] {dag.py:3947} INFO - Setting next_dagrun for etl_label_studio to 2025-11-18 03:00:00+00:00, run_after=2025-11-19 03:00:00+00:00
[2025-11-18T08:49:20.753+0000] {processor.py:183} INFO - Processing /opt/airflow/dags/pipeline_label_studio.py took 0.257 seconds
[2025-11-18T09:06:30.388+0000] {processor.py:161} INFO - Started process (PID=2497) to work on /opt/airflow/dags/pipeline_label_studio.py
[2025-11-18T09:06:30.389+0000] {processor.py:830} INFO - Processing file /opt/airflow/dags/pipeline_label_studio.py for tasks to queue
[2025-11-18T09:06:30.390+0000] {logging_mixin.py:188} INFO - [2025-11-18T09:06:30.389+0000] {dagbag.py:545} INFO - Filling up the DagBag from /opt/airflow/dags/pipeline_label_studio.py
[2025-11-18T09:06:30.397+0000] {processor.py:840} INFO - DAG(s) 'etl_label_studio' retrieved from /opt/airflow/dags/pipeline_label_studio.py
[2025-11-18T09:06:30.418+0000] {logging_mixin.py:188} INFO - [2025-11-18T09:06:30.417+0000] {dag.py:3089} INFO - Sync 1 DAGs
[2025-11-18T09:06:30.434+0000] {logging_mixin.py:188} INFO - [2025-11-18T09:06:30.434+0000] {dag.py:3947} INFO - Setting next_dagrun for etl_label_studio to 2025-11-18 03:00:00+00:00, run_after=2025-11-19 03:00:00+00:00
[2025-11-18T09:06:30.446+0000] {processor.py:183} INFO - Processing /opt/airflow/dags/pipeline_label_studio.py took 0.064 seconds
[2025-11-18T09:28:09.798+0000] {processor.py:161} INFO - Started process (PID=2512) to work on /opt/airflow/dags/pipeline_label_studio.py
[2025-11-18T09:28:09.799+0000] {processor.py:830} INFO - Processing file /opt/airflow/dags/pipeline_label_studio.py for tasks to queue
[2025-11-18T09:28:09.800+0000] {logging_mixin.py:188} INFO - [2025-11-18T09:28:09.800+0000] {dagbag.py:545} INFO - Filling up the DagBag from /opt/airflow/dags/pipeline_label_studio.py
[2025-11-18T09:28:09.810+0000] {processor.py:840} INFO - DAG(s) 'etl_label_studio' retrieved from /opt/airflow/dags/pipeline_label_studio.py
[2025-11-18T09:28:09.832+0000] {logging_mixin.py:188} INFO - [2025-11-18T09:28:09.832+0000] {dag.py:3089} INFO - Sync 1 DAGs
[2025-11-18T09:28:09.850+0000] {logging_mixin.py:188} INFO - [2025-11-18T09:28:09.850+0000] {dag.py:3947} INFO - Setting next_dagrun for etl_label_studio to 2025-11-18 03:00:00+00:00, run_after=2025-11-19 03:00:00+00:00
[2025-11-18T09:28:09.861+0000] {processor.py:183} INFO - Processing /opt/airflow/dags/pipeline_label_studio.py took 0.068 seconds
[2025-11-18T09:29:53.810+0000] {processor.py:161} INFO - Started process (PID=2527) to work on /opt/airflow/dags/pipeline_label_studio.py
[2025-11-18T09:29:53.811+0000] {processor.py:830} INFO - Processing file /opt/airflow/dags/pipeline_label_studio.py for tasks to queue
[2025-11-18T09:29:53.812+0000] {logging_mixin.py:188} INFO - [2025-11-18T09:29:53.812+0000] {dagbag.py:545} INFO - Filling up the DagBag from /opt/airflow/dags/pipeline_label_studio.py
[2025-11-18T09:29:53.820+0000] {processor.py:840} INFO - DAG(s) 'etl_label_studio' retrieved from /opt/airflow/dags/pipeline_label_studio.py
[2025-11-18T09:29:53.841+0000] {logging_mixin.py:188} INFO - [2025-11-18T09:29:53.840+0000] {dag.py:3089} INFO - Sync 1 DAGs
[2025-11-18T09:29:53.858+0000] {logging_mixin.py:188} INFO - [2025-11-18T09:29:53.858+0000] {dag.py:3947} INFO - Setting next_dagrun for etl_label_studio to 2025-11-18 03:00:00+00:00, run_after=2025-11-19 03:00:00+00:00
[2025-11-18T09:29:53.873+0000] {processor.py:183} INFO - Processing /opt/airflow/dags/pipeline_label_studio.py took 0.067 seconds
[2025-11-18T10:28:35.711+0000] {processor.py:161} INFO - Started process (PID=2542) to work on /opt/airflow/dags/pipeline_label_studio.py
[2025-11-18T10:28:35.712+0000] {processor.py:830} INFO - Processing file /opt/airflow/dags/pipeline_label_studio.py for tasks to queue
[2025-11-18T10:28:35.713+0000] {logging_mixin.py:188} INFO - [2025-11-18T10:28:35.713+0000] {dagbag.py:545} INFO - Filling up the DagBag from /opt/airflow/dags/pipeline_label_studio.py
[2025-11-18T10:28:35.721+0000] {processor.py:840} INFO - DAG(s) 'etl_label_studio' retrieved from /opt/airflow/dags/pipeline_label_studio.py
[2025-11-18T10:28:35.742+0000] {logging_mixin.py:188} INFO - [2025-11-18T10:28:35.742+0000] {dag.py:3089} INFO - Sync 1 DAGs
[2025-11-18T10:28:35.759+0000] {logging_mixin.py:188} INFO - [2025-11-18T10:28:35.759+0000] {dag.py:3947} INFO - Setting next_dagrun for etl_label_studio to 2025-11-18 03:00:00+00:00, run_after=2025-11-19 03:00:00+00:00
[2025-11-18T10:28:35.771+0000] {processor.py:183} INFO - Processing /opt/airflow/dags/pipeline_label_studio.py took 0.065 seconds
[2025-11-18T10:30:19.804+0000] {processor.py:161} INFO - Started process (PID=2557) to work on /opt/airflow/dags/pipeline_label_studio.py
[2025-11-18T10:30:19.804+0000] {processor.py:830} INFO - Processing file /opt/airflow/dags/pipeline_label_studio.py for tasks to queue
[2025-11-18T10:30:19.806+0000] {logging_mixin.py:188} INFO - [2025-11-18T10:30:19.805+0000] {dagbag.py:545} INFO - Filling up the DagBag from /opt/airflow/dags/pipeline_label_studio.py
[2025-11-18T10:30:19.813+0000] {processor.py:840} INFO - DAG(s) 'etl_label_studio' retrieved from /opt/airflow/dags/pipeline_label_studio.py
[2025-11-18T10:30:19.834+0000] {logging_mixin.py:188} INFO - [2025-11-18T10:30:19.834+0000] {dag.py:3089} INFO - Sync 1 DAGs
[2025-11-18T10:30:19.849+0000] {logging_mixin.py:188} INFO - [2025-11-18T10:30:19.849+0000] {dag.py:3947} INFO - Setting next_dagrun for etl_label_studio to 2025-11-18 03:00:00+00:00, run_after=2025-11-19 03:00:00+00:00
[2025-11-18T10:30:19.859+0000] {processor.py:183} INFO - Processing /opt/airflow/dags/pipeline_label_studio.py took 0.060 seconds
[2025-11-18T10:31:15.103+0000] {processor.py:161} INFO - Started process (PID=2572) to work on /opt/airflow/dags/pipeline_label_studio.py
[2025-11-18T10:31:15.105+0000] {processor.py:830} INFO - Processing file /opt/airflow/dags/pipeline_label_studio.py for tasks to queue
[2025-11-18T10:31:15.106+0000] {logging_mixin.py:188} INFO - [2025-11-18T10:31:15.106+0000] {dagbag.py:545} INFO - Filling up the DagBag from /opt/airflow/dags/pipeline_label_studio.py
[2025-11-18T10:31:15.114+0000] {processor.py:840} INFO - DAG(s) 'etl_label_studio' retrieved from /opt/airflow/dags/pipeline_label_studio.py
[2025-11-18T10:31:15.139+0000] {logging_mixin.py:188} INFO - [2025-11-18T10:31:15.138+0000] {dag.py:3089} INFO - Sync 1 DAGs
[2025-11-18T10:31:15.154+0000] {logging_mixin.py:188} INFO - [2025-11-18T10:31:15.154+0000] {dag.py:3947} INFO - Setting next_dagrun for etl_label_studio to 2025-11-18 03:00:00+00:00, run_after=2025-11-19 03:00:00+00:00
[2025-11-18T10:31:15.166+0000] {processor.py:183} INFO - Processing /opt/airflow/dags/pipeline_label_studio.py took 0.068 seconds
[2025-11-18T10:48:00.158+0000] {processor.py:161} INFO - Started process (PID=2587) to work on /opt/airflow/dags/pipeline_label_studio.py
[2025-11-18T10:48:00.159+0000] {processor.py:830} INFO - Processing file /opt/airflow/dags/pipeline_label_studio.py for tasks to queue
[2025-11-18T10:48:00.160+0000] {logging_mixin.py:188} INFO - [2025-11-18T10:48:00.160+0000] {dagbag.py:545} INFO - Filling up the DagBag from /opt/airflow/dags/pipeline_label_studio.py
[2025-11-18T10:48:00.169+0000] {processor.py:840} INFO - DAG(s) 'etl_label_studio' retrieved from /opt/airflow/dags/pipeline_label_studio.py
[2025-11-18T10:48:00.190+0000] {logging_mixin.py:188} INFO - [2025-11-18T10:48:00.190+0000] {dag.py:3089} INFO - Sync 1 DAGs
[2025-11-18T10:48:00.206+0000] {logging_mixin.py:188} INFO - [2025-11-18T10:48:00.205+0000] {dag.py:3947} INFO - Setting next_dagrun for etl_label_studio to 2025-11-18 03:00:00+00:00, run_after=2025-11-19 03:00:00+00:00
[2025-11-18T10:48:00.217+0000] {processor.py:183} INFO - Processing /opt/airflow/dags/pipeline_label_studio.py took 0.064 seconds
[2025-11-18T10:49:45.111+0000] {processor.py:161} INFO - Started process (PID=2602) to work on /opt/airflow/dags/pipeline_label_studio.py
[2025-11-18T10:49:45.112+0000] {processor.py:830} INFO - Processing file /opt/airflow/dags/pipeline_label_studio.py for tasks to queue
[2025-11-18T10:49:45.114+0000] {logging_mixin.py:188} INFO - [2025-11-18T10:49:45.113+0000] {dagbag.py:545} INFO - Filling up the DagBag from /opt/airflow/dags/pipeline_label_studio.py
[2025-11-18T10:49:45.125+0000] {processor.py:840} INFO - DAG(s) 'etl_label_studio' retrieved from /opt/airflow/dags/pipeline_label_studio.py
[2025-11-18T10:49:45.151+0000] {logging_mixin.py:188} INFO - [2025-11-18T10:49:45.151+0000] {dag.py:3089} INFO - Sync 1 DAGs
[2025-11-18T10:49:45.170+0000] {logging_mixin.py:188} INFO - [2025-11-18T10:49:45.170+0000] {dag.py:3947} INFO - Setting next_dagrun for etl_label_studio to 2025-11-18 03:00:00+00:00, run_after=2025-11-19 03:00:00+00:00
[2025-11-18T10:49:45.183+0000] {processor.py:183} INFO - Processing /opt/airflow/dags/pipeline_label_studio.py took 0.077 seconds
[2025-11-18T11:30:41.442+0000] {processor.py:161} INFO - Started process (PID=2617) to work on /opt/airflow/dags/pipeline_label_studio.py
[2025-11-18T11:30:41.443+0000] {processor.py:830} INFO - Processing file /opt/airflow/dags/pipeline_label_studio.py for tasks to queue
[2025-11-18T11:30:41.445+0000] {logging_mixin.py:188} INFO - [2025-11-18T11:30:41.445+0000] {dagbag.py:545} INFO - Filling up the DagBag from /opt/airflow/dags/pipeline_label_studio.py
[2025-11-18T11:30:41.454+0000] {processor.py:840} INFO - DAG(s) 'etl_label_studio' retrieved from /opt/airflow/dags/pipeline_label_studio.py
[2025-11-18T11:30:41.477+0000] {logging_mixin.py:188} INFO - [2025-11-18T11:30:41.476+0000] {dag.py:3089} INFO - Sync 1 DAGs
[2025-11-18T11:30:41.493+0000] {logging_mixin.py:188} INFO - [2025-11-18T11:30:41.493+0000] {dag.py:3947} INFO - Setting next_dagrun for etl_label_studio to 2025-11-18 03:00:00+00:00, run_after=2025-11-19 03:00:00+00:00
[2025-11-18T11:30:41.508+0000] {processor.py:183} INFO - Processing /opt/airflow/dags/pipeline_label_studio.py took 0.069 seconds
[2025-11-18T11:32:26.606+0000] {processor.py:161} INFO - Started process (PID=2632) to work on /opt/airflow/dags/pipeline_label_studio.py
[2025-11-18T11:32:26.608+0000] {processor.py:830} INFO - Processing file /opt/airflow/dags/pipeline_label_studio.py for tasks to queue
[2025-11-18T11:32:26.609+0000] {logging_mixin.py:188} INFO - [2025-11-18T11:32:26.609+0000] {dagbag.py:545} INFO - Filling up the DagBag from /opt/airflow/dags/pipeline_label_studio.py
[2025-11-18T11:32:26.617+0000] {processor.py:840} INFO - DAG(s) 'etl_label_studio' retrieved from /opt/airflow/dags/pipeline_label_studio.py
[2025-11-18T11:32:26.636+0000] {logging_mixin.py:188} INFO - [2025-11-18T11:32:26.635+0000] {dag.py:3089} INFO - Sync 1 DAGs
[2025-11-18T11:32:26.651+0000] {logging_mixin.py:188} INFO - [2025-11-18T11:32:26.651+0000] {dag.py:3947} INFO - Setting next_dagrun for etl_label_studio to 2025-11-18 03:00:00+00:00, run_after=2025-11-19 03:00:00+00:00
[2025-11-18T11:32:26.662+0000] {processor.py:183} INFO - Processing /opt/airflow/dags/pipeline_label_studio.py took 0.059 seconds
[2025-11-18T12:46:15.695+0000] {processor.py:161} INFO - Started process (PID=2647) to work on /opt/airflow/dags/pipeline_label_studio.py
[2025-11-18T12:46:15.696+0000] {processor.py:830} INFO - Processing file /opt/airflow/dags/pipeline_label_studio.py for tasks to queue
[2025-11-18T12:46:15.697+0000] {logging_mixin.py:188} INFO - [2025-11-18T12:46:15.697+0000] {dagbag.py:545} INFO - Filling up the DagBag from /opt/airflow/dags/pipeline_label_studio.py
[2025-11-18T12:46:15.705+0000] {processor.py:840} INFO - DAG(s) 'etl_label_studio' retrieved from /opt/airflow/dags/pipeline_label_studio.py
[2025-11-18T12:46:15.732+0000] {logging_mixin.py:188} INFO - [2025-11-18T12:46:15.731+0000] {dag.py:3089} INFO - Sync 1 DAGs
[2025-11-18T12:46:15.750+0000] {logging_mixin.py:188} INFO - [2025-11-18T12:46:15.750+0000] {dag.py:3947} INFO - Setting next_dagrun for etl_label_studio to 2025-11-18 03:00:00+00:00, run_after=2025-11-19 03:00:00+00:00
[2025-11-18T12:46:15.768+0000] {processor.py:183} INFO - Processing /opt/airflow/dags/pipeline_label_studio.py took 0.078 seconds
[2025-11-18T12:48:00.764+0000] {processor.py:161} INFO - Started process (PID=2662) to work on /opt/airflow/dags/pipeline_label_studio.py
[2025-11-18T12:48:00.765+0000] {processor.py:830} INFO - Processing file /opt/airflow/dags/pipeline_label_studio.py for tasks to queue
[2025-11-18T12:48:00.766+0000] {logging_mixin.py:188} INFO - [2025-11-18T12:48:00.766+0000] {dagbag.py:545} INFO - Filling up the DagBag from /opt/airflow/dags/pipeline_label_studio.py
[2025-11-18T12:48:00.773+0000] {processor.py:840} INFO - DAG(s) 'etl_label_studio' retrieved from /opt/airflow/dags/pipeline_label_studio.py
[2025-11-18T12:48:00.795+0000] {logging_mixin.py:188} INFO - [2025-11-18T12:48:00.795+0000] {dag.py:3089} INFO - Sync 1 DAGs
[2025-11-18T12:48:00.812+0000] {logging_mixin.py:188} INFO - [2025-11-18T12:48:00.812+0000] {dag.py:3947} INFO - Setting next_dagrun for etl_label_studio to 2025-11-18 03:00:00+00:00, run_after=2025-11-19 03:00:00+00:00
[2025-11-18T12:48:00.823+0000] {processor.py:183} INFO - Processing /opt/airflow/dags/pipeline_label_studio.py took 0.064 seconds
[2025-11-18T12:49:20.019+0000] {processor.py:161} INFO - Started process (PID=2677) to work on /opt/airflow/dags/pipeline_label_studio.py
[2025-11-18T12:49:20.020+0000] {processor.py:830} INFO - Processing file /opt/airflow/dags/pipeline_label_studio.py for tasks to queue
[2025-11-18T12:49:20.021+0000] {logging_mixin.py:188} INFO - [2025-11-18T12:49:20.021+0000] {dagbag.py:545} INFO - Filling up the DagBag from /opt/airflow/dags/pipeline_label_studio.py
[2025-11-18T12:49:20.028+0000] {processor.py:840} INFO - DAG(s) 'etl_label_studio' retrieved from /opt/airflow/dags/pipeline_label_studio.py
[2025-11-18T12:49:20.049+0000] {logging_mixin.py:188} INFO - [2025-11-18T12:49:20.049+0000] {dag.py:3089} INFO - Sync 1 DAGs
[2025-11-18T12:49:20.065+0000] {logging_mixin.py:188} INFO - [2025-11-18T12:49:20.065+0000] {dag.py:3947} INFO - Setting next_dagrun for etl_label_studio to 2025-11-18 03:00:00+00:00, run_after=2025-11-19 03:00:00+00:00
[2025-11-18T12:49:20.077+0000] {processor.py:183} INFO - Processing /opt/airflow/dags/pipeline_label_studio.py took 0.061 seconds
[2025-11-18T13:32:52.591+0000] {processor.py:161} INFO - Started process (PID=2692) to work on /opt/airflow/dags/pipeline_label_studio.py
[2025-11-18T13:32:52.592+0000] {processor.py:830} INFO - Processing file /opt/airflow/dags/pipeline_label_studio.py for tasks to queue
[2025-11-18T13:32:52.593+0000] {logging_mixin.py:188} INFO - [2025-11-18T13:32:52.593+0000] {dagbag.py:545} INFO - Filling up the DagBag from /opt/airflow/dags/pipeline_label_studio.py
[2025-11-18T13:32:52.601+0000] {processor.py:840} INFO - DAG(s) 'etl_label_studio' retrieved from /opt/airflow/dags/pipeline_label_studio.py
[2025-11-18T13:32:52.622+0000] {logging_mixin.py:188} INFO - [2025-11-18T13:32:52.622+0000] {dag.py:3089} INFO - Sync 1 DAGs
[2025-11-18T13:32:52.638+0000] {logging_mixin.py:188} INFO - [2025-11-18T13:32:52.638+0000] {dag.py:3947} INFO - Setting next_dagrun for etl_label_studio to 2025-11-18 03:00:00+00:00, run_after=2025-11-19 03:00:00+00:00
[2025-11-18T13:32:52.651+0000] {processor.py:183} INFO - Processing /opt/airflow/dags/pipeline_label_studio.py took 0.063 seconds
[2025-11-18T13:34:36.592+0000] {processor.py:161} INFO - Started process (PID=2707) to work on /opt/airflow/dags/pipeline_label_studio.py
[2025-11-18T13:34:36.593+0000] {processor.py:830} INFO - Processing file /opt/airflow/dags/pipeline_label_studio.py for tasks to queue
[2025-11-18T13:34:36.594+0000] {logging_mixin.py:188} INFO - [2025-11-18T13:34:36.594+0000] {dagbag.py:545} INFO - Filling up the DagBag from /opt/airflow/dags/pipeline_label_studio.py
[2025-11-18T13:34:36.601+0000] {processor.py:840} INFO - DAG(s) 'etl_label_studio' retrieved from /opt/airflow/dags/pipeline_label_studio.py
[2025-11-18T13:34:36.624+0000] {logging_mixin.py:188} INFO - [2025-11-18T13:34:36.623+0000] {dag.py:3089} INFO - Sync 1 DAGs
[2025-11-18T13:34:36.640+0000] {logging_mixin.py:188} INFO - [2025-11-18T13:34:36.640+0000] {dag.py:3947} INFO - Setting next_dagrun for etl_label_studio to 2025-11-18 03:00:00+00:00, run_after=2025-11-19 03:00:00+00:00
[2025-11-18T13:34:36.651+0000] {processor.py:183} INFO - Processing /opt/airflow/dags/pipeline_label_studio.py took 0.063 seconds
[2025-11-18T14:32:50.094+0000] {processor.py:161} INFO - Started process (PID=2722) to work on /opt/airflow/dags/pipeline_label_studio.py
[2025-11-18T14:32:50.098+0000] {processor.py:830} INFO - Processing file /opt/airflow/dags/pipeline_label_studio.py for tasks to queue
[2025-11-18T14:32:50.100+0000] {logging_mixin.py:188} INFO - [2025-11-18T14:32:50.100+0000] {dagbag.py:545} INFO - Filling up the DagBag from /opt/airflow/dags/pipeline_label_studio.py
[2025-11-18T14:32:50.109+0000] {processor.py:840} INFO - DAG(s) 'etl_label_studio' retrieved from /opt/airflow/dags/pipeline_label_studio.py
[2025-11-18T14:32:50.131+0000] {logging_mixin.py:188} INFO - [2025-11-18T14:32:50.131+0000] {dag.py:3089} INFO - Sync 1 DAGs
[2025-11-18T14:32:50.151+0000] {logging_mixin.py:188} INFO - [2025-11-18T14:32:50.150+0000] {dag.py:3947} INFO - Setting next_dagrun for etl_label_studio to 2025-11-18 03:00:00+00:00, run_after=2025-11-19 03:00:00+00:00
[2025-11-18T14:32:50.166+0000] {processor.py:183} INFO - Processing /opt/airflow/dags/pipeline_label_studio.py took 0.076 seconds
[2025-11-18T14:49:33.350+0000] {processor.py:161} INFO - Started process (PID=2737) to work on /opt/airflow/dags/pipeline_label_studio.py
[2025-11-18T14:49:33.351+0000] {processor.py:830} INFO - Processing file /opt/airflow/dags/pipeline_label_studio.py for tasks to queue
[2025-11-18T14:49:33.353+0000] {logging_mixin.py:188} INFO - [2025-11-18T14:49:33.353+0000] {dagbag.py:545} INFO - Filling up the DagBag from /opt/airflow/dags/pipeline_label_studio.py
[2025-11-18T14:49:33.362+0000] {processor.py:840} INFO - DAG(s) 'etl_label_studio' retrieved from /opt/airflow/dags/pipeline_label_studio.py
[2025-11-18T14:49:33.390+0000] {logging_mixin.py:188} INFO - [2025-11-18T14:49:33.389+0000] {dag.py:3089} INFO - Sync 1 DAGs
[2025-11-18T14:49:33.408+0000] {logging_mixin.py:188} INFO - [2025-11-18T14:49:33.408+0000] {dag.py:3947} INFO - Setting next_dagrun for etl_label_studio to 2025-11-18 03:00:00+00:00, run_after=2025-11-19 03:00:00+00:00
[2025-11-18T14:49:33.425+0000] {processor.py:183} INFO - Processing /opt/airflow/dags/pipeline_label_studio.py took 0.078 seconds
[2025-11-18T15:08:00.773+0000] {processor.py:161} INFO - Started process (PID=2752) to work on /opt/airflow/dags/pipeline_label_studio.py
[2025-11-18T15:08:00.774+0000] {processor.py:830} INFO - Processing file /opt/airflow/dags/pipeline_label_studio.py for tasks to queue
[2025-11-18T15:08:00.776+0000] {logging_mixin.py:188} INFO - [2025-11-18T15:08:00.776+0000] {dagbag.py:545} INFO - Filling up the DagBag from /opt/airflow/dags/pipeline_label_studio.py
[2025-11-18T15:08:00.783+0000] {processor.py:840} INFO - DAG(s) 'etl_label_studio' retrieved from /opt/airflow/dags/pipeline_label_studio.py
[2025-11-18T15:08:00.805+0000] {logging_mixin.py:188} INFO - [2025-11-18T15:08:00.805+0000] {dag.py:3089} INFO - Sync 1 DAGs
[2025-11-18T15:08:00.821+0000] {logging_mixin.py:188} INFO - [2025-11-18T15:08:00.821+0000] {dag.py:3947} INFO - Setting next_dagrun for etl_label_studio to 2025-11-18 03:00:00+00:00, run_after=2025-11-19 03:00:00+00:00
[2025-11-18T15:08:00.834+0000] {processor.py:183} INFO - Processing /opt/airflow/dags/pipeline_label_studio.py took 0.065 seconds
[2025-11-18T15:09:19.934+0000] {processor.py:161} INFO - Started process (PID=2767) to work on /opt/airflow/dags/pipeline_label_studio.py
[2025-11-18T15:09:19.936+0000] {processor.py:830} INFO - Processing file /opt/airflow/dags/pipeline_label_studio.py for tasks to queue
[2025-11-18T15:09:19.937+0000] {logging_mixin.py:188} INFO - [2025-11-18T15:09:19.937+0000] {dagbag.py:545} INFO - Filling up the DagBag from /opt/airflow/dags/pipeline_label_studio.py
[2025-11-18T15:09:19.951+0000] {processor.py:840} INFO - DAG(s) 'etl_label_studio' retrieved from /opt/airflow/dags/pipeline_label_studio.py
[2025-11-18T15:09:19.979+0000] {logging_mixin.py:188} INFO - [2025-11-18T15:09:19.979+0000] {dag.py:3089} INFO - Sync 1 DAGs
[2025-11-18T15:09:19.996+0000] {logging_mixin.py:188} INFO - [2025-11-18T15:09:19.996+0000] {dag.py:3947} INFO - Setting next_dagrun for etl_label_studio to 2025-11-18 03:00:00+00:00, run_after=2025-11-19 03:00:00+00:00
[2025-11-18T15:09:20.009+0000] {processor.py:183} INFO - Processing /opt/airflow/dags/pipeline_label_studio.py took 0.079 seconds
[2025-11-18T15:10:40.226+0000] {processor.py:161} INFO - Started process (PID=2782) to work on /opt/airflow/dags/pipeline_label_studio.py
[2025-11-18T15:10:40.229+0000] {processor.py:830} INFO - Processing file /opt/airflow/dags/pipeline_label_studio.py for tasks to queue
[2025-11-18T15:10:40.230+0000] {logging_mixin.py:188} INFO - [2025-11-18T15:10:40.230+0000] {dagbag.py:545} INFO - Filling up the DagBag from /opt/airflow/dags/pipeline_label_studio.py
[2025-11-18T15:10:40.240+0000] {processor.py:840} INFO - DAG(s) 'etl_label_studio' retrieved from /opt/airflow/dags/pipeline_label_studio.py
[2025-11-18T15:10:40.303+0000] {logging_mixin.py:188} INFO - [2025-11-18T15:10:40.303+0000] {dag.py:3089} INFO - Sync 1 DAGs
[2025-11-18T15:10:40.361+0000] {logging_mixin.py:188} INFO - [2025-11-18T15:10:40.361+0000] {dag.py:3947} INFO - Setting next_dagrun for etl_label_studio to 2025-11-18 03:00:00+00:00, run_after=2025-11-19 03:00:00+00:00
[2025-11-18T15:10:40.392+0000] {processor.py:183} INFO - Processing /opt/airflow/dags/pipeline_label_studio.py took 0.170 seconds
[2025-11-18T15:27:50.178+0000] {processor.py:161} INFO - Started process (PID=2797) to work on /opt/airflow/dags/pipeline_label_studio.py
[2025-11-18T15:27:50.179+0000] {processor.py:830} INFO - Processing file /opt/airflow/dags/pipeline_label_studio.py for tasks to queue
[2025-11-18T15:27:50.180+0000] {logging_mixin.py:188} INFO - [2025-11-18T15:27:50.179+0000] {dagbag.py:545} INFO - Filling up the DagBag from /opt/airflow/dags/pipeline_label_studio.py
[2025-11-18T15:27:50.187+0000] {processor.py:840} INFO - DAG(s) 'etl_label_studio' retrieved from /opt/airflow/dags/pipeline_label_studio.py
[2025-11-18T15:27:50.208+0000] {logging_mixin.py:188} INFO - [2025-11-18T15:27:50.208+0000] {dag.py:3089} INFO - Sync 1 DAGs
[2025-11-18T15:27:50.224+0000] {logging_mixin.py:188} INFO - [2025-11-18T15:27:50.224+0000] {dag.py:3947} INFO - Setting next_dagrun for etl_label_studio to 2025-11-18 03:00:00+00:00, run_after=2025-11-19 03:00:00+00:00
[2025-11-18T15:27:50.235+0000] {processor.py:183} INFO - Processing /opt/airflow/dags/pipeline_label_studio.py took 0.061 seconds
[2025-11-18T15:29:10.442+0000] {processor.py:161} INFO - Started process (PID=2812) to work on /opt/airflow/dags/pipeline_label_studio.py
[2025-11-18T15:29:10.447+0000] {processor.py:830} INFO - Processing file /opt/airflow/dags/pipeline_label_studio.py for tasks to queue
[2025-11-18T15:29:10.448+0000] {logging_mixin.py:188} INFO - [2025-11-18T15:29:10.448+0000] {dagbag.py:545} INFO - Filling up the DagBag from /opt/airflow/dags/pipeline_label_studio.py
[2025-11-18T15:29:10.457+0000] {processor.py:840} INFO - DAG(s) 'etl_label_studio' retrieved from /opt/airflow/dags/pipeline_label_studio.py
[2025-11-18T15:29:10.482+0000] {logging_mixin.py:188} INFO - [2025-11-18T15:29:10.481+0000] {dag.py:3089} INFO - Sync 1 DAGs
[2025-11-18T15:29:10.500+0000] {logging_mixin.py:188} INFO - [2025-11-18T15:29:10.500+0000] {dag.py:3947} INFO - Setting next_dagrun for etl_label_studio to 2025-11-18 03:00:00+00:00, run_after=2025-11-19 03:00:00+00:00
[2025-11-18T15:29:10.511+0000] {processor.py:183} INFO - Processing /opt/airflow/dags/pipeline_label_studio.py took 0.074 seconds
[2025-11-18T16:34:40.403+0000] {processor.py:161} INFO - Started process (PID=2827) to work on /opt/airflow/dags/pipeline_label_studio.py
[2025-11-18T16:34:40.404+0000] {processor.py:830} INFO - Processing file /opt/airflow/dags/pipeline_label_studio.py for tasks to queue
[2025-11-18T16:34:40.405+0000] {logging_mixin.py:188} INFO - [2025-11-18T16:34:40.404+0000] {dagbag.py:545} INFO - Filling up the DagBag from /opt/airflow/dags/pipeline_label_studio.py
[2025-11-18T16:34:40.413+0000] {processor.py:840} INFO - DAG(s) 'etl_label_studio' retrieved from /opt/airflow/dags/pipeline_label_studio.py
[2025-11-18T16:34:40.438+0000] {logging_mixin.py:188} INFO - [2025-11-18T16:34:40.438+0000] {dag.py:3089} INFO - Sync 1 DAGs
[2025-11-18T16:34:40.456+0000] {logging_mixin.py:188} INFO - [2025-11-18T16:34:40.456+0000] {dag.py:3947} INFO - Setting next_dagrun for etl_label_studio to 2025-11-18 03:00:00+00:00, run_after=2025-11-19 03:00:00+00:00
[2025-11-18T16:34:40.468+0000] {processor.py:183} INFO - Processing /opt/airflow/dags/pipeline_label_studio.py took 0.070 seconds
[2025-11-18T16:35:35.827+0000] {processor.py:161} INFO - Started process (PID=2842) to work on /opt/airflow/dags/pipeline_label_studio.py
[2025-11-18T16:35:35.828+0000] {processor.py:830} INFO - Processing file /opt/airflow/dags/pipeline_label_studio.py for tasks to queue
[2025-11-18T16:35:35.829+0000] {logging_mixin.py:188} INFO - [2025-11-18T16:35:35.828+0000] {dagbag.py:545} INFO - Filling up the DagBag from /opt/airflow/dags/pipeline_label_studio.py
[2025-11-18T16:35:35.836+0000] {processor.py:840} INFO - DAG(s) 'etl_label_studio' retrieved from /opt/airflow/dags/pipeline_label_studio.py
[2025-11-18T16:35:35.855+0000] {logging_mixin.py:188} INFO - [2025-11-18T16:35:35.855+0000] {dag.py:3089} INFO - Sync 1 DAGs
[2025-11-18T16:35:35.870+0000] {logging_mixin.py:188} INFO - [2025-11-18T16:35:35.870+0000] {dag.py:3947} INFO - Setting next_dagrun for etl_label_studio to 2025-11-18 03:00:00+00:00, run_after=2025-11-19 03:00:00+00:00
[2025-11-18T16:35:35.880+0000] {processor.py:183} INFO - Processing /opt/airflow/dags/pipeline_label_studio.py took 0.058 seconds
[2025-11-18T16:42:22.811+0000] {processor.py:161} INFO - Started process (PID=2857) to work on /opt/airflow/dags/pipeline_label_studio.py
[2025-11-18T16:42:22.814+0000] {processor.py:830} INFO - Processing file /opt/airflow/dags/pipeline_label_studio.py for tasks to queue
[2025-11-18T16:42:22.817+0000] {logging_mixin.py:188} INFO - [2025-11-18T16:42:22.816+0000] {dagbag.py:545} INFO - Filling up the DagBag from /opt/airflow/dags/pipeline_label_studio.py
[2025-11-18T16:42:22.842+0000] {processor.py:840} INFO - DAG(s) 'etl_label_studio' retrieved from /opt/airflow/dags/pipeline_label_studio.py
[2025-11-18T16:42:22.980+0000] {logging_mixin.py:188} INFO - [2025-11-18T16:42:22.979+0000] {dag.py:3089} INFO - Sync 1 DAGs
[2025-11-18T16:42:23.075+0000] {logging_mixin.py:188} INFO - [2025-11-18T16:42:23.075+0000] {dag.py:3947} INFO - Setting next_dagrun for etl_label_studio to 2025-11-18 03:00:00+00:00, run_after=2025-11-19 03:00:00+00:00
[2025-11-18T16:42:23.133+0000] {processor.py:183} INFO - Processing /opt/airflow/dags/pipeline_label_studio.py took 0.330 seconds
[2025-11-18T16:42:53.240+0000] {processor.py:161} INFO - Started process (PID=2872) to work on /opt/airflow/dags/pipeline_label_studio.py
[2025-11-18T16:42:53.241+0000] {processor.py:830} INFO - Processing file /opt/airflow/dags/pipeline_label_studio.py for tasks to queue
[2025-11-18T16:42:53.243+0000] {logging_mixin.py:188} INFO - [2025-11-18T16:42:53.243+0000] {dagbag.py:545} INFO - Filling up the DagBag from /opt/airflow/dags/pipeline_label_studio.py
[2025-11-18T16:42:53.254+0000] {processor.py:840} INFO - DAG(s) 'etl_label_studio' retrieved from /opt/airflow/dags/pipeline_label_studio.py
[2025-11-18T16:42:53.280+0000] {logging_mixin.py:188} INFO - [2025-11-18T16:42:53.279+0000] {dag.py:3089} INFO - Sync 1 DAGs
[2025-11-18T16:42:53.299+0000] {logging_mixin.py:188} INFO - [2025-11-18T16:42:53.299+0000] {dag.py:3947} INFO - Setting next_dagrun for etl_label_studio to 2025-11-18 03:00:00+00:00, run_after=2025-11-19 03:00:00+00:00
[2025-11-18T16:42:53.316+0000] {processor.py:183} INFO - Processing /opt/airflow/dags/pipeline_label_studio.py took 0.081 seconds
[2025-11-18T16:43:23.884+0000] {processor.py:161} INFO - Started process (PID=2887) to work on /opt/airflow/dags/pipeline_label_studio.py
[2025-11-18T16:43:23.885+0000] {processor.py:830} INFO - Processing file /opt/airflow/dags/pipeline_label_studio.py for tasks to queue
[2025-11-18T16:43:23.887+0000] {logging_mixin.py:188} INFO - [2025-11-18T16:43:23.886+0000] {dagbag.py:545} INFO - Filling up the DagBag from /opt/airflow/dags/pipeline_label_studio.py
[2025-11-18T16:43:23.897+0000] {processor.py:840} INFO - DAG(s) 'etl_label_studio' retrieved from /opt/airflow/dags/pipeline_label_studio.py
[2025-11-18T16:43:23.950+0000] {logging_mixin.py:188} INFO - [2025-11-18T16:43:23.950+0000] {dag.py:3089} INFO - Sync 1 DAGs
[2025-11-18T16:43:23.977+0000] {logging_mixin.py:188} INFO - [2025-11-18T16:43:23.976+0000] {dag.py:3947} INFO - Setting next_dagrun for etl_label_studio to 2025-11-18 03:00:00+00:00, run_after=2025-11-19 03:00:00+00:00
[2025-11-18T16:43:23.994+0000] {processor.py:183} INFO - Processing /opt/airflow/dags/pipeline_label_studio.py took 0.116 seconds
[2025-11-18T16:43:54.639+0000] {processor.py:161} INFO - Started process (PID=2900) to work on /opt/airflow/dags/pipeline_label_studio.py
[2025-11-18T16:43:54.640+0000] {processor.py:830} INFO - Processing file /opt/airflow/dags/pipeline_label_studio.py for tasks to queue
[2025-11-18T16:43:54.642+0000] {logging_mixin.py:188} INFO - [2025-11-18T16:43:54.642+0000] {dagbag.py:545} INFO - Filling up the DagBag from /opt/airflow/dags/pipeline_label_studio.py
[2025-11-18T16:43:54.652+0000] {processor.py:840} INFO - DAG(s) 'etl_label_studio' retrieved from /opt/airflow/dags/pipeline_label_studio.py
[2025-11-18T16:43:54.677+0000] {logging_mixin.py:188} INFO - [2025-11-18T16:43:54.677+0000] {dag.py:3089} INFO - Sync 1 DAGs
[2025-11-18T16:43:54.697+0000] {logging_mixin.py:188} INFO - [2025-11-18T16:43:54.696+0000] {dag.py:3947} INFO - Setting next_dagrun for etl_label_studio to 2025-11-18 03:00:00+00:00, run_after=2025-11-19 03:00:00+00:00
[2025-11-18T16:43:54.709+0000] {processor.py:183} INFO - Processing /opt/airflow/dags/pipeline_label_studio.py took 0.075 seconds
[2025-11-18T16:44:25.233+0000] {processor.py:161} INFO - Started process (PID=2917) to work on /opt/airflow/dags/pipeline_label_studio.py
[2025-11-18T16:44:25.235+0000] {processor.py:830} INFO - Processing file /opt/airflow/dags/pipeline_label_studio.py for tasks to queue
[2025-11-18T16:44:25.243+0000] {logging_mixin.py:188} INFO - [2025-11-18T16:44:25.240+0000] {dagbag.py:545} INFO - Filling up the DagBag from /opt/airflow/dags/pipeline_label_studio.py
[2025-11-18T16:44:25.262+0000] {processor.py:840} INFO - DAG(s) 'etl_label_studio' retrieved from /opt/airflow/dags/pipeline_label_studio.py
[2025-11-18T16:44:25.296+0000] {logging_mixin.py:188} INFO - [2025-11-18T16:44:25.296+0000] {dag.py:3089} INFO - Sync 1 DAGs
[2025-11-18T16:44:25.342+0000] {logging_mixin.py:188} INFO - [2025-11-18T16:44:25.341+0000] {dag.py:3947} INFO - Setting next_dagrun for etl_label_studio to 2025-11-18 03:00:00+00:00, run_after=2025-11-19 03:00:00+00:00
[2025-11-18T16:44:25.361+0000] {processor.py:183} INFO - Processing /opt/airflow/dags/pipeline_label_studio.py took 0.134 seconds
[2025-11-18T16:44:55.662+0000] {processor.py:161} INFO - Started process (PID=2932) to work on /opt/airflow/dags/pipeline_label_studio.py
[2025-11-18T16:44:55.664+0000] {processor.py:830} INFO - Processing file /opt/airflow/dags/pipeline_label_studio.py for tasks to queue
[2025-11-18T16:44:55.665+0000] {logging_mixin.py:188} INFO - [2025-11-18T16:44:55.665+0000] {dagbag.py:545} INFO - Filling up the DagBag from /opt/airflow/dags/pipeline_label_studio.py
[2025-11-18T16:44:55.678+0000] {processor.py:840} INFO - DAG(s) 'etl_label_studio' retrieved from /opt/airflow/dags/pipeline_label_studio.py
[2025-11-18T16:44:55.718+0000] {logging_mixin.py:188} INFO - [2025-11-18T16:44:55.718+0000] {dag.py:3089} INFO - Sync 1 DAGs
[2025-11-18T16:44:55.738+0000] {logging_mixin.py:188} INFO - [2025-11-18T16:44:55.738+0000] {dag.py:3947} INFO - Setting next_dagrun for etl_label_studio to 2025-11-18 03:00:00+00:00, run_after=2025-11-19 03:00:00+00:00
[2025-11-18T16:44:55.751+0000] {processor.py:183} INFO - Processing /opt/airflow/dags/pipeline_label_studio.py took 0.098 seconds
[2025-11-18T16:45:26.120+0000] {processor.py:161} INFO - Started process (PID=2947) to work on /opt/airflow/dags/pipeline_label_studio.py
[2025-11-18T16:45:26.123+0000] {processor.py:830} INFO - Processing file /opt/airflow/dags/pipeline_label_studio.py for tasks to queue
[2025-11-18T16:45:26.125+0000] {logging_mixin.py:188} INFO - [2025-11-18T16:45:26.124+0000] {dagbag.py:545} INFO - Filling up the DagBag from /opt/airflow/dags/pipeline_label_studio.py
[2025-11-18T16:45:26.134+0000] {processor.py:840} INFO - DAG(s) 'etl_label_studio' retrieved from /opt/airflow/dags/pipeline_label_studio.py
[2025-11-18T16:45:26.158+0000] {logging_mixin.py:188} INFO - [2025-11-18T16:45:26.158+0000] {dag.py:3089} INFO - Sync 1 DAGs
[2025-11-18T16:45:26.174+0000] {logging_mixin.py:188} INFO - [2025-11-18T16:45:26.174+0000] {dag.py:3947} INFO - Setting next_dagrun for etl_label_studio to 2025-11-18 03:00:00+00:00, run_after=2025-11-19 03:00:00+00:00
[2025-11-18T16:45:26.186+0000] {processor.py:183} INFO - Processing /opt/airflow/dags/pipeline_label_studio.py took 0.072 seconds
[2025-11-18T16:45:56.601+0000] {processor.py:161} INFO - Started process (PID=2962) to work on /opt/airflow/dags/pipeline_label_studio.py
[2025-11-18T16:45:56.603+0000] {processor.py:830} INFO - Processing file /opt/airflow/dags/pipeline_label_studio.py for tasks to queue
[2025-11-18T16:45:56.610+0000] {logging_mixin.py:188} INFO - [2025-11-18T16:45:56.609+0000] {dagbag.py:545} INFO - Filling up the DagBag from /opt/airflow/dags/pipeline_label_studio.py
[2025-11-18T16:45:56.628+0000] {processor.py:840} INFO - DAG(s) 'etl_label_studio' retrieved from /opt/airflow/dags/pipeline_label_studio.py
[2025-11-18T16:45:56.699+0000] {logging_mixin.py:188} INFO - [2025-11-18T16:45:56.698+0000] {dag.py:3089} INFO - Sync 1 DAGs
[2025-11-18T16:45:56.730+0000] {logging_mixin.py:188} INFO - [2025-11-18T16:45:56.729+0000] {dag.py:3947} INFO - Setting next_dagrun for etl_label_studio to 2025-11-18 03:00:00+00:00, run_after=2025-11-19 03:00:00+00:00
[2025-11-18T16:45:56.753+0000] {processor.py:183} INFO - Processing /opt/airflow/dags/pipeline_label_studio.py took 0.160 seconds
[2025-11-18T16:46:27.056+0000] {processor.py:161} INFO - Started process (PID=2977) to work on /opt/airflow/dags/pipeline_label_studio.py
[2025-11-18T16:46:27.057+0000] {processor.py:830} INFO - Processing file /opt/airflow/dags/pipeline_label_studio.py for tasks to queue
[2025-11-18T16:46:27.059+0000] {logging_mixin.py:188} INFO - [2025-11-18T16:46:27.058+0000] {dagbag.py:545} INFO - Filling up the DagBag from /opt/airflow/dags/pipeline_label_studio.py
[2025-11-18T16:46:27.066+0000] {processor.py:840} INFO - DAG(s) 'etl_label_studio' retrieved from /opt/airflow/dags/pipeline_label_studio.py
[2025-11-18T16:46:27.088+0000] {logging_mixin.py:188} INFO - [2025-11-18T16:46:27.088+0000] {dag.py:3089} INFO - Sync 1 DAGs
[2025-11-18T16:46:27.105+0000] {logging_mixin.py:188} INFO - [2025-11-18T16:46:27.105+0000] {dag.py:3947} INFO - Setting next_dagrun for etl_label_studio to 2025-11-18 03:00:00+00:00, run_after=2025-11-19 03:00:00+00:00
[2025-11-18T16:46:27.119+0000] {processor.py:183} INFO - Processing /opt/airflow/dags/pipeline_label_studio.py took 0.067 seconds
[2025-11-18T16:46:57.631+0000] {processor.py:161} INFO - Started process (PID=2992) to work on /opt/airflow/dags/pipeline_label_studio.py
[2025-11-18T16:46:57.632+0000] {processor.py:830} INFO - Processing file /opt/airflow/dags/pipeline_label_studio.py for tasks to queue
[2025-11-18T16:46:57.633+0000] {logging_mixin.py:188} INFO - [2025-11-18T16:46:57.633+0000] {dagbag.py:545} INFO - Filling up the DagBag from /opt/airflow/dags/pipeline_label_studio.py
[2025-11-18T16:46:57.642+0000] {processor.py:840} INFO - DAG(s) 'etl_label_studio' retrieved from /opt/airflow/dags/pipeline_label_studio.py
[2025-11-18T16:46:57.664+0000] {logging_mixin.py:188} INFO - [2025-11-18T16:46:57.664+0000] {dag.py:3089} INFO - Sync 1 DAGs
[2025-11-18T16:46:57.682+0000] {logging_mixin.py:188} INFO - [2025-11-18T16:46:57.682+0000] {dag.py:3947} INFO - Setting next_dagrun for etl_label_studio to 2025-11-18 03:00:00+00:00, run_after=2025-11-19 03:00:00+00:00
[2025-11-18T16:46:57.694+0000] {processor.py:183} INFO - Processing /opt/airflow/dags/pipeline_label_studio.py took 0.069 seconds
[2025-11-18T16:47:28.249+0000] {processor.py:161} INFO - Started process (PID=3007) to work on /opt/airflow/dags/pipeline_label_studio.py
[2025-11-18T16:47:28.252+0000] {processor.py:830} INFO - Processing file /opt/airflow/dags/pipeline_label_studio.py for tasks to queue
[2025-11-18T16:47:28.254+0000] {logging_mixin.py:188} INFO - [2025-11-18T16:47:28.254+0000] {dagbag.py:545} INFO - Filling up the DagBag from /opt/airflow/dags/pipeline_label_studio.py
[2025-11-18T16:47:28.267+0000] {processor.py:840} INFO - DAG(s) 'etl_label_studio' retrieved from /opt/airflow/dags/pipeline_label_studio.py
[2025-11-18T16:47:28.297+0000] {logging_mixin.py:188} INFO - [2025-11-18T16:47:28.297+0000] {dag.py:3089} INFO - Sync 1 DAGs
[2025-11-18T16:47:28.322+0000] {logging_mixin.py:188} INFO - [2025-11-18T16:47:28.321+0000] {dag.py:3947} INFO - Setting next_dagrun for etl_label_studio to 2025-11-18 03:00:00+00:00, run_after=2025-11-19 03:00:00+00:00
[2025-11-18T16:47:28.339+0000] {processor.py:183} INFO - Processing /opt/airflow/dags/pipeline_label_studio.py took 0.099 seconds
[2025-11-18T16:47:58.685+0000] {processor.py:161} INFO - Started process (PID=3022) to work on /opt/airflow/dags/pipeline_label_studio.py
[2025-11-18T16:47:58.689+0000] {processor.py:830} INFO - Processing file /opt/airflow/dags/pipeline_label_studio.py for tasks to queue
[2025-11-18T16:47:58.690+0000] {logging_mixin.py:188} INFO - [2025-11-18T16:47:58.689+0000] {dagbag.py:545} INFO - Filling up the DagBag from /opt/airflow/dags/pipeline_label_studio.py
[2025-11-18T16:47:58.698+0000] {processor.py:840} INFO - DAG(s) 'etl_label_studio' retrieved from /opt/airflow/dags/pipeline_label_studio.py
[2025-11-18T16:47:58.720+0000] {logging_mixin.py:188} INFO - [2025-11-18T16:47:58.720+0000] {dag.py:3089} INFO - Sync 1 DAGs
[2025-11-18T16:47:58.745+0000] {logging_mixin.py:188} INFO - [2025-11-18T16:47:58.745+0000] {dag.py:3947} INFO - Setting next_dagrun for etl_label_studio to 2025-11-18 03:00:00+00:00, run_after=2025-11-19 03:00:00+00:00
[2025-11-18T16:47:58.760+0000] {processor.py:183} INFO - Processing /opt/airflow/dags/pipeline_label_studio.py took 0.081 seconds
[2025-11-18T16:48:29.175+0000] {processor.py:161} INFO - Started process (PID=3037) to work on /opt/airflow/dags/pipeline_label_studio.py
[2025-11-18T16:48:29.176+0000] {processor.py:830} INFO - Processing file /opt/airflow/dags/pipeline_label_studio.py for tasks to queue
[2025-11-18T16:48:29.177+0000] {logging_mixin.py:188} INFO - [2025-11-18T16:48:29.177+0000] {dagbag.py:545} INFO - Filling up the DagBag from /opt/airflow/dags/pipeline_label_studio.py
[2025-11-18T16:48:29.185+0000] {processor.py:840} INFO - DAG(s) 'etl_label_studio' retrieved from /opt/airflow/dags/pipeline_label_studio.py
[2025-11-18T16:48:29.205+0000] {logging_mixin.py:188} INFO - [2025-11-18T16:48:29.205+0000] {dag.py:3089} INFO - Sync 1 DAGs
[2025-11-18T16:48:29.220+0000] {logging_mixin.py:188} INFO - [2025-11-18T16:48:29.220+0000] {dag.py:3947} INFO - Setting next_dagrun for etl_label_studio to 2025-11-18 03:00:00+00:00, run_after=2025-11-19 03:00:00+00:00
[2025-11-18T16:48:29.232+0000] {processor.py:183} INFO - Processing /opt/airflow/dags/pipeline_label_studio.py took 0.061 seconds
[2025-11-18T16:48:59.633+0000] {processor.py:161} INFO - Started process (PID=3050) to work on /opt/airflow/dags/pipeline_label_studio.py
[2025-11-18T16:48:59.636+0000] {processor.py:830} INFO - Processing file /opt/airflow/dags/pipeline_label_studio.py for tasks to queue
[2025-11-18T16:48:59.637+0000] {logging_mixin.py:188} INFO - [2025-11-18T16:48:59.637+0000] {dagbag.py:545} INFO - Filling up the DagBag from /opt/airflow/dags/pipeline_label_studio.py
[2025-11-18T16:48:59.647+0000] {processor.py:840} INFO - DAG(s) 'etl_label_studio' retrieved from /opt/airflow/dags/pipeline_label_studio.py
[2025-11-18T16:48:59.668+0000] {logging_mixin.py:188} INFO - [2025-11-18T16:48:59.668+0000] {dag.py:3089} INFO - Sync 1 DAGs
[2025-11-18T16:48:59.685+0000] {logging_mixin.py:188} INFO - [2025-11-18T16:48:59.685+0000] {dag.py:3947} INFO - Setting next_dagrun for etl_label_studio to 2025-11-18 03:00:00+00:00, run_after=2025-11-19 03:00:00+00:00
[2025-11-18T16:48:59.697+0000] {processor.py:183} INFO - Processing /opt/airflow/dags/pipeline_label_studio.py took 0.068 seconds
[2025-11-18T16:49:30.243+0000] {processor.py:161} INFO - Started process (PID=3067) to work on /opt/airflow/dags/pipeline_label_studio.py
[2025-11-18T16:49:30.244+0000] {processor.py:830} INFO - Processing file /opt/airflow/dags/pipeline_label_studio.py for tasks to queue
[2025-11-18T16:49:30.245+0000] {logging_mixin.py:188} INFO - [2025-11-18T16:49:30.245+0000] {dagbag.py:545} INFO - Filling up the DagBag from /opt/airflow/dags/pipeline_label_studio.py
[2025-11-18T16:49:30.262+0000] {processor.py:840} INFO - DAG(s) 'etl_label_studio' retrieved from /opt/airflow/dags/pipeline_label_studio.py
[2025-11-18T16:49:30.312+0000] {logging_mixin.py:188} INFO - [2025-11-18T16:49:30.312+0000] {dag.py:3089} INFO - Sync 1 DAGs
[2025-11-18T16:49:30.350+0000] {logging_mixin.py:188} INFO - [2025-11-18T16:49:30.349+0000] {dag.py:3947} INFO - Setting next_dagrun for etl_label_studio to 2025-11-18 03:00:00+00:00, run_after=2025-11-19 03:00:00+00:00
[2025-11-18T16:49:30.381+0000] {processor.py:183} INFO - Processing /opt/airflow/dags/pipeline_label_studio.py took 0.145 seconds
[2025-11-18T16:50:00.665+0000] {processor.py:161} INFO - Started process (PID=3082) to work on /opt/airflow/dags/pipeline_label_studio.py
[2025-11-18T16:50:00.666+0000] {processor.py:830} INFO - Processing file /opt/airflow/dags/pipeline_label_studio.py for tasks to queue
[2025-11-18T16:50:00.667+0000] {logging_mixin.py:188} INFO - [2025-11-18T16:50:00.667+0000] {dagbag.py:545} INFO - Filling up the DagBag from /opt/airflow/dags/pipeline_label_studio.py
[2025-11-18T16:50:00.691+0000] {processor.py:840} INFO - DAG(s) 'etl_label_studio' retrieved from /opt/airflow/dags/pipeline_label_studio.py
[2025-11-18T16:50:00.720+0000] {logging_mixin.py:188} INFO - [2025-11-18T16:50:00.720+0000] {dag.py:3089} INFO - Sync 1 DAGs
[2025-11-18T16:50:00.739+0000] {logging_mixin.py:188} INFO - [2025-11-18T16:50:00.739+0000] {dag.py:3947} INFO - Setting next_dagrun for etl_label_studio to 2025-11-18 03:00:00+00:00, run_after=2025-11-19 03:00:00+00:00
[2025-11-18T16:50:00.754+0000] {processor.py:183} INFO - Processing /opt/airflow/dags/pipeline_label_studio.py took 0.094 seconds
[2025-11-18T16:50:31.107+0000] {processor.py:161} INFO - Started process (PID=3097) to work on /opt/airflow/dags/pipeline_label_studio.py
[2025-11-18T16:50:31.108+0000] {processor.py:830} INFO - Processing file /opt/airflow/dags/pipeline_label_studio.py for tasks to queue
[2025-11-18T16:50:31.109+0000] {logging_mixin.py:188} INFO - [2025-11-18T16:50:31.109+0000] {dagbag.py:545} INFO - Filling up the DagBag from /opt/airflow/dags/pipeline_label_studio.py
[2025-11-18T16:50:31.119+0000] {processor.py:840} INFO - DAG(s) 'etl_label_studio' retrieved from /opt/airflow/dags/pipeline_label_studio.py
[2025-11-18T16:50:31.141+0000] {logging_mixin.py:188} INFO - [2025-11-18T16:50:31.141+0000] {dag.py:3089} INFO - Sync 1 DAGs
[2025-11-18T16:50:31.160+0000] {logging_mixin.py:188} INFO - [2025-11-18T16:50:31.159+0000] {dag.py:3947} INFO - Setting next_dagrun for etl_label_studio to 2025-11-18 03:00:00+00:00, run_after=2025-11-19 03:00:00+00:00
[2025-11-18T16:50:31.173+0000] {processor.py:183} INFO - Processing /opt/airflow/dags/pipeline_label_studio.py took 0.070 seconds
[2025-11-18T16:51:01.590+0000] {processor.py:161} INFO - Started process (PID=3112) to work on /opt/airflow/dags/pipeline_label_studio.py
[2025-11-18T16:51:01.592+0000] {processor.py:830} INFO - Processing file /opt/airflow/dags/pipeline_label_studio.py for tasks to queue
[2025-11-18T16:51:01.595+0000] {logging_mixin.py:188} INFO - [2025-11-18T16:51:01.594+0000] {dagbag.py:545} INFO - Filling up the DagBag from /opt/airflow/dags/pipeline_label_studio.py
[2025-11-18T16:51:01.611+0000] {processor.py:840} INFO - DAG(s) 'etl_label_studio' retrieved from /opt/airflow/dags/pipeline_label_studio.py
[2025-11-18T16:51:01.642+0000] {logging_mixin.py:188} INFO - [2025-11-18T16:51:01.642+0000] {dag.py:3089} INFO - Sync 1 DAGs
[2025-11-18T16:51:01.664+0000] {logging_mixin.py:188} INFO - [2025-11-18T16:51:01.664+0000] {dag.py:3947} INFO - Setting next_dagrun for etl_label_studio to 2025-11-18 03:00:00+00:00, run_after=2025-11-19 03:00:00+00:00
[2025-11-18T16:51:01.678+0000] {processor.py:183} INFO - Processing /opt/airflow/dags/pipeline_label_studio.py took 0.096 seconds
[2025-11-18T16:51:32.112+0000] {processor.py:161} INFO - Started process (PID=3127) to work on /opt/airflow/dags/pipeline_label_studio.py
[2025-11-18T16:51:32.113+0000] {processor.py:830} INFO - Processing file /opt/airflow/dags/pipeline_label_studio.py for tasks to queue
[2025-11-18T16:51:32.114+0000] {logging_mixin.py:188} INFO - [2025-11-18T16:51:32.113+0000] {dagbag.py:545} INFO - Filling up the DagBag from /opt/airflow/dags/pipeline_label_studio.py
[2025-11-18T16:51:32.121+0000] {processor.py:840} INFO - DAG(s) 'etl_label_studio' retrieved from /opt/airflow/dags/pipeline_label_studio.py
[2025-11-18T16:51:32.142+0000] {logging_mixin.py:188} INFO - [2025-11-18T16:51:32.142+0000] {dag.py:3089} INFO - Sync 1 DAGs
[2025-11-18T16:51:32.160+0000] {logging_mixin.py:188} INFO - [2025-11-18T16:51:32.160+0000] {dag.py:3947} INFO - Setting next_dagrun for etl_label_studio to 2025-11-18 03:00:00+00:00, run_after=2025-11-19 03:00:00+00:00
[2025-11-18T16:51:32.173+0000] {processor.py:183} INFO - Processing /opt/airflow/dags/pipeline_label_studio.py took 0.065 seconds
[2025-11-18T16:52:02.588+0000] {processor.py:161} INFO - Started process (PID=3142) to work on /opt/airflow/dags/pipeline_label_studio.py
[2025-11-18T16:52:02.590+0000] {processor.py:830} INFO - Processing file /opt/airflow/dags/pipeline_label_studio.py for tasks to queue
[2025-11-18T16:52:02.591+0000] {logging_mixin.py:188} INFO - [2025-11-18T16:52:02.591+0000] {dagbag.py:545} INFO - Filling up the DagBag from /opt/airflow/dags/pipeline_label_studio.py
[2025-11-18T16:52:02.601+0000] {processor.py:840} INFO - DAG(s) 'etl_label_studio' retrieved from /opt/airflow/dags/pipeline_label_studio.py
[2025-11-18T16:52:02.628+0000] {logging_mixin.py:188} INFO - [2025-11-18T16:52:02.628+0000] {dag.py:3089} INFO - Sync 1 DAGs
[2025-11-18T16:52:02.643+0000] {logging_mixin.py:188} INFO - [2025-11-18T16:52:02.643+0000] {dag.py:3947} INFO - Setting next_dagrun for etl_label_studio to 2025-11-18 03:00:00+00:00, run_after=2025-11-19 03:00:00+00:00
[2025-11-18T16:52:02.654+0000] {processor.py:183} INFO - Processing /opt/airflow/dags/pipeline_label_studio.py took 0.071 seconds
[2025-11-18T16:52:33.111+0000] {processor.py:161} INFO - Started process (PID=3157) to work on /opt/airflow/dags/pipeline_label_studio.py
[2025-11-18T16:52:33.112+0000] {processor.py:830} INFO - Processing file /opt/airflow/dags/pipeline_label_studio.py for tasks to queue
[2025-11-18T16:52:33.114+0000] {logging_mixin.py:188} INFO - [2025-11-18T16:52:33.114+0000] {dagbag.py:545} INFO - Filling up the DagBag from /opt/airflow/dags/pipeline_label_studio.py
[2025-11-18T16:52:33.121+0000] {processor.py:840} INFO - DAG(s) 'etl_label_studio' retrieved from /opt/airflow/dags/pipeline_label_studio.py
[2025-11-18T16:52:33.143+0000] {logging_mixin.py:188} INFO - [2025-11-18T16:52:33.143+0000] {dag.py:3089} INFO - Sync 1 DAGs
[2025-11-18T16:52:33.158+0000] {logging_mixin.py:188} INFO - [2025-11-18T16:52:33.158+0000] {dag.py:3947} INFO - Setting next_dagrun for etl_label_studio to 2025-11-18 03:00:00+00:00, run_after=2025-11-19 03:00:00+00:00
[2025-11-18T16:52:33.169+0000] {processor.py:183} INFO - Processing /opt/airflow/dags/pipeline_label_studio.py took 0.063 seconds
[2025-11-18T16:53:03.532+0000] {processor.py:161} INFO - Started process (PID=3172) to work on /opt/airflow/dags/pipeline_label_studio.py
[2025-11-18T16:53:03.533+0000] {processor.py:830} INFO - Processing file /opt/airflow/dags/pipeline_label_studio.py for tasks to queue
[2025-11-18T16:53:03.535+0000] {logging_mixin.py:188} INFO - [2025-11-18T16:53:03.535+0000] {dagbag.py:545} INFO - Filling up the DagBag from /opt/airflow/dags/pipeline_label_studio.py
[2025-11-18T16:53:03.543+0000] {processor.py:840} INFO - DAG(s) 'etl_label_studio' retrieved from /opt/airflow/dags/pipeline_label_studio.py
[2025-11-18T16:53:03.565+0000] {logging_mixin.py:188} INFO - [2025-11-18T16:53:03.565+0000] {dag.py:3089} INFO - Sync 1 DAGs
[2025-11-18T16:53:03.581+0000] {logging_mixin.py:188} INFO - [2025-11-18T16:53:03.581+0000] {dag.py:3947} INFO - Setting next_dagrun for etl_label_studio to 2025-11-18 03:00:00+00:00, run_after=2025-11-19 03:00:00+00:00
[2025-11-18T16:53:03.592+0000] {processor.py:183} INFO - Processing /opt/airflow/dags/pipeline_label_studio.py took 0.064 seconds
[2025-11-18T16:53:33.982+0000] {processor.py:161} INFO - Started process (PID=3187) to work on /opt/airflow/dags/pipeline_label_studio.py
[2025-11-18T16:53:33.983+0000] {processor.py:830} INFO - Processing file /opt/airflow/dags/pipeline_label_studio.py for tasks to queue
[2025-11-18T16:53:33.985+0000] {logging_mixin.py:188} INFO - [2025-11-18T16:53:33.984+0000] {dagbag.py:545} INFO - Filling up the DagBag from /opt/airflow/dags/pipeline_label_studio.py
[2025-11-18T16:53:33.992+0000] {processor.py:840} INFO - DAG(s) 'etl_label_studio' retrieved from /opt/airflow/dags/pipeline_label_studio.py
[2025-11-18T16:53:34.012+0000] {logging_mixin.py:188} INFO - [2025-11-18T16:53:34.012+0000] {dag.py:3089} INFO - Sync 1 DAGs
[2025-11-18T16:53:34.027+0000] {logging_mixin.py:188} INFO - [2025-11-18T16:53:34.026+0000] {dag.py:3947} INFO - Setting next_dagrun for etl_label_studio to 2025-11-18 03:00:00+00:00, run_after=2025-11-19 03:00:00+00:00
[2025-11-18T16:53:34.038+0000] {processor.py:183} INFO - Processing /opt/airflow/dags/pipeline_label_studio.py took 0.059 seconds
[2025-11-18T16:54:04.442+0000] {processor.py:161} INFO - Started process (PID=3202) to work on /opt/airflow/dags/pipeline_label_studio.py
[2025-11-18T16:54:04.444+0000] {processor.py:830} INFO - Processing file /opt/airflow/dags/pipeline_label_studio.py for tasks to queue
[2025-11-18T16:54:04.445+0000] {logging_mixin.py:188} INFO - [2025-11-18T16:54:04.445+0000] {dagbag.py:545} INFO - Filling up the DagBag from /opt/airflow/dags/pipeline_label_studio.py
[2025-11-18T16:54:04.453+0000] {processor.py:840} INFO - DAG(s) 'etl_label_studio' retrieved from /opt/airflow/dags/pipeline_label_studio.py
[2025-11-18T16:54:04.474+0000] {logging_mixin.py:188} INFO - [2025-11-18T16:54:04.474+0000] {dag.py:3089} INFO - Sync 1 DAGs
[2025-11-18T16:54:04.496+0000] {logging_mixin.py:188} INFO - [2025-11-18T16:54:04.495+0000] {dag.py:3947} INFO - Setting next_dagrun for etl_label_studio to 2025-11-18 03:00:00+00:00, run_after=2025-11-19 03:00:00+00:00
[2025-11-18T16:54:04.511+0000] {processor.py:183} INFO - Processing /opt/airflow/dags/pipeline_label_studio.py took 0.075 seconds
[2025-11-18T16:54:34.882+0000] {processor.py:161} INFO - Started process (PID=3217) to work on /opt/airflow/dags/pipeline_label_studio.py
[2025-11-18T16:54:34.883+0000] {processor.py:830} INFO - Processing file /opt/airflow/dags/pipeline_label_studio.py for tasks to queue
[2025-11-18T16:54:34.885+0000] {logging_mixin.py:188} INFO - [2025-11-18T16:54:34.885+0000] {dagbag.py:545} INFO - Filling up the DagBag from /opt/airflow/dags/pipeline_label_studio.py
[2025-11-18T16:54:34.894+0000] {processor.py:840} INFO - DAG(s) 'etl_label_studio' retrieved from /opt/airflow/dags/pipeline_label_studio.py
[2025-11-18T16:54:34.919+0000] {logging_mixin.py:188} INFO - [2025-11-18T16:54:34.919+0000] {dag.py:3089} INFO - Sync 1 DAGs
[2025-11-18T16:54:34.938+0000] {logging_mixin.py:188} INFO - [2025-11-18T16:54:34.937+0000] {dag.py:3947} INFO - Setting next_dagrun for etl_label_studio to 2025-11-18 03:00:00+00:00, run_after=2025-11-19 03:00:00+00:00
[2025-11-18T16:54:34.952+0000] {processor.py:183} INFO - Processing /opt/airflow/dags/pipeline_label_studio.py took 0.076 seconds
[2025-11-18T16:55:05.319+0000] {processor.py:161} INFO - Started process (PID=3232) to work on /opt/airflow/dags/pipeline_label_studio.py
[2025-11-18T16:55:05.324+0000] {processor.py:830} INFO - Processing file /opt/airflow/dags/pipeline_label_studio.py for tasks to queue
[2025-11-18T16:55:05.326+0000] {logging_mixin.py:188} INFO - [2025-11-18T16:55:05.326+0000] {dagbag.py:545} INFO - Filling up the DagBag from /opt/airflow/dags/pipeline_label_studio.py
[2025-11-18T16:55:05.336+0000] {processor.py:840} INFO - DAG(s) 'etl_label_studio' retrieved from /opt/airflow/dags/pipeline_label_studio.py
[2025-11-18T16:55:05.360+0000] {logging_mixin.py:188} INFO - [2025-11-18T16:55:05.360+0000] {dag.py:3089} INFO - Sync 1 DAGs
[2025-11-18T16:55:05.387+0000] {logging_mixin.py:188} INFO - [2025-11-18T16:55:05.387+0000] {dag.py:3947} INFO - Setting next_dagrun for etl_label_studio to 2025-11-18 03:00:00+00:00, run_after=2025-11-19 03:00:00+00:00
[2025-11-18T16:55:05.399+0000] {processor.py:183} INFO - Processing /opt/airflow/dags/pipeline_label_studio.py took 0.085 seconds
[2025-11-18T16:55:35.737+0000] {processor.py:161} INFO - Started process (PID=3245) to work on /opt/airflow/dags/pipeline_label_studio.py
[2025-11-18T16:55:35.739+0000] {processor.py:830} INFO - Processing file /opt/airflow/dags/pipeline_label_studio.py for tasks to queue
[2025-11-18T16:55:35.740+0000] {logging_mixin.py:188} INFO - [2025-11-18T16:55:35.740+0000] {dagbag.py:545} INFO - Filling up the DagBag from /opt/airflow/dags/pipeline_label_studio.py
[2025-11-18T16:55:35.748+0000] {processor.py:840} INFO - DAG(s) 'etl_label_studio' retrieved from /opt/airflow/dags/pipeline_label_studio.py
[2025-11-18T16:55:35.769+0000] {logging_mixin.py:188} INFO - [2025-11-18T16:55:35.769+0000] {dag.py:3089} INFO - Sync 1 DAGs
[2025-11-18T16:55:35.785+0000] {logging_mixin.py:188} INFO - [2025-11-18T16:55:35.784+0000] {dag.py:3947} INFO - Setting next_dagrun for etl_label_studio to 2025-11-18 03:00:00+00:00, run_after=2025-11-19 03:00:00+00:00
[2025-11-18T16:55:35.796+0000] {processor.py:183} INFO - Processing /opt/airflow/dags/pipeline_label_studio.py took 0.063 seconds
[2025-11-18T16:56:06.314+0000] {processor.py:161} INFO - Started process (PID=3262) to work on /opt/airflow/dags/pipeline_label_studio.py
[2025-11-18T16:56:06.315+0000] {processor.py:830} INFO - Processing file /opt/airflow/dags/pipeline_label_studio.py for tasks to queue
[2025-11-18T16:56:06.317+0000] {logging_mixin.py:188} INFO - [2025-11-18T16:56:06.316+0000] {dagbag.py:545} INFO - Filling up the DagBag from /opt/airflow/dags/pipeline_label_studio.py
[2025-11-18T16:56:06.330+0000] {processor.py:840} INFO - DAG(s) 'etl_label_studio' retrieved from /opt/airflow/dags/pipeline_label_studio.py
[2025-11-18T16:56:06.359+0000] {logging_mixin.py:188} INFO - [2025-11-18T16:56:06.359+0000] {dag.py:3089} INFO - Sync 1 DAGs
[2025-11-18T16:56:06.376+0000] {logging_mixin.py:188} INFO - [2025-11-18T16:56:06.376+0000] {dag.py:3947} INFO - Setting next_dagrun for etl_label_studio to 2025-11-18 03:00:00+00:00, run_after=2025-11-19 03:00:00+00:00
[2025-11-18T16:56:06.389+0000] {processor.py:183} INFO - Processing /opt/airflow/dags/pipeline_label_studio.py took 0.080 seconds
[2025-11-18T16:56:36.819+0000] {processor.py:161} INFO - Started process (PID=3277) to work on /opt/airflow/dags/pipeline_label_studio.py
[2025-11-18T16:56:36.822+0000] {processor.py:830} INFO - Processing file /opt/airflow/dags/pipeline_label_studio.py for tasks to queue
[2025-11-18T16:56:36.824+0000] {logging_mixin.py:188} INFO - [2025-11-18T16:56:36.823+0000] {dagbag.py:545} INFO - Filling up the DagBag from /opt/airflow/dags/pipeline_label_studio.py
[2025-11-18T16:56:36.833+0000] {processor.py:840} INFO - DAG(s) 'etl_label_studio' retrieved from /opt/airflow/dags/pipeline_label_studio.py
[2025-11-18T16:56:36.862+0000] {logging_mixin.py:188} INFO - [2025-11-18T16:56:36.862+0000] {dag.py:3089} INFO - Sync 1 DAGs
[2025-11-18T16:56:36.911+0000] {logging_mixin.py:188} INFO - [2025-11-18T16:56:36.911+0000] {dag.py:3947} INFO - Setting next_dagrun for etl_label_studio to 2025-11-18 03:00:00+00:00, run_after=2025-11-19 03:00:00+00:00
[2025-11-18T16:56:36.930+0000] {processor.py:183} INFO - Processing /opt/airflow/dags/pipeline_label_studio.py took 0.117 seconds
[2025-11-18T16:57:07.319+0000] {processor.py:161} INFO - Started process (PID=3292) to work on /opt/airflow/dags/pipeline_label_studio.py
[2025-11-18T16:57:07.320+0000] {processor.py:830} INFO - Processing file /opt/airflow/dags/pipeline_label_studio.py for tasks to queue
[2025-11-18T16:57:07.321+0000] {logging_mixin.py:188} INFO - [2025-11-18T16:57:07.321+0000] {dagbag.py:545} INFO - Filling up the DagBag from /opt/airflow/dags/pipeline_label_studio.py
[2025-11-18T16:57:07.329+0000] {processor.py:840} INFO - DAG(s) 'etl_label_studio' retrieved from /opt/airflow/dags/pipeline_label_studio.py
[2025-11-18T16:57:07.352+0000] {logging_mixin.py:188} INFO - [2025-11-18T16:57:07.352+0000] {dag.py:3089} INFO - Sync 1 DAGs
[2025-11-18T16:57:07.372+0000] {logging_mixin.py:188} INFO - [2025-11-18T16:57:07.372+0000] {dag.py:3947} INFO - Setting next_dagrun for etl_label_studio to 2025-11-18 03:00:00+00:00, run_after=2025-11-19 03:00:00+00:00
[2025-11-18T16:57:07.383+0000] {processor.py:183} INFO - Processing /opt/airflow/dags/pipeline_label_studio.py took 0.069 seconds
[2025-11-18T16:57:37.739+0000] {processor.py:161} INFO - Started process (PID=3307) to work on /opt/airflow/dags/pipeline_label_studio.py
[2025-11-18T16:57:37.740+0000] {processor.py:830} INFO - Processing file /opt/airflow/dags/pipeline_label_studio.py for tasks to queue
[2025-11-18T16:57:37.742+0000] {logging_mixin.py:188} INFO - [2025-11-18T16:57:37.741+0000] {dagbag.py:545} INFO - Filling up the DagBag from /opt/airflow/dags/pipeline_label_studio.py
[2025-11-18T16:57:37.750+0000] {processor.py:840} INFO - DAG(s) 'etl_label_studio' retrieved from /opt/airflow/dags/pipeline_label_studio.py
[2025-11-18T16:57:37.771+0000] {logging_mixin.py:188} INFO - [2025-11-18T16:57:37.771+0000] {dag.py:3089} INFO - Sync 1 DAGs
[2025-11-18T16:57:37.788+0000] {logging_mixin.py:188} INFO - [2025-11-18T16:57:37.787+0000] {dag.py:3947} INFO - Setting next_dagrun for etl_label_studio to 2025-11-18 03:00:00+00:00, run_after=2025-11-19 03:00:00+00:00
[2025-11-18T16:57:37.799+0000] {processor.py:183} INFO - Processing /opt/airflow/dags/pipeline_label_studio.py took 0.064 seconds
[2025-11-18T16:58:08.290+0000] {processor.py:161} INFO - Started process (PID=3322) to work on /opt/airflow/dags/pipeline_label_studio.py
[2025-11-18T16:58:08.291+0000] {processor.py:830} INFO - Processing file /opt/airflow/dags/pipeline_label_studio.py for tasks to queue
[2025-11-18T16:58:08.292+0000] {logging_mixin.py:188} INFO - [2025-11-18T16:58:08.292+0000] {dagbag.py:545} INFO - Filling up the DagBag from /opt/airflow/dags/pipeline_label_studio.py
[2025-11-18T16:58:08.303+0000] {processor.py:840} INFO - DAG(s) 'etl_label_studio' retrieved from /opt/airflow/dags/pipeline_label_studio.py
[2025-11-18T16:58:08.332+0000] {logging_mixin.py:188} INFO - [2025-11-18T16:58:08.332+0000] {dag.py:3089} INFO - Sync 1 DAGs
[2025-11-18T16:58:08.351+0000] {logging_mixin.py:188} INFO - [2025-11-18T16:58:08.351+0000] {dag.py:3947} INFO - Setting next_dagrun for etl_label_studio to 2025-11-18 03:00:00+00:00, run_after=2025-11-19 03:00:00+00:00
[2025-11-18T16:58:08.364+0000] {processor.py:183} INFO - Processing /opt/airflow/dags/pipeline_label_studio.py took 0.080 seconds
[2025-11-18T16:58:38.790+0000] {processor.py:161} INFO - Started process (PID=3337) to work on /opt/airflow/dags/pipeline_label_studio.py
[2025-11-18T16:58:38.791+0000] {processor.py:830} INFO - Processing file /opt/airflow/dags/pipeline_label_studio.py for tasks to queue
[2025-11-18T16:58:38.793+0000] {logging_mixin.py:188} INFO - [2025-11-18T16:58:38.792+0000] {dagbag.py:545} INFO - Filling up the DagBag from /opt/airflow/dags/pipeline_label_studio.py
[2025-11-18T16:58:38.802+0000] {processor.py:840} INFO - DAG(s) 'etl_label_studio' retrieved from /opt/airflow/dags/pipeline_label_studio.py
[2025-11-18T16:58:38.831+0000] {logging_mixin.py:188} INFO - [2025-11-18T16:58:38.831+0000] {dag.py:3089} INFO - Sync 1 DAGs
[2025-11-18T16:58:38.851+0000] {logging_mixin.py:188} INFO - [2025-11-18T16:58:38.851+0000] {dag.py:3947} INFO - Setting next_dagrun for etl_label_studio to 2025-11-18 03:00:00+00:00, run_after=2025-11-19 03:00:00+00:00
[2025-11-18T16:58:38.866+0000] {processor.py:183} INFO - Processing /opt/airflow/dags/pipeline_label_studio.py took 0.080 seconds
[2025-11-18T16:59:09.264+0000] {processor.py:161} INFO - Started process (PID=3352) to work on /opt/airflow/dags/pipeline_label_studio.py
[2025-11-18T16:59:09.265+0000] {processor.py:830} INFO - Processing file /opt/airflow/dags/pipeline_label_studio.py for tasks to queue
[2025-11-18T16:59:09.266+0000] {logging_mixin.py:188} INFO - [2025-11-18T16:59:09.266+0000] {dagbag.py:545} INFO - Filling up the DagBag from /opt/airflow/dags/pipeline_label_studio.py
[2025-11-18T16:59:09.274+0000] {processor.py:840} INFO - DAG(s) 'etl_label_studio' retrieved from /opt/airflow/dags/pipeline_label_studio.py
[2025-11-18T16:59:09.295+0000] {logging_mixin.py:188} INFO - [2025-11-18T16:59:09.295+0000] {dag.py:3089} INFO - Sync 1 DAGs
[2025-11-18T16:59:09.311+0000] {logging_mixin.py:188} INFO - [2025-11-18T16:59:09.311+0000] {dag.py:3947} INFO - Setting next_dagrun for etl_label_studio to 2025-11-18 03:00:00+00:00, run_after=2025-11-19 03:00:00+00:00
[2025-11-18T16:59:09.324+0000] {processor.py:183} INFO - Processing /opt/airflow/dags/pipeline_label_studio.py took 0.064 seconds
[2025-11-18T16:59:39.836+0000] {processor.py:161} INFO - Started process (PID=3367) to work on /opt/airflow/dags/pipeline_label_studio.py
[2025-11-18T16:59:39.838+0000] {processor.py:830} INFO - Processing file /opt/airflow/dags/pipeline_label_studio.py for tasks to queue
[2025-11-18T16:59:39.841+0000] {logging_mixin.py:188} INFO - [2025-11-18T16:59:39.840+0000] {dagbag.py:545} INFO - Filling up the DagBag from /opt/airflow/dags/pipeline_label_studio.py
[2025-11-18T16:59:39.851+0000] {processor.py:840} INFO - DAG(s) 'etl_label_studio' retrieved from /opt/airflow/dags/pipeline_label_studio.py
[2025-11-18T16:59:39.879+0000] {logging_mixin.py:188} INFO - [2025-11-18T16:59:39.878+0000] {dag.py:3089} INFO - Sync 1 DAGs
[2025-11-18T16:59:39.900+0000] {logging_mixin.py:188} INFO - [2025-11-18T16:59:39.899+0000] {dag.py:3947} INFO - Setting next_dagrun for etl_label_studio to 2025-11-18 03:00:00+00:00, run_after=2025-11-19 03:00:00+00:00
[2025-11-18T16:59:39.916+0000] {processor.py:183} INFO - Processing /opt/airflow/dags/pipeline_label_studio.py took 0.084 seconds
[2025-11-18T17:00:10.331+0000] {processor.py:161} INFO - Started process (PID=3382) to work on /opt/airflow/dags/pipeline_label_studio.py
[2025-11-18T17:00:10.332+0000] {processor.py:830} INFO - Processing file /opt/airflow/dags/pipeline_label_studio.py for tasks to queue
[2025-11-18T17:00:10.333+0000] {logging_mixin.py:188} INFO - [2025-11-18T17:00:10.333+0000] {dagbag.py:545} INFO - Filling up the DagBag from /opt/airflow/dags/pipeline_label_studio.py
[2025-11-18T17:00:10.340+0000] {processor.py:840} INFO - DAG(s) 'etl_label_studio' retrieved from /opt/airflow/dags/pipeline_label_studio.py
[2025-11-18T17:00:10.361+0000] {logging_mixin.py:188} INFO - [2025-11-18T17:00:10.361+0000] {dag.py:3089} INFO - Sync 1 DAGs
[2025-11-18T17:00:10.377+0000] {logging_mixin.py:188} INFO - [2025-11-18T17:00:10.376+0000] {dag.py:3947} INFO - Setting next_dagrun for etl_label_studio to 2025-11-18 03:00:00+00:00, run_after=2025-11-19 03:00:00+00:00
[2025-11-18T17:00:10.389+0000] {processor.py:183} INFO - Processing /opt/airflow/dags/pipeline_label_studio.py took 0.062 seconds
[2025-11-18T17:00:40.808+0000] {processor.py:161} INFO - Started process (PID=3397) to work on /opt/airflow/dags/pipeline_label_studio.py
[2025-11-18T17:00:40.810+0000] {processor.py:830} INFO - Processing file /opt/airflow/dags/pipeline_label_studio.py for tasks to queue
[2025-11-18T17:00:40.811+0000] {logging_mixin.py:188} INFO - [2025-11-18T17:00:40.811+0000] {dagbag.py:545} INFO - Filling up the DagBag from /opt/airflow/dags/pipeline_label_studio.py
[2025-11-18T17:00:40.821+0000] {processor.py:840} INFO - DAG(s) 'etl_label_studio' retrieved from /opt/airflow/dags/pipeline_label_studio.py
[2025-11-18T17:00:40.842+0000] {logging_mixin.py:188} INFO - [2025-11-18T17:00:40.842+0000] {dag.py:3089} INFO - Sync 1 DAGs
[2025-11-18T17:00:40.858+0000] {logging_mixin.py:188} INFO - [2025-11-18T17:00:40.858+0000] {dag.py:3947} INFO - Setting next_dagrun for etl_label_studio to 2025-11-18 03:00:00+00:00, run_after=2025-11-19 03:00:00+00:00
[2025-11-18T17:00:40.869+0000] {processor.py:183} INFO - Processing /opt/airflow/dags/pipeline_label_studio.py took 0.066 seconds
[2025-11-18T17:01:11.338+0000] {processor.py:161} INFO - Started process (PID=3412) to work on /opt/airflow/dags/pipeline_label_studio.py
[2025-11-18T17:01:11.339+0000] {processor.py:830} INFO - Processing file /opt/airflow/dags/pipeline_label_studio.py for tasks to queue
[2025-11-18T17:01:11.341+0000] {logging_mixin.py:188} INFO - [2025-11-18T17:01:11.341+0000] {dagbag.py:545} INFO - Filling up the DagBag from /opt/airflow/dags/pipeline_label_studio.py
[2025-11-18T17:01:11.350+0000] {processor.py:840} INFO - DAG(s) 'etl_label_studio' retrieved from /opt/airflow/dags/pipeline_label_studio.py
[2025-11-18T17:01:11.376+0000] {logging_mixin.py:188} INFO - [2025-11-18T17:01:11.376+0000] {dag.py:3089} INFO - Sync 1 DAGs
[2025-11-18T17:01:11.396+0000] {logging_mixin.py:188} INFO - [2025-11-18T17:01:11.395+0000] {dag.py:3947} INFO - Setting next_dagrun for etl_label_studio to 2025-11-18 03:00:00+00:00, run_after=2025-11-19 03:00:00+00:00
[2025-11-18T17:01:11.409+0000] {processor.py:183} INFO - Processing /opt/airflow/dags/pipeline_label_studio.py took 0.075 seconds
[2025-11-18T17:01:41.786+0000] {processor.py:161} INFO - Started process (PID=3427) to work on /opt/airflow/dags/pipeline_label_studio.py
[2025-11-18T17:01:41.787+0000] {processor.py:830} INFO - Processing file /opt/airflow/dags/pipeline_label_studio.py for tasks to queue
[2025-11-18T17:01:41.788+0000] {logging_mixin.py:188} INFO - [2025-11-18T17:01:41.788+0000] {dagbag.py:545} INFO - Filling up the DagBag from /opt/airflow/dags/pipeline_label_studio.py
[2025-11-18T17:01:41.796+0000] {processor.py:840} INFO - DAG(s) 'etl_label_studio' retrieved from /opt/airflow/dags/pipeline_label_studio.py
[2025-11-18T17:01:41.817+0000] {logging_mixin.py:188} INFO - [2025-11-18T17:01:41.817+0000] {dag.py:3089} INFO - Sync 1 DAGs
[2025-11-18T17:01:41.833+0000] {logging_mixin.py:188} INFO - [2025-11-18T17:01:41.833+0000] {dag.py:3947} INFO - Setting next_dagrun for etl_label_studio to 2025-11-18 03:00:00+00:00, run_after=2025-11-19 03:00:00+00:00
[2025-11-18T17:01:41.844+0000] {processor.py:183} INFO - Processing /opt/airflow/dags/pipeline_label_studio.py took 0.062 seconds
[2025-11-18T17:02:12.234+0000] {processor.py:161} INFO - Started process (PID=3442) to work on /opt/airflow/dags/pipeline_label_studio.py
[2025-11-18T17:02:12.235+0000] {processor.py:830} INFO - Processing file /opt/airflow/dags/pipeline_label_studio.py for tasks to queue
[2025-11-18T17:02:12.236+0000] {logging_mixin.py:188} INFO - [2025-11-18T17:02:12.236+0000] {dagbag.py:545} INFO - Filling up the DagBag from /opt/airflow/dags/pipeline_label_studio.py
[2025-11-18T17:02:12.244+0000] {processor.py:840} INFO - DAG(s) 'etl_label_studio' retrieved from /opt/airflow/dags/pipeline_label_studio.py
[2025-11-18T17:02:12.266+0000] {logging_mixin.py:188} INFO - [2025-11-18T17:02:12.266+0000] {dag.py:3089} INFO - Sync 1 DAGs
[2025-11-18T17:02:12.283+0000] {logging_mixin.py:188} INFO - [2025-11-18T17:02:12.283+0000] {dag.py:3947} INFO - Setting next_dagrun for etl_label_studio to 2025-11-18 03:00:00+00:00, run_after=2025-11-19 03:00:00+00:00
[2025-11-18T17:02:12.296+0000] {processor.py:183} INFO - Processing /opt/airflow/dags/pipeline_label_studio.py took 0.068 seconds
[2025-11-18T17:02:42.712+0000] {processor.py:161} INFO - Started process (PID=3457) to work on /opt/airflow/dags/pipeline_label_studio.py
[2025-11-18T17:02:42.714+0000] {processor.py:830} INFO - Processing file /opt/airflow/dags/pipeline_label_studio.py for tasks to queue
[2025-11-18T17:02:42.715+0000] {logging_mixin.py:188} INFO - [2025-11-18T17:02:42.714+0000] {dagbag.py:545} INFO - Filling up the DagBag from /opt/airflow/dags/pipeline_label_studio.py
[2025-11-18T17:02:42.723+0000] {processor.py:840} INFO - DAG(s) 'etl_label_studio' retrieved from /opt/airflow/dags/pipeline_label_studio.py
[2025-11-18T17:02:42.744+0000] {logging_mixin.py:188} INFO - [2025-11-18T17:02:42.744+0000] {dag.py:3089} INFO - Sync 1 DAGs
[2025-11-18T17:02:42.760+0000] {logging_mixin.py:188} INFO - [2025-11-18T17:02:42.760+0000] {dag.py:3947} INFO - Setting next_dagrun for etl_label_studio to 2025-11-18 03:00:00+00:00, run_after=2025-11-19 03:00:00+00:00
[2025-11-18T17:02:42.771+0000] {processor.py:183} INFO - Processing /opt/airflow/dags/pipeline_label_studio.py took 0.063 seconds
[2025-11-18T17:03:13.111+0000] {processor.py:161} INFO - Started process (PID=3472) to work on /opt/airflow/dags/pipeline_label_studio.py
[2025-11-18T17:03:13.112+0000] {processor.py:830} INFO - Processing file /opt/airflow/dags/pipeline_label_studio.py for tasks to queue
[2025-11-18T17:03:13.113+0000] {logging_mixin.py:188} INFO - [2025-11-18T17:03:13.113+0000] {dagbag.py:545} INFO - Filling up the DagBag from /opt/airflow/dags/pipeline_label_studio.py
[2025-11-18T17:03:13.121+0000] {processor.py:840} INFO - DAG(s) 'etl_label_studio' retrieved from /opt/airflow/dags/pipeline_label_studio.py
[2025-11-18T17:03:13.141+0000] {logging_mixin.py:188} INFO - [2025-11-18T17:03:13.141+0000] {dag.py:3089} INFO - Sync 1 DAGs
[2025-11-18T17:03:13.156+0000] {logging_mixin.py:188} INFO - [2025-11-18T17:03:13.156+0000] {dag.py:3947} INFO - Setting next_dagrun for etl_label_studio to 2025-11-18 03:00:00+00:00, run_after=2025-11-19 03:00:00+00:00
[2025-11-18T17:03:13.168+0000] {processor.py:183} INFO - Processing /opt/airflow/dags/pipeline_label_studio.py took 0.061 seconds
[2025-11-18T17:03:43.593+0000] {processor.py:161} INFO - Started process (PID=3487) to work on /opt/airflow/dags/pipeline_label_studio.py
[2025-11-18T17:03:43.594+0000] {processor.py:830} INFO - Processing file /opt/airflow/dags/pipeline_label_studio.py for tasks to queue
[2025-11-18T17:03:43.595+0000] {logging_mixin.py:188} INFO - [2025-11-18T17:03:43.595+0000] {dagbag.py:545} INFO - Filling up the DagBag from /opt/airflow/dags/pipeline_label_studio.py
[2025-11-18T17:03:43.606+0000] {processor.py:840} INFO - DAG(s) 'etl_label_studio' retrieved from /opt/airflow/dags/pipeline_label_studio.py
[2025-11-18T17:03:43.633+0000] {logging_mixin.py:188} INFO - [2025-11-18T17:03:43.633+0000] {dag.py:3089} INFO - Sync 1 DAGs
[2025-11-18T17:03:43.664+0000] {logging_mixin.py:188} INFO - [2025-11-18T17:03:43.664+0000] {dag.py:3947} INFO - Setting next_dagrun for etl_label_studio to 2025-11-18 03:00:00+00:00, run_after=2025-11-19 03:00:00+00:00
[2025-11-18T17:03:43.680+0000] {processor.py:183} INFO - Processing /opt/airflow/dags/pipeline_label_studio.py took 0.092 seconds
[2025-11-18T17:04:14.042+0000] {processor.py:161} INFO - Started process (PID=3502) to work on /opt/airflow/dags/pipeline_label_studio.py
[2025-11-18T17:04:14.043+0000] {processor.py:830} INFO - Processing file /opt/airflow/dags/pipeline_label_studio.py for tasks to queue
[2025-11-18T17:04:14.044+0000] {logging_mixin.py:188} INFO - [2025-11-18T17:04:14.044+0000] {dagbag.py:545} INFO - Filling up the DagBag from /opt/airflow/dags/pipeline_label_studio.py
[2025-11-18T17:04:14.052+0000] {processor.py:840} INFO - DAG(s) 'etl_label_studio' retrieved from /opt/airflow/dags/pipeline_label_studio.py
[2025-11-18T17:04:14.072+0000] {logging_mixin.py:188} INFO - [2025-11-18T17:04:14.072+0000] {dag.py:3089} INFO - Sync 1 DAGs
[2025-11-18T17:04:14.087+0000] {logging_mixin.py:188} INFO - [2025-11-18T17:04:14.087+0000] {dag.py:3947} INFO - Setting next_dagrun for etl_label_studio to 2025-11-18 03:00:00+00:00, run_after=2025-11-19 03:00:00+00:00
[2025-11-18T17:04:14.098+0000] {processor.py:183} INFO - Processing /opt/airflow/dags/pipeline_label_studio.py took 0.060 seconds
[2025-11-18T17:04:44.501+0000] {processor.py:161} INFO - Started process (PID=3517) to work on /opt/airflow/dags/pipeline_label_studio.py
[2025-11-18T17:04:44.501+0000] {processor.py:830} INFO - Processing file /opt/airflow/dags/pipeline_label_studio.py for tasks to queue
[2025-11-18T17:04:44.502+0000] {logging_mixin.py:188} INFO - [2025-11-18T17:04:44.502+0000] {dagbag.py:545} INFO - Filling up the DagBag from /opt/airflow/dags/pipeline_label_studio.py
[2025-11-18T17:04:44.510+0000] {processor.py:840} INFO - DAG(s) 'etl_label_studio' retrieved from /opt/airflow/dags/pipeline_label_studio.py
[2025-11-18T17:04:44.533+0000] {logging_mixin.py:188} INFO - [2025-11-18T17:04:44.532+0000] {dag.py:3089} INFO - Sync 1 DAGs
[2025-11-18T17:04:44.550+0000] {logging_mixin.py:188} INFO - [2025-11-18T17:04:44.550+0000] {dag.py:3947} INFO - Setting next_dagrun for etl_label_studio to 2025-11-18 03:00:00+00:00, run_after=2025-11-19 03:00:00+00:00
[2025-11-18T17:04:44.562+0000] {processor.py:183} INFO - Processing /opt/airflow/dags/pipeline_label_studio.py took 0.065 seconds
[2025-11-18T17:05:15.040+0000] {processor.py:161} INFO - Started process (PID=3532) to work on /opt/airflow/dags/pipeline_label_studio.py
[2025-11-18T17:05:15.041+0000] {processor.py:830} INFO - Processing file /opt/airflow/dags/pipeline_label_studio.py for tasks to queue
[2025-11-18T17:05:15.043+0000] {logging_mixin.py:188} INFO - [2025-11-18T17:05:15.042+0000] {dagbag.py:545} INFO - Filling up the DagBag from /opt/airflow/dags/pipeline_label_studio.py
[2025-11-18T17:05:15.059+0000] {processor.py:840} INFO - DAG(s) 'etl_label_studio' retrieved from /opt/airflow/dags/pipeline_label_studio.py
[2025-11-18T17:05:15.094+0000] {logging_mixin.py:188} INFO - [2025-11-18T17:05:15.094+0000] {dag.py:3089} INFO - Sync 1 DAGs
[2025-11-18T17:05:15.126+0000] {logging_mixin.py:188} INFO - [2025-11-18T17:05:15.125+0000] {dag.py:3947} INFO - Setting next_dagrun for etl_label_studio to 2025-11-18 03:00:00+00:00, run_after=2025-11-19 03:00:00+00:00
[2025-11-18T17:05:15.144+0000] {processor.py:183} INFO - Processing /opt/airflow/dags/pipeline_label_studio.py took 0.108 seconds
[2025-11-18T17:05:45.538+0000] {processor.py:161} INFO - Started process (PID=3547) to work on /opt/airflow/dags/pipeline_label_studio.py
[2025-11-18T17:05:45.539+0000] {processor.py:830} INFO - Processing file /opt/airflow/dags/pipeline_label_studio.py for tasks to queue
[2025-11-18T17:05:45.541+0000] {logging_mixin.py:188} INFO - [2025-11-18T17:05:45.540+0000] {dagbag.py:545} INFO - Filling up the DagBag from /opt/airflow/dags/pipeline_label_studio.py
[2025-11-18T17:05:45.550+0000] {processor.py:840} INFO - DAG(s) 'etl_label_studio' retrieved from /opt/airflow/dags/pipeline_label_studio.py
[2025-11-18T17:05:45.574+0000] {logging_mixin.py:188} INFO - [2025-11-18T17:05:45.574+0000] {dag.py:3089} INFO - Sync 1 DAGs
[2025-11-18T17:05:45.604+0000] {logging_mixin.py:188} INFO - [2025-11-18T17:05:45.603+0000] {dag.py:3947} INFO - Setting next_dagrun for etl_label_studio to 2025-11-18 03:00:00+00:00, run_after=2025-11-19 03:00:00+00:00
[2025-11-18T17:05:45.617+0000] {processor.py:183} INFO - Processing /opt/airflow/dags/pipeline_label_studio.py took 0.083 seconds
[2025-11-18T17:06:16.007+0000] {processor.py:161} INFO - Started process (PID=3562) to work on /opt/airflow/dags/pipeline_label_studio.py
[2025-11-18T17:06:16.008+0000] {processor.py:830} INFO - Processing file /opt/airflow/dags/pipeline_label_studio.py for tasks to queue
[2025-11-18T17:06:16.009+0000] {logging_mixin.py:188} INFO - [2025-11-18T17:06:16.009+0000] {dagbag.py:545} INFO - Filling up the DagBag from /opt/airflow/dags/pipeline_label_studio.py
[2025-11-18T17:06:16.017+0000] {processor.py:840} INFO - DAG(s) 'etl_label_studio' retrieved from /opt/airflow/dags/pipeline_label_studio.py
[2025-11-18T17:06:16.048+0000] {logging_mixin.py:188} INFO - [2025-11-18T17:06:16.047+0000] {dag.py:3089} INFO - Sync 1 DAGs
[2025-11-18T17:06:16.068+0000] {logging_mixin.py:188} INFO - [2025-11-18T17:06:16.067+0000] {dag.py:3947} INFO - Setting next_dagrun for etl_label_studio to 2025-11-18 03:00:00+00:00, run_after=2025-11-19 03:00:00+00:00
[2025-11-18T17:06:16.082+0000] {processor.py:183} INFO - Processing /opt/airflow/dags/pipeline_label_studio.py took 0.080 seconds
[2025-11-18T17:06:46.537+0000] {processor.py:161} INFO - Started process (PID=3577) to work on /opt/airflow/dags/pipeline_label_studio.py
[2025-11-18T17:06:46.538+0000] {processor.py:830} INFO - Processing file /opt/airflow/dags/pipeline_label_studio.py for tasks to queue
[2025-11-18T17:06:46.539+0000] {logging_mixin.py:188} INFO - [2025-11-18T17:06:46.539+0000] {dagbag.py:545} INFO - Filling up the DagBag from /opt/airflow/dags/pipeline_label_studio.py
[2025-11-18T17:06:46.547+0000] {processor.py:840} INFO - DAG(s) 'etl_label_studio' retrieved from /opt/airflow/dags/pipeline_label_studio.py
[2025-11-18T17:06:46.568+0000] {logging_mixin.py:188} INFO - [2025-11-18T17:06:46.568+0000] {dag.py:3089} INFO - Sync 1 DAGs
[2025-11-18T17:06:46.585+0000] {logging_mixin.py:188} INFO - [2025-11-18T17:06:46.585+0000] {dag.py:3947} INFO - Setting next_dagrun for etl_label_studio to 2025-11-18 03:00:00+00:00, run_after=2025-11-19 03:00:00+00:00
[2025-11-18T17:06:46.597+0000] {processor.py:183} INFO - Processing /opt/airflow/dags/pipeline_label_studio.py took 0.064 seconds
[2025-11-18T17:07:17.001+0000] {processor.py:161} INFO - Started process (PID=3592) to work on /opt/airflow/dags/pipeline_label_studio.py
[2025-11-18T17:07:17.003+0000] {processor.py:830} INFO - Processing file /opt/airflow/dags/pipeline_label_studio.py for tasks to queue
[2025-11-18T17:07:17.004+0000] {logging_mixin.py:188} INFO - [2025-11-18T17:07:17.004+0000] {dagbag.py:545} INFO - Filling up the DagBag from /opt/airflow/dags/pipeline_label_studio.py
[2025-11-18T17:07:17.012+0000] {processor.py:840} INFO - DAG(s) 'etl_label_studio' retrieved from /opt/airflow/dags/pipeline_label_studio.py
[2025-11-18T17:07:17.039+0000] {logging_mixin.py:188} INFO - [2025-11-18T17:07:17.038+0000] {dag.py:3089} INFO - Sync 1 DAGs
[2025-11-18T17:07:17.058+0000] {logging_mixin.py:188} INFO - [2025-11-18T17:07:17.058+0000] {dag.py:3947} INFO - Setting next_dagrun for etl_label_studio to 2025-11-18 03:00:00+00:00, run_after=2025-11-19 03:00:00+00:00
[2025-11-18T17:07:17.070+0000] {processor.py:183} INFO - Processing /opt/airflow/dags/pipeline_label_studio.py took 0.073 seconds
[2025-11-18T17:07:47.572+0000] {processor.py:161} INFO - Started process (PID=3607) to work on /opt/airflow/dags/pipeline_label_studio.py
[2025-11-18T17:07:47.578+0000] {processor.py:830} INFO - Processing file /opt/airflow/dags/pipeline_label_studio.py for tasks to queue
[2025-11-18T17:07:47.579+0000] {logging_mixin.py:188} INFO - [2025-11-18T17:07:47.579+0000] {dagbag.py:545} INFO - Filling up the DagBag from /opt/airflow/dags/pipeline_label_studio.py
[2025-11-18T17:07:47.587+0000] {processor.py:840} INFO - DAG(s) 'etl_label_studio' retrieved from /opt/airflow/dags/pipeline_label_studio.py
[2025-11-18T17:07:47.607+0000] {logging_mixin.py:188} INFO - [2025-11-18T17:07:47.607+0000] {dag.py:3089} INFO - Sync 1 DAGs
[2025-11-18T17:07:47.622+0000] {logging_mixin.py:188} INFO - [2025-11-18T17:07:47.622+0000] {dag.py:3947} INFO - Setting next_dagrun for etl_label_studio to 2025-11-18 03:00:00+00:00, run_after=2025-11-19 03:00:00+00:00
[2025-11-18T17:07:47.633+0000] {processor.py:183} INFO - Processing /opt/airflow/dags/pipeline_label_studio.py took 0.065 seconds
[2025-11-18T17:08:18.133+0000] {processor.py:161} INFO - Started process (PID=3622) to work on /opt/airflow/dags/pipeline_label_studio.py
[2025-11-18T17:08:18.138+0000] {processor.py:830} INFO - Processing file /opt/airflow/dags/pipeline_label_studio.py for tasks to queue
[2025-11-18T17:08:18.139+0000] {logging_mixin.py:188} INFO - [2025-11-18T17:08:18.139+0000] {dagbag.py:545} INFO - Filling up the DagBag from /opt/airflow/dags/pipeline_label_studio.py
[2025-11-18T17:08:18.147+0000] {processor.py:840} INFO - DAG(s) 'etl_label_studio' retrieved from /opt/airflow/dags/pipeline_label_studio.py
[2025-11-18T17:08:18.167+0000] {logging_mixin.py:188} INFO - [2025-11-18T17:08:18.167+0000] {dag.py:3089} INFO - Sync 1 DAGs
[2025-11-18T17:08:18.182+0000] {logging_mixin.py:188} INFO - [2025-11-18T17:08:18.182+0000] {dag.py:3947} INFO - Setting next_dagrun for etl_label_studio to 2025-11-18 03:00:00+00:00, run_after=2025-11-19 03:00:00+00:00
[2025-11-18T17:08:18.194+0000] {processor.py:183} INFO - Processing /opt/airflow/dags/pipeline_label_studio.py took 0.065 seconds
[2025-11-18T17:08:48.747+0000] {processor.py:161} INFO - Started process (PID=3637) to work on /opt/airflow/dags/pipeline_label_studio.py
[2025-11-18T17:08:48.748+0000] {processor.py:830} INFO - Processing file /opt/airflow/dags/pipeline_label_studio.py for tasks to queue
[2025-11-18T17:08:48.749+0000] {logging_mixin.py:188} INFO - [2025-11-18T17:08:48.748+0000] {dagbag.py:545} INFO - Filling up the DagBag from /opt/airflow/dags/pipeline_label_studio.py
[2025-11-18T17:08:48.756+0000] {processor.py:840} INFO - DAG(s) 'etl_label_studio' retrieved from /opt/airflow/dags/pipeline_label_studio.py
[2025-11-18T17:08:48.777+0000] {logging_mixin.py:188} INFO - [2025-11-18T17:08:48.777+0000] {dag.py:3089} INFO - Sync 1 DAGs
[2025-11-18T17:08:48.795+0000] {logging_mixin.py:188} INFO - [2025-11-18T17:08:48.795+0000] {dag.py:3947} INFO - Setting next_dagrun for etl_label_studio to 2025-11-18 03:00:00+00:00, run_after=2025-11-19 03:00:00+00:00
[2025-11-18T17:08:48.813+0000] {processor.py:183} INFO - Processing /opt/airflow/dags/pipeline_label_studio.py took 0.072 seconds
[2025-11-18T17:09:19.219+0000] {processor.py:161} INFO - Started process (PID=3652) to work on /opt/airflow/dags/pipeline_label_studio.py
[2025-11-18T17:09:19.220+0000] {processor.py:830} INFO - Processing file /opt/airflow/dags/pipeline_label_studio.py for tasks to queue
[2025-11-18T17:09:19.221+0000] {logging_mixin.py:188} INFO - [2025-11-18T17:09:19.221+0000] {dagbag.py:545} INFO - Filling up the DagBag from /opt/airflow/dags/pipeline_label_studio.py
[2025-11-18T17:09:19.229+0000] {processor.py:840} INFO - DAG(s) 'etl_label_studio' retrieved from /opt/airflow/dags/pipeline_label_studio.py
[2025-11-18T17:09:19.253+0000] {logging_mixin.py:188} INFO - [2025-11-18T17:09:19.253+0000] {dag.py:3089} INFO - Sync 1 DAGs
[2025-11-18T17:09:19.274+0000] {logging_mixin.py:188} INFO - [2025-11-18T17:09:19.274+0000] {dag.py:3947} INFO - Setting next_dagrun for etl_label_studio to 2025-11-18 03:00:00+00:00, run_after=2025-11-19 03:00:00+00:00
[2025-11-18T17:09:19.288+0000] {processor.py:183} INFO - Processing /opt/airflow/dags/pipeline_label_studio.py took 0.075 seconds
[2025-11-18T17:09:49.758+0000] {processor.py:161} INFO - Started process (PID=3667) to work on /opt/airflow/dags/pipeline_label_studio.py
[2025-11-18T17:09:49.759+0000] {processor.py:830} INFO - Processing file /opt/airflow/dags/pipeline_label_studio.py for tasks to queue
[2025-11-18T17:09:49.760+0000] {logging_mixin.py:188} INFO - [2025-11-18T17:09:49.760+0000] {dagbag.py:545} INFO - Filling up the DagBag from /opt/airflow/dags/pipeline_label_studio.py
[2025-11-18T17:09:49.767+0000] {processor.py:840} INFO - DAG(s) 'etl_label_studio' retrieved from /opt/airflow/dags/pipeline_label_studio.py
[2025-11-18T17:09:49.789+0000] {logging_mixin.py:188} INFO - [2025-11-18T17:09:49.789+0000] {dag.py:3089} INFO - Sync 1 DAGs
[2025-11-18T17:09:49.805+0000] {logging_mixin.py:188} INFO - [2025-11-18T17:09:49.805+0000] {dag.py:3947} INFO - Setting next_dagrun for etl_label_studio to 2025-11-18 03:00:00+00:00, run_after=2025-11-19 03:00:00+00:00
[2025-11-18T17:09:49.817+0000] {processor.py:183} INFO - Processing /opt/airflow/dags/pipeline_label_studio.py took 0.063 seconds
[2025-11-18T17:10:20.176+0000] {processor.py:161} INFO - Started process (PID=3682) to work on /opt/airflow/dags/pipeline_label_studio.py
[2025-11-18T17:10:20.177+0000] {processor.py:830} INFO - Processing file /opt/airflow/dags/pipeline_label_studio.py for tasks to queue
[2025-11-18T17:10:20.178+0000] {logging_mixin.py:188} INFO - [2025-11-18T17:10:20.178+0000] {dagbag.py:545} INFO - Filling up the DagBag from /opt/airflow/dags/pipeline_label_studio.py
[2025-11-18T17:10:20.186+0000] {processor.py:840} INFO - DAG(s) 'etl_label_studio' retrieved from /opt/airflow/dags/pipeline_label_studio.py
[2025-11-18T17:10:20.206+0000] {logging_mixin.py:188} INFO - [2025-11-18T17:10:20.206+0000] {dag.py:3089} INFO - Sync 1 DAGs
[2025-11-18T17:10:20.222+0000] {logging_mixin.py:188} INFO - [2025-11-18T17:10:20.222+0000] {dag.py:3947} INFO - Setting next_dagrun for etl_label_studio to 2025-11-18 03:00:00+00:00, run_after=2025-11-19 03:00:00+00:00
[2025-11-18T17:10:20.233+0000] {processor.py:183} INFO - Processing /opt/airflow/dags/pipeline_label_studio.py took 0.061 seconds
[2025-11-18T17:10:50.595+0000] {processor.py:161} INFO - Started process (PID=3697) to work on /opt/airflow/dags/pipeline_label_studio.py
[2025-11-18T17:10:50.596+0000] {processor.py:830} INFO - Processing file /opt/airflow/dags/pipeline_label_studio.py for tasks to queue
[2025-11-18T17:10:50.597+0000] {logging_mixin.py:188} INFO - [2025-11-18T17:10:50.597+0000] {dagbag.py:545} INFO - Filling up the DagBag from /opt/airflow/dags/pipeline_label_studio.py
[2025-11-18T17:10:50.608+0000] {processor.py:840} INFO - DAG(s) 'etl_label_studio' retrieved from /opt/airflow/dags/pipeline_label_studio.py
[2025-11-18T17:10:50.632+0000] {logging_mixin.py:188} INFO - [2025-11-18T17:10:50.631+0000] {dag.py:3089} INFO - Sync 1 DAGs
[2025-11-18T17:10:50.651+0000] {logging_mixin.py:188} INFO - [2025-11-18T17:10:50.651+0000] {dag.py:3947} INFO - Setting next_dagrun for etl_label_studio to 2025-11-18 03:00:00+00:00, run_after=2025-11-19 03:00:00+00:00
[2025-11-18T17:10:50.669+0000] {processor.py:183} INFO - Processing /opt/airflow/dags/pipeline_label_studio.py took 0.080 seconds
[2025-11-18T17:11:21.081+0000] {processor.py:161} INFO - Started process (PID=3712) to work on /opt/airflow/dags/pipeline_label_studio.py
[2025-11-18T17:11:21.084+0000] {processor.py:830} INFO - Processing file /opt/airflow/dags/pipeline_label_studio.py for tasks to queue
[2025-11-18T17:11:21.086+0000] {logging_mixin.py:188} INFO - [2025-11-18T17:11:21.086+0000] {dagbag.py:545} INFO - Filling up the DagBag from /opt/airflow/dags/pipeline_label_studio.py
[2025-11-18T17:11:21.098+0000] {processor.py:840} INFO - DAG(s) 'etl_label_studio' retrieved from /opt/airflow/dags/pipeline_label_studio.py
[2025-11-18T17:11:21.125+0000] {logging_mixin.py:188} INFO - [2025-11-18T17:11:21.124+0000] {dag.py:3089} INFO - Sync 1 DAGs
[2025-11-18T17:11:21.143+0000] {logging_mixin.py:188} INFO - [2025-11-18T17:11:21.143+0000] {dag.py:3947} INFO - Setting next_dagrun for etl_label_studio to 2025-11-18 03:00:00+00:00, run_after=2025-11-19 03:00:00+00:00
[2025-11-18T17:11:21.173+0000] {processor.py:183} INFO - Processing /opt/airflow/dags/pipeline_label_studio.py took 0.097 seconds
[2025-11-18T17:11:51.516+0000] {processor.py:161} INFO - Started process (PID=3727) to work on /opt/airflow/dags/pipeline_label_studio.py
[2025-11-18T17:11:51.517+0000] {processor.py:830} INFO - Processing file /opt/airflow/dags/pipeline_label_studio.py for tasks to queue
[2025-11-18T17:11:51.519+0000] {logging_mixin.py:188} INFO - [2025-11-18T17:11:51.519+0000] {dagbag.py:545} INFO - Filling up the DagBag from /opt/airflow/dags/pipeline_label_studio.py
[2025-11-18T17:11:51.530+0000] {processor.py:840} INFO - DAG(s) 'etl_label_studio' retrieved from /opt/airflow/dags/pipeline_label_studio.py
[2025-11-18T17:11:51.560+0000] {logging_mixin.py:188} INFO - [2025-11-18T17:11:51.560+0000] {dag.py:3089} INFO - Sync 1 DAGs
[2025-11-18T17:11:51.580+0000] {logging_mixin.py:188} INFO - [2025-11-18T17:11:51.580+0000] {dag.py:3947} INFO - Setting next_dagrun for etl_label_studio to 2025-11-18 03:00:00+00:00, run_after=2025-11-19 03:00:00+00:00
[2025-11-18T17:11:51.599+0000] {processor.py:183} INFO - Processing /opt/airflow/dags/pipeline_label_studio.py took 0.088 seconds
[2025-11-18T17:12:21.993+0000] {processor.py:161} INFO - Started process (PID=3742) to work on /opt/airflow/dags/pipeline_label_studio.py
[2025-11-18T17:12:21.997+0000] {processor.py:830} INFO - Processing file /opt/airflow/dags/pipeline_label_studio.py for tasks to queue
[2025-11-18T17:12:21.998+0000] {logging_mixin.py:188} INFO - [2025-11-18T17:12:21.998+0000] {dagbag.py:545} INFO - Filling up the DagBag from /opt/airflow/dags/pipeline_label_studio.py
[2025-11-18T17:12:22.006+0000] {processor.py:840} INFO - DAG(s) 'etl_label_studio' retrieved from /opt/airflow/dags/pipeline_label_studio.py
[2025-11-18T17:12:22.031+0000] {logging_mixin.py:188} INFO - [2025-11-18T17:12:22.030+0000] {dag.py:3089} INFO - Sync 1 DAGs
[2025-11-18T17:12:22.053+0000] {logging_mixin.py:188} INFO - [2025-11-18T17:12:22.052+0000] {dag.py:3947} INFO - Setting next_dagrun for etl_label_studio to 2025-11-18 03:00:00+00:00, run_after=2025-11-19 03:00:00+00:00
[2025-11-18T17:12:22.064+0000] {processor.py:183} INFO - Processing /opt/airflow/dags/pipeline_label_studio.py took 0.076 seconds
[2025-11-18T17:12:52.751+0000] {processor.py:161} INFO - Started process (PID=3757) to work on /opt/airflow/dags/pipeline_label_studio.py
[2025-11-18T17:12:52.752+0000] {processor.py:830} INFO - Processing file /opt/airflow/dags/pipeline_label_studio.py for tasks to queue
[2025-11-18T17:12:52.754+0000] {logging_mixin.py:188} INFO - [2025-11-18T17:12:52.754+0000] {dagbag.py:545} INFO - Filling up the DagBag from /opt/airflow/dags/pipeline_label_studio.py
[2025-11-18T17:12:52.766+0000] {processor.py:840} INFO - DAG(s) 'etl_label_studio' retrieved from /opt/airflow/dags/pipeline_label_studio.py
[2025-11-18T17:12:52.799+0000] {logging_mixin.py:188} INFO - [2025-11-18T17:12:52.798+0000] {dag.py:3089} INFO - Sync 1 DAGs
[2025-11-18T17:12:52.825+0000] {logging_mixin.py:188} INFO - [2025-11-18T17:12:52.824+0000] {dag.py:3947} INFO - Setting next_dagrun for etl_label_studio to 2025-11-18 03:00:00+00:00, run_after=2025-11-19 03:00:00+00:00
[2025-11-18T17:12:52.844+0000] {processor.py:183} INFO - Processing /opt/airflow/dags/pipeline_label_studio.py took 0.100 seconds
[2025-11-18T17:13:23.497+0000] {processor.py:161} INFO - Started process (PID=3772) to work on /opt/airflow/dags/pipeline_label_studio.py
[2025-11-18T17:13:23.499+0000] {processor.py:830} INFO - Processing file /opt/airflow/dags/pipeline_label_studio.py for tasks to queue
[2025-11-18T17:13:23.509+0000] {logging_mixin.py:188} INFO - [2025-11-18T17:13:23.508+0000] {dagbag.py:545} INFO - Filling up the DagBag from /opt/airflow/dags/pipeline_label_studio.py
[2025-11-18T17:13:23.523+0000] {processor.py:840} INFO - DAG(s) 'etl_label_studio' retrieved from /opt/airflow/dags/pipeline_label_studio.py
[2025-11-18T17:13:23.546+0000] {logging_mixin.py:188} INFO - [2025-11-18T17:13:23.546+0000] {dag.py:3089} INFO - Sync 1 DAGs
[2025-11-18T17:13:23.562+0000] {logging_mixin.py:188} INFO - [2025-11-18T17:13:23.562+0000] {dag.py:3947} INFO - Setting next_dagrun for etl_label_studio to 2025-11-18 03:00:00+00:00, run_after=2025-11-19 03:00:00+00:00
[2025-11-18T17:13:23.574+0000] {processor.py:183} INFO - Processing /opt/airflow/dags/pipeline_label_studio.py took 0.086 seconds
[2025-11-18T17:13:54.024+0000] {processor.py:161} INFO - Started process (PID=3787) to work on /opt/airflow/dags/pipeline_label_studio.py
[2025-11-18T17:13:54.026+0000] {processor.py:830} INFO - Processing file /opt/airflow/dags/pipeline_label_studio.py for tasks to queue
[2025-11-18T17:13:54.027+0000] {logging_mixin.py:188} INFO - [2025-11-18T17:13:54.027+0000] {dagbag.py:545} INFO - Filling up the DagBag from /opt/airflow/dags/pipeline_label_studio.py
[2025-11-18T17:13:54.035+0000] {processor.py:840} INFO - DAG(s) 'etl_label_studio' retrieved from /opt/airflow/dags/pipeline_label_studio.py
[2025-11-18T17:13:54.057+0000] {logging_mixin.py:188} INFO - [2025-11-18T17:13:54.056+0000] {dag.py:3089} INFO - Sync 1 DAGs
[2025-11-18T17:13:54.072+0000] {logging_mixin.py:188} INFO - [2025-11-18T17:13:54.072+0000] {dag.py:3947} INFO - Setting next_dagrun for etl_label_studio to 2025-11-18 03:00:00+00:00, run_after=2025-11-19 03:00:00+00:00
[2025-11-18T17:13:54.084+0000] {processor.py:183} INFO - Processing /opt/airflow/dags/pipeline_label_studio.py took 0.064 seconds
[2025-11-18T17:14:24.519+0000] {processor.py:161} INFO - Started process (PID=3802) to work on /opt/airflow/dags/pipeline_label_studio.py
[2025-11-18T17:14:24.521+0000] {processor.py:830} INFO - Processing file /opt/airflow/dags/pipeline_label_studio.py for tasks to queue
[2025-11-18T17:14:24.522+0000] {logging_mixin.py:188} INFO - [2025-11-18T17:14:24.521+0000] {dagbag.py:545} INFO - Filling up the DagBag from /opt/airflow/dags/pipeline_label_studio.py
[2025-11-18T17:14:24.536+0000] {processor.py:840} INFO - DAG(s) 'etl_label_studio' retrieved from /opt/airflow/dags/pipeline_label_studio.py
[2025-11-18T17:14:24.559+0000] {logging_mixin.py:188} INFO - [2025-11-18T17:14:24.559+0000] {dag.py:3089} INFO - Sync 1 DAGs
[2025-11-18T17:14:24.574+0000] {logging_mixin.py:188} INFO - [2025-11-18T17:14:24.574+0000] {dag.py:3947} INFO - Setting next_dagrun for etl_label_studio to 2025-11-18 03:00:00+00:00, run_after=2025-11-19 03:00:00+00:00
[2025-11-18T17:14:24.586+0000] {processor.py:183} INFO - Processing /opt/airflow/dags/pipeline_label_studio.py took 0.071 seconds
[2025-11-18T17:14:54.983+0000] {processor.py:161} INFO - Started process (PID=3817) to work on /opt/airflow/dags/pipeline_label_studio.py
[2025-11-18T17:14:54.985+0000] {processor.py:830} INFO - Processing file /opt/airflow/dags/pipeline_label_studio.py for tasks to queue
[2025-11-18T17:14:54.987+0000] {logging_mixin.py:188} INFO - [2025-11-18T17:14:54.986+0000] {dagbag.py:545} INFO - Filling up the DagBag from /opt/airflow/dags/pipeline_label_studio.py
[2025-11-18T17:14:55.001+0000] {processor.py:840} INFO - DAG(s) 'etl_label_studio' retrieved from /opt/airflow/dags/pipeline_label_studio.py
[2025-11-18T17:14:55.024+0000] {logging_mixin.py:188} INFO - [2025-11-18T17:14:55.024+0000] {dag.py:3089} INFO - Sync 1 DAGs
[2025-11-18T17:14:55.040+0000] {logging_mixin.py:188} INFO - [2025-11-18T17:14:55.040+0000] {dag.py:3947} INFO - Setting next_dagrun for etl_label_studio to 2025-11-18 03:00:00+00:00, run_after=2025-11-19 03:00:00+00:00
[2025-11-18T17:14:55.052+0000] {processor.py:183} INFO - Processing /opt/airflow/dags/pipeline_label_studio.py took 0.078 seconds
[2025-11-18T17:15:25.328+0000] {processor.py:161} INFO - Started process (PID=3832) to work on /opt/airflow/dags/pipeline_label_studio.py
[2025-11-18T17:15:25.329+0000] {processor.py:830} INFO - Processing file /opt/airflow/dags/pipeline_label_studio.py for tasks to queue
[2025-11-18T17:15:25.331+0000] {logging_mixin.py:188} INFO - [2025-11-18T17:15:25.330+0000] {dagbag.py:545} INFO - Filling up the DagBag from /opt/airflow/dags/pipeline_label_studio.py
[2025-11-18T17:15:25.338+0000] {processor.py:840} INFO - DAG(s) 'etl_label_studio' retrieved from /opt/airflow/dags/pipeline_label_studio.py
[2025-11-18T17:15:25.360+0000] {logging_mixin.py:188} INFO - [2025-11-18T17:15:25.360+0000] {dag.py:3089} INFO - Sync 1 DAGs
[2025-11-18T17:15:25.377+0000] {logging_mixin.py:188} INFO - [2025-11-18T17:15:25.377+0000] {dag.py:3947} INFO - Setting next_dagrun for etl_label_studio to 2025-11-18 03:00:00+00:00, run_after=2025-11-19 03:00:00+00:00
[2025-11-18T17:15:25.389+0000] {processor.py:183} INFO - Processing /opt/airflow/dags/pipeline_label_studio.py took 0.065 seconds
[2025-11-18T17:15:55.989+0000] {processor.py:161} INFO - Started process (PID=3847) to work on /opt/airflow/dags/pipeline_label_studio.py
[2025-11-18T17:15:55.994+0000] {processor.py:830} INFO - Processing file /opt/airflow/dags/pipeline_label_studio.py for tasks to queue
[2025-11-18T17:15:55.995+0000] {logging_mixin.py:188} INFO - [2025-11-18T17:15:55.995+0000] {dagbag.py:545} INFO - Filling up the DagBag from /opt/airflow/dags/pipeline_label_studio.py
[2025-11-18T17:15:56.003+0000] {processor.py:840} INFO - DAG(s) 'etl_label_studio' retrieved from /opt/airflow/dags/pipeline_label_studio.py
[2025-11-18T17:15:56.028+0000] {logging_mixin.py:188} INFO - [2025-11-18T17:15:56.028+0000] {dag.py:3089} INFO - Sync 1 DAGs
[2025-11-18T17:15:56.051+0000] {logging_mixin.py:188} INFO - [2025-11-18T17:15:56.051+0000] {dag.py:3947} INFO - Setting next_dagrun for etl_label_studio to 2025-11-18 03:00:00+00:00, run_after=2025-11-19 03:00:00+00:00
[2025-11-18T17:15:56.067+0000] {processor.py:183} INFO - Processing /opt/airflow/dags/pipeline_label_studio.py took 0.084 seconds
[2025-11-18T17:16:26.440+0000] {processor.py:161} INFO - Started process (PID=3862) to work on /opt/airflow/dags/pipeline_label_studio.py
[2025-11-18T17:16:26.441+0000] {processor.py:830} INFO - Processing file /opt/airflow/dags/pipeline_label_studio.py for tasks to queue
[2025-11-18T17:16:26.444+0000] {logging_mixin.py:188} INFO - [2025-11-18T17:16:26.444+0000] {dagbag.py:545} INFO - Filling up the DagBag from /opt/airflow/dags/pipeline_label_studio.py
[2025-11-18T17:16:26.458+0000] {processor.py:840} INFO - DAG(s) 'etl_label_studio' retrieved from /opt/airflow/dags/pipeline_label_studio.py
[2025-11-18T17:16:26.480+0000] {logging_mixin.py:188} INFO - [2025-11-18T17:16:26.480+0000] {dag.py:3089} INFO - Sync 1 DAGs
[2025-11-18T17:16:26.517+0000] {logging_mixin.py:188} INFO - [2025-11-18T17:16:26.517+0000] {dag.py:3947} INFO - Setting next_dagrun for etl_label_studio to 2025-11-18 03:00:00+00:00, run_after=2025-11-19 03:00:00+00:00
[2025-11-18T17:16:26.546+0000] {processor.py:183} INFO - Processing /opt/airflow/dags/pipeline_label_studio.py took 0.116 seconds
[2025-11-18T17:16:57.027+0000] {processor.py:161} INFO - Started process (PID=3877) to work on /opt/airflow/dags/pipeline_label_studio.py
[2025-11-18T17:16:57.028+0000] {processor.py:830} INFO - Processing file /opt/airflow/dags/pipeline_label_studio.py for tasks to queue
[2025-11-18T17:16:57.029+0000] {logging_mixin.py:188} INFO - [2025-11-18T17:16:57.029+0000] {dagbag.py:545} INFO - Filling up the DagBag from /opt/airflow/dags/pipeline_label_studio.py
[2025-11-18T17:16:57.040+0000] {processor.py:840} INFO - DAG(s) 'etl_label_studio' retrieved from /opt/airflow/dags/pipeline_label_studio.py
[2025-11-18T17:16:57.064+0000] {logging_mixin.py:188} INFO - [2025-11-18T17:16:57.064+0000] {dag.py:3089} INFO - Sync 1 DAGs
[2025-11-18T17:16:57.085+0000] {logging_mixin.py:188} INFO - [2025-11-18T17:16:57.085+0000] {dag.py:3947} INFO - Setting next_dagrun for etl_label_studio to 2025-11-18 03:00:00+00:00, run_after=2025-11-19 03:00:00+00:00
[2025-11-18T17:16:57.104+0000] {processor.py:183} INFO - Processing /opt/airflow/dags/pipeline_label_studio.py took 0.082 seconds
[2025-11-18T17:17:27.454+0000] {processor.py:161} INFO - Started process (PID=3892) to work on /opt/airflow/dags/pipeline_label_studio.py
[2025-11-18T17:17:27.456+0000] {processor.py:830} INFO - Processing file /opt/airflow/dags/pipeline_label_studio.py for tasks to queue
[2025-11-18T17:17:27.457+0000] {logging_mixin.py:188} INFO - [2025-11-18T17:17:27.457+0000] {dagbag.py:545} INFO - Filling up the DagBag from /opt/airflow/dags/pipeline_label_studio.py
[2025-11-18T17:17:27.465+0000] {processor.py:840} INFO - DAG(s) 'etl_label_studio' retrieved from /opt/airflow/dags/pipeline_label_studio.py
[2025-11-18T17:17:27.489+0000] {logging_mixin.py:188} INFO - [2025-11-18T17:17:27.489+0000] {dag.py:3089} INFO - Sync 1 DAGs
[2025-11-18T17:17:27.505+0000] {logging_mixin.py:188} INFO - [2025-11-18T17:17:27.505+0000] {dag.py:3947} INFO - Setting next_dagrun for etl_label_studio to 2025-11-18 03:00:00+00:00, run_after=2025-11-19 03:00:00+00:00
[2025-11-18T17:17:27.518+0000] {processor.py:183} INFO - Processing /opt/airflow/dags/pipeline_label_studio.py took 0.070 seconds
[2025-11-18T17:17:57.922+0000] {processor.py:161} INFO - Started process (PID=3907) to work on /opt/airflow/dags/pipeline_label_studio.py
[2025-11-18T17:17:57.923+0000] {processor.py:830} INFO - Processing file /opt/airflow/dags/pipeline_label_studio.py for tasks to queue
[2025-11-18T17:17:57.924+0000] {logging_mixin.py:188} INFO - [2025-11-18T17:17:57.924+0000] {dagbag.py:545} INFO - Filling up the DagBag from /opt/airflow/dags/pipeline_label_studio.py
[2025-11-18T17:17:57.932+0000] {processor.py:840} INFO - DAG(s) 'etl_label_studio' retrieved from /opt/airflow/dags/pipeline_label_studio.py
[2025-11-18T17:17:57.955+0000] {logging_mixin.py:188} INFO - [2025-11-18T17:17:57.955+0000] {dag.py:3089} INFO - Sync 1 DAGs
[2025-11-18T17:17:57.971+0000] {logging_mixin.py:188} INFO - [2025-11-18T17:17:57.971+0000] {dag.py:3947} INFO - Setting next_dagrun for etl_label_studio to 2025-11-18 03:00:00+00:00, run_after=2025-11-19 03:00:00+00:00
[2025-11-18T17:17:57.985+0000] {processor.py:183} INFO - Processing /opt/airflow/dags/pipeline_label_studio.py took 0.068 seconds
[2025-11-18T17:18:28.719+0000] {processor.py:161} INFO - Started process (PID=3922) to work on /opt/airflow/dags/pipeline_label_studio.py
[2025-11-18T17:18:28.720+0000] {processor.py:830} INFO - Processing file /opt/airflow/dags/pipeline_label_studio.py for tasks to queue
[2025-11-18T17:18:28.723+0000] {logging_mixin.py:188} INFO - [2025-11-18T17:18:28.722+0000] {dagbag.py:545} INFO - Filling up the DagBag from /opt/airflow/dags/pipeline_label_studio.py
[2025-11-18T17:18:28.736+0000] {processor.py:840} INFO - DAG(s) 'etl_label_studio' retrieved from /opt/airflow/dags/pipeline_label_studio.py
[2025-11-18T17:18:28.788+0000] {logging_mixin.py:188} INFO - [2025-11-18T17:18:28.787+0000] {dag.py:3089} INFO - Sync 1 DAGs
[2025-11-18T17:18:28.821+0000] {logging_mixin.py:188} INFO - [2025-11-18T17:18:28.821+0000] {dag.py:3947} INFO - Setting next_dagrun for etl_label_studio to 2025-11-18 03:00:00+00:00, run_after=2025-11-19 03:00:00+00:00
[2025-11-18T17:18:28.843+0000] {processor.py:183} INFO - Processing /opt/airflow/dags/pipeline_label_studio.py took 0.132 seconds
[2025-11-18T17:19:00.020+0000] {processor.py:161} INFO - Started process (PID=3937) to work on /opt/airflow/dags/pipeline_label_studio.py
[2025-11-18T17:19:00.022+0000] {processor.py:830} INFO - Processing file /opt/airflow/dags/pipeline_label_studio.py for tasks to queue
[2025-11-18T17:19:00.024+0000] {logging_mixin.py:188} INFO - [2025-11-18T17:19:00.024+0000] {dagbag.py:545} INFO - Filling up the DagBag from /opt/airflow/dags/pipeline_label_studio.py
[2025-11-18T17:19:00.035+0000] {processor.py:840} INFO - DAG(s) 'etl_label_studio' retrieved from /opt/airflow/dags/pipeline_label_studio.py
[2025-11-18T17:19:00.063+0000] {logging_mixin.py:188} INFO - [2025-11-18T17:19:00.063+0000] {dag.py:3089} INFO - Sync 1 DAGs
[2025-11-18T17:19:00.083+0000] {logging_mixin.py:188} INFO - [2025-11-18T17:19:00.083+0000] {dag.py:3947} INFO - Setting next_dagrun for etl_label_studio to 2025-11-18 03:00:00+00:00, run_after=2025-11-19 03:00:00+00:00
[2025-11-18T17:19:00.097+0000] {processor.py:183} INFO - Processing /opt/airflow/dags/pipeline_label_studio.py took 0.083 seconds
[2025-11-18T17:19:30.327+0000] {processor.py:161} INFO - Started process (PID=3952) to work on /opt/airflow/dags/pipeline_label_studio.py
[2025-11-18T17:19:30.328+0000] {processor.py:830} INFO - Processing file /opt/airflow/dags/pipeline_label_studio.py for tasks to queue
[2025-11-18T17:19:30.329+0000] {logging_mixin.py:188} INFO - [2025-11-18T17:19:30.329+0000] {dagbag.py:545} INFO - Filling up the DagBag from /opt/airflow/dags/pipeline_label_studio.py
[2025-11-18T17:19:30.340+0000] {processor.py:840} INFO - DAG(s) 'etl_label_studio' retrieved from /opt/airflow/dags/pipeline_label_studio.py
[2025-11-18T17:19:30.366+0000] {logging_mixin.py:188} INFO - [2025-11-18T17:19:30.365+0000] {dag.py:3089} INFO - Sync 1 DAGs
[2025-11-18T17:19:30.382+0000] {logging_mixin.py:188} INFO - [2025-11-18T17:19:30.382+0000] {dag.py:3947} INFO - Setting next_dagrun for etl_label_studio to 2025-11-18 03:00:00+00:00, run_after=2025-11-19 03:00:00+00:00
[2025-11-18T17:19:30.394+0000] {processor.py:183} INFO - Processing /opt/airflow/dags/pipeline_label_studio.py took 0.073 seconds
[2025-11-18T17:20:00.651+0000] {processor.py:161} INFO - Started process (PID=3967) to work on /opt/airflow/dags/pipeline_label_studio.py
[2025-11-18T17:20:00.652+0000] {processor.py:830} INFO - Processing file /opt/airflow/dags/pipeline_label_studio.py for tasks to queue
[2025-11-18T17:20:00.653+0000] {logging_mixin.py:188} INFO - [2025-11-18T17:20:00.653+0000] {dagbag.py:545} INFO - Filling up the DagBag from /opt/airflow/dags/pipeline_label_studio.py
[2025-11-18T17:20:00.670+0000] {processor.py:840} INFO - DAG(s) 'etl_label_studio' retrieved from /opt/airflow/dags/pipeline_label_studio.py
[2025-11-18T17:20:00.697+0000] {logging_mixin.py:188} INFO - [2025-11-18T17:20:00.697+0000] {dag.py:3089} INFO - Sync 1 DAGs
[2025-11-18T17:20:00.717+0000] {logging_mixin.py:188} INFO - [2025-11-18T17:20:00.717+0000] {dag.py:3947} INFO - Setting next_dagrun for etl_label_studio to 2025-11-18 03:00:00+00:00, run_after=2025-11-19 03:00:00+00:00
[2025-11-18T17:20:00.731+0000] {processor.py:183} INFO - Processing /opt/airflow/dags/pipeline_label_studio.py took 0.085 seconds
[2025-11-18T17:20:30.978+0000] {processor.py:161} INFO - Started process (PID=3982) to work on /opt/airflow/dags/pipeline_label_studio.py
[2025-11-18T17:20:30.980+0000] {processor.py:830} INFO - Processing file /opt/airflow/dags/pipeline_label_studio.py for tasks to queue
[2025-11-18T17:20:30.984+0000] {logging_mixin.py:188} INFO - [2025-11-18T17:20:30.983+0000] {dagbag.py:545} INFO - Filling up the DagBag from /opt/airflow/dags/pipeline_label_studio.py
[2025-11-18T17:20:30.996+0000] {processor.py:840} INFO - DAG(s) 'etl_label_studio' retrieved from /opt/airflow/dags/pipeline_label_studio.py
[2025-11-18T17:20:31.039+0000] {logging_mixin.py:188} INFO - [2025-11-18T17:20:31.039+0000] {dag.py:3089} INFO - Sync 1 DAGs
[2025-11-18T17:20:31.060+0000] {logging_mixin.py:188} INFO - [2025-11-18T17:20:31.060+0000] {dag.py:3947} INFO - Setting next_dagrun for etl_label_studio to 2025-11-18 03:00:00+00:00, run_after=2025-11-19 03:00:00+00:00
[2025-11-18T17:20:31.073+0000] {processor.py:183} INFO - Processing /opt/airflow/dags/pipeline_label_studio.py took 0.102 seconds
[2025-11-18T17:21:01.417+0000] {processor.py:161} INFO - Started process (PID=3997) to work on /opt/airflow/dags/pipeline_label_studio.py
[2025-11-18T17:21:01.420+0000] {processor.py:830} INFO - Processing file /opt/airflow/dags/pipeline_label_studio.py for tasks to queue
[2025-11-18T17:21:01.425+0000] {logging_mixin.py:188} INFO - [2025-11-18T17:21:01.424+0000] {dagbag.py:545} INFO - Filling up the DagBag from /opt/airflow/dags/pipeline_label_studio.py
[2025-11-18T17:21:01.441+0000] {processor.py:840} INFO - DAG(s) 'etl_label_studio' retrieved from /opt/airflow/dags/pipeline_label_studio.py
[2025-11-18T17:21:01.478+0000] {logging_mixin.py:188} INFO - [2025-11-18T17:21:01.477+0000] {dag.py:3089} INFO - Sync 1 DAGs
[2025-11-18T17:21:01.502+0000] {logging_mixin.py:188} INFO - [2025-11-18T17:21:01.502+0000] {dag.py:3947} INFO - Setting next_dagrun for etl_label_studio to 2025-11-18 03:00:00+00:00, run_after=2025-11-19 03:00:00+00:00
[2025-11-18T17:21:01.523+0000] {processor.py:183} INFO - Processing /opt/airflow/dags/pipeline_label_studio.py took 0.114 seconds
[2025-11-18T17:21:31.830+0000] {processor.py:161} INFO - Started process (PID=4012) to work on /opt/airflow/dags/pipeline_label_studio.py
[2025-11-18T17:21:31.831+0000] {processor.py:830} INFO - Processing file /opt/airflow/dags/pipeline_label_studio.py for tasks to queue
[2025-11-18T17:21:31.833+0000] {logging_mixin.py:188} INFO - [2025-11-18T17:21:31.832+0000] {dagbag.py:545} INFO - Filling up the DagBag from /opt/airflow/dags/pipeline_label_studio.py
[2025-11-18T17:21:31.844+0000] {processor.py:840} INFO - DAG(s) 'etl_label_studio' retrieved from /opt/airflow/dags/pipeline_label_studio.py
[2025-11-18T17:21:31.873+0000] {logging_mixin.py:188} INFO - [2025-11-18T17:21:31.872+0000] {dag.py:3089} INFO - Sync 1 DAGs
[2025-11-18T17:21:31.891+0000] {logging_mixin.py:188} INFO - [2025-11-18T17:21:31.891+0000] {dag.py:3947} INFO - Setting next_dagrun for etl_label_studio to 2025-11-18 03:00:00+00:00, run_after=2025-11-19 03:00:00+00:00
[2025-11-18T17:21:31.904+0000] {processor.py:183} INFO - Processing /opt/airflow/dags/pipeline_label_studio.py took 0.081 seconds
[2025-11-18T17:22:02.283+0000] {processor.py:161} INFO - Started process (PID=4027) to work on /opt/airflow/dags/pipeline_label_studio.py
[2025-11-18T17:22:02.285+0000] {processor.py:830} INFO - Processing file /opt/airflow/dags/pipeline_label_studio.py for tasks to queue
[2025-11-18T17:22:02.287+0000] {logging_mixin.py:188} INFO - [2025-11-18T17:22:02.287+0000] {dagbag.py:545} INFO - Filling up the DagBag from /opt/airflow/dags/pipeline_label_studio.py
[2025-11-18T17:22:02.298+0000] {processor.py:840} INFO - DAG(s) 'etl_label_studio' retrieved from /opt/airflow/dags/pipeline_label_studio.py
[2025-11-18T17:22:02.326+0000] {logging_mixin.py:188} INFO - [2025-11-18T17:22:02.326+0000] {dag.py:3089} INFO - Sync 1 DAGs
[2025-11-18T17:22:02.345+0000] {logging_mixin.py:188} INFO - [2025-11-18T17:22:02.344+0000] {dag.py:3947} INFO - Setting next_dagrun for etl_label_studio to 2025-11-18 03:00:00+00:00, run_after=2025-11-19 03:00:00+00:00
[2025-11-18T17:22:02.358+0000] {processor.py:183} INFO - Processing /opt/airflow/dags/pipeline_label_studio.py took 0.081 seconds
[2025-11-18T17:22:32.650+0000] {processor.py:161} INFO - Started process (PID=4042) to work on /opt/airflow/dags/pipeline_label_studio.py
[2025-11-18T17:22:32.652+0000] {processor.py:830} INFO - Processing file /opt/airflow/dags/pipeline_label_studio.py for tasks to queue
[2025-11-18T17:22:32.654+0000] {logging_mixin.py:188} INFO - [2025-11-18T17:22:32.654+0000] {dagbag.py:545} INFO - Filling up the DagBag from /opt/airflow/dags/pipeline_label_studio.py
[2025-11-18T17:22:32.668+0000] {processor.py:840} INFO - DAG(s) 'etl_label_studio' retrieved from /opt/airflow/dags/pipeline_label_studio.py
[2025-11-18T17:22:32.701+0000] {logging_mixin.py:188} INFO - [2025-11-18T17:22:32.701+0000] {dag.py:3089} INFO - Sync 1 DAGs
[2025-11-18T17:22:32.721+0000] {logging_mixin.py:188} INFO - [2025-11-18T17:22:32.721+0000] {dag.py:3947} INFO - Setting next_dagrun for etl_label_studio to 2025-11-18 03:00:00+00:00, run_after=2025-11-19 03:00:00+00:00
[2025-11-18T17:22:32.735+0000] {processor.py:183} INFO - Processing /opt/airflow/dags/pipeline_label_studio.py took 0.092 seconds
[2025-11-18T17:23:02.981+0000] {processor.py:161} INFO - Started process (PID=4057) to work on /opt/airflow/dags/pipeline_label_studio.py
[2025-11-18T17:23:02.983+0000] {processor.py:830} INFO - Processing file /opt/airflow/dags/pipeline_label_studio.py for tasks to queue
[2025-11-18T17:23:02.984+0000] {logging_mixin.py:188} INFO - [2025-11-18T17:23:02.984+0000] {dagbag.py:545} INFO - Filling up the DagBag from /opt/airflow/dags/pipeline_label_studio.py
[2025-11-18T17:23:02.998+0000] {processor.py:840} INFO - DAG(s) 'etl_label_studio' retrieved from /opt/airflow/dags/pipeline_label_studio.py
[2025-11-18T17:23:03.039+0000] {logging_mixin.py:188} INFO - [2025-11-18T17:23:03.038+0000] {dag.py:3089} INFO - Sync 1 DAGs
[2025-11-18T17:23:03.064+0000] {logging_mixin.py:188} INFO - [2025-11-18T17:23:03.063+0000] {dag.py:3947} INFO - Setting next_dagrun for etl_label_studio to 2025-11-18 03:00:00+00:00, run_after=2025-11-19 03:00:00+00:00
[2025-11-18T17:23:03.080+0000] {processor.py:183} INFO - Processing /opt/airflow/dags/pipeline_label_studio.py took 0.105 seconds
[2025-11-18T17:23:33.322+0000] {processor.py:161} INFO - Started process (PID=4072) to work on /opt/airflow/dags/pipeline_label_studio.py
[2025-11-18T17:23:33.324+0000] {processor.py:830} INFO - Processing file /opt/airflow/dags/pipeline_label_studio.py for tasks to queue
[2025-11-18T17:23:33.325+0000] {logging_mixin.py:188} INFO - [2025-11-18T17:23:33.325+0000] {dagbag.py:545} INFO - Filling up the DagBag from /opt/airflow/dags/pipeline_label_studio.py
[2025-11-18T17:23:33.339+0000] {processor.py:840} INFO - DAG(s) 'etl_label_studio' retrieved from /opt/airflow/dags/pipeline_label_studio.py
[2025-11-18T17:23:33.369+0000] {logging_mixin.py:188} INFO - [2025-11-18T17:23:33.369+0000] {dag.py:3089} INFO - Sync 1 DAGs
[2025-11-18T17:23:33.395+0000] {logging_mixin.py:188} INFO - [2025-11-18T17:23:33.394+0000] {dag.py:3947} INFO - Setting next_dagrun for etl_label_studio to 2025-11-18 03:00:00+00:00, run_after=2025-11-19 03:00:00+00:00
[2025-11-18T17:23:33.413+0000] {processor.py:183} INFO - Processing /opt/airflow/dags/pipeline_label_studio.py took 0.097 seconds
[2025-11-18T17:24:03.779+0000] {processor.py:161} INFO - Started process (PID=4087) to work on /opt/airflow/dags/pipeline_label_studio.py
[2025-11-18T17:24:03.783+0000] {processor.py:830} INFO - Processing file /opt/airflow/dags/pipeline_label_studio.py for tasks to queue
[2025-11-18T17:24:03.785+0000] {logging_mixin.py:188} INFO - [2025-11-18T17:24:03.785+0000] {dagbag.py:545} INFO - Filling up the DagBag from /opt/airflow/dags/pipeline_label_studio.py
[2025-11-18T17:24:03.795+0000] {processor.py:840} INFO - DAG(s) 'etl_label_studio' retrieved from /opt/airflow/dags/pipeline_label_studio.py
[2025-11-18T17:24:03.823+0000] {logging_mixin.py:188} INFO - [2025-11-18T17:24:03.823+0000] {dag.py:3089} INFO - Sync 1 DAGs
[2025-11-18T17:24:03.841+0000] {logging_mixin.py:188} INFO - [2025-11-18T17:24:03.841+0000] {dag.py:3947} INFO - Setting next_dagrun for etl_label_studio to 2025-11-18 03:00:00+00:00, run_after=2025-11-19 03:00:00+00:00
[2025-11-18T17:24:03.855+0000] {processor.py:183} INFO - Processing /opt/airflow/dags/pipeline_label_studio.py took 0.083 seconds
[2025-11-18T17:24:34.118+0000] {processor.py:161} INFO - Started process (PID=4102) to work on /opt/airflow/dags/pipeline_label_studio.py
[2025-11-18T17:24:34.120+0000] {processor.py:830} INFO - Processing file /opt/airflow/dags/pipeline_label_studio.py for tasks to queue
[2025-11-18T17:24:34.122+0000] {logging_mixin.py:188} INFO - [2025-11-18T17:24:34.122+0000] {dagbag.py:545} INFO - Filling up the DagBag from /opt/airflow/dags/pipeline_label_studio.py
[2025-11-18T17:24:34.133+0000] {processor.py:840} INFO - DAG(s) 'etl_label_studio' retrieved from /opt/airflow/dags/pipeline_label_studio.py
[2025-11-18T17:24:34.160+0000] {logging_mixin.py:188} INFO - [2025-11-18T17:24:34.160+0000] {dag.py:3089} INFO - Sync 1 DAGs
[2025-11-18T17:24:34.183+0000] {logging_mixin.py:188} INFO - [2025-11-18T17:24:34.183+0000] {dag.py:3947} INFO - Setting next_dagrun for etl_label_studio to 2025-11-18 03:00:00+00:00, run_after=2025-11-19 03:00:00+00:00
[2025-11-18T17:24:34.198+0000] {processor.py:183} INFO - Processing /opt/airflow/dags/pipeline_label_studio.py took 0.087 seconds
[2025-11-18T17:25:04.465+0000] {processor.py:161} INFO - Started process (PID=4117) to work on /opt/airflow/dags/pipeline_label_studio.py
[2025-11-18T17:25:04.468+0000] {processor.py:830} INFO - Processing file /opt/airflow/dags/pipeline_label_studio.py for tasks to queue
[2025-11-18T17:25:04.470+0000] {logging_mixin.py:188} INFO - [2025-11-18T17:25:04.470+0000] {dagbag.py:545} INFO - Filling up the DagBag from /opt/airflow/dags/pipeline_label_studio.py
[2025-11-18T17:25:04.480+0000] {processor.py:840} INFO - DAG(s) 'etl_label_studio' retrieved from /opt/airflow/dags/pipeline_label_studio.py
[2025-11-18T17:25:04.506+0000] {logging_mixin.py:188} INFO - [2025-11-18T17:25:04.506+0000] {dag.py:3089} INFO - Sync 1 DAGs
[2025-11-18T17:25:04.525+0000] {logging_mixin.py:188} INFO - [2025-11-18T17:25:04.525+0000] {dag.py:3947} INFO - Setting next_dagrun for etl_label_studio to 2025-11-18 03:00:00+00:00, run_after=2025-11-19 03:00:00+00:00
[2025-11-18T17:25:04.538+0000] {processor.py:183} INFO - Processing /opt/airflow/dags/pipeline_label_studio.py took 0.079 seconds
[2025-11-18T17:25:34.874+0000] {processor.py:161} INFO - Started process (PID=4132) to work on /opt/airflow/dags/pipeline_label_studio.py
[2025-11-18T17:25:34.875+0000] {processor.py:830} INFO - Processing file /opt/airflow/dags/pipeline_label_studio.py for tasks to queue
[2025-11-18T17:25:34.877+0000] {logging_mixin.py:188} INFO - [2025-11-18T17:25:34.877+0000] {dagbag.py:545} INFO - Filling up the DagBag from /opt/airflow/dags/pipeline_label_studio.py
[2025-11-18T17:25:34.891+0000] {processor.py:840} INFO - DAG(s) 'etl_label_studio' retrieved from /opt/airflow/dags/pipeline_label_studio.py
[2025-11-18T17:25:34.941+0000] {logging_mixin.py:188} INFO - [2025-11-18T17:25:34.941+0000] {dag.py:3089} INFO - Sync 1 DAGs
[2025-11-18T17:25:34.965+0000] {logging_mixin.py:188} INFO - [2025-11-18T17:25:34.965+0000] {dag.py:3947} INFO - Setting next_dagrun for etl_label_studio to 2025-11-18 03:00:00+00:00, run_after=2025-11-19 03:00:00+00:00
[2025-11-18T17:25:34.983+0000] {processor.py:183} INFO - Processing /opt/airflow/dags/pipeline_label_studio.py took 0.116 seconds
[2025-11-18T17:26:05.330+0000] {processor.py:161} INFO - Started process (PID=4147) to work on /opt/airflow/dags/pipeline_label_studio.py
[2025-11-18T17:26:05.332+0000] {processor.py:830} INFO - Processing file /opt/airflow/dags/pipeline_label_studio.py for tasks to queue
[2025-11-18T17:26:05.334+0000] {logging_mixin.py:188} INFO - [2025-11-18T17:26:05.333+0000] {dagbag.py:545} INFO - Filling up the DagBag from /opt/airflow/dags/pipeline_label_studio.py
[2025-11-18T17:26:05.343+0000] {processor.py:840} INFO - DAG(s) 'etl_label_studio' retrieved from /opt/airflow/dags/pipeline_label_studio.py
[2025-11-18T17:26:05.371+0000] {logging_mixin.py:188} INFO - [2025-11-18T17:26:05.371+0000] {dag.py:3089} INFO - Sync 1 DAGs
[2025-11-18T17:26:05.389+0000] {logging_mixin.py:188} INFO - [2025-11-18T17:26:05.389+0000] {dag.py:3947} INFO - Setting next_dagrun for etl_label_studio to 2025-11-18 03:00:00+00:00, run_after=2025-11-19 03:00:00+00:00
[2025-11-18T17:26:05.402+0000] {processor.py:183} INFO - Processing /opt/airflow/dags/pipeline_label_studio.py took 0.078 seconds
[2025-11-18T17:26:35.704+0000] {processor.py:161} INFO - Started process (PID=4162) to work on /opt/airflow/dags/pipeline_label_studio.py
[2025-11-18T17:26:35.707+0000] {processor.py:830} INFO - Processing file /opt/airflow/dags/pipeline_label_studio.py for tasks to queue
[2025-11-18T17:26:35.709+0000] {logging_mixin.py:188} INFO - [2025-11-18T17:26:35.709+0000] {dagbag.py:545} INFO - Filling up the DagBag from /opt/airflow/dags/pipeline_label_studio.py
[2025-11-18T17:26:35.721+0000] {processor.py:840} INFO - DAG(s) 'etl_label_studio' retrieved from /opt/airflow/dags/pipeline_label_studio.py
[2025-11-18T17:26:35.753+0000] {logging_mixin.py:188} INFO - [2025-11-18T17:26:35.753+0000] {dag.py:3089} INFO - Sync 1 DAGs
[2025-11-18T17:26:35.775+0000] {logging_mixin.py:188} INFO - [2025-11-18T17:26:35.774+0000] {dag.py:3947} INFO - Setting next_dagrun for etl_label_studio to 2025-11-18 03:00:00+00:00, run_after=2025-11-19 03:00:00+00:00
[2025-11-18T17:26:35.798+0000] {processor.py:183} INFO - Processing /opt/airflow/dags/pipeline_label_studio.py took 0.100 seconds
[2025-11-18T17:27:06.066+0000] {processor.py:161} INFO - Started process (PID=4177) to work on /opt/airflow/dags/pipeline_label_studio.py
[2025-11-18T17:27:06.073+0000] {processor.py:830} INFO - Processing file /opt/airflow/dags/pipeline_label_studio.py for tasks to queue
[2025-11-18T17:27:06.076+0000] {logging_mixin.py:188} INFO - [2025-11-18T17:27:06.076+0000] {dagbag.py:545} INFO - Filling up the DagBag from /opt/airflow/dags/pipeline_label_studio.py
[2025-11-18T17:27:06.089+0000] {processor.py:840} INFO - DAG(s) 'etl_label_studio' retrieved from /opt/airflow/dags/pipeline_label_studio.py
[2025-11-18T17:27:06.126+0000] {logging_mixin.py:188} INFO - [2025-11-18T17:27:06.126+0000] {dag.py:3089} INFO - Sync 1 DAGs
[2025-11-18T17:27:06.153+0000] {logging_mixin.py:188} INFO - [2025-11-18T17:27:06.152+0000] {dag.py:3947} INFO - Setting next_dagrun for etl_label_studio to 2025-11-18 03:00:00+00:00, run_after=2025-11-19 03:00:00+00:00
[2025-11-18T17:27:06.186+0000] {processor.py:183} INFO - Processing /opt/airflow/dags/pipeline_label_studio.py took 0.130 seconds
[2025-11-18T17:27:36.445+0000] {processor.py:161} INFO - Started process (PID=4192) to work on /opt/airflow/dags/pipeline_label_studio.py
[2025-11-18T17:27:36.450+0000] {processor.py:830} INFO - Processing file /opt/airflow/dags/pipeline_label_studio.py for tasks to queue
[2025-11-18T17:27:36.451+0000] {logging_mixin.py:188} INFO - [2025-11-18T17:27:36.451+0000] {dagbag.py:545} INFO - Filling up the DagBag from /opt/airflow/dags/pipeline_label_studio.py
[2025-11-18T17:27:36.461+0000] {processor.py:840} INFO - DAG(s) 'etl_label_studio' retrieved from /opt/airflow/dags/pipeline_label_studio.py
[2025-11-18T17:27:36.513+0000] {logging_mixin.py:188} INFO - [2025-11-18T17:27:36.513+0000] {dag.py:3089} INFO - Sync 1 DAGs
[2025-11-18T17:27:36.595+0000] {logging_mixin.py:188} INFO - [2025-11-18T17:27:36.594+0000] {dag.py:3947} INFO - Setting next_dagrun for etl_label_studio to 2025-11-18 03:00:00+00:00, run_after=2025-11-19 03:00:00+00:00
[2025-11-18T17:27:36.627+0000] {processor.py:183} INFO - Processing /opt/airflow/dags/pipeline_label_studio.py took 0.187 seconds
[2025-11-18T17:28:06.903+0000] {processor.py:161} INFO - Started process (PID=4207) to work on /opt/airflow/dags/pipeline_label_studio.py
[2025-11-18T17:28:06.909+0000] {processor.py:830} INFO - Processing file /opt/airflow/dags/pipeline_label_studio.py for tasks to queue
[2025-11-18T17:28:06.911+0000] {logging_mixin.py:188} INFO - [2025-11-18T17:28:06.911+0000] {dagbag.py:545} INFO - Filling up the DagBag from /opt/airflow/dags/pipeline_label_studio.py
[2025-11-18T17:28:06.923+0000] {processor.py:840} INFO - DAG(s) 'etl_label_studio' retrieved from /opt/airflow/dags/pipeline_label_studio.py
[2025-11-18T17:28:06.959+0000] {logging_mixin.py:188} INFO - [2025-11-18T17:28:06.958+0000] {dag.py:3089} INFO - Sync 1 DAGs
[2025-11-18T17:28:06.982+0000] {logging_mixin.py:188} INFO - [2025-11-18T17:28:06.982+0000] {dag.py:3947} INFO - Setting next_dagrun for etl_label_studio to 2025-11-18 03:00:00+00:00, run_after=2025-11-19 03:00:00+00:00
[2025-11-18T17:28:07.001+0000] {processor.py:183} INFO - Processing /opt/airflow/dags/pipeline_label_studio.py took 0.104 seconds
[2025-11-18T17:28:37.249+0000] {processor.py:161} INFO - Started process (PID=4222) to work on /opt/airflow/dags/pipeline_label_studio.py
[2025-11-18T17:28:37.255+0000] {processor.py:830} INFO - Processing file /opt/airflow/dags/pipeline_label_studio.py for tasks to queue
[2025-11-18T17:28:37.257+0000] {logging_mixin.py:188} INFO - [2025-11-18T17:28:37.257+0000] {dagbag.py:545} INFO - Filling up the DagBag from /opt/airflow/dags/pipeline_label_studio.py
[2025-11-18T17:28:37.269+0000] {processor.py:840} INFO - DAG(s) 'etl_label_studio' retrieved from /opt/airflow/dags/pipeline_label_studio.py
[2025-11-18T17:28:37.298+0000] {logging_mixin.py:188} INFO - [2025-11-18T17:28:37.298+0000] {dag.py:3089} INFO - Sync 1 DAGs
[2025-11-18T17:28:37.318+0000] {logging_mixin.py:188} INFO - [2025-11-18T17:28:37.318+0000] {dag.py:3947} INFO - Setting next_dagrun for etl_label_studio to 2025-11-18 03:00:00+00:00, run_after=2025-11-19 03:00:00+00:00
[2025-11-18T17:28:37.331+0000] {processor.py:183} INFO - Processing /opt/airflow/dags/pipeline_label_studio.py took 0.089 seconds
[2025-11-18T17:29:07.617+0000] {processor.py:161} INFO - Started process (PID=4237) to work on /opt/airflow/dags/pipeline_label_studio.py
[2025-11-18T17:29:07.618+0000] {processor.py:830} INFO - Processing file /opt/airflow/dags/pipeline_label_studio.py for tasks to queue
[2025-11-18T17:29:07.620+0000] {logging_mixin.py:188} INFO - [2025-11-18T17:29:07.620+0000] {dagbag.py:545} INFO - Filling up the DagBag from /opt/airflow/dags/pipeline_label_studio.py
[2025-11-18T17:29:07.632+0000] {processor.py:840} INFO - DAG(s) 'etl_label_studio' retrieved from /opt/airflow/dags/pipeline_label_studio.py
[2025-11-18T17:29:07.663+0000] {logging_mixin.py:188} INFO - [2025-11-18T17:29:07.662+0000] {dag.py:3089} INFO - Sync 1 DAGs
[2025-11-18T17:29:07.684+0000] {logging_mixin.py:188} INFO - [2025-11-18T17:29:07.683+0000] {dag.py:3947} INFO - Setting next_dagrun for etl_label_studio to 2025-11-18 03:00:00+00:00, run_after=2025-11-19 03:00:00+00:00
[2025-11-18T17:29:07.697+0000] {processor.py:183} INFO - Processing /opt/airflow/dags/pipeline_label_studio.py took 0.087 seconds
[2025-11-18T17:29:38.074+0000] {processor.py:161} INFO - Started process (PID=4252) to work on /opt/airflow/dags/pipeline_label_studio.py
[2025-11-18T17:29:38.075+0000] {processor.py:830} INFO - Processing file /opt/airflow/dags/pipeline_label_studio.py for tasks to queue
[2025-11-18T17:29:38.076+0000] {logging_mixin.py:188} INFO - [2025-11-18T17:29:38.076+0000] {dagbag.py:545} INFO - Filling up the DagBag from /opt/airflow/dags/pipeline_label_studio.py
[2025-11-18T17:29:38.085+0000] {processor.py:840} INFO - DAG(s) 'etl_label_studio' retrieved from /opt/airflow/dags/pipeline_label_studio.py
[2025-11-18T17:29:38.107+0000] {logging_mixin.py:188} INFO - [2025-11-18T17:29:38.107+0000] {dag.py:3089} INFO - Sync 1 DAGs
[2025-11-18T17:29:38.124+0000] {logging_mixin.py:188} INFO - [2025-11-18T17:29:38.124+0000] {dag.py:3947} INFO - Setting next_dagrun for etl_label_studio to 2025-11-18 03:00:00+00:00, run_after=2025-11-19 03:00:00+00:00
[2025-11-18T17:29:38.136+0000] {processor.py:183} INFO - Processing /opt/airflow/dags/pipeline_label_studio.py took 0.067 seconds
[2025-11-18T17:30:08.487+0000] {processor.py:161} INFO - Started process (PID=4267) to work on /opt/airflow/dags/pipeline_label_studio.py
[2025-11-18T17:30:08.489+0000] {processor.py:830} INFO - Processing file /opt/airflow/dags/pipeline_label_studio.py for tasks to queue
[2025-11-18T17:30:08.491+0000] {logging_mixin.py:188} INFO - [2025-11-18T17:30:08.491+0000] {dagbag.py:545} INFO - Filling up the DagBag from /opt/airflow/dags/pipeline_label_studio.py
[2025-11-18T17:30:08.503+0000] {processor.py:840} INFO - DAG(s) 'etl_label_studio' retrieved from /opt/airflow/dags/pipeline_label_studio.py
[2025-11-18T17:30:08.532+0000] {logging_mixin.py:188} INFO - [2025-11-18T17:30:08.532+0000] {dag.py:3089} INFO - Sync 1 DAGs
[2025-11-18T17:30:08.553+0000] {logging_mixin.py:188} INFO - [2025-11-18T17:30:08.553+0000] {dag.py:3947} INFO - Setting next_dagrun for etl_label_studio to 2025-11-18 03:00:00+00:00, run_after=2025-11-19 03:00:00+00:00
[2025-11-18T17:30:08.567+0000] {processor.py:183} INFO - Processing /opt/airflow/dags/pipeline_label_studio.py took 0.085 seconds
[2025-11-18T17:30:38.793+0000] {processor.py:161} INFO - Started process (PID=4282) to work on /opt/airflow/dags/pipeline_label_studio.py
[2025-11-18T17:30:38.795+0000] {processor.py:830} INFO - Processing file /opt/airflow/dags/pipeline_label_studio.py for tasks to queue
[2025-11-18T17:30:38.797+0000] {logging_mixin.py:188} INFO - [2025-11-18T17:30:38.797+0000] {dagbag.py:545} INFO - Filling up the DagBag from /opt/airflow/dags/pipeline_label_studio.py
[2025-11-18T17:30:38.809+0000] {processor.py:840} INFO - DAG(s) 'etl_label_studio' retrieved from /opt/airflow/dags/pipeline_label_studio.py
[2025-11-18T17:30:38.840+0000] {logging_mixin.py:188} INFO - [2025-11-18T17:30:38.840+0000] {dag.py:3089} INFO - Sync 1 DAGs
[2025-11-18T17:30:38.862+0000] {logging_mixin.py:188} INFO - [2025-11-18T17:30:38.862+0000] {dag.py:3947} INFO - Setting next_dagrun for etl_label_studio to 2025-11-18 03:00:00+00:00, run_after=2025-11-19 03:00:00+00:00
[2025-11-18T17:30:38.877+0000] {processor.py:183} INFO - Processing /opt/airflow/dags/pipeline_label_studio.py took 0.090 seconds
[2025-11-18T17:31:09.153+0000] {processor.py:161} INFO - Started process (PID=4297) to work on /opt/airflow/dags/pipeline_label_studio.py
[2025-11-18T17:31:09.156+0000] {processor.py:830} INFO - Processing file /opt/airflow/dags/pipeline_label_studio.py for tasks to queue
[2025-11-18T17:31:09.157+0000] {logging_mixin.py:188} INFO - [2025-11-18T17:31:09.157+0000] {dagbag.py:545} INFO - Filling up the DagBag from /opt/airflow/dags/pipeline_label_studio.py
[2025-11-18T17:31:09.168+0000] {processor.py:840} INFO - DAG(s) 'etl_label_studio' retrieved from /opt/airflow/dags/pipeline_label_studio.py
[2025-11-18T17:31:09.197+0000] {logging_mixin.py:188} INFO - [2025-11-18T17:31:09.197+0000] {dag.py:3089} INFO - Sync 1 DAGs
[2025-11-18T17:31:09.223+0000] {logging_mixin.py:188} INFO - [2025-11-18T17:31:09.222+0000] {dag.py:3947} INFO - Setting next_dagrun for etl_label_studio to 2025-11-18 03:00:00+00:00, run_after=2025-11-19 03:00:00+00:00
[2025-11-18T17:31:09.239+0000] {processor.py:183} INFO - Processing /opt/airflow/dags/pipeline_label_studio.py took 0.091 seconds
[2025-11-18T17:31:39.511+0000] {processor.py:161} INFO - Started process (PID=4312) to work on /opt/airflow/dags/pipeline_label_studio.py
[2025-11-18T17:31:39.513+0000] {processor.py:830} INFO - Processing file /opt/airflow/dags/pipeline_label_studio.py for tasks to queue
[2025-11-18T17:31:39.516+0000] {logging_mixin.py:188} INFO - [2025-11-18T17:31:39.515+0000] {dagbag.py:545} INFO - Filling up the DagBag from /opt/airflow/dags/pipeline_label_studio.py
[2025-11-18T17:31:39.542+0000] {processor.py:840} INFO - DAG(s) 'etl_label_studio' retrieved from /opt/airflow/dags/pipeline_label_studio.py
[2025-11-18T17:31:39.580+0000] {logging_mixin.py:188} INFO - [2025-11-18T17:31:39.580+0000] {dag.py:3089} INFO - Sync 1 DAGs
[2025-11-18T17:31:39.602+0000] {logging_mixin.py:188} INFO - [2025-11-18T17:31:39.602+0000] {dag.py:3947} INFO - Setting next_dagrun for etl_label_studio to 2025-11-18 03:00:00+00:00, run_after=2025-11-19 03:00:00+00:00
[2025-11-18T17:31:39.617+0000] {processor.py:183} INFO - Processing /opt/airflow/dags/pipeline_label_studio.py took 0.115 seconds
[2025-11-18T17:32:09.935+0000] {processor.py:161} INFO - Started process (PID=4327) to work on /opt/airflow/dags/pipeline_label_studio.py
[2025-11-18T17:32:09.937+0000] {processor.py:830} INFO - Processing file /opt/airflow/dags/pipeline_label_studio.py for tasks to queue
[2025-11-18T17:32:09.938+0000] {logging_mixin.py:188} INFO - [2025-11-18T17:32:09.938+0000] {dagbag.py:545} INFO - Filling up the DagBag from /opt/airflow/dags/pipeline_label_studio.py
[2025-11-18T17:32:09.949+0000] {processor.py:840} INFO - DAG(s) 'etl_label_studio' retrieved from /opt/airflow/dags/pipeline_label_studio.py
[2025-11-18T17:32:09.976+0000] {logging_mixin.py:188} INFO - [2025-11-18T17:32:09.976+0000] {dag.py:3089} INFO - Sync 1 DAGs
[2025-11-18T17:32:09.994+0000] {logging_mixin.py:188} INFO - [2025-11-18T17:32:09.994+0000] {dag.py:3947} INFO - Setting next_dagrun for etl_label_studio to 2025-11-18 03:00:00+00:00, run_after=2025-11-19 03:00:00+00:00
[2025-11-18T17:32:10.010+0000] {processor.py:183} INFO - Processing /opt/airflow/dags/pipeline_label_studio.py took 0.082 seconds
[2025-11-18T17:32:40.305+0000] {processor.py:161} INFO - Started process (PID=4342) to work on /opt/airflow/dags/pipeline_label_studio.py
[2025-11-18T17:32:40.311+0000] {processor.py:830} INFO - Processing file /opt/airflow/dags/pipeline_label_studio.py for tasks to queue
[2025-11-18T17:32:40.312+0000] {logging_mixin.py:188} INFO - [2025-11-18T17:32:40.312+0000] {dagbag.py:545} INFO - Filling up the DagBag from /opt/airflow/dags/pipeline_label_studio.py
[2025-11-18T17:32:40.323+0000] {processor.py:840} INFO - DAG(s) 'etl_label_studio' retrieved from /opt/airflow/dags/pipeline_label_studio.py
[2025-11-18T17:32:40.354+0000] {logging_mixin.py:188} INFO - [2025-11-18T17:32:40.354+0000] {dag.py:3089} INFO - Sync 1 DAGs
[2025-11-18T17:32:40.374+0000] {logging_mixin.py:188} INFO - [2025-11-18T17:32:40.374+0000] {dag.py:3947} INFO - Setting next_dagrun for etl_label_studio to 2025-11-18 03:00:00+00:00, run_after=2025-11-19 03:00:00+00:00
[2025-11-18T17:32:40.388+0000] {processor.py:183} INFO - Processing /opt/airflow/dags/pipeline_label_studio.py took 0.092 seconds
[2025-11-18T17:33:10.631+0000] {processor.py:161} INFO - Started process (PID=4357) to work on /opt/airflow/dags/pipeline_label_studio.py
[2025-11-18T17:33:10.634+0000] {processor.py:830} INFO - Processing file /opt/airflow/dags/pipeline_label_studio.py for tasks to queue
[2025-11-18T17:33:10.641+0000] {logging_mixin.py:188} INFO - [2025-11-18T17:33:10.640+0000] {dagbag.py:545} INFO - Filling up the DagBag from /opt/airflow/dags/pipeline_label_studio.py
[2025-11-18T17:33:10.663+0000] {processor.py:840} INFO - DAG(s) 'etl_label_studio' retrieved from /opt/airflow/dags/pipeline_label_studio.py
[2025-11-18T17:33:10.713+0000] {logging_mixin.py:188} INFO - [2025-11-18T17:33:10.713+0000] {dag.py:3089} INFO - Sync 1 DAGs
[2025-11-18T17:33:10.745+0000] {logging_mixin.py:188} INFO - [2025-11-18T17:33:10.744+0000] {dag.py:3947} INFO - Setting next_dagrun for etl_label_studio to 2025-11-18 03:00:00+00:00, run_after=2025-11-19 03:00:00+00:00
[2025-11-18T17:33:10.775+0000] {processor.py:183} INFO - Processing /opt/airflow/dags/pipeline_label_studio.py took 0.151 seconds
[2025-11-18T17:33:41.051+0000] {processor.py:161} INFO - Started process (PID=4372) to work on /opt/airflow/dags/pipeline_label_studio.py
[2025-11-18T17:33:41.052+0000] {processor.py:830} INFO - Processing file /opt/airflow/dags/pipeline_label_studio.py for tasks to queue
[2025-11-18T17:33:41.054+0000] {logging_mixin.py:188} INFO - [2025-11-18T17:33:41.053+0000] {dagbag.py:545} INFO - Filling up the DagBag from /opt/airflow/dags/pipeline_label_studio.py
[2025-11-18T17:33:41.064+0000] {processor.py:840} INFO - DAG(s) 'etl_label_studio' retrieved from /opt/airflow/dags/pipeline_label_studio.py
[2025-11-18T17:33:41.091+0000] {logging_mixin.py:188} INFO - [2025-11-18T17:33:41.091+0000] {dag.py:3089} INFO - Sync 1 DAGs
[2025-11-18T17:33:41.109+0000] {logging_mixin.py:188} INFO - [2025-11-18T17:33:41.109+0000] {dag.py:3947} INFO - Setting next_dagrun for etl_label_studio to 2025-11-18 03:00:00+00:00, run_after=2025-11-19 03:00:00+00:00
[2025-11-18T17:33:41.132+0000] {processor.py:183} INFO - Processing /opt/airflow/dags/pipeline_label_studio.py took 0.088 seconds
[2025-11-18T17:34:11.527+0000] {processor.py:161} INFO - Started process (PID=4387) to work on /opt/airflow/dags/pipeline_label_studio.py
[2025-11-18T17:34:11.532+0000] {processor.py:830} INFO - Processing file /opt/airflow/dags/pipeline_label_studio.py for tasks to queue
[2025-11-18T17:34:11.539+0000] {logging_mixin.py:188} INFO - [2025-11-18T17:34:11.538+0000] {dagbag.py:545} INFO - Filling up the DagBag from /opt/airflow/dags/pipeline_label_studio.py
[2025-11-18T17:34:11.561+0000] {processor.py:840} INFO - DAG(s) 'etl_label_studio' retrieved from /opt/airflow/dags/pipeline_label_studio.py
[2025-11-18T17:34:11.610+0000] {logging_mixin.py:188} INFO - [2025-11-18T17:34:11.609+0000] {dag.py:3089} INFO - Sync 1 DAGs
[2025-11-18T17:34:11.640+0000] {logging_mixin.py:188} INFO - [2025-11-18T17:34:11.640+0000] {dag.py:3947} INFO - Setting next_dagrun for etl_label_studio to 2025-11-18 03:00:00+00:00, run_after=2025-11-19 03:00:00+00:00
[2025-11-18T17:34:11.654+0000] {processor.py:183} INFO - Processing /opt/airflow/dags/pipeline_label_studio.py took 0.142 seconds
[2025-11-18T17:34:41.921+0000] {processor.py:161} INFO - Started process (PID=4402) to work on /opt/airflow/dags/pipeline_label_studio.py
[2025-11-18T17:34:41.922+0000] {processor.py:830} INFO - Processing file /opt/airflow/dags/pipeline_label_studio.py for tasks to queue
[2025-11-18T17:34:41.924+0000] {logging_mixin.py:188} INFO - [2025-11-18T17:34:41.924+0000] {dagbag.py:545} INFO - Filling up the DagBag from /opt/airflow/dags/pipeline_label_studio.py
[2025-11-18T17:34:41.935+0000] {processor.py:840} INFO - DAG(s) 'etl_label_studio' retrieved from /opt/airflow/dags/pipeline_label_studio.py
[2025-11-18T17:34:41.963+0000] {logging_mixin.py:188} INFO - [2025-11-18T17:34:41.963+0000] {dag.py:3089} INFO - Sync 1 DAGs
[2025-11-18T17:34:41.982+0000] {logging_mixin.py:188} INFO - [2025-11-18T17:34:41.982+0000] {dag.py:3947} INFO - Setting next_dagrun for etl_label_studio to 2025-11-18 03:00:00+00:00, run_after=2025-11-19 03:00:00+00:00
[2025-11-18T17:34:41.995+0000] {processor.py:183} INFO - Processing /opt/airflow/dags/pipeline_label_studio.py took 0.080 seconds
[2025-11-18T17:35:12.288+0000] {processor.py:161} INFO - Started process (PID=4417) to work on /opt/airflow/dags/pipeline_label_studio.py
[2025-11-18T17:35:12.291+0000] {processor.py:830} INFO - Processing file /opt/airflow/dags/pipeline_label_studio.py for tasks to queue
[2025-11-18T17:35:12.293+0000] {logging_mixin.py:188} INFO - [2025-11-18T17:35:12.293+0000] {dagbag.py:545} INFO - Filling up the DagBag from /opt/airflow/dags/pipeline_label_studio.py
[2025-11-18T17:35:12.304+0000] {processor.py:840} INFO - DAG(s) 'etl_label_studio' retrieved from /opt/airflow/dags/pipeline_label_studio.py
[2025-11-18T17:35:12.333+0000] {logging_mixin.py:188} INFO - [2025-11-18T17:35:12.332+0000] {dag.py:3089} INFO - Sync 1 DAGs
[2025-11-18T17:35:12.360+0000] {logging_mixin.py:188} INFO - [2025-11-18T17:35:12.359+0000] {dag.py:3947} INFO - Setting next_dagrun for etl_label_studio to 2025-11-18 03:00:00+00:00, run_after=2025-11-19 03:00:00+00:00
[2025-11-18T17:35:12.375+0000] {processor.py:183} INFO - Processing /opt/airflow/dags/pipeline_label_studio.py took 0.094 seconds
[2025-11-18T17:35:42.626+0000] {processor.py:161} INFO - Started process (PID=4432) to work on /opt/airflow/dags/pipeline_label_studio.py
[2025-11-18T17:35:42.627+0000] {processor.py:830} INFO - Processing file /opt/airflow/dags/pipeline_label_studio.py for tasks to queue
[2025-11-18T17:35:42.629+0000] {logging_mixin.py:188} INFO - [2025-11-18T17:35:42.629+0000] {dagbag.py:545} INFO - Filling up the DagBag from /opt/airflow/dags/pipeline_label_studio.py
[2025-11-18T17:35:42.643+0000] {processor.py:840} INFO - DAG(s) 'etl_label_studio' retrieved from /opt/airflow/dags/pipeline_label_studio.py
[2025-11-18T17:35:42.672+0000] {logging_mixin.py:188} INFO - [2025-11-18T17:35:42.672+0000] {dag.py:3089} INFO - Sync 1 DAGs
[2025-11-18T17:35:42.694+0000] {logging_mixin.py:188} INFO - [2025-11-18T17:35:42.693+0000] {dag.py:3947} INFO - Setting next_dagrun for etl_label_studio to 2025-11-18 03:00:00+00:00, run_after=2025-11-19 03:00:00+00:00
[2025-11-18T17:35:42.710+0000] {processor.py:183} INFO - Processing /opt/airflow/dags/pipeline_label_studio.py took 0.093 seconds
[2025-11-18T17:36:13.046+0000] {processor.py:161} INFO - Started process (PID=4447) to work on /opt/airflow/dags/pipeline_label_studio.py
[2025-11-18T17:36:13.048+0000] {processor.py:830} INFO - Processing file /opt/airflow/dags/pipeline_label_studio.py for tasks to queue
[2025-11-18T17:36:13.050+0000] {logging_mixin.py:188} INFO - [2025-11-18T17:36:13.050+0000] {dagbag.py:545} INFO - Filling up the DagBag from /opt/airflow/dags/pipeline_label_studio.py
[2025-11-18T17:36:13.062+0000] {processor.py:840} INFO - DAG(s) 'etl_label_studio' retrieved from /opt/airflow/dags/pipeline_label_studio.py
[2025-11-18T17:36:13.090+0000] {logging_mixin.py:188} INFO - [2025-11-18T17:36:13.089+0000] {dag.py:3089} INFO - Sync 1 DAGs
[2025-11-18T17:36:13.108+0000] {logging_mixin.py:188} INFO - [2025-11-18T17:36:13.107+0000] {dag.py:3947} INFO - Setting next_dagrun for etl_label_studio to 2025-11-18 03:00:00+00:00, run_after=2025-11-19 03:00:00+00:00
[2025-11-18T17:36:13.121+0000] {processor.py:183} INFO - Processing /opt/airflow/dags/pipeline_label_studio.py took 0.083 seconds
[2025-11-18T17:36:43.369+0000] {processor.py:161} INFO - Started process (PID=4462) to work on /opt/airflow/dags/pipeline_label_studio.py
[2025-11-18T17:36:43.371+0000] {processor.py:830} INFO - Processing file /opt/airflow/dags/pipeline_label_studio.py for tasks to queue
[2025-11-18T17:36:43.374+0000] {logging_mixin.py:188} INFO - [2025-11-18T17:36:43.373+0000] {dagbag.py:545} INFO - Filling up the DagBag from /opt/airflow/dags/pipeline_label_studio.py
[2025-11-18T17:36:43.384+0000] {processor.py:840} INFO - DAG(s) 'etl_label_studio' retrieved from /opt/airflow/dags/pipeline_label_studio.py
[2025-11-18T17:36:43.410+0000] {logging_mixin.py:188} INFO - [2025-11-18T17:36:43.410+0000] {dag.py:3089} INFO - Sync 1 DAGs
[2025-11-18T17:36:43.429+0000] {logging_mixin.py:188} INFO - [2025-11-18T17:36:43.429+0000] {dag.py:3947} INFO - Setting next_dagrun for etl_label_studio to 2025-11-18 03:00:00+00:00, run_after=2025-11-19 03:00:00+00:00
[2025-11-18T17:36:43.442+0000] {processor.py:183} INFO - Processing /opt/airflow/dags/pipeline_label_studio.py took 0.079 seconds
[2025-11-18T17:37:13.688+0000] {processor.py:161} INFO - Started process (PID=4477) to work on /opt/airflow/dags/pipeline_label_studio.py
[2025-11-18T17:37:13.690+0000] {processor.py:830} INFO - Processing file /opt/airflow/dags/pipeline_label_studio.py for tasks to queue
[2025-11-18T17:37:13.693+0000] {logging_mixin.py:188} INFO - [2025-11-18T17:37:13.692+0000] {dagbag.py:545} INFO - Filling up the DagBag from /opt/airflow/dags/pipeline_label_studio.py
[2025-11-18T17:37:13.703+0000] {processor.py:840} INFO - DAG(s) 'etl_label_studio' retrieved from /opt/airflow/dags/pipeline_label_studio.py
[2025-11-18T17:37:13.742+0000] {logging_mixin.py:188} INFO - [2025-11-18T17:37:13.742+0000] {dag.py:3089} INFO - Sync 1 DAGs
[2025-11-18T17:37:13.782+0000] {logging_mixin.py:188} INFO - [2025-11-18T17:37:13.781+0000] {dag.py:3947} INFO - Setting next_dagrun for etl_label_studio to 2025-11-18 03:00:00+00:00, run_after=2025-11-19 03:00:00+00:00
[2025-11-18T17:37:13.806+0000] {processor.py:183} INFO - Processing /opt/airflow/dags/pipeline_label_studio.py took 0.124 seconds
[2025-11-18T17:37:44.080+0000] {processor.py:161} INFO - Started process (PID=4492) to work on /opt/airflow/dags/pipeline_label_studio.py
[2025-11-18T17:37:44.082+0000] {processor.py:830} INFO - Processing file /opt/airflow/dags/pipeline_label_studio.py for tasks to queue
[2025-11-18T17:37:44.084+0000] {logging_mixin.py:188} INFO - [2025-11-18T17:37:44.084+0000] {dagbag.py:545} INFO - Filling up the DagBag from /opt/airflow/dags/pipeline_label_studio.py
[2025-11-18T17:37:44.096+0000] {processor.py:840} INFO - DAG(s) 'etl_label_studio' retrieved from /opt/airflow/dags/pipeline_label_studio.py
[2025-11-18T17:37:44.122+0000] {logging_mixin.py:188} INFO - [2025-11-18T17:37:44.122+0000] {dag.py:3089} INFO - Sync 1 DAGs
[2025-11-18T17:37:44.140+0000] {logging_mixin.py:188} INFO - [2025-11-18T17:37:44.140+0000] {dag.py:3947} INFO - Setting next_dagrun for etl_label_studio to 2025-11-18 03:00:00+00:00, run_after=2025-11-19 03:00:00+00:00
[2025-11-18T17:37:44.152+0000] {processor.py:183} INFO - Processing /opt/airflow/dags/pipeline_label_studio.py took 0.081 seconds
[2025-11-18T17:38:14.403+0000] {processor.py:161} INFO - Started process (PID=4507) to work on /opt/airflow/dags/pipeline_label_studio.py
[2025-11-18T17:38:14.412+0000] {processor.py:830} INFO - Processing file /opt/airflow/dags/pipeline_label_studio.py for tasks to queue
[2025-11-18T17:38:14.417+0000] {logging_mixin.py:188} INFO - [2025-11-18T17:38:14.416+0000] {dagbag.py:545} INFO - Filling up the DagBag from /opt/airflow/dags/pipeline_label_studio.py
[2025-11-18T17:38:14.431+0000] {processor.py:840} INFO - DAG(s) 'etl_label_studio' retrieved from /opt/airflow/dags/pipeline_label_studio.py
[2025-11-18T17:38:14.459+0000] {logging_mixin.py:188} INFO - [2025-11-18T17:38:14.459+0000] {dag.py:3089} INFO - Sync 1 DAGs
[2025-11-18T17:38:14.483+0000] {logging_mixin.py:188} INFO - [2025-11-18T17:38:14.483+0000] {dag.py:3947} INFO - Setting next_dagrun for etl_label_studio to 2025-11-18 03:00:00+00:00, run_after=2025-11-19 03:00:00+00:00
[2025-11-18T17:38:14.498+0000] {processor.py:183} INFO - Processing /opt/airflow/dags/pipeline_label_studio.py took 0.101 seconds
[2025-11-18T17:38:44.712+0000] {processor.py:161} INFO - Started process (PID=4522) to work on /opt/airflow/dags/pipeline_label_studio.py
[2025-11-18T17:38:44.714+0000] {processor.py:830} INFO - Processing file /opt/airflow/dags/pipeline_label_studio.py for tasks to queue
[2025-11-18T17:38:44.716+0000] {logging_mixin.py:188} INFO - [2025-11-18T17:38:44.716+0000] {dagbag.py:545} INFO - Filling up the DagBag from /opt/airflow/dags/pipeline_label_studio.py
[2025-11-18T17:38:44.726+0000] {processor.py:840} INFO - DAG(s) 'etl_label_studio' retrieved from /opt/airflow/dags/pipeline_label_studio.py
[2025-11-18T17:38:44.750+0000] {logging_mixin.py:188} INFO - [2025-11-18T17:38:44.750+0000] {dag.py:3089} INFO - Sync 1 DAGs
[2025-11-18T17:38:44.771+0000] {logging_mixin.py:188} INFO - [2025-11-18T17:38:44.771+0000] {dag.py:3947} INFO - Setting next_dagrun for etl_label_studio to 2025-11-18 03:00:00+00:00, run_after=2025-11-19 03:00:00+00:00
[2025-11-18T17:38:44.790+0000] {processor.py:183} INFO - Processing /opt/airflow/dags/pipeline_label_studio.py took 0.086 seconds
[2025-11-18T17:39:15.049+0000] {processor.py:161} INFO - Started process (PID=4537) to work on /opt/airflow/dags/pipeline_label_studio.py
[2025-11-18T17:39:15.051+0000] {processor.py:830} INFO - Processing file /opt/airflow/dags/pipeline_label_studio.py for tasks to queue
[2025-11-18T17:39:15.053+0000] {logging_mixin.py:188} INFO - [2025-11-18T17:39:15.052+0000] {dagbag.py:545} INFO - Filling up the DagBag from /opt/airflow/dags/pipeline_label_studio.py
[2025-11-18T17:39:15.063+0000] {processor.py:840} INFO - DAG(s) 'etl_label_studio' retrieved from /opt/airflow/dags/pipeline_label_studio.py
[2025-11-18T17:39:15.093+0000] {logging_mixin.py:188} INFO - [2025-11-18T17:39:15.093+0000] {dag.py:3089} INFO - Sync 1 DAGs
[2025-11-18T17:39:15.112+0000] {logging_mixin.py:188} INFO - [2025-11-18T17:39:15.112+0000] {dag.py:3947} INFO - Setting next_dagrun for etl_label_studio to 2025-11-18 03:00:00+00:00, run_after=2025-11-19 03:00:00+00:00
[2025-11-18T17:39:15.125+0000] {processor.py:183} INFO - Processing /opt/airflow/dags/pipeline_label_studio.py took 0.081 seconds
[2025-11-18T17:39:45.377+0000] {processor.py:161} INFO - Started process (PID=4552) to work on /opt/airflow/dags/pipeline_label_studio.py
[2025-11-18T17:39:45.379+0000] {processor.py:830} INFO - Processing file /opt/airflow/dags/pipeline_label_studio.py for tasks to queue
[2025-11-18T17:39:45.381+0000] {logging_mixin.py:188} INFO - [2025-11-18T17:39:45.381+0000] {dagbag.py:545} INFO - Filling up the DagBag from /opt/airflow/dags/pipeline_label_studio.py
[2025-11-18T17:39:45.391+0000] {processor.py:840} INFO - DAG(s) 'etl_label_studio' retrieved from /opt/airflow/dags/pipeline_label_studio.py
[2025-11-18T17:39:45.416+0000] {logging_mixin.py:188} INFO - [2025-11-18T17:39:45.416+0000] {dag.py:3089} INFO - Sync 1 DAGs
[2025-11-18T17:39:45.435+0000] {logging_mixin.py:188} INFO - [2025-11-18T17:39:45.435+0000] {dag.py:3947} INFO - Setting next_dagrun for etl_label_studio to 2025-11-18 03:00:00+00:00, run_after=2025-11-19 03:00:00+00:00
[2025-11-18T17:39:45.447+0000] {processor.py:183} INFO - Processing /opt/airflow/dags/pipeline_label_studio.py took 0.077 seconds
[2025-11-18T17:40:15.728+0000] {processor.py:161} INFO - Started process (PID=4567) to work on /opt/airflow/dags/pipeline_label_studio.py
[2025-11-18T17:40:15.734+0000] {processor.py:830} INFO - Processing file /opt/airflow/dags/pipeline_label_studio.py for tasks to queue
[2025-11-18T17:40:15.736+0000] {logging_mixin.py:188} INFO - [2025-11-18T17:40:15.736+0000] {dagbag.py:545} INFO - Filling up the DagBag from /opt/airflow/dags/pipeline_label_studio.py
[2025-11-18T17:40:15.749+0000] {processor.py:840} INFO - DAG(s) 'etl_label_studio' retrieved from /opt/airflow/dags/pipeline_label_studio.py
[2025-11-18T17:40:15.800+0000] {logging_mixin.py:188} INFO - [2025-11-18T17:40:15.799+0000] {dag.py:3089} INFO - Sync 1 DAGs
[2025-11-18T17:40:15.831+0000] {logging_mixin.py:188} INFO - [2025-11-18T17:40:15.831+0000] {dag.py:3947} INFO - Setting next_dagrun for etl_label_studio to 2025-11-18 03:00:00+00:00, run_after=2025-11-19 03:00:00+00:00
[2025-11-18T17:40:15.849+0000] {processor.py:183} INFO - Processing /opt/airflow/dags/pipeline_label_studio.py took 0.127 seconds
[2025-11-18T17:40:46.247+0000] {processor.py:161} INFO - Started process (PID=4582) to work on /opt/airflow/dags/pipeline_label_studio.py
[2025-11-18T17:40:46.248+0000] {processor.py:830} INFO - Processing file /opt/airflow/dags/pipeline_label_studio.py for tasks to queue
[2025-11-18T17:40:46.250+0000] {logging_mixin.py:188} INFO - [2025-11-18T17:40:46.250+0000] {dagbag.py:545} INFO - Filling up the DagBag from /opt/airflow/dags/pipeline_label_studio.py
[2025-11-18T17:40:46.260+0000] {processor.py:840} INFO - DAG(s) 'etl_label_studio' retrieved from /opt/airflow/dags/pipeline_label_studio.py
[2025-11-18T17:40:46.301+0000] {logging_mixin.py:188} INFO - [2025-11-18T17:40:46.301+0000] {dag.py:3089} INFO - Sync 1 DAGs
[2025-11-18T17:40:46.366+0000] {logging_mixin.py:188} INFO - [2025-11-18T17:40:46.366+0000] {dag.py:3947} INFO - Setting next_dagrun for etl_label_studio to 2025-11-18 03:00:00+00:00, run_after=2025-11-19 03:00:00+00:00
[2025-11-18T17:40:46.385+0000] {processor.py:183} INFO - Processing /opt/airflow/dags/pipeline_label_studio.py took 0.145 seconds
[2025-11-18T17:41:16.587+0000] {processor.py:161} INFO - Started process (PID=4597) to work on /opt/airflow/dags/pipeline_label_studio.py
[2025-11-18T17:41:16.589+0000] {processor.py:830} INFO - Processing file /opt/airflow/dags/pipeline_label_studio.py for tasks to queue
[2025-11-18T17:41:16.591+0000] {logging_mixin.py:188} INFO - [2025-11-18T17:41:16.590+0000] {dagbag.py:545} INFO - Filling up the DagBag from /opt/airflow/dags/pipeline_label_studio.py
[2025-11-18T17:41:16.601+0000] {processor.py:840} INFO - DAG(s) 'etl_label_studio' retrieved from /opt/airflow/dags/pipeline_label_studio.py
[2025-11-18T17:41:16.633+0000] {logging_mixin.py:188} INFO - [2025-11-18T17:41:16.633+0000] {dag.py:3089} INFO - Sync 1 DAGs
[2025-11-18T17:41:16.653+0000] {logging_mixin.py:188} INFO - [2025-11-18T17:41:16.652+0000] {dag.py:3947} INFO - Setting next_dagrun for etl_label_studio to 2025-11-18 03:00:00+00:00, run_after=2025-11-19 03:00:00+00:00
[2025-11-18T17:41:16.665+0000] {processor.py:183} INFO - Processing /opt/airflow/dags/pipeline_label_studio.py took 0.084 seconds
[2025-11-18T17:41:46.931+0000] {processor.py:161} INFO - Started process (PID=4612) to work on /opt/airflow/dags/pipeline_label_studio.py
[2025-11-18T17:41:46.934+0000] {processor.py:830} INFO - Processing file /opt/airflow/dags/pipeline_label_studio.py for tasks to queue
[2025-11-18T17:41:46.937+0000] {logging_mixin.py:188} INFO - [2025-11-18T17:41:46.937+0000] {dagbag.py:545} INFO - Filling up the DagBag from /opt/airflow/dags/pipeline_label_studio.py
[2025-11-18T17:41:46.955+0000] {processor.py:840} INFO - DAG(s) 'etl_label_studio' retrieved from /opt/airflow/dags/pipeline_label_studio.py
[2025-11-18T17:41:46.992+0000] {logging_mixin.py:188} INFO - [2025-11-18T17:41:46.992+0000] {dag.py:3089} INFO - Sync 1 DAGs
[2025-11-18T17:41:47.015+0000] {logging_mixin.py:188} INFO - [2025-11-18T17:41:47.015+0000] {dag.py:3947} INFO - Setting next_dagrun for etl_label_studio to 2025-11-18 03:00:00+00:00, run_after=2025-11-19 03:00:00+00:00
[2025-11-18T17:41:47.031+0000] {processor.py:183} INFO - Processing /opt/airflow/dags/pipeline_label_studio.py took 0.112 seconds
[2025-11-18T17:42:17.543+0000] {processor.py:161} INFO - Started process (PID=4627) to work on /opt/airflow/dags/pipeline_label_studio.py
[2025-11-18T17:42:17.545+0000] {processor.py:830} INFO - Processing file /opt/airflow/dags/pipeline_label_studio.py for tasks to queue
[2025-11-18T17:42:17.547+0000] {logging_mixin.py:188} INFO - [2025-11-18T17:42:17.547+0000] {dagbag.py:545} INFO - Filling up the DagBag from /opt/airflow/dags/pipeline_label_studio.py
[2025-11-18T17:42:17.559+0000] {processor.py:840} INFO - DAG(s) 'etl_label_studio' retrieved from /opt/airflow/dags/pipeline_label_studio.py
[2025-11-18T17:42:17.590+0000] {logging_mixin.py:188} INFO - [2025-11-18T17:42:17.589+0000] {dag.py:3089} INFO - Sync 1 DAGs
[2025-11-18T17:42:17.615+0000] {logging_mixin.py:188} INFO - [2025-11-18T17:42:17.614+0000] {dag.py:3947} INFO - Setting next_dagrun for etl_label_studio to 2025-11-18 03:00:00+00:00, run_after=2025-11-19 03:00:00+00:00
[2025-11-18T17:42:17.628+0000] {processor.py:183} INFO - Processing /opt/airflow/dags/pipeline_label_studio.py took 0.092 seconds
[2025-11-18T17:42:47.896+0000] {processor.py:161} INFO - Started process (PID=4642) to work on /opt/airflow/dags/pipeline_label_studio.py
[2025-11-18T17:42:47.901+0000] {processor.py:830} INFO - Processing file /opt/airflow/dags/pipeline_label_studio.py for tasks to queue
[2025-11-18T17:42:47.902+0000] {logging_mixin.py:188} INFO - [2025-11-18T17:42:47.902+0000] {dagbag.py:545} INFO - Filling up the DagBag from /opt/airflow/dags/pipeline_label_studio.py
[2025-11-18T17:42:47.911+0000] {processor.py:840} INFO - DAG(s) 'etl_label_studio' retrieved from /opt/airflow/dags/pipeline_label_studio.py
[2025-11-18T17:42:47.935+0000] {logging_mixin.py:188} INFO - [2025-11-18T17:42:47.934+0000] {dag.py:3089} INFO - Sync 1 DAGs
[2025-11-18T17:42:47.952+0000] {logging_mixin.py:188} INFO - [2025-11-18T17:42:47.952+0000] {dag.py:3947} INFO - Setting next_dagrun for etl_label_studio to 2025-11-18 03:00:00+00:00, run_after=2025-11-19 03:00:00+00:00
[2025-11-18T17:42:47.968+0000] {processor.py:183} INFO - Processing /opt/airflow/dags/pipeline_label_studio.py took 0.080 seconds
[2025-11-18T17:43:18.258+0000] {processor.py:161} INFO - Started process (PID=4657) to work on /opt/airflow/dags/pipeline_label_studio.py
[2025-11-18T17:43:18.260+0000] {processor.py:830} INFO - Processing file /opt/airflow/dags/pipeline_label_studio.py for tasks to queue
[2025-11-18T17:43:18.261+0000] {logging_mixin.py:188} INFO - [2025-11-18T17:43:18.261+0000] {dagbag.py:545} INFO - Filling up the DagBag from /opt/airflow/dags/pipeline_label_studio.py
[2025-11-18T17:43:18.271+0000] {processor.py:840} INFO - DAG(s) 'etl_label_studio' retrieved from /opt/airflow/dags/pipeline_label_studio.py
[2025-11-18T17:43:18.299+0000] {logging_mixin.py:188} INFO - [2025-11-18T17:43:18.298+0000] {dag.py:3089} INFO - Sync 1 DAGs
[2025-11-18T17:43:18.317+0000] {logging_mixin.py:188} INFO - [2025-11-18T17:43:18.317+0000] {dag.py:3947} INFO - Setting next_dagrun for etl_label_studio to 2025-11-18 03:00:00+00:00, run_after=2025-11-19 03:00:00+00:00
[2025-11-18T17:43:18.330+0000] {processor.py:183} INFO - Processing /opt/airflow/dags/pipeline_label_studio.py took 0.077 seconds
[2025-11-18T17:43:48.590+0000] {processor.py:161} INFO - Started process (PID=4672) to work on /opt/airflow/dags/pipeline_label_studio.py
[2025-11-18T17:43:48.592+0000] {processor.py:830} INFO - Processing file /opt/airflow/dags/pipeline_label_studio.py for tasks to queue
[2025-11-18T17:43:48.594+0000] {logging_mixin.py:188} INFO - [2025-11-18T17:43:48.593+0000] {dagbag.py:545} INFO - Filling up the DagBag from /opt/airflow/dags/pipeline_label_studio.py
[2025-11-18T17:43:48.604+0000] {processor.py:840} INFO - DAG(s) 'etl_label_studio' retrieved from /opt/airflow/dags/pipeline_label_studio.py
[2025-11-18T17:43:48.633+0000] {logging_mixin.py:188} INFO - [2025-11-18T17:43:48.632+0000] {dag.py:3089} INFO - Sync 1 DAGs
[2025-11-18T17:43:48.652+0000] {logging_mixin.py:188} INFO - [2025-11-18T17:43:48.651+0000] {dag.py:3947} INFO - Setting next_dagrun for etl_label_studio to 2025-11-18 03:00:00+00:00, run_after=2025-11-19 03:00:00+00:00
[2025-11-18T17:43:48.665+0000] {processor.py:183} INFO - Processing /opt/airflow/dags/pipeline_label_studio.py took 0.081 seconds
[2025-11-18T17:44:19.196+0000] {processor.py:161} INFO - Started process (PID=4687) to work on /opt/airflow/dags/pipeline_label_studio.py
[2025-11-18T17:44:19.204+0000] {processor.py:830} INFO - Processing file /opt/airflow/dags/pipeline_label_studio.py for tasks to queue
[2025-11-18T17:44:19.208+0000] {logging_mixin.py:188} INFO - [2025-11-18T17:44:19.207+0000] {dagbag.py:545} INFO - Filling up the DagBag from /opt/airflow/dags/pipeline_label_studio.py
[2025-11-18T17:44:19.228+0000] {processor.py:840} INFO - DAG(s) 'etl_label_studio' retrieved from /opt/airflow/dags/pipeline_label_studio.py
[2025-11-18T17:44:19.290+0000] {logging_mixin.py:188} INFO - [2025-11-18T17:44:19.290+0000] {dag.py:3089} INFO - Sync 1 DAGs
[2025-11-18T17:44:19.335+0000] {logging_mixin.py:188} INFO - [2025-11-18T17:44:19.335+0000] {dag.py:3947} INFO - Setting next_dagrun for etl_label_studio to 2025-11-18 03:00:00+00:00, run_after=2025-11-19 03:00:00+00:00
[2025-11-18T17:44:19.378+0000] {processor.py:183} INFO - Processing /opt/airflow/dags/pipeline_label_studio.py took 0.195 seconds
[2025-11-18T17:44:49.628+0000] {processor.py:161} INFO - Started process (PID=4702) to work on /opt/airflow/dags/pipeline_label_studio.py
[2025-11-18T17:44:49.632+0000] {processor.py:830} INFO - Processing file /opt/airflow/dags/pipeline_label_studio.py for tasks to queue
[2025-11-18T17:44:49.634+0000] {logging_mixin.py:188} INFO - [2025-11-18T17:44:49.634+0000] {dagbag.py:545} INFO - Filling up the DagBag from /opt/airflow/dags/pipeline_label_studio.py
[2025-11-18T17:44:49.644+0000] {processor.py:840} INFO - DAG(s) 'etl_label_studio' retrieved from /opt/airflow/dags/pipeline_label_studio.py
[2025-11-18T17:44:49.669+0000] {logging_mixin.py:188} INFO - [2025-11-18T17:44:49.669+0000] {dag.py:3089} INFO - Sync 1 DAGs
[2025-11-18T17:44:49.687+0000] {logging_mixin.py:188} INFO - [2025-11-18T17:44:49.686+0000] {dag.py:3947} INFO - Setting next_dagrun for etl_label_studio to 2025-11-18 03:00:00+00:00, run_after=2025-11-19 03:00:00+00:00
[2025-11-18T17:44:49.700+0000] {processor.py:183} INFO - Processing /opt/airflow/dags/pipeline_label_studio.py took 0.077 seconds
[2025-11-18T17:45:19.973+0000] {processor.py:161} INFO - Started process (PID=4717) to work on /opt/airflow/dags/pipeline_label_studio.py
[2025-11-18T17:45:19.978+0000] {processor.py:830} INFO - Processing file /opt/airflow/dags/pipeline_label_studio.py for tasks to queue
[2025-11-18T17:45:19.979+0000] {logging_mixin.py:188} INFO - [2025-11-18T17:45:19.979+0000] {dagbag.py:545} INFO - Filling up the DagBag from /opt/airflow/dags/pipeline_label_studio.py
[2025-11-18T17:45:19.990+0000] {processor.py:840} INFO - DAG(s) 'etl_label_studio' retrieved from /opt/airflow/dags/pipeline_label_studio.py
[2025-11-18T17:45:20.015+0000] {logging_mixin.py:188} INFO - [2025-11-18T17:45:20.015+0000] {dag.py:3089} INFO - Sync 1 DAGs
[2025-11-18T17:45:20.034+0000] {logging_mixin.py:188} INFO - [2025-11-18T17:45:20.034+0000] {dag.py:3947} INFO - Setting next_dagrun for etl_label_studio to 2025-11-18 03:00:00+00:00, run_after=2025-11-19 03:00:00+00:00
[2025-11-18T17:45:20.047+0000] {processor.py:183} INFO - Processing /opt/airflow/dags/pipeline_label_studio.py took 0.081 seconds
[2025-11-18T17:45:50.313+0000] {processor.py:161} INFO - Started process (PID=4732) to work on /opt/airflow/dags/pipeline_label_studio.py
[2025-11-18T17:45:50.318+0000] {processor.py:830} INFO - Processing file /opt/airflow/dags/pipeline_label_studio.py for tasks to queue
[2025-11-18T17:45:50.320+0000] {logging_mixin.py:188} INFO - [2025-11-18T17:45:50.320+0000] {dagbag.py:545} INFO - Filling up the DagBag from /opt/airflow/dags/pipeline_label_studio.py
[2025-11-18T17:45:50.330+0000] {processor.py:840} INFO - DAG(s) 'etl_label_studio' retrieved from /opt/airflow/dags/pipeline_label_studio.py
[2025-11-18T17:45:50.356+0000] {logging_mixin.py:188} INFO - [2025-11-18T17:45:50.356+0000] {dag.py:3089} INFO - Sync 1 DAGs
[2025-11-18T17:45:50.374+0000] {logging_mixin.py:188} INFO - [2025-11-18T17:45:50.374+0000] {dag.py:3947} INFO - Setting next_dagrun for etl_label_studio to 2025-11-18 03:00:00+00:00, run_after=2025-11-19 03:00:00+00:00
[2025-11-18T17:45:50.387+0000] {processor.py:183} INFO - Processing /opt/airflow/dags/pipeline_label_studio.py took 0.079 seconds
[2025-11-18T17:46:20.673+0000] {processor.py:161} INFO - Started process (PID=4747) to work on /opt/airflow/dags/pipeline_label_studio.py
[2025-11-18T17:46:20.675+0000] {processor.py:830} INFO - Processing file /opt/airflow/dags/pipeline_label_studio.py for tasks to queue
[2025-11-18T17:46:20.678+0000] {logging_mixin.py:188} INFO - [2025-11-18T17:46:20.677+0000] {dagbag.py:545} INFO - Filling up the DagBag from /opt/airflow/dags/pipeline_label_studio.py
[2025-11-18T17:46:20.689+0000] {processor.py:840} INFO - DAG(s) 'etl_label_studio' retrieved from /opt/airflow/dags/pipeline_label_studio.py
[2025-11-18T17:46:20.722+0000] {logging_mixin.py:188} INFO - [2025-11-18T17:46:20.722+0000] {dag.py:3089} INFO - Sync 1 DAGs
[2025-11-18T17:46:20.740+0000] {logging_mixin.py:188} INFO - [2025-11-18T17:46:20.740+0000] {dag.py:3947} INFO - Setting next_dagrun for etl_label_studio to 2025-11-18 03:00:00+00:00, run_after=2025-11-19 03:00:00+00:00
[2025-11-18T17:46:20.752+0000] {processor.py:183} INFO - Processing /opt/airflow/dags/pipeline_label_studio.py took 0.085 seconds
[2025-11-18T17:46:51.013+0000] {processor.py:161} INFO - Started process (PID=4762) to work on /opt/airflow/dags/pipeline_label_studio.py
[2025-11-18T17:46:51.014+0000] {processor.py:830} INFO - Processing file /opt/airflow/dags/pipeline_label_studio.py for tasks to queue
[2025-11-18T17:46:51.016+0000] {logging_mixin.py:188} INFO - [2025-11-18T17:46:51.016+0000] {dagbag.py:545} INFO - Filling up the DagBag from /opt/airflow/dags/pipeline_label_studio.py
[2025-11-18T17:46:51.026+0000] {processor.py:840} INFO - DAG(s) 'etl_label_studio' retrieved from /opt/airflow/dags/pipeline_label_studio.py
[2025-11-18T17:46:51.051+0000] {logging_mixin.py:188} INFO - [2025-11-18T17:46:51.051+0000] {dag.py:3089} INFO - Sync 1 DAGs
[2025-11-18T17:46:51.068+0000] {logging_mixin.py:188} INFO - [2025-11-18T17:46:51.068+0000] {dag.py:3947} INFO - Setting next_dagrun for etl_label_studio to 2025-11-18 03:00:00+00:00, run_after=2025-11-19 03:00:00+00:00
[2025-11-18T17:46:51.081+0000] {processor.py:183} INFO - Processing /opt/airflow/dags/pipeline_label_studio.py took 0.074 seconds
[2025-11-18T17:47:21.376+0000] {processor.py:161} INFO - Started process (PID=4777) to work on /opt/airflow/dags/pipeline_label_studio.py
[2025-11-18T17:47:21.377+0000] {processor.py:830} INFO - Processing file /opt/airflow/dags/pipeline_label_studio.py for tasks to queue
[2025-11-18T17:47:21.379+0000] {logging_mixin.py:188} INFO - [2025-11-18T17:47:21.379+0000] {dagbag.py:545} INFO - Filling up the DagBag from /opt/airflow/dags/pipeline_label_studio.py
[2025-11-18T17:47:21.388+0000] {processor.py:840} INFO - DAG(s) 'etl_label_studio' retrieved from /opt/airflow/dags/pipeline_label_studio.py
[2025-11-18T17:47:21.412+0000] {logging_mixin.py:188} INFO - [2025-11-18T17:47:21.412+0000] {dag.py:3089} INFO - Sync 1 DAGs
[2025-11-18T17:47:21.428+0000] {logging_mixin.py:188} INFO - [2025-11-18T17:47:21.427+0000] {dag.py:3947} INFO - Setting next_dagrun for etl_label_studio to 2025-11-18 03:00:00+00:00, run_after=2025-11-19 03:00:00+00:00
[2025-11-18T17:47:21.439+0000] {processor.py:183} INFO - Processing /opt/airflow/dags/pipeline_label_studio.py took 0.069 seconds
[2025-11-18T17:47:51.705+0000] {processor.py:161} INFO - Started process (PID=4792) to work on /opt/airflow/dags/pipeline_label_studio.py
[2025-11-18T17:47:51.708+0000] {processor.py:830} INFO - Processing file /opt/airflow/dags/pipeline_label_studio.py for tasks to queue
[2025-11-18T17:47:51.709+0000] {logging_mixin.py:188} INFO - [2025-11-18T17:47:51.709+0000] {dagbag.py:545} INFO - Filling up the DagBag from /opt/airflow/dags/pipeline_label_studio.py
[2025-11-18T17:47:51.719+0000] {processor.py:840} INFO - DAG(s) 'etl_label_studio' retrieved from /opt/airflow/dags/pipeline_label_studio.py
[2025-11-18T17:47:51.745+0000] {logging_mixin.py:188} INFO - [2025-11-18T17:47:51.744+0000] {dag.py:3089} INFO - Sync 1 DAGs
[2025-11-18T17:47:51.763+0000] {logging_mixin.py:188} INFO - [2025-11-18T17:47:51.763+0000] {dag.py:3947} INFO - Setting next_dagrun for etl_label_studio to 2025-11-18 03:00:00+00:00, run_after=2025-11-19 03:00:00+00:00
[2025-11-18T17:47:51.777+0000] {processor.py:183} INFO - Processing /opt/airflow/dags/pipeline_label_studio.py took 0.079 seconds
[2025-11-18T17:48:22.027+0000] {processor.py:161} INFO - Started process (PID=4807) to work on /opt/airflow/dags/pipeline_label_studio.py
[2025-11-18T17:48:22.029+0000] {processor.py:830} INFO - Processing file /opt/airflow/dags/pipeline_label_studio.py for tasks to queue
[2025-11-18T17:48:22.031+0000] {logging_mixin.py:188} INFO - [2025-11-18T17:48:22.031+0000] {dagbag.py:545} INFO - Filling up the DagBag from /opt/airflow/dags/pipeline_label_studio.py
[2025-11-18T17:48:22.048+0000] {processor.py:840} INFO - DAG(s) 'etl_label_studio' retrieved from /opt/airflow/dags/pipeline_label_studio.py
[2025-11-18T17:48:22.083+0000] {logging_mixin.py:188} INFO - [2025-11-18T17:48:22.083+0000] {dag.py:3089} INFO - Sync 1 DAGs
[2025-11-18T17:48:22.103+0000] {logging_mixin.py:188} INFO - [2025-11-18T17:48:22.103+0000] {dag.py:3947} INFO - Setting next_dagrun for etl_label_studio to 2025-11-18 03:00:00+00:00, run_after=2025-11-19 03:00:00+00:00
[2025-11-18T17:48:22.117+0000] {processor.py:183} INFO - Processing /opt/airflow/dags/pipeline_label_studio.py took 0.098 seconds
[2025-11-18T17:48:52.418+0000] {processor.py:161} INFO - Started process (PID=4822) to work on /opt/airflow/dags/pipeline_label_studio.py
[2025-11-18T17:48:52.420+0000] {processor.py:830} INFO - Processing file /opt/airflow/dags/pipeline_label_studio.py for tasks to queue
[2025-11-18T17:48:52.422+0000] {logging_mixin.py:188} INFO - [2025-11-18T17:48:52.422+0000] {dagbag.py:545} INFO - Filling up the DagBag from /opt/airflow/dags/pipeline_label_studio.py
[2025-11-18T17:48:52.438+0000] {processor.py:840} INFO - DAG(s) 'etl_label_studio' retrieved from /opt/airflow/dags/pipeline_label_studio.py
[2025-11-18T17:48:52.481+0000] {logging_mixin.py:188} INFO - [2025-11-18T17:48:52.481+0000] {dag.py:3089} INFO - Sync 1 DAGs
[2025-11-18T17:48:52.504+0000] {logging_mixin.py:188} INFO - [2025-11-18T17:48:52.504+0000] {dag.py:3947} INFO - Setting next_dagrun for etl_label_studio to 2025-11-18 03:00:00+00:00, run_after=2025-11-19 03:00:00+00:00
[2025-11-18T17:48:52.521+0000] {processor.py:183} INFO - Processing /opt/airflow/dags/pipeline_label_studio.py took 0.109 seconds
[2025-11-18T17:49:22.792+0000] {processor.py:161} INFO - Started process (PID=4837) to work on /opt/airflow/dags/pipeline_label_studio.py
[2025-11-18T17:49:22.794+0000] {processor.py:830} INFO - Processing file /opt/airflow/dags/pipeline_label_studio.py for tasks to queue
[2025-11-18T17:49:22.795+0000] {logging_mixin.py:188} INFO - [2025-11-18T17:49:22.795+0000] {dagbag.py:545} INFO - Filling up the DagBag from /opt/airflow/dags/pipeline_label_studio.py
[2025-11-18T17:49:22.806+0000] {processor.py:840} INFO - DAG(s) 'etl_label_studio' retrieved from /opt/airflow/dags/pipeline_label_studio.py
[2025-11-18T17:49:22.843+0000] {logging_mixin.py:188} INFO - [2025-11-18T17:49:22.843+0000] {dag.py:3089} INFO - Sync 1 DAGs
[2025-11-18T17:49:22.868+0000] {logging_mixin.py:188} INFO - [2025-11-18T17:49:22.867+0000] {dag.py:3947} INFO - Setting next_dagrun for etl_label_studio to 2025-11-18 03:00:00+00:00, run_after=2025-11-19 03:00:00+00:00
[2025-11-18T17:49:22.883+0000] {processor.py:183} INFO - Processing /opt/airflow/dags/pipeline_label_studio.py took 0.102 seconds
[2025-11-18T17:49:53.120+0000] {processor.py:161} INFO - Started process (PID=4852) to work on /opt/airflow/dags/pipeline_label_studio.py
[2025-11-18T17:49:53.122+0000] {processor.py:830} INFO - Processing file /opt/airflow/dags/pipeline_label_studio.py for tasks to queue
[2025-11-18T17:49:53.125+0000] {logging_mixin.py:188} INFO - [2025-11-18T17:49:53.124+0000] {dagbag.py:545} INFO - Filling up the DagBag from /opt/airflow/dags/pipeline_label_studio.py
[2025-11-18T17:49:53.140+0000] {processor.py:840} INFO - DAG(s) 'etl_label_studio' retrieved from /opt/airflow/dags/pipeline_label_studio.py
[2025-11-18T17:49:53.172+0000] {logging_mixin.py:188} INFO - [2025-11-18T17:49:53.172+0000] {dag.py:3089} INFO - Sync 1 DAGs
[2025-11-18T17:49:53.196+0000] {logging_mixin.py:188} INFO - [2025-11-18T17:49:53.196+0000] {dag.py:3947} INFO - Setting next_dagrun for etl_label_studio to 2025-11-18 03:00:00+00:00, run_after=2025-11-19 03:00:00+00:00
[2025-11-18T17:49:53.212+0000] {processor.py:183} INFO - Processing /opt/airflow/dags/pipeline_label_studio.py took 0.103 seconds
[2025-11-18T17:50:23.445+0000] {processor.py:161} INFO - Started process (PID=4867) to work on /opt/airflow/dags/pipeline_label_studio.py
[2025-11-18T17:50:23.447+0000] {processor.py:830} INFO - Processing file /opt/airflow/dags/pipeline_label_studio.py for tasks to queue
[2025-11-18T17:50:23.449+0000] {logging_mixin.py:188} INFO - [2025-11-18T17:50:23.448+0000] {dagbag.py:545} INFO - Filling up the DagBag from /opt/airflow/dags/pipeline_label_studio.py
[2025-11-18T17:50:23.459+0000] {processor.py:840} INFO - DAG(s) 'etl_label_studio' retrieved from /opt/airflow/dags/pipeline_label_studio.py
[2025-11-18T17:50:23.485+0000] {logging_mixin.py:188} INFO - [2025-11-18T17:50:23.485+0000] {dag.py:3089} INFO - Sync 1 DAGs
[2025-11-18T17:50:23.504+0000] {logging_mixin.py:188} INFO - [2025-11-18T17:50:23.504+0000] {dag.py:3947} INFO - Setting next_dagrun for etl_label_studio to 2025-11-18 03:00:00+00:00, run_after=2025-11-19 03:00:00+00:00
[2025-11-18T17:50:23.521+0000] {processor.py:183} INFO - Processing /opt/airflow/dags/pipeline_label_studio.py took 0.081 seconds
[2025-11-18T17:50:53.819+0000] {processor.py:161} INFO - Started process (PID=4882) to work on /opt/airflow/dags/pipeline_label_studio.py
[2025-11-18T17:50:53.821+0000] {processor.py:830} INFO - Processing file /opt/airflow/dags/pipeline_label_studio.py for tasks to queue
[2025-11-18T17:50:53.822+0000] {logging_mixin.py:188} INFO - [2025-11-18T17:50:53.822+0000] {dagbag.py:545} INFO - Filling up the DagBag from /opt/airflow/dags/pipeline_label_studio.py
[2025-11-18T17:50:53.833+0000] {processor.py:840} INFO - DAG(s) 'etl_label_studio' retrieved from /opt/airflow/dags/pipeline_label_studio.py
[2025-11-18T17:50:53.861+0000] {logging_mixin.py:188} INFO - [2025-11-18T17:50:53.861+0000] {dag.py:3089} INFO - Sync 1 DAGs
[2025-11-18T17:50:53.881+0000] {logging_mixin.py:188} INFO - [2025-11-18T17:50:53.881+0000] {dag.py:3947} INFO - Setting next_dagrun for etl_label_studio to 2025-11-18 03:00:00+00:00, run_after=2025-11-19 03:00:00+00:00
[2025-11-18T17:50:53.894+0000] {processor.py:183} INFO - Processing /opt/airflow/dags/pipeline_label_studio.py took 0.081 seconds
[2025-11-18T17:51:24.228+0000] {processor.py:161} INFO - Started process (PID=4897) to work on /opt/airflow/dags/pipeline_label_studio.py
[2025-11-18T17:51:24.230+0000] {processor.py:830} INFO - Processing file /opt/airflow/dags/pipeline_label_studio.py for tasks to queue
[2025-11-18T17:51:24.231+0000] {logging_mixin.py:188} INFO - [2025-11-18T17:51:24.231+0000] {dagbag.py:545} INFO - Filling up the DagBag from /opt/airflow/dags/pipeline_label_studio.py
[2025-11-18T17:51:24.242+0000] {processor.py:840} INFO - DAG(s) 'etl_label_studio' retrieved from /opt/airflow/dags/pipeline_label_studio.py
[2025-11-18T17:51:24.271+0000] {logging_mixin.py:188} INFO - [2025-11-18T17:51:24.270+0000] {dag.py:3089} INFO - Sync 1 DAGs
[2025-11-18T17:51:24.293+0000] {logging_mixin.py:188} INFO - [2025-11-18T17:51:24.293+0000] {dag.py:3947} INFO - Setting next_dagrun for etl_label_studio to 2025-11-18 03:00:00+00:00, run_after=2025-11-19 03:00:00+00:00
[2025-11-18T17:51:24.307+0000] {processor.py:183} INFO - Processing /opt/airflow/dags/pipeline_label_studio.py took 0.086 seconds
[2025-11-18T17:51:54.624+0000] {processor.py:161} INFO - Started process (PID=4912) to work on /opt/airflow/dags/pipeline_label_studio.py
[2025-11-18T17:51:54.631+0000] {processor.py:830} INFO - Processing file /opt/airflow/dags/pipeline_label_studio.py for tasks to queue
[2025-11-18T17:51:54.634+0000] {logging_mixin.py:188} INFO - [2025-11-18T17:51:54.633+0000] {dagbag.py:545} INFO - Filling up the DagBag from /opt/airflow/dags/pipeline_label_studio.py
[2025-11-18T17:51:54.650+0000] {processor.py:840} INFO - DAG(s) 'etl_label_studio' retrieved from /opt/airflow/dags/pipeline_label_studio.py
[2025-11-18T17:51:54.678+0000] {logging_mixin.py:188} INFO - [2025-11-18T17:51:54.678+0000] {dag.py:3089} INFO - Sync 1 DAGs
[2025-11-18T17:51:54.699+0000] {logging_mixin.py:188} INFO - [2025-11-18T17:51:54.699+0000] {dag.py:3947} INFO - Setting next_dagrun for etl_label_studio to 2025-11-18 03:00:00+00:00, run_after=2025-11-19 03:00:00+00:00
[2025-11-18T17:51:54.718+0000] {processor.py:183} INFO - Processing /opt/airflow/dags/pipeline_label_studio.py took 0.102 seconds
[2025-11-18T17:52:25.054+0000] {processor.py:161} INFO - Started process (PID=4927) to work on /opt/airflow/dags/pipeline_label_studio.py
[2025-11-18T17:52:25.056+0000] {processor.py:830} INFO - Processing file /opt/airflow/dags/pipeline_label_studio.py for tasks to queue
[2025-11-18T17:52:25.058+0000] {logging_mixin.py:188} INFO - [2025-11-18T17:52:25.057+0000] {dagbag.py:545} INFO - Filling up the DagBag from /opt/airflow/dags/pipeline_label_studio.py
[2025-11-18T17:52:25.068+0000] {processor.py:840} INFO - DAG(s) 'etl_label_studio' retrieved from /opt/airflow/dags/pipeline_label_studio.py
[2025-11-18T17:52:25.096+0000] {logging_mixin.py:188} INFO - [2025-11-18T17:52:25.095+0000] {dag.py:3089} INFO - Sync 1 DAGs
[2025-11-18T17:52:25.115+0000] {logging_mixin.py:188} INFO - [2025-11-18T17:52:25.115+0000] {dag.py:3947} INFO - Setting next_dagrun for etl_label_studio to 2025-11-18 03:00:00+00:00, run_after=2025-11-19 03:00:00+00:00
[2025-11-18T17:52:25.128+0000] {processor.py:183} INFO - Processing /opt/airflow/dags/pipeline_label_studio.py took 0.080 seconds
[2025-11-18T17:52:55.421+0000] {processor.py:161} INFO - Started process (PID=4942) to work on /opt/airflow/dags/pipeline_label_studio.py
[2025-11-18T17:52:55.426+0000] {processor.py:830} INFO - Processing file /opt/airflow/dags/pipeline_label_studio.py for tasks to queue
[2025-11-18T17:52:55.428+0000] {logging_mixin.py:188} INFO - [2025-11-18T17:52:55.428+0000] {dagbag.py:545} INFO - Filling up the DagBag from /opt/airflow/dags/pipeline_label_studio.py
[2025-11-18T17:52:55.439+0000] {processor.py:840} INFO - DAG(s) 'etl_label_studio' retrieved from /opt/airflow/dags/pipeline_label_studio.py
[2025-11-18T17:52:55.467+0000] {logging_mixin.py:188} INFO - [2025-11-18T17:52:55.467+0000] {dag.py:3089} INFO - Sync 1 DAGs
[2025-11-18T17:52:55.486+0000] {logging_mixin.py:188} INFO - [2025-11-18T17:52:55.485+0000] {dag.py:3947} INFO - Setting next_dagrun for etl_label_studio to 2025-11-18 03:00:00+00:00, run_after=2025-11-19 03:00:00+00:00
[2025-11-18T17:52:55.499+0000] {processor.py:183} INFO - Processing /opt/airflow/dags/pipeline_label_studio.py took 0.083 seconds
[2025-11-18T17:53:25.734+0000] {processor.py:161} INFO - Started process (PID=4957) to work on /opt/airflow/dags/pipeline_label_studio.py
[2025-11-18T17:53:25.739+0000] {processor.py:830} INFO - Processing file /opt/airflow/dags/pipeline_label_studio.py for tasks to queue
[2025-11-18T17:53:25.740+0000] {logging_mixin.py:188} INFO - [2025-11-18T17:53:25.740+0000] {dagbag.py:545} INFO - Filling up the DagBag from /opt/airflow/dags/pipeline_label_studio.py
[2025-11-18T17:53:25.750+0000] {processor.py:840} INFO - DAG(s) 'etl_label_studio' retrieved from /opt/airflow/dags/pipeline_label_studio.py
[2025-11-18T17:53:25.779+0000] {logging_mixin.py:188} INFO - [2025-11-18T17:53:25.779+0000] {dag.py:3089} INFO - Sync 1 DAGs
[2025-11-18T17:53:25.799+0000] {logging_mixin.py:188} INFO - [2025-11-18T17:53:25.798+0000] {dag.py:3947} INFO - Setting next_dagrun for etl_label_studio to 2025-11-18 03:00:00+00:00, run_after=2025-11-19 03:00:00+00:00
[2025-11-18T17:53:25.813+0000] {processor.py:183} INFO - Processing /opt/airflow/dags/pipeline_label_studio.py took 0.083 seconds
[2025-11-18T17:53:56.203+0000] {processor.py:161} INFO - Started process (PID=4972) to work on /opt/airflow/dags/pipeline_label_studio.py
[2025-11-18T17:53:56.206+0000] {processor.py:830} INFO - Processing file /opt/airflow/dags/pipeline_label_studio.py for tasks to queue
[2025-11-18T17:53:56.209+0000] {logging_mixin.py:188} INFO - [2025-11-18T17:53:56.208+0000] {dagbag.py:545} INFO - Filling up the DagBag from /opt/airflow/dags/pipeline_label_studio.py
[2025-11-18T17:53:56.233+0000] {processor.py:840} INFO - DAG(s) 'etl_label_studio' retrieved from /opt/airflow/dags/pipeline_label_studio.py
[2025-11-18T17:53:56.269+0000] {logging_mixin.py:188} INFO - [2025-11-18T17:53:56.268+0000] {dag.py:3089} INFO - Sync 1 DAGs
[2025-11-18T17:53:56.294+0000] {logging_mixin.py:188} INFO - [2025-11-18T17:53:56.294+0000] {dag.py:3947} INFO - Setting next_dagrun for etl_label_studio to 2025-11-18 03:00:00+00:00, run_after=2025-11-19 03:00:00+00:00
[2025-11-18T17:53:56.321+0000] {processor.py:183} INFO - Processing /opt/airflow/dags/pipeline_label_studio.py took 0.128 seconds
[2025-11-18T17:54:26.545+0000] {processor.py:161} INFO - Started process (PID=4987) to work on /opt/airflow/dags/pipeline_label_studio.py
[2025-11-18T17:54:26.548+0000] {processor.py:830} INFO - Processing file /opt/airflow/dags/pipeline_label_studio.py for tasks to queue
[2025-11-18T17:54:26.549+0000] {logging_mixin.py:188} INFO - [2025-11-18T17:54:26.549+0000] {dagbag.py:545} INFO - Filling up the DagBag from /opt/airflow/dags/pipeline_label_studio.py
[2025-11-18T17:54:26.558+0000] {processor.py:840} INFO - DAG(s) 'etl_label_studio' retrieved from /opt/airflow/dags/pipeline_label_studio.py
[2025-11-18T17:54:26.585+0000] {logging_mixin.py:188} INFO - [2025-11-18T17:54:26.585+0000] {dag.py:3089} INFO - Sync 1 DAGs
[2025-11-18T17:54:26.621+0000] {logging_mixin.py:188} INFO - [2025-11-18T17:54:26.620+0000] {dag.py:3947} INFO - Setting next_dagrun for etl_label_studio to 2025-11-18 03:00:00+00:00, run_after=2025-11-19 03:00:00+00:00
[2025-11-18T17:54:26.634+0000] {processor.py:183} INFO - Processing /opt/airflow/dags/pipeline_label_studio.py took 0.093 seconds
[2025-11-18T17:54:56.842+0000] {processor.py:161} INFO - Started process (PID=5002) to work on /opt/airflow/dags/pipeline_label_studio.py
[2025-11-18T17:54:56.845+0000] {processor.py:830} INFO - Processing file /opt/airflow/dags/pipeline_label_studio.py for tasks to queue
[2025-11-18T17:54:56.846+0000] {logging_mixin.py:188} INFO - [2025-11-18T17:54:56.846+0000] {dagbag.py:545} INFO - Filling up the DagBag from /opt/airflow/dags/pipeline_label_studio.py
[2025-11-18T17:54:56.854+0000] {processor.py:840} INFO - DAG(s) 'etl_label_studio' retrieved from /opt/airflow/dags/pipeline_label_studio.py
[2025-11-18T17:54:56.887+0000] {logging_mixin.py:188} INFO - [2025-11-18T17:54:56.887+0000] {dag.py:3089} INFO - Sync 1 DAGs
[2025-11-18T17:54:56.906+0000] {logging_mixin.py:188} INFO - [2025-11-18T17:54:56.905+0000] {dag.py:3947} INFO - Setting next_dagrun for etl_label_studio to 2025-11-18 03:00:00+00:00, run_after=2025-11-19 03:00:00+00:00
[2025-11-18T17:54:56.918+0000] {processor.py:183} INFO - Processing /opt/airflow/dags/pipeline_label_studio.py took 0.080 seconds
[2025-11-18T17:55:27.150+0000] {processor.py:161} INFO - Started process (PID=5017) to work on /opt/airflow/dags/pipeline_label_studio.py
[2025-11-18T17:55:27.152+0000] {processor.py:830} INFO - Processing file /opt/airflow/dags/pipeline_label_studio.py for tasks to queue
[2025-11-18T17:55:27.154+0000] {logging_mixin.py:188} INFO - [2025-11-18T17:55:27.154+0000] {dagbag.py:545} INFO - Filling up the DagBag from /opt/airflow/dags/pipeline_label_studio.py
[2025-11-18T17:55:27.166+0000] {processor.py:840} INFO - DAG(s) 'etl_label_studio' retrieved from /opt/airflow/dags/pipeline_label_studio.py
[2025-11-18T17:55:27.190+0000] {logging_mixin.py:188} INFO - [2025-11-18T17:55:27.190+0000] {dag.py:3089} INFO - Sync 1 DAGs
[2025-11-18T17:55:27.207+0000] {logging_mixin.py:188} INFO - [2025-11-18T17:55:27.207+0000] {dag.py:3947} INFO - Setting next_dagrun for etl_label_studio to 2025-11-18 03:00:00+00:00, run_after=2025-11-19 03:00:00+00:00
[2025-11-18T17:55:27.221+0000] {processor.py:183} INFO - Processing /opt/airflow/dags/pipeline_label_studio.py took 0.077 seconds
[2025-11-18T17:55:57.466+0000] {processor.py:161} INFO - Started process (PID=5032) to work on /opt/airflow/dags/pipeline_label_studio.py
[2025-11-18T17:55:57.468+0000] {processor.py:830} INFO - Processing file /opt/airflow/dags/pipeline_label_studio.py for tasks to queue
[2025-11-18T17:55:57.470+0000] {logging_mixin.py:188} INFO - [2025-11-18T17:55:57.469+0000] {dagbag.py:545} INFO - Filling up the DagBag from /opt/airflow/dags/pipeline_label_studio.py
[2025-11-18T17:55:57.480+0000] {processor.py:840} INFO - DAG(s) 'etl_label_studio' retrieved from /opt/airflow/dags/pipeline_label_studio.py
[2025-11-18T17:55:57.507+0000] {logging_mixin.py:188} INFO - [2025-11-18T17:55:57.507+0000] {dag.py:3089} INFO - Sync 1 DAGs
[2025-11-18T17:55:57.525+0000] {logging_mixin.py:188} INFO - [2025-11-18T17:55:57.525+0000] {dag.py:3947} INFO - Setting next_dagrun for etl_label_studio to 2025-11-18 03:00:00+00:00, run_after=2025-11-19 03:00:00+00:00
[2025-11-18T17:55:57.537+0000] {processor.py:183} INFO - Processing /opt/airflow/dags/pipeline_label_studio.py took 0.077 seconds
[2025-11-18T17:56:27.787+0000] {processor.py:161} INFO - Started process (PID=5047) to work on /opt/airflow/dags/pipeline_label_studio.py
[2025-11-18T17:56:27.793+0000] {processor.py:830} INFO - Processing file /opt/airflow/dags/pipeline_label_studio.py for tasks to queue
[2025-11-18T17:56:27.795+0000] {logging_mixin.py:188} INFO - [2025-11-18T17:56:27.795+0000] {dagbag.py:545} INFO - Filling up the DagBag from /opt/airflow/dags/pipeline_label_studio.py
[2025-11-18T17:56:27.808+0000] {processor.py:840} INFO - DAG(s) 'etl_label_studio' retrieved from /opt/airflow/dags/pipeline_label_studio.py
[2025-11-18T17:56:27.841+0000] {logging_mixin.py:188} INFO - [2025-11-18T17:56:27.840+0000] {dag.py:3089} INFO - Sync 1 DAGs
[2025-11-18T17:56:27.863+0000] {logging_mixin.py:188} INFO - [2025-11-18T17:56:27.863+0000] {dag.py:3947} INFO - Setting next_dagrun for etl_label_studio to 2025-11-18 03:00:00+00:00, run_after=2025-11-19 03:00:00+00:00
[2025-11-18T17:56:27.883+0000] {processor.py:183} INFO - Processing /opt/airflow/dags/pipeline_label_studio.py took 0.102 seconds
[2025-11-18T17:56:58.166+0000] {processor.py:161} INFO - Started process (PID=5062) to work on /opt/airflow/dags/pipeline_label_studio.py
[2025-11-18T17:56:58.170+0000] {processor.py:830} INFO - Processing file /opt/airflow/dags/pipeline_label_studio.py for tasks to queue
[2025-11-18T17:56:58.172+0000] {logging_mixin.py:188} INFO - [2025-11-18T17:56:58.172+0000] {dagbag.py:545} INFO - Filling up the DagBag from /opt/airflow/dags/pipeline_label_studio.py
[2025-11-18T17:56:58.182+0000] {processor.py:840} INFO - DAG(s) 'etl_label_studio' retrieved from /opt/airflow/dags/pipeline_label_studio.py
[2025-11-18T17:56:58.209+0000] {logging_mixin.py:188} INFO - [2025-11-18T17:56:58.209+0000] {dag.py:3089} INFO - Sync 1 DAGs
[2025-11-18T17:56:58.227+0000] {logging_mixin.py:188} INFO - [2025-11-18T17:56:58.227+0000] {dag.py:3947} INFO - Setting next_dagrun for etl_label_studio to 2025-11-18 03:00:00+00:00, run_after=2025-11-19 03:00:00+00:00
[2025-11-18T17:56:58.240+0000] {processor.py:183} INFO - Processing /opt/airflow/dags/pipeline_label_studio.py took 0.079 seconds
[2025-11-18T17:57:28.525+0000] {processor.py:161} INFO - Started process (PID=5089) to work on /opt/airflow/dags/pipeline_label_studio.py
[2025-11-18T17:57:28.527+0000] {processor.py:830} INFO - Processing file /opt/airflow/dags/pipeline_label_studio.py for tasks to queue
[2025-11-18T17:57:28.530+0000] {logging_mixin.py:188} INFO - [2025-11-18T17:57:28.529+0000] {dagbag.py:545} INFO - Filling up the DagBag from /opt/airflow/dags/pipeline_label_studio.py
[2025-11-18T17:57:28.546+0000] {processor.py:840} INFO - DAG(s) 'etl_label_studio' retrieved from /opt/airflow/dags/pipeline_label_studio.py
[2025-11-18T17:57:28.621+0000] {logging_mixin.py:188} INFO - [2025-11-18T17:57:28.621+0000] {dag.py:3089} INFO - Sync 1 DAGs
[2025-11-18T17:57:28.644+0000] {logging_mixin.py:188} INFO - [2025-11-18T17:57:28.644+0000] {dag.py:3947} INFO - Setting next_dagrun for etl_label_studio to 2025-11-18 03:00:00+00:00, run_after=2025-11-19 03:00:00+00:00
[2025-11-18T17:57:28.659+0000] {processor.py:183} INFO - Processing /opt/airflow/dags/pipeline_label_studio.py took 0.142 seconds
[2025-11-18T17:57:58.940+0000] {processor.py:161} INFO - Started process (PID=5760) to work on /opt/airflow/dags/pipeline_label_studio.py
[2025-11-18T17:57:58.944+0000] {processor.py:830} INFO - Processing file /opt/airflow/dags/pipeline_label_studio.py for tasks to queue
[2025-11-18T17:57:58.946+0000] {logging_mixin.py:188} INFO - [2025-11-18T17:57:58.946+0000] {dagbag.py:545} INFO - Filling up the DagBag from /opt/airflow/dags/pipeline_label_studio.py
[2025-11-18T17:57:58.967+0000] {processor.py:840} INFO - DAG(s) 'etl_label_studio' retrieved from /opt/airflow/dags/pipeline_label_studio.py
[2025-11-18T17:57:59.005+0000] {logging_mixin.py:188} INFO - [2025-11-18T17:57:59.005+0000] {dag.py:3089} INFO - Sync 1 DAGs
[2025-11-18T17:57:59.037+0000] {logging_mixin.py:188} INFO - [2025-11-18T17:57:59.036+0000] {dag.py:3947} INFO - Setting next_dagrun for etl_label_studio to 2025-11-18 03:00:00+00:00, run_after=2025-11-19 03:00:00+00:00
[2025-11-18T17:57:59.062+0000] {processor.py:183} INFO - Processing /opt/airflow/dags/pipeline_label_studio.py took 0.132 seconds
[2025-11-18T17:58:29.385+0000] {processor.py:161} INFO - Started process (PID=6010) to work on /opt/airflow/dags/pipeline_label_studio.py
[2025-11-18T17:58:29.386+0000] {processor.py:830} INFO - Processing file /opt/airflow/dags/pipeline_label_studio.py for tasks to queue
[2025-11-18T17:58:29.388+0000] {logging_mixin.py:188} INFO - [2025-11-18T17:58:29.387+0000] {dagbag.py:545} INFO - Filling up the DagBag from /opt/airflow/dags/pipeline_label_studio.py
[2025-11-18T17:58:29.397+0000] {processor.py:840} INFO - DAG(s) 'etl_label_studio' retrieved from /opt/airflow/dags/pipeline_label_studio.py
[2025-11-18T17:58:29.425+0000] {logging_mixin.py:188} INFO - [2025-11-18T17:58:29.425+0000] {dag.py:3089} INFO - Sync 1 DAGs
[2025-11-18T17:58:29.445+0000] {logging_mixin.py:188} INFO - [2025-11-18T17:58:29.445+0000] {dag.py:3947} INFO - Setting next_dagrun for etl_label_studio to 2025-11-18 03:00:00+00:00, run_after=2025-11-19 03:00:00+00:00
[2025-11-18T17:58:29.471+0000] {processor.py:183} INFO - Processing /opt/airflow/dags/pipeline_label_studio.py took 0.092 seconds
[2025-11-18T17:58:59.916+0000] {processor.py:161} INFO - Started process (PID=6025) to work on /opt/airflow/dags/pipeline_label_studio.py
[2025-11-18T17:58:59.918+0000] {processor.py:830} INFO - Processing file /opt/airflow/dags/pipeline_label_studio.py for tasks to queue
[2025-11-18T17:58:59.920+0000] {logging_mixin.py:188} INFO - [2025-11-18T17:58:59.919+0000] {dagbag.py:545} INFO - Filling up the DagBag from /opt/airflow/dags/pipeline_label_studio.py
[2025-11-18T17:58:59.930+0000] {processor.py:840} INFO - DAG(s) 'etl_label_studio' retrieved from /opt/airflow/dags/pipeline_label_studio.py
[2025-11-18T17:58:59.957+0000] {logging_mixin.py:188} INFO - [2025-11-18T17:58:59.957+0000] {dag.py:3089} INFO - Sync 1 DAGs
[2025-11-18T17:58:59.978+0000] {logging_mixin.py:188} INFO - [2025-11-18T17:58:59.978+0000] {dag.py:3947} INFO - Setting next_dagrun for etl_label_studio to 2025-11-18 03:00:00+00:00, run_after=2025-11-19 03:00:00+00:00
[2025-11-18T17:58:59.993+0000] {processor.py:183} INFO - Processing /opt/airflow/dags/pipeline_label_studio.py took 0.084 seconds
[2025-11-18T17:59:30.297+0000] {processor.py:161} INFO - Started process (PID=6040) to work on /opt/airflow/dags/pipeline_label_studio.py
[2025-11-18T17:59:30.298+0000] {processor.py:830} INFO - Processing file /opt/airflow/dags/pipeline_label_studio.py for tasks to queue
[2025-11-18T17:59:30.300+0000] {logging_mixin.py:188} INFO - [2025-11-18T17:59:30.300+0000] {dagbag.py:545} INFO - Filling up the DagBag from /opt/airflow/dags/pipeline_label_studio.py
[2025-11-18T17:59:30.309+0000] {processor.py:840} INFO - DAG(s) 'etl_label_studio' retrieved from /opt/airflow/dags/pipeline_label_studio.py
[2025-11-18T17:59:30.335+0000] {logging_mixin.py:188} INFO - [2025-11-18T17:59:30.335+0000] {dag.py:3089} INFO - Sync 1 DAGs
[2025-11-18T17:59:30.352+0000] {logging_mixin.py:188} INFO - [2025-11-18T17:59:30.352+0000] {dag.py:3947} INFO - Setting next_dagrun for etl_label_studio to 2025-11-18 03:00:00+00:00, run_after=2025-11-19 03:00:00+00:00
[2025-11-18T17:59:30.366+0000] {processor.py:183} INFO - Processing /opt/airflow/dags/pipeline_label_studio.py took 0.076 seconds
[2025-11-18T18:00:00.638+0000] {processor.py:161} INFO - Started process (PID=6055) to work on /opt/airflow/dags/pipeline_label_studio.py
[2025-11-18T18:00:00.644+0000] {processor.py:830} INFO - Processing file /opt/airflow/dags/pipeline_label_studio.py for tasks to queue
[2025-11-18T18:00:00.645+0000] {logging_mixin.py:188} INFO - [2025-11-18T18:00:00.645+0000] {dagbag.py:545} INFO - Filling up the DagBag from /opt/airflow/dags/pipeline_label_studio.py
[2025-11-18T18:00:00.655+0000] {processor.py:840} INFO - DAG(s) 'etl_label_studio' retrieved from /opt/airflow/dags/pipeline_label_studio.py
[2025-11-18T18:00:00.680+0000] {logging_mixin.py:188} INFO - [2025-11-18T18:00:00.680+0000] {dag.py:3089} INFO - Sync 1 DAGs
[2025-11-18T18:00:00.698+0000] {logging_mixin.py:188} INFO - [2025-11-18T18:00:00.698+0000] {dag.py:3947} INFO - Setting next_dagrun for etl_label_studio to 2025-11-18 03:00:00+00:00, run_after=2025-11-19 03:00:00+00:00
[2025-11-18T18:00:00.710+0000] {processor.py:183} INFO - Processing /opt/airflow/dags/pipeline_label_studio.py took 0.079 seconds
[2025-11-18T18:00:30.943+0000] {processor.py:161} INFO - Started process (PID=6070) to work on /opt/airflow/dags/pipeline_label_studio.py
[2025-11-18T18:00:30.945+0000] {processor.py:830} INFO - Processing file /opt/airflow/dags/pipeline_label_studio.py for tasks to queue
[2025-11-18T18:00:30.946+0000] {logging_mixin.py:188} INFO - [2025-11-18T18:00:30.946+0000] {dagbag.py:545} INFO - Filling up the DagBag from /opt/airflow/dags/pipeline_label_studio.py
[2025-11-18T18:00:30.957+0000] {processor.py:840} INFO - DAG(s) 'etl_label_studio' retrieved from /opt/airflow/dags/pipeline_label_studio.py
[2025-11-18T18:00:30.990+0000] {logging_mixin.py:188} INFO - [2025-11-18T18:00:30.990+0000] {dag.py:3089} INFO - Sync 1 DAGs
[2025-11-18T18:00:31.011+0000] {logging_mixin.py:188} INFO - [2025-11-18T18:00:31.011+0000] {dag.py:3947} INFO - Setting next_dagrun for etl_label_studio to 2025-11-18 03:00:00+00:00, run_after=2025-11-19 03:00:00+00:00
[2025-11-18T18:00:31.025+0000] {processor.py:183} INFO - Processing /opt/airflow/dags/pipeline_label_studio.py took 0.088 seconds
[2025-11-18T18:01:01.281+0000] {processor.py:161} INFO - Started process (PID=6085) to work on /opt/airflow/dags/pipeline_label_studio.py
[2025-11-18T18:01:01.285+0000] {processor.py:830} INFO - Processing file /opt/airflow/dags/pipeline_label_studio.py for tasks to queue
[2025-11-18T18:01:01.286+0000] {logging_mixin.py:188} INFO - [2025-11-18T18:01:01.286+0000] {dagbag.py:545} INFO - Filling up the DagBag from /opt/airflow/dags/pipeline_label_studio.py
[2025-11-18T18:01:01.300+0000] {processor.py:840} INFO - DAG(s) 'etl_label_studio' retrieved from /opt/airflow/dags/pipeline_label_studio.py
[2025-11-18T18:01:01.337+0000] {logging_mixin.py:188} INFO - [2025-11-18T18:01:01.337+0000] {dag.py:3089} INFO - Sync 1 DAGs
[2025-11-18T18:01:01.362+0000] {logging_mixin.py:188} INFO - [2025-11-18T18:01:01.362+0000] {dag.py:3947} INFO - Setting next_dagrun for etl_label_studio to 2025-11-18 03:00:00+00:00, run_after=2025-11-19 03:00:00+00:00
[2025-11-18T18:01:01.382+0000] {processor.py:183} INFO - Processing /opt/airflow/dags/pipeline_label_studio.py took 0.109 seconds
[2025-11-18T18:01:31.770+0000] {processor.py:161} INFO - Started process (PID=6100) to work on /opt/airflow/dags/pipeline_label_studio.py
[2025-11-18T18:01:31.775+0000] {processor.py:830} INFO - Processing file /opt/airflow/dags/pipeline_label_studio.py for tasks to queue
[2025-11-18T18:01:31.777+0000] {logging_mixin.py:188} INFO - [2025-11-18T18:01:31.777+0000] {dagbag.py:545} INFO - Filling up the DagBag from /opt/airflow/dags/pipeline_label_studio.py
[2025-11-18T18:01:31.790+0000] {processor.py:840} INFO - DAG(s) 'etl_label_studio' retrieved from /opt/airflow/dags/pipeline_label_studio.py
[2025-11-18T18:01:31.822+0000] {logging_mixin.py:188} INFO - [2025-11-18T18:01:31.822+0000] {dag.py:3089} INFO - Sync 1 DAGs
[2025-11-18T18:01:31.843+0000] {logging_mixin.py:188} INFO - [2025-11-18T18:01:31.843+0000] {dag.py:3947} INFO - Setting next_dagrun for etl_label_studio to 2025-11-18 03:00:00+00:00, run_after=2025-11-19 03:00:00+00:00
[2025-11-18T18:01:31.858+0000] {processor.py:183} INFO - Processing /opt/airflow/dags/pipeline_label_studio.py took 0.094 seconds
[2025-11-18T18:02:02.154+0000] {processor.py:161} INFO - Started process (PID=6115) to work on /opt/airflow/dags/pipeline_label_studio.py
[2025-11-18T18:02:02.157+0000] {processor.py:830} INFO - Processing file /opt/airflow/dags/pipeline_label_studio.py for tasks to queue
[2025-11-18T18:02:02.158+0000] {logging_mixin.py:188} INFO - [2025-11-18T18:02:02.158+0000] {dagbag.py:545} INFO - Filling up the DagBag from /opt/airflow/dags/pipeline_label_studio.py
[2025-11-18T18:02:02.170+0000] {processor.py:840} INFO - DAG(s) 'etl_label_studio' retrieved from /opt/airflow/dags/pipeline_label_studio.py
[2025-11-18T18:02:02.197+0000] {logging_mixin.py:188} INFO - [2025-11-18T18:02:02.197+0000] {dag.py:3089} INFO - Sync 1 DAGs
[2025-11-18T18:02:02.215+0000] {logging_mixin.py:188} INFO - [2025-11-18T18:02:02.215+0000] {dag.py:3947} INFO - Setting next_dagrun for etl_label_studio to 2025-11-18 03:00:00+00:00, run_after=2025-11-19 03:00:00+00:00
[2025-11-18T18:02:02.227+0000] {processor.py:183} INFO - Processing /opt/airflow/dags/pipeline_label_studio.py took 0.078 seconds
[2025-11-18T18:02:32.539+0000] {processor.py:161} INFO - Started process (PID=6130) to work on /opt/airflow/dags/pipeline_label_studio.py
[2025-11-18T18:02:32.542+0000] {processor.py:830} INFO - Processing file /opt/airflow/dags/pipeline_label_studio.py for tasks to queue
[2025-11-18T18:02:32.543+0000] {logging_mixin.py:188} INFO - [2025-11-18T18:02:32.543+0000] {dagbag.py:545} INFO - Filling up the DagBag from /opt/airflow/dags/pipeline_label_studio.py
[2025-11-18T18:02:32.553+0000] {processor.py:840} INFO - DAG(s) 'etl_label_studio' retrieved from /opt/airflow/dags/pipeline_label_studio.py
[2025-11-18T18:02:32.579+0000] {logging_mixin.py:188} INFO - [2025-11-18T18:02:32.579+0000] {dag.py:3089} INFO - Sync 1 DAGs
[2025-11-18T18:02:32.597+0000] {logging_mixin.py:188} INFO - [2025-11-18T18:02:32.597+0000] {dag.py:3947} INFO - Setting next_dagrun for etl_label_studio to 2025-11-18 03:00:00+00:00, run_after=2025-11-19 03:00:00+00:00
[2025-11-18T18:02:32.610+0000] {processor.py:183} INFO - Processing /opt/airflow/dags/pipeline_label_studio.py took 0.077 seconds
[2025-11-18T18:03:02.854+0000] {processor.py:161} INFO - Started process (PID=6145) to work on /opt/airflow/dags/pipeline_label_studio.py
[2025-11-18T18:03:02.861+0000] {processor.py:830} INFO - Processing file /opt/airflow/dags/pipeline_label_studio.py for tasks to queue
[2025-11-18T18:03:02.863+0000] {logging_mixin.py:188} INFO - [2025-11-18T18:03:02.863+0000] {dagbag.py:545} INFO - Filling up the DagBag from /opt/airflow/dags/pipeline_label_studio.py
[2025-11-18T18:03:02.874+0000] {processor.py:840} INFO - DAG(s) 'etl_label_studio' retrieved from /opt/airflow/dags/pipeline_label_studio.py
[2025-11-18T18:03:02.902+0000] {logging_mixin.py:188} INFO - [2025-11-18T18:03:02.901+0000] {dag.py:3089} INFO - Sync 1 DAGs
[2025-11-18T18:03:02.921+0000] {logging_mixin.py:188} INFO - [2025-11-18T18:03:02.921+0000] {dag.py:3947} INFO - Setting next_dagrun for etl_label_studio to 2025-11-18 03:00:00+00:00, run_after=2025-11-19 03:00:00+00:00
[2025-11-18T18:03:02.934+0000] {processor.py:183} INFO - Processing /opt/airflow/dags/pipeline_label_studio.py took 0.087 seconds
[2025-11-18T18:03:33.216+0000] {processor.py:161} INFO - Started process (PID=6160) to work on /opt/airflow/dags/pipeline_label_studio.py
[2025-11-18T18:03:33.218+0000] {processor.py:830} INFO - Processing file /opt/airflow/dags/pipeline_label_studio.py for tasks to queue
[2025-11-18T18:03:33.221+0000] {logging_mixin.py:188} INFO - [2025-11-18T18:03:33.220+0000] {dagbag.py:545} INFO - Filling up the DagBag from /opt/airflow/dags/pipeline_label_studio.py
[2025-11-18T18:03:33.234+0000] {processor.py:840} INFO - DAG(s) 'etl_label_studio' retrieved from /opt/airflow/dags/pipeline_label_studio.py
[2025-11-18T18:03:33.268+0000] {logging_mixin.py:188} INFO - [2025-11-18T18:03:33.268+0000] {dag.py:3089} INFO - Sync 1 DAGs
[2025-11-18T18:03:33.291+0000] {logging_mixin.py:188} INFO - [2025-11-18T18:03:33.291+0000] {dag.py:3947} INFO - Setting next_dagrun for etl_label_studio to 2025-11-18 03:00:00+00:00, run_after=2025-11-19 03:00:00+00:00
[2025-11-18T18:03:33.307+0000] {processor.py:183} INFO - Processing /opt/airflow/dags/pipeline_label_studio.py took 0.097 seconds
[2025-11-18T18:04:03.571+0000] {processor.py:161} INFO - Started process (PID=6175) to work on /opt/airflow/dags/pipeline_label_studio.py
[2025-11-18T18:04:03.573+0000] {processor.py:830} INFO - Processing file /opt/airflow/dags/pipeline_label_studio.py for tasks to queue
[2025-11-18T18:04:03.574+0000] {logging_mixin.py:188} INFO - [2025-11-18T18:04:03.574+0000] {dagbag.py:545} INFO - Filling up the DagBag from /opt/airflow/dags/pipeline_label_studio.py
[2025-11-18T18:04:03.583+0000] {processor.py:840} INFO - DAG(s) 'etl_label_studio' retrieved from /opt/airflow/dags/pipeline_label_studio.py
[2025-11-18T18:04:03.605+0000] {logging_mixin.py:188} INFO - [2025-11-18T18:04:03.605+0000] {dag.py:3089} INFO - Sync 1 DAGs
[2025-11-18T18:04:03.621+0000] {logging_mixin.py:188} INFO - [2025-11-18T18:04:03.621+0000] {dag.py:3947} INFO - Setting next_dagrun for etl_label_studio to 2025-11-18 03:00:00+00:00, run_after=2025-11-19 03:00:00+00:00
[2025-11-18T18:04:03.635+0000] {processor.py:183} INFO - Processing /opt/airflow/dags/pipeline_label_studio.py took 0.071 seconds
[2025-11-18T18:04:33.917+0000] {processor.py:161} INFO - Started process (PID=6190) to work on /opt/airflow/dags/pipeline_label_studio.py
[2025-11-18T18:04:33.923+0000] {processor.py:830} INFO - Processing file /opt/airflow/dags/pipeline_label_studio.py for tasks to queue
[2025-11-18T18:04:33.925+0000] {logging_mixin.py:188} INFO - [2025-11-18T18:04:33.924+0000] {dagbag.py:545} INFO - Filling up the DagBag from /opt/airflow/dags/pipeline_label_studio.py
[2025-11-18T18:04:33.933+0000] {processor.py:840} INFO - DAG(s) 'etl_label_studio' retrieved from /opt/airflow/dags/pipeline_label_studio.py
[2025-11-18T18:04:33.956+0000] {logging_mixin.py:188} INFO - [2025-11-18T18:04:33.955+0000] {dag.py:3089} INFO - Sync 1 DAGs
[2025-11-18T18:04:33.974+0000] {logging_mixin.py:188} INFO - [2025-11-18T18:04:33.974+0000] {dag.py:3947} INFO - Setting next_dagrun for etl_label_studio to 2025-11-18 03:00:00+00:00, run_after=2025-11-19 03:00:00+00:00
[2025-11-18T18:04:33.986+0000] {processor.py:183} INFO - Processing /opt/airflow/dags/pipeline_label_studio.py took 0.073 seconds
[2025-11-18T18:05:04.239+0000] {processor.py:161} INFO - Started process (PID=6205) to work on /opt/airflow/dags/pipeline_label_studio.py
[2025-11-18T18:05:04.243+0000] {processor.py:830} INFO - Processing file /opt/airflow/dags/pipeline_label_studio.py for tasks to queue
[2025-11-18T18:05:04.245+0000] {logging_mixin.py:188} INFO - [2025-11-18T18:05:04.245+0000] {dagbag.py:545} INFO - Filling up the DagBag from /opt/airflow/dags/pipeline_label_studio.py
[2025-11-18T18:05:04.257+0000] {processor.py:840} INFO - DAG(s) 'etl_label_studio' retrieved from /opt/airflow/dags/pipeline_label_studio.py
[2025-11-18T18:05:04.284+0000] {logging_mixin.py:188} INFO - [2025-11-18T18:05:04.284+0000] {dag.py:3089} INFO - Sync 1 DAGs
[2025-11-18T18:05:04.305+0000] {logging_mixin.py:188} INFO - [2025-11-18T18:05:04.305+0000] {dag.py:3947} INFO - Setting next_dagrun for etl_label_studio to 2025-11-18 03:00:00+00:00, run_after=2025-11-19 03:00:00+00:00
[2025-11-18T18:05:04.320+0000] {processor.py:183} INFO - Processing /opt/airflow/dags/pipeline_label_studio.py took 0.088 seconds
[2025-11-18T18:05:34.590+0000] {processor.py:161} INFO - Started process (PID=6220) to work on /opt/airflow/dags/pipeline_label_studio.py
[2025-11-18T18:05:34.593+0000] {processor.py:830} INFO - Processing file /opt/airflow/dags/pipeline_label_studio.py for tasks to queue
[2025-11-18T18:05:34.595+0000] {logging_mixin.py:188} INFO - [2025-11-18T18:05:34.594+0000] {dagbag.py:545} INFO - Filling up the DagBag from /opt/airflow/dags/pipeline_label_studio.py
[2025-11-18T18:05:34.607+0000] {processor.py:840} INFO - DAG(s) 'etl_label_studio' retrieved from /opt/airflow/dags/pipeline_label_studio.py
[2025-11-18T18:05:34.633+0000] {logging_mixin.py:188} INFO - [2025-11-18T18:05:34.633+0000] {dag.py:3089} INFO - Sync 1 DAGs
[2025-11-18T18:05:34.650+0000] {logging_mixin.py:188} INFO - [2025-11-18T18:05:34.650+0000] {dag.py:3947} INFO - Setting next_dagrun for etl_label_studio to 2025-11-18 03:00:00+00:00, run_after=2025-11-19 03:00:00+00:00
[2025-11-18T18:05:34.663+0000] {processor.py:183} INFO - Processing /opt/airflow/dags/pipeline_label_studio.py took 0.080 seconds
[2025-11-18T18:06:04.937+0000] {processor.py:161} INFO - Started process (PID=6235) to work on /opt/airflow/dags/pipeline_label_studio.py
[2025-11-18T18:06:04.939+0000] {processor.py:830} INFO - Processing file /opt/airflow/dags/pipeline_label_studio.py for tasks to queue
[2025-11-18T18:06:04.940+0000] {logging_mixin.py:188} INFO - [2025-11-18T18:06:04.940+0000] {dagbag.py:545} INFO - Filling up the DagBag from /opt/airflow/dags/pipeline_label_studio.py
[2025-11-18T18:06:04.950+0000] {processor.py:840} INFO - DAG(s) 'etl_label_studio' retrieved from /opt/airflow/dags/pipeline_label_studio.py
[2025-11-18T18:06:04.978+0000] {logging_mixin.py:188} INFO - [2025-11-18T18:06:04.978+0000] {dag.py:3089} INFO - Sync 1 DAGs
[2025-11-18T18:06:05.001+0000] {logging_mixin.py:188} INFO - [2025-11-18T18:06:05.001+0000] {dag.py:3947} INFO - Setting next_dagrun for etl_label_studio to 2025-11-18 03:00:00+00:00, run_after=2025-11-19 03:00:00+00:00
[2025-11-18T18:06:05.025+0000] {processor.py:183} INFO - Processing /opt/airflow/dags/pipeline_label_studio.py took 0.093 seconds
[2025-11-18T18:06:35.269+0000] {processor.py:161} INFO - Started process (PID=6250) to work on /opt/airflow/dags/pipeline_label_studio.py
[2025-11-18T18:06:35.277+0000] {processor.py:830} INFO - Processing file /opt/airflow/dags/pipeline_label_studio.py for tasks to queue
[2025-11-18T18:06:35.279+0000] {logging_mixin.py:188} INFO - [2025-11-18T18:06:35.279+0000] {dagbag.py:545} INFO - Filling up the DagBag from /opt/airflow/dags/pipeline_label_studio.py
[2025-11-18T18:06:35.292+0000] {processor.py:840} INFO - DAG(s) 'etl_label_studio' retrieved from /opt/airflow/dags/pipeline_label_studio.py
[2025-11-18T18:06:35.323+0000] {logging_mixin.py:188} INFO - [2025-11-18T18:06:35.323+0000] {dag.py:3089} INFO - Sync 1 DAGs
[2025-11-18T18:06:35.343+0000] {logging_mixin.py:188} INFO - [2025-11-18T18:06:35.343+0000] {dag.py:3947} INFO - Setting next_dagrun for etl_label_studio to 2025-11-18 03:00:00+00:00, run_after=2025-11-19 03:00:00+00:00
[2025-11-18T18:06:35.358+0000] {processor.py:183} INFO - Processing /opt/airflow/dags/pipeline_label_studio.py took 0.097 seconds
[2025-11-18T18:07:05.609+0000] {processor.py:161} INFO - Started process (PID=6265) to work on /opt/airflow/dags/pipeline_label_studio.py
[2025-11-18T18:07:05.615+0000] {processor.py:830} INFO - Processing file /opt/airflow/dags/pipeline_label_studio.py for tasks to queue
[2025-11-18T18:07:05.616+0000] {logging_mixin.py:188} INFO - [2025-11-18T18:07:05.616+0000] {dagbag.py:545} INFO - Filling up the DagBag from /opt/airflow/dags/pipeline_label_studio.py
[2025-11-18T18:07:05.627+0000] {processor.py:840} INFO - DAG(s) 'etl_label_studio' retrieved from /opt/airflow/dags/pipeline_label_studio.py
[2025-11-18T18:07:05.667+0000] {logging_mixin.py:188} INFO - [2025-11-18T18:07:05.666+0000] {dag.py:3089} INFO - Sync 1 DAGs
[2025-11-18T18:07:05.693+0000] {logging_mixin.py:188} INFO - [2025-11-18T18:07:05.692+0000] {dag.py:3947} INFO - Setting next_dagrun for etl_label_studio to 2025-11-18 03:00:00+00:00, run_after=2025-11-19 03:00:00+00:00
[2025-11-18T18:07:05.709+0000] {processor.py:183} INFO - Processing /opt/airflow/dags/pipeline_label_studio.py took 0.106 seconds
[2025-11-18T18:07:36.078+0000] {processor.py:161} INFO - Started process (PID=6280) to work on /opt/airflow/dags/pipeline_label_studio.py
[2025-11-18T18:07:36.083+0000] {processor.py:830} INFO - Processing file /opt/airflow/dags/pipeline_label_studio.py for tasks to queue
[2025-11-18T18:07:36.085+0000] {logging_mixin.py:188} INFO - [2025-11-18T18:07:36.085+0000] {dagbag.py:545} INFO - Filling up the DagBag from /opt/airflow/dags/pipeline_label_studio.py
[2025-11-18T18:07:36.095+0000] {processor.py:840} INFO - DAG(s) 'etl_label_studio' retrieved from /opt/airflow/dags/pipeline_label_studio.py
[2025-11-18T18:07:36.127+0000] {logging_mixin.py:188} INFO - [2025-11-18T18:07:36.127+0000] {dag.py:3089} INFO - Sync 1 DAGs
[2025-11-18T18:07:36.144+0000] {logging_mixin.py:188} INFO - [2025-11-18T18:07:36.144+0000] {dag.py:3947} INFO - Setting next_dagrun for etl_label_studio to 2025-11-18 03:00:00+00:00, run_after=2025-11-19 03:00:00+00:00
[2025-11-18T18:07:36.157+0000] {processor.py:183} INFO - Processing /opt/airflow/dags/pipeline_label_studio.py took 0.085 seconds
[2025-11-18T18:08:06.353+0000] {processor.py:161} INFO - Started process (PID=6295) to work on /opt/airflow/dags/pipeline_label_studio.py
[2025-11-18T18:08:06.358+0000] {processor.py:830} INFO - Processing file /opt/airflow/dags/pipeline_label_studio.py for tasks to queue
[2025-11-18T18:08:06.361+0000] {logging_mixin.py:188} INFO - [2025-11-18T18:08:06.361+0000] {dagbag.py:545} INFO - Filling up the DagBag from /opt/airflow/dags/pipeline_label_studio.py
[2025-11-18T18:08:06.375+0000] {processor.py:840} INFO - DAG(s) 'etl_label_studio' retrieved from /opt/airflow/dags/pipeline_label_studio.py
[2025-11-18T18:08:06.408+0000] {logging_mixin.py:188} INFO - [2025-11-18T18:08:06.408+0000] {dag.py:3089} INFO - Sync 1 DAGs
[2025-11-18T18:08:06.432+0000] {logging_mixin.py:188} INFO - [2025-11-18T18:08:06.432+0000] {dag.py:3947} INFO - Setting next_dagrun for etl_label_studio to 2025-11-18 03:00:00+00:00, run_after=2025-11-19 03:00:00+00:00
[2025-11-18T18:08:06.447+0000] {processor.py:183} INFO - Processing /opt/airflow/dags/pipeline_label_studio.py took 0.102 seconds
[2025-11-18T18:08:36.761+0000] {processor.py:161} INFO - Started process (PID=6310) to work on /opt/airflow/dags/pipeline_label_studio.py
[2025-11-18T18:08:36.768+0000] {processor.py:830} INFO - Processing file /opt/airflow/dags/pipeline_label_studio.py for tasks to queue
[2025-11-18T18:08:36.770+0000] {logging_mixin.py:188} INFO - [2025-11-18T18:08:36.769+0000] {dagbag.py:545} INFO - Filling up the DagBag from /opt/airflow/dags/pipeline_label_studio.py
[2025-11-18T18:08:36.783+0000] {processor.py:840} INFO - DAG(s) 'etl_label_studio' retrieved from /opt/airflow/dags/pipeline_label_studio.py
[2025-11-18T18:08:36.816+0000] {logging_mixin.py:188} INFO - [2025-11-18T18:08:36.816+0000] {dag.py:3089} INFO - Sync 1 DAGs
[2025-11-18T18:08:36.843+0000] {logging_mixin.py:188} INFO - [2025-11-18T18:08:36.843+0000] {dag.py:3947} INFO - Setting next_dagrun for etl_label_studio to 2025-11-18 03:00:00+00:00, run_after=2025-11-19 03:00:00+00:00
[2025-11-18T18:08:36.865+0000] {processor.py:183} INFO - Processing /opt/airflow/dags/pipeline_label_studio.py took 0.110 seconds
[2025-11-18T18:09:07.102+0000] {processor.py:161} INFO - Started process (PID=6325) to work on /opt/airflow/dags/pipeline_label_studio.py
[2025-11-18T18:09:07.104+0000] {processor.py:830} INFO - Processing file /opt/airflow/dags/pipeline_label_studio.py for tasks to queue
[2025-11-18T18:09:07.107+0000] {logging_mixin.py:188} INFO - [2025-11-18T18:09:07.106+0000] {dagbag.py:545} INFO - Filling up the DagBag from /opt/airflow/dags/pipeline_label_studio.py
[2025-11-18T18:09:07.141+0000] {processor.py:840} INFO - DAG(s) 'etl_label_studio' retrieved from /opt/airflow/dags/pipeline_label_studio.py
[2025-11-18T18:09:07.195+0000] {logging_mixin.py:188} INFO - [2025-11-18T18:09:07.195+0000] {dag.py:3089} INFO - Sync 1 DAGs
[2025-11-18T18:09:07.223+0000] {logging_mixin.py:188} INFO - [2025-11-18T18:09:07.223+0000] {dag.py:3947} INFO - Setting next_dagrun for etl_label_studio to 2025-11-18 03:00:00+00:00, run_after=2025-11-19 03:00:00+00:00
[2025-11-18T18:09:07.252+0000] {processor.py:183} INFO - Processing /opt/airflow/dags/pipeline_label_studio.py took 0.158 seconds
[2025-11-18T18:09:37.497+0000] {processor.py:161} INFO - Started process (PID=6340) to work on /opt/airflow/dags/pipeline_label_studio.py
[2025-11-18T18:09:37.498+0000] {processor.py:830} INFO - Processing file /opt/airflow/dags/pipeline_label_studio.py for tasks to queue
[2025-11-18T18:09:37.501+0000] {logging_mixin.py:188} INFO - [2025-11-18T18:09:37.501+0000] {dagbag.py:545} INFO - Filling up the DagBag from /opt/airflow/dags/pipeline_label_studio.py
[2025-11-18T18:09:37.512+0000] {processor.py:840} INFO - DAG(s) 'etl_label_studio' retrieved from /opt/airflow/dags/pipeline_label_studio.py
[2025-11-18T18:09:37.548+0000] {logging_mixin.py:188} INFO - [2025-11-18T18:09:37.548+0000] {dag.py:3089} INFO - Sync 1 DAGs
[2025-11-18T18:09:37.582+0000] {logging_mixin.py:188} INFO - [2025-11-18T18:09:37.582+0000] {dag.py:3947} INFO - Setting next_dagrun for etl_label_studio to 2025-11-18 03:00:00+00:00, run_after=2025-11-19 03:00:00+00:00
[2025-11-18T18:09:37.598+0000] {processor.py:183} INFO - Processing /opt/airflow/dags/pipeline_label_studio.py took 0.110 seconds
[2025-11-18T18:10:07.989+0000] {processor.py:161} INFO - Started process (PID=6355) to work on /opt/airflow/dags/pipeline_label_studio.py
[2025-11-18T18:10:07.998+0000] {processor.py:830} INFO - Processing file /opt/airflow/dags/pipeline_label_studio.py for tasks to queue
[2025-11-18T18:10:08.000+0000] {logging_mixin.py:188} INFO - [2025-11-18T18:10:07.999+0000] {dagbag.py:545} INFO - Filling up the DagBag from /opt/airflow/dags/pipeline_label_studio.py
[2025-11-18T18:10:08.011+0000] {processor.py:840} INFO - DAG(s) 'etl_label_studio' retrieved from /opt/airflow/dags/pipeline_label_studio.py
[2025-11-18T18:10:08.042+0000] {logging_mixin.py:188} INFO - [2025-11-18T18:10:08.042+0000] {dag.py:3089} INFO - Sync 1 DAGs
[2025-11-18T18:10:08.063+0000] {logging_mixin.py:188} INFO - [2025-11-18T18:10:08.063+0000] {dag.py:3947} INFO - Setting next_dagrun for etl_label_studio to 2025-11-18 03:00:00+00:00, run_after=2025-11-19 03:00:00+00:00
[2025-11-18T18:10:08.079+0000] {processor.py:183} INFO - Processing /opt/airflow/dags/pipeline_label_studio.py took 0.097 seconds
[2025-11-18T18:10:38.332+0000] {processor.py:161} INFO - Started process (PID=6370) to work on /opt/airflow/dags/pipeline_label_studio.py
[2025-11-18T18:10:38.335+0000] {processor.py:830} INFO - Processing file /opt/airflow/dags/pipeline_label_studio.py for tasks to queue
[2025-11-18T18:10:38.336+0000] {logging_mixin.py:188} INFO - [2025-11-18T18:10:38.336+0000] {dagbag.py:545} INFO - Filling up the DagBag from /opt/airflow/dags/pipeline_label_studio.py
[2025-11-18T18:10:38.346+0000] {processor.py:840} INFO - DAG(s) 'etl_label_studio' retrieved from /opt/airflow/dags/pipeline_label_studio.py
[2025-11-18T18:10:38.372+0000] {logging_mixin.py:188} INFO - [2025-11-18T18:10:38.372+0000] {dag.py:3089} INFO - Sync 1 DAGs
[2025-11-18T18:10:38.390+0000] {logging_mixin.py:188} INFO - [2025-11-18T18:10:38.390+0000] {dag.py:3947} INFO - Setting next_dagrun for etl_label_studio to 2025-11-18 03:00:00+00:00, run_after=2025-11-19 03:00:00+00:00
[2025-11-18T18:10:38.402+0000] {processor.py:183} INFO - Processing /opt/airflow/dags/pipeline_label_studio.py took 0.076 seconds
[2025-11-18T18:11:08.627+0000] {processor.py:161} INFO - Started process (PID=6385) to work on /opt/airflow/dags/pipeline_label_studio.py
[2025-11-18T18:11:08.630+0000] {processor.py:830} INFO - Processing file /opt/airflow/dags/pipeline_label_studio.py for tasks to queue
[2025-11-18T18:11:08.632+0000] {logging_mixin.py:188} INFO - [2025-11-18T18:11:08.631+0000] {dagbag.py:545} INFO - Filling up the DagBag from /opt/airflow/dags/pipeline_label_studio.py
[2025-11-18T18:11:08.642+0000] {processor.py:840} INFO - DAG(s) 'etl_label_studio' retrieved from /opt/airflow/dags/pipeline_label_studio.py
[2025-11-18T18:11:08.669+0000] {logging_mixin.py:188} INFO - [2025-11-18T18:11:08.669+0000] {dag.py:3089} INFO - Sync 1 DAGs
[2025-11-18T18:11:08.690+0000] {logging_mixin.py:188} INFO - [2025-11-18T18:11:08.690+0000] {dag.py:3947} INFO - Setting next_dagrun for etl_label_studio to 2025-11-18 03:00:00+00:00, run_after=2025-11-19 03:00:00+00:00
[2025-11-18T18:11:08.704+0000] {processor.py:183} INFO - Processing /opt/airflow/dags/pipeline_label_studio.py took 0.082 seconds
[2025-11-18T18:11:39.001+0000] {processor.py:161} INFO - Started process (PID=6400) to work on /opt/airflow/dags/pipeline_label_studio.py
[2025-11-18T18:11:39.014+0000] {processor.py:830} INFO - Processing file /opt/airflow/dags/pipeline_label_studio.py for tasks to queue
[2025-11-18T18:11:39.019+0000] {logging_mixin.py:188} INFO - [2025-11-18T18:11:39.018+0000] {dagbag.py:545} INFO - Filling up the DagBag from /opt/airflow/dags/pipeline_label_studio.py
[2025-11-18T18:11:39.041+0000] {processor.py:840} INFO - DAG(s) 'etl_label_studio' retrieved from /opt/airflow/dags/pipeline_label_studio.py
[2025-11-18T18:11:39.107+0000] {logging_mixin.py:188} INFO - [2025-11-18T18:11:39.106+0000] {dag.py:3089} INFO - Sync 1 DAGs
[2025-11-18T18:11:39.143+0000] {logging_mixin.py:188} INFO - [2025-11-18T18:11:39.143+0000] {dag.py:3947} INFO - Setting next_dagrun for etl_label_studio to 2025-11-18 03:00:00+00:00, run_after=2025-11-19 03:00:00+00:00
[2025-11-18T18:11:39.167+0000] {processor.py:183} INFO - Processing /opt/airflow/dags/pipeline_label_studio.py took 0.185 seconds
[2025-11-18T18:12:09.457+0000] {processor.py:161} INFO - Started process (PID=6415) to work on /opt/airflow/dags/pipeline_label_studio.py
[2025-11-18T18:12:09.460+0000] {processor.py:830} INFO - Processing file /opt/airflow/dags/pipeline_label_studio.py for tasks to queue
[2025-11-18T18:12:09.463+0000] {logging_mixin.py:188} INFO - [2025-11-18T18:12:09.462+0000] {dagbag.py:545} INFO - Filling up the DagBag from /opt/airflow/dags/pipeline_label_studio.py
[2025-11-18T18:12:09.479+0000] {processor.py:840} INFO - DAG(s) 'etl_label_studio' retrieved from /opt/airflow/dags/pipeline_label_studio.py
[2025-11-18T18:12:09.519+0000] {logging_mixin.py:188} INFO - [2025-11-18T18:12:09.519+0000] {dag.py:3089} INFO - Sync 1 DAGs
[2025-11-18T18:12:09.544+0000] {logging_mixin.py:188} INFO - [2025-11-18T18:12:09.544+0000] {dag.py:3947} INFO - Setting next_dagrun for etl_label_studio to 2025-11-18 03:00:00+00:00, run_after=2025-11-19 03:00:00+00:00
[2025-11-18T18:12:09.560+0000] {processor.py:183} INFO - Processing /opt/airflow/dags/pipeline_label_studio.py took 0.116 seconds
[2025-11-18T18:12:39.875+0000] {processor.py:161} INFO - Started process (PID=6430) to work on /opt/airflow/dags/pipeline_label_studio.py
[2025-11-18T18:12:39.876+0000] {processor.py:830} INFO - Processing file /opt/airflow/dags/pipeline_label_studio.py for tasks to queue
[2025-11-18T18:12:39.878+0000] {logging_mixin.py:188} INFO - [2025-11-18T18:12:39.877+0000] {dagbag.py:545} INFO - Filling up the DagBag from /opt/airflow/dags/pipeline_label_studio.py
[2025-11-18T18:12:39.889+0000] {processor.py:840} INFO - DAG(s) 'etl_label_studio' retrieved from /opt/airflow/dags/pipeline_label_studio.py
[2025-11-18T18:12:39.921+0000] {logging_mixin.py:188} INFO - [2025-11-18T18:12:39.921+0000] {dag.py:3089} INFO - Sync 1 DAGs
[2025-11-18T18:12:39.941+0000] {logging_mixin.py:188} INFO - [2025-11-18T18:12:39.941+0000] {dag.py:3947} INFO - Setting next_dagrun for etl_label_studio to 2025-11-18 03:00:00+00:00, run_after=2025-11-19 03:00:00+00:00
[2025-11-18T18:12:39.956+0000] {processor.py:183} INFO - Processing /opt/airflow/dags/pipeline_label_studio.py took 0.088 seconds
[2025-11-18T18:13:10.240+0000] {processor.py:161} INFO - Started process (PID=6445) to work on /opt/airflow/dags/pipeline_label_studio.py
[2025-11-18T18:13:10.242+0000] {processor.py:830} INFO - Processing file /opt/airflow/dags/pipeline_label_studio.py for tasks to queue
[2025-11-18T18:13:10.243+0000] {logging_mixin.py:188} INFO - [2025-11-18T18:13:10.243+0000] {dagbag.py:545} INFO - Filling up the DagBag from /opt/airflow/dags/pipeline_label_studio.py
[2025-11-18T18:13:10.254+0000] {processor.py:840} INFO - DAG(s) 'etl_label_studio' retrieved from /opt/airflow/dags/pipeline_label_studio.py
[2025-11-18T18:13:10.285+0000] {logging_mixin.py:188} INFO - [2025-11-18T18:13:10.285+0000] {dag.py:3089} INFO - Sync 1 DAGs
[2025-11-18T18:13:10.304+0000] {logging_mixin.py:188} INFO - [2025-11-18T18:13:10.304+0000] {dag.py:3947} INFO - Setting next_dagrun for etl_label_studio to 2025-11-18 03:00:00+00:00, run_after=2025-11-19 03:00:00+00:00
[2025-11-18T18:13:10.319+0000] {processor.py:183} INFO - Processing /opt/airflow/dags/pipeline_label_studio.py took 0.084 seconds
[2025-11-18T18:13:40.586+0000] {processor.py:161} INFO - Started process (PID=6460) to work on /opt/airflow/dags/pipeline_label_studio.py
[2025-11-18T18:13:40.588+0000] {processor.py:830} INFO - Processing file /opt/airflow/dags/pipeline_label_studio.py for tasks to queue
[2025-11-18T18:13:40.590+0000] {logging_mixin.py:188} INFO - [2025-11-18T18:13:40.590+0000] {dagbag.py:545} INFO - Filling up the DagBag from /opt/airflow/dags/pipeline_label_studio.py
[2025-11-18T18:13:40.602+0000] {processor.py:840} INFO - DAG(s) 'etl_label_studio' retrieved from /opt/airflow/dags/pipeline_label_studio.py
[2025-11-18T18:13:40.634+0000] {logging_mixin.py:188} INFO - [2025-11-18T18:13:40.634+0000] {dag.py:3089} INFO - Sync 1 DAGs
[2025-11-18T18:13:40.653+0000] {logging_mixin.py:188} INFO - [2025-11-18T18:13:40.653+0000] {dag.py:3947} INFO - Setting next_dagrun for etl_label_studio to 2025-11-18 03:00:00+00:00, run_after=2025-11-19 03:00:00+00:00
[2025-11-18T18:13:40.666+0000] {processor.py:183} INFO - Processing /opt/airflow/dags/pipeline_label_studio.py took 0.088 seconds
[2025-11-18T18:14:11.037+0000] {processor.py:161} INFO - Started process (PID=6475) to work on /opt/airflow/dags/pipeline_label_studio.py
[2025-11-18T18:14:11.040+0000] {processor.py:830} INFO - Processing file /opt/airflow/dags/pipeline_label_studio.py for tasks to queue
[2025-11-18T18:14:11.043+0000] {logging_mixin.py:188} INFO - [2025-11-18T18:14:11.042+0000] {dagbag.py:545} INFO - Filling up the DagBag from /opt/airflow/dags/pipeline_label_studio.py
[2025-11-18T18:14:11.057+0000] {processor.py:840} INFO - DAG(s) 'etl_label_studio' retrieved from /opt/airflow/dags/pipeline_label_studio.py
[2025-11-18T18:14:11.088+0000] {logging_mixin.py:188} INFO - [2025-11-18T18:14:11.088+0000] {dag.py:3089} INFO - Sync 1 DAGs
[2025-11-18T18:14:11.109+0000] {logging_mixin.py:188} INFO - [2025-11-18T18:14:11.109+0000] {dag.py:3947} INFO - Setting next_dagrun for etl_label_studio to 2025-11-18 03:00:00+00:00, run_after=2025-11-19 03:00:00+00:00
[2025-11-18T18:14:11.122+0000] {processor.py:183} INFO - Processing /opt/airflow/dags/pipeline_label_studio.py took 0.093 seconds
[2025-11-18T18:14:41.431+0000] {processor.py:161} INFO - Started process (PID=6490) to work on /opt/airflow/dags/pipeline_label_studio.py
[2025-11-18T18:14:41.433+0000] {processor.py:830} INFO - Processing file /opt/airflow/dags/pipeline_label_studio.py for tasks to queue
[2025-11-18T18:14:41.434+0000] {logging_mixin.py:188} INFO - [2025-11-18T18:14:41.434+0000] {dagbag.py:545} INFO - Filling up the DagBag from /opt/airflow/dags/pipeline_label_studio.py
[2025-11-18T18:14:41.445+0000] {processor.py:840} INFO - DAG(s) 'etl_label_studio' retrieved from /opt/airflow/dags/pipeline_label_studio.py
[2025-11-18T18:14:41.473+0000] {logging_mixin.py:188} INFO - [2025-11-18T18:14:41.473+0000] {dag.py:3089} INFO - Sync 1 DAGs
[2025-11-18T18:14:41.491+0000] {logging_mixin.py:188} INFO - [2025-11-18T18:14:41.491+0000] {dag.py:3947} INFO - Setting next_dagrun for etl_label_studio to 2025-11-18 03:00:00+00:00, run_after=2025-11-19 03:00:00+00:00
[2025-11-18T18:14:41.503+0000] {processor.py:183} INFO - Processing /opt/airflow/dags/pipeline_label_studio.py took 0.078 seconds
[2025-11-18T18:15:11.761+0000] {processor.py:161} INFO - Started process (PID=6505) to work on /opt/airflow/dags/pipeline_label_studio.py
[2025-11-18T18:15:11.762+0000] {processor.py:830} INFO - Processing file /opt/airflow/dags/pipeline_label_studio.py for tasks to queue
[2025-11-18T18:15:11.764+0000] {logging_mixin.py:188} INFO - [2025-11-18T18:15:11.764+0000] {dagbag.py:545} INFO - Filling up the DagBag from /opt/airflow/dags/pipeline_label_studio.py
[2025-11-18T18:15:11.775+0000] {processor.py:840} INFO - DAG(s) 'etl_label_studio' retrieved from /opt/airflow/dags/pipeline_label_studio.py
[2025-11-18T18:15:11.804+0000] {logging_mixin.py:188} INFO - [2025-11-18T18:15:11.803+0000] {dag.py:3089} INFO - Sync 1 DAGs
[2025-11-18T18:15:11.822+0000] {logging_mixin.py:188} INFO - [2025-11-18T18:15:11.822+0000] {dag.py:3947} INFO - Setting next_dagrun for etl_label_studio to 2025-11-18 03:00:00+00:00, run_after=2025-11-19 03:00:00+00:00
[2025-11-18T18:15:11.835+0000] {processor.py:183} INFO - Processing /opt/airflow/dags/pipeline_label_studio.py took 0.081 seconds
[2025-11-18T18:15:42.087+0000] {processor.py:161} INFO - Started process (PID=6520) to work on /opt/airflow/dags/pipeline_label_studio.py
[2025-11-18T18:15:42.089+0000] {processor.py:830} INFO - Processing file /opt/airflow/dags/pipeline_label_studio.py for tasks to queue
[2025-11-18T18:15:42.091+0000] {logging_mixin.py:188} INFO - [2025-11-18T18:15:42.091+0000] {dagbag.py:545} INFO - Filling up the DagBag from /opt/airflow/dags/pipeline_label_studio.py
[2025-11-18T18:15:42.109+0000] {processor.py:840} INFO - DAG(s) 'etl_label_studio' retrieved from /opt/airflow/dags/pipeline_label_studio.py
[2025-11-18T18:15:42.153+0000] {logging_mixin.py:188} INFO - [2025-11-18T18:15:42.153+0000] {dag.py:3089} INFO - Sync 1 DAGs
[2025-11-18T18:15:42.181+0000] {logging_mixin.py:188} INFO - [2025-11-18T18:15:42.180+0000] {dag.py:3947} INFO - Setting next_dagrun for etl_label_studio to 2025-11-18 03:00:00+00:00, run_after=2025-11-19 03:00:00+00:00
[2025-11-18T18:15:42.207+0000] {processor.py:183} INFO - Processing /opt/airflow/dags/pipeline_label_studio.py took 0.126 seconds
[2025-11-18T18:16:12.534+0000] {processor.py:161} INFO - Started process (PID=6535) to work on /opt/airflow/dags/pipeline_label_studio.py
[2025-11-18T18:16:12.538+0000] {processor.py:830} INFO - Processing file /opt/airflow/dags/pipeline_label_studio.py for tasks to queue
[2025-11-18T18:16:12.540+0000] {logging_mixin.py:188} INFO - [2025-11-18T18:16:12.539+0000] {dagbag.py:545} INFO - Filling up the DagBag from /opt/airflow/dags/pipeline_label_studio.py
[2025-11-18T18:16:12.552+0000] {processor.py:840} INFO - DAG(s) 'etl_label_studio' retrieved from /opt/airflow/dags/pipeline_label_studio.py
[2025-11-18T18:16:12.591+0000] {logging_mixin.py:188} INFO - [2025-11-18T18:16:12.591+0000] {dag.py:3089} INFO - Sync 1 DAGs
[2025-11-18T18:16:12.616+0000] {logging_mixin.py:188} INFO - [2025-11-18T18:16:12.616+0000] {dag.py:3947} INFO - Setting next_dagrun for etl_label_studio to 2025-11-18 03:00:00+00:00, run_after=2025-11-19 03:00:00+00:00
[2025-11-18T18:16:12.632+0000] {processor.py:183} INFO - Processing /opt/airflow/dags/pipeline_label_studio.py took 0.105 seconds
[2025-11-18T18:16:43.112+0000] {processor.py:161} INFO - Started process (PID=6550) to work on /opt/airflow/dags/pipeline_label_studio.py
[2025-11-18T18:16:43.116+0000] {processor.py:830} INFO - Processing file /opt/airflow/dags/pipeline_label_studio.py for tasks to queue
[2025-11-18T18:16:43.136+0000] {logging_mixin.py:188} INFO - [2025-11-18T18:16:43.134+0000] {dagbag.py:545} INFO - Filling up the DagBag from /opt/airflow/dags/pipeline_label_studio.py
[2025-11-18T18:16:43.262+0000] {processor.py:840} INFO - DAG(s) 'etl_label_studio' retrieved from /opt/airflow/dags/pipeline_label_studio.py
[2025-11-18T18:16:43.325+0000] {logging_mixin.py:188} INFO - [2025-11-18T18:16:43.324+0000] {dag.py:3089} INFO - Sync 1 DAGs
[2025-11-18T18:16:43.378+0000] {logging_mixin.py:188} INFO - [2025-11-18T18:16:43.377+0000] {dag.py:3947} INFO - Setting next_dagrun for etl_label_studio to 2025-11-18 03:00:00+00:00, run_after=2025-11-19 03:00:00+00:00
[2025-11-18T18:16:43.409+0000] {processor.py:183} INFO - Processing /opt/airflow/dags/pipeline_label_studio.py took 0.333 seconds
[2025-11-18T18:17:14.296+0000] {processor.py:161} INFO - Started process (PID=6565) to work on /opt/airflow/dags/pipeline_label_studio.py
[2025-11-18T18:17:14.299+0000] {processor.py:830} INFO - Processing file /opt/airflow/dags/pipeline_label_studio.py for tasks to queue
[2025-11-18T18:17:14.300+0000] {logging_mixin.py:188} INFO - [2025-11-18T18:17:14.300+0000] {dagbag.py:545} INFO - Filling up the DagBag from /opt/airflow/dags/pipeline_label_studio.py
[2025-11-18T18:17:14.312+0000] {processor.py:840} INFO - DAG(s) 'etl_label_studio' retrieved from /opt/airflow/dags/pipeline_label_studio.py
[2025-11-18T18:17:14.340+0000] {logging_mixin.py:188} INFO - [2025-11-18T18:17:14.340+0000] {dag.py:3089} INFO - Sync 1 DAGs
[2025-11-18T18:17:14.358+0000] {logging_mixin.py:188} INFO - [2025-11-18T18:17:14.358+0000] {dag.py:3947} INFO - Setting next_dagrun for etl_label_studio to 2025-11-18 03:00:00+00:00, run_after=2025-11-19 03:00:00+00:00
[2025-11-18T18:17:14.371+0000] {processor.py:183} INFO - Processing /opt/airflow/dags/pipeline_label_studio.py took 0.081 seconds
[2025-11-18T18:17:44.738+0000] {processor.py:161} INFO - Started process (PID=6580) to work on /opt/airflow/dags/pipeline_label_studio.py
[2025-11-18T18:17:44.741+0000] {processor.py:830} INFO - Processing file /opt/airflow/dags/pipeline_label_studio.py for tasks to queue
[2025-11-18T18:17:44.742+0000] {logging_mixin.py:188} INFO - [2025-11-18T18:17:44.742+0000] {dagbag.py:545} INFO - Filling up the DagBag from /opt/airflow/dags/pipeline_label_studio.py
[2025-11-18T18:17:44.753+0000] {processor.py:840} INFO - DAG(s) 'etl_label_studio' retrieved from /opt/airflow/dags/pipeline_label_studio.py
[2025-11-18T18:17:44.779+0000] {logging_mixin.py:188} INFO - [2025-11-18T18:17:44.779+0000] {dag.py:3089} INFO - Sync 1 DAGs
[2025-11-18T18:17:44.798+0000] {logging_mixin.py:188} INFO - [2025-11-18T18:17:44.798+0000] {dag.py:3947} INFO - Setting next_dagrun for etl_label_studio to 2025-11-18 03:00:00+00:00, run_after=2025-11-19 03:00:00+00:00
[2025-11-18T18:17:44.811+0000] {processor.py:183} INFO - Processing /opt/airflow/dags/pipeline_label_studio.py took 0.079 seconds
[2025-11-18T18:18:15.282+0000] {processor.py:161} INFO - Started process (PID=6595) to work on /opt/airflow/dags/pipeline_label_studio.py
[2025-11-18T18:18:15.286+0000] {processor.py:830} INFO - Processing file /opt/airflow/dags/pipeline_label_studio.py for tasks to queue
[2025-11-18T18:18:15.289+0000] {logging_mixin.py:188} INFO - [2025-11-18T18:18:15.288+0000] {dagbag.py:545} INFO - Filling up the DagBag from /opt/airflow/dags/pipeline_label_studio.py
[2025-11-18T18:18:15.302+0000] {processor.py:840} INFO - DAG(s) 'etl_label_studio' retrieved from /opt/airflow/dags/pipeline_label_studio.py
[2025-11-18T18:18:15.329+0000] {logging_mixin.py:188} INFO - [2025-11-18T18:18:15.329+0000] {dag.py:3089} INFO - Sync 1 DAGs
[2025-11-18T18:18:15.350+0000] {logging_mixin.py:188} INFO - [2025-11-18T18:18:15.350+0000] {dag.py:3947} INFO - Setting next_dagrun for etl_label_studio to 2025-11-18 03:00:00+00:00, run_after=2025-11-19 03:00:00+00:00
[2025-11-18T18:18:15.367+0000] {processor.py:183} INFO - Processing /opt/airflow/dags/pipeline_label_studio.py took 0.095 seconds
[2025-11-18T18:18:45.647+0000] {processor.py:161} INFO - Started process (PID=6610) to work on /opt/airflow/dags/pipeline_label_studio.py
[2025-11-18T18:18:45.651+0000] {processor.py:830} INFO - Processing file /opt/airflow/dags/pipeline_label_studio.py for tasks to queue
[2025-11-18T18:18:45.652+0000] {logging_mixin.py:188} INFO - [2025-11-18T18:18:45.652+0000] {dagbag.py:545} INFO - Filling up the DagBag from /opt/airflow/dags/pipeline_label_studio.py
[2025-11-18T18:18:45.665+0000] {processor.py:840} INFO - DAG(s) 'etl_label_studio' retrieved from /opt/airflow/dags/pipeline_label_studio.py
[2025-11-18T18:18:45.701+0000] {logging_mixin.py:188} INFO - [2025-11-18T18:18:45.700+0000] {dag.py:3089} INFO - Sync 1 DAGs
[2025-11-18T18:18:45.724+0000] {logging_mixin.py:188} INFO - [2025-11-18T18:18:45.724+0000] {dag.py:3947} INFO - Setting next_dagrun for etl_label_studio to 2025-11-18 03:00:00+00:00, run_after=2025-11-19 03:00:00+00:00
[2025-11-18T18:18:45.742+0000] {processor.py:183} INFO - Processing /opt/airflow/dags/pipeline_label_studio.py took 0.101 seconds
[2025-11-18T18:19:15.998+0000] {processor.py:161} INFO - Started process (PID=6625) to work on /opt/airflow/dags/pipeline_label_studio.py
[2025-11-18T18:19:16.001+0000] {processor.py:830} INFO - Processing file /opt/airflow/dags/pipeline_label_studio.py for tasks to queue
[2025-11-18T18:19:16.002+0000] {logging_mixin.py:188} INFO - [2025-11-18T18:19:16.002+0000] {dagbag.py:545} INFO - Filling up the DagBag from /opt/airflow/dags/pipeline_label_studio.py
[2025-11-18T18:19:16.010+0000] {processor.py:840} INFO - DAG(s) 'etl_label_studio' retrieved from /opt/airflow/dags/pipeline_label_studio.py
[2025-11-18T18:19:16.032+0000] {logging_mixin.py:188} INFO - [2025-11-18T18:19:16.032+0000] {dag.py:3089} INFO - Sync 1 DAGs
[2025-11-18T18:19:16.053+0000] {logging_mixin.py:188} INFO - [2025-11-18T18:19:16.053+0000] {dag.py:3947} INFO - Setting next_dagrun for etl_label_studio to 2025-11-18 03:00:00+00:00, run_after=2025-11-19 03:00:00+00:00
[2025-11-18T18:19:16.069+0000] {processor.py:183} INFO - Processing /opt/airflow/dags/pipeline_label_studio.py took 0.075 seconds
[2025-11-18T18:19:46.301+0000] {processor.py:161} INFO - Started process (PID=6640) to work on /opt/airflow/dags/pipeline_label_studio.py
[2025-11-18T18:19:46.308+0000] {processor.py:830} INFO - Processing file /opt/airflow/dags/pipeline_label_studio.py for tasks to queue
[2025-11-18T18:19:46.309+0000] {logging_mixin.py:188} INFO - [2025-11-18T18:19:46.309+0000] {dagbag.py:545} INFO - Filling up the DagBag from /opt/airflow/dags/pipeline_label_studio.py
[2025-11-18T18:19:46.321+0000] {processor.py:840} INFO - DAG(s) 'etl_label_studio' retrieved from /opt/airflow/dags/pipeline_label_studio.py
[2025-11-18T18:19:46.351+0000] {logging_mixin.py:188} INFO - [2025-11-18T18:19:46.351+0000] {dag.py:3089} INFO - Sync 1 DAGs
[2025-11-18T18:19:46.370+0000] {logging_mixin.py:188} INFO - [2025-11-18T18:19:46.370+0000] {dag.py:3947} INFO - Setting next_dagrun for etl_label_studio to 2025-11-18 03:00:00+00:00, run_after=2025-11-19 03:00:00+00:00
[2025-11-18T18:19:46.389+0000] {processor.py:183} INFO - Processing /opt/airflow/dags/pipeline_label_studio.py took 0.094 seconds
[2025-11-18T18:20:16.636+0000] {processor.py:161} INFO - Started process (PID=6655) to work on /opt/airflow/dags/pipeline_label_studio.py
[2025-11-18T18:20:16.638+0000] {processor.py:830} INFO - Processing file /opt/airflow/dags/pipeline_label_studio.py for tasks to queue
[2025-11-18T18:20:16.639+0000] {logging_mixin.py:188} INFO - [2025-11-18T18:20:16.639+0000] {dagbag.py:545} INFO - Filling up the DagBag from /opt/airflow/dags/pipeline_label_studio.py
[2025-11-18T18:20:16.652+0000] {processor.py:840} INFO - DAG(s) 'etl_label_studio' retrieved from /opt/airflow/dags/pipeline_label_studio.py
[2025-11-18T18:20:16.684+0000] {logging_mixin.py:188} INFO - [2025-11-18T18:20:16.683+0000] {dag.py:3089} INFO - Sync 1 DAGs
[2025-11-18T18:20:16.704+0000] {logging_mixin.py:188} INFO - [2025-11-18T18:20:16.704+0000] {dag.py:3947} INFO - Setting next_dagrun for etl_label_studio to 2025-11-18 03:00:00+00:00, run_after=2025-11-19 03:00:00+00:00
[2025-11-18T18:20:16.720+0000] {processor.py:183} INFO - Processing /opt/airflow/dags/pipeline_label_studio.py took 0.092 seconds
[2025-11-18T18:20:46.948+0000] {processor.py:161} INFO - Started process (PID=6670) to work on /opt/airflow/dags/pipeline_label_studio.py
[2025-11-18T18:20:46.951+0000] {processor.py:830} INFO - Processing file /opt/airflow/dags/pipeline_label_studio.py for tasks to queue
[2025-11-18T18:20:46.954+0000] {logging_mixin.py:188} INFO - [2025-11-18T18:20:46.954+0000] {dagbag.py:545} INFO - Filling up the DagBag from /opt/airflow/dags/pipeline_label_studio.py
[2025-11-18T18:20:46.972+0000] {processor.py:840} INFO - DAG(s) 'etl_label_studio' retrieved from /opt/airflow/dags/pipeline_label_studio.py
[2025-11-18T18:20:47.015+0000] {logging_mixin.py:188} INFO - [2025-11-18T18:20:47.015+0000] {dag.py:3089} INFO - Sync 1 DAGs
[2025-11-18T18:20:47.046+0000] {logging_mixin.py:188} INFO - [2025-11-18T18:20:47.046+0000] {dag.py:3947} INFO - Setting next_dagrun for etl_label_studio to 2025-11-18 03:00:00+00:00, run_after=2025-11-19 03:00:00+00:00
[2025-11-18T18:20:47.067+0000] {processor.py:183} INFO - Processing /opt/airflow/dags/pipeline_label_studio.py took 0.125 seconds
[2025-11-18T18:21:17.332+0000] {processor.py:161} INFO - Started process (PID=6685) to work on /opt/airflow/dags/pipeline_label_studio.py
[2025-11-18T18:21:17.333+0000] {processor.py:830} INFO - Processing file /opt/airflow/dags/pipeline_label_studio.py for tasks to queue
[2025-11-18T18:21:17.336+0000] {logging_mixin.py:188} INFO - [2025-11-18T18:21:17.335+0000] {dagbag.py:545} INFO - Filling up the DagBag from /opt/airflow/dags/pipeline_label_studio.py
[2025-11-18T18:21:17.349+0000] {processor.py:840} INFO - DAG(s) 'etl_label_studio' retrieved from /opt/airflow/dags/pipeline_label_studio.py
[2025-11-18T18:21:17.377+0000] {logging_mixin.py:188} INFO - [2025-11-18T18:21:17.376+0000] {dag.py:3089} INFO - Sync 1 DAGs
[2025-11-18T18:21:17.394+0000] {logging_mixin.py:188} INFO - [2025-11-18T18:21:17.394+0000] {dag.py:3947} INFO - Setting next_dagrun for etl_label_studio to 2025-11-18 03:00:00+00:00, run_after=2025-11-19 03:00:00+00:00
[2025-11-18T18:21:17.410+0000] {processor.py:183} INFO - Processing /opt/airflow/dags/pipeline_label_studio.py took 0.083 seconds
[2025-11-18T18:21:47.882+0000] {processor.py:161} INFO - Started process (PID=6700) to work on /opt/airflow/dags/pipeline_label_studio.py
[2025-11-18T18:21:47.886+0000] {processor.py:830} INFO - Processing file /opt/airflow/dags/pipeline_label_studio.py for tasks to queue
[2025-11-18T18:21:47.888+0000] {logging_mixin.py:188} INFO - [2025-11-18T18:21:47.888+0000] {dagbag.py:545} INFO - Filling up the DagBag from /opt/airflow/dags/pipeline_label_studio.py
[2025-11-18T18:21:47.899+0000] {processor.py:840} INFO - DAG(s) 'etl_label_studio' retrieved from /opt/airflow/dags/pipeline_label_studio.py
[2025-11-18T18:21:47.930+0000] {logging_mixin.py:188} INFO - [2025-11-18T18:21:47.929+0000] {dag.py:3089} INFO - Sync 1 DAGs
[2025-11-18T18:21:47.948+0000] {logging_mixin.py:188} INFO - [2025-11-18T18:21:47.948+0000] {dag.py:3947} INFO - Setting next_dagrun for etl_label_studio to 2025-11-18 03:00:00+00:00, run_after=2025-11-19 03:00:00+00:00
[2025-11-18T18:21:47.961+0000] {processor.py:183} INFO - Processing /opt/airflow/dags/pipeline_label_studio.py took 0.085 seconds
[2025-11-18T18:22:18.263+0000] {processor.py:161} INFO - Started process (PID=6715) to work on /opt/airflow/dags/pipeline_label_studio.py
[2025-11-18T18:22:18.266+0000] {processor.py:830} INFO - Processing file /opt/airflow/dags/pipeline_label_studio.py for tasks to queue
[2025-11-18T18:22:18.267+0000] {logging_mixin.py:188} INFO - [2025-11-18T18:22:18.267+0000] {dagbag.py:545} INFO - Filling up the DagBag from /opt/airflow/dags/pipeline_label_studio.py
[2025-11-18T18:22:18.277+0000] {processor.py:840} INFO - DAG(s) 'etl_label_studio' retrieved from /opt/airflow/dags/pipeline_label_studio.py
[2025-11-18T18:22:18.306+0000] {logging_mixin.py:188} INFO - [2025-11-18T18:22:18.306+0000] {dag.py:3089} INFO - Sync 1 DAGs
[2025-11-18T18:22:18.331+0000] {logging_mixin.py:188} INFO - [2025-11-18T18:22:18.331+0000] {dag.py:3947} INFO - Setting next_dagrun for etl_label_studio to 2025-11-18 03:00:00+00:00, run_after=2025-11-19 03:00:00+00:00
[2025-11-18T18:22:18.348+0000] {processor.py:183} INFO - Processing /opt/airflow/dags/pipeline_label_studio.py took 0.091 seconds
[2025-11-18T18:22:48.669+0000] {processor.py:161} INFO - Started process (PID=6730) to work on /opt/airflow/dags/pipeline_label_studio.py
[2025-11-18T18:22:48.671+0000] {processor.py:830} INFO - Processing file /opt/airflow/dags/pipeline_label_studio.py for tasks to queue
[2025-11-18T18:22:48.673+0000] {logging_mixin.py:188} INFO - [2025-11-18T18:22:48.673+0000] {dagbag.py:545} INFO - Filling up the DagBag from /opt/airflow/dags/pipeline_label_studio.py
[2025-11-18T18:22:48.684+0000] {processor.py:840} INFO - DAG(s) 'etl_label_studio' retrieved from /opt/airflow/dags/pipeline_label_studio.py
[2025-11-18T18:22:48.713+0000] {logging_mixin.py:188} INFO - [2025-11-18T18:22:48.712+0000] {dag.py:3089} INFO - Sync 1 DAGs
[2025-11-18T18:22:48.733+0000] {logging_mixin.py:188} INFO - [2025-11-18T18:22:48.733+0000] {dag.py:3947} INFO - Setting next_dagrun for etl_label_studio to 2025-11-18 03:00:00+00:00, run_after=2025-11-19 03:00:00+00:00
[2025-11-18T18:22:48.747+0000] {processor.py:183} INFO - Processing /opt/airflow/dags/pipeline_label_studio.py took 0.085 seconds
[2025-11-18T18:23:19.014+0000] {processor.py:161} INFO - Started process (PID=6745) to work on /opt/airflow/dags/pipeline_label_studio.py
[2025-11-18T18:23:19.016+0000] {processor.py:830} INFO - Processing file /opt/airflow/dags/pipeline_label_studio.py for tasks to queue
[2025-11-18T18:23:19.018+0000] {logging_mixin.py:188} INFO - [2025-11-18T18:23:19.018+0000] {dagbag.py:545} INFO - Filling up the DagBag from /opt/airflow/dags/pipeline_label_studio.py
[2025-11-18T18:23:19.030+0000] {processor.py:840} INFO - DAG(s) 'etl_label_studio' retrieved from /opt/airflow/dags/pipeline_label_studio.py
[2025-11-18T18:23:19.055+0000] {logging_mixin.py:188} INFO - [2025-11-18T18:23:19.055+0000] {dag.py:3089} INFO - Sync 1 DAGs
[2025-11-18T18:23:19.075+0000] {logging_mixin.py:188} INFO - [2025-11-18T18:23:19.074+0000] {dag.py:3947} INFO - Setting next_dagrun for etl_label_studio to 2025-11-18 03:00:00+00:00, run_after=2025-11-19 03:00:00+00:00
[2025-11-18T18:23:19.088+0000] {processor.py:183} INFO - Processing /opt/airflow/dags/pipeline_label_studio.py took 0.081 seconds
[2025-11-18T18:23:49.342+0000] {processor.py:161} INFO - Started process (PID=6760) to work on /opt/airflow/dags/pipeline_label_studio.py
[2025-11-18T18:23:49.343+0000] {processor.py:830} INFO - Processing file /opt/airflow/dags/pipeline_label_studio.py for tasks to queue
[2025-11-18T18:23:49.345+0000] {logging_mixin.py:188} INFO - [2025-11-18T18:23:49.345+0000] {dagbag.py:545} INFO - Filling up the DagBag from /opt/airflow/dags/pipeline_label_studio.py
[2025-11-18T18:23:49.356+0000] {processor.py:840} INFO - DAG(s) 'etl_label_studio' retrieved from /opt/airflow/dags/pipeline_label_studio.py
[2025-11-18T18:23:49.386+0000] {logging_mixin.py:188} INFO - [2025-11-18T18:23:49.386+0000] {dag.py:3089} INFO - Sync 1 DAGs
[2025-11-18T18:23:49.407+0000] {logging_mixin.py:188} INFO - [2025-11-18T18:23:49.407+0000] {dag.py:3947} INFO - Setting next_dagrun for etl_label_studio to 2025-11-18 03:00:00+00:00, run_after=2025-11-19 03:00:00+00:00
[2025-11-18T18:23:49.424+0000] {processor.py:183} INFO - Processing /opt/airflow/dags/pipeline_label_studio.py took 0.089 seconds
[2025-11-18T18:24:19.739+0000] {processor.py:161} INFO - Started process (PID=6775) to work on /opt/airflow/dags/pipeline_label_studio.py
[2025-11-18T18:24:19.741+0000] {processor.py:830} INFO - Processing file /opt/airflow/dags/pipeline_label_studio.py for tasks to queue
[2025-11-18T18:24:19.743+0000] {logging_mixin.py:188} INFO - [2025-11-18T18:24:19.743+0000] {dagbag.py:545} INFO - Filling up the DagBag from /opt/airflow/dags/pipeline_label_studio.py
[2025-11-18T18:24:19.759+0000] {processor.py:840} INFO - DAG(s) 'etl_label_studio' retrieved from /opt/airflow/dags/pipeline_label_studio.py
[2025-11-18T18:24:19.791+0000] {logging_mixin.py:188} INFO - [2025-11-18T18:24:19.791+0000] {dag.py:3089} INFO - Sync 1 DAGs
[2025-11-18T18:24:19.816+0000] {logging_mixin.py:188} INFO - [2025-11-18T18:24:19.816+0000] {dag.py:3947} INFO - Setting next_dagrun for etl_label_studio to 2025-11-18 03:00:00+00:00, run_after=2025-11-19 03:00:00+00:00
[2025-11-18T18:24:19.834+0000] {processor.py:183} INFO - Processing /opt/airflow/dags/pipeline_label_studio.py took 0.102 seconds
[2025-11-18T18:24:50.171+0000] {processor.py:161} INFO - Started process (PID=6790) to work on /opt/airflow/dags/pipeline_label_studio.py
[2025-11-18T18:24:50.175+0000] {processor.py:830} INFO - Processing file /opt/airflow/dags/pipeline_label_studio.py for tasks to queue
[2025-11-18T18:24:50.177+0000] {logging_mixin.py:188} INFO - [2025-11-18T18:24:50.176+0000] {dagbag.py:545} INFO - Filling up the DagBag from /opt/airflow/dags/pipeline_label_studio.py
[2025-11-18T18:24:50.187+0000] {processor.py:840} INFO - DAG(s) 'etl_label_studio' retrieved from /opt/airflow/dags/pipeline_label_studio.py
[2025-11-18T18:24:50.214+0000] {logging_mixin.py:188} INFO - [2025-11-18T18:24:50.214+0000] {dag.py:3089} INFO - Sync 1 DAGs
[2025-11-18T18:24:50.232+0000] {logging_mixin.py:188} INFO - [2025-11-18T18:24:50.232+0000] {dag.py:3947} INFO - Setting next_dagrun for etl_label_studio to 2025-11-18 03:00:00+00:00, run_after=2025-11-19 03:00:00+00:00
[2025-11-18T18:24:50.245+0000] {processor.py:183} INFO - Processing /opt/airflow/dags/pipeline_label_studio.py took 0.079 seconds
[2025-11-18T18:25:20.475+0000] {processor.py:161} INFO - Started process (PID=6805) to work on /opt/airflow/dags/pipeline_label_studio.py
[2025-11-18T18:25:20.478+0000] {processor.py:830} INFO - Processing file /opt/airflow/dags/pipeline_label_studio.py for tasks to queue
[2025-11-18T18:25:20.479+0000] {logging_mixin.py:188} INFO - [2025-11-18T18:25:20.479+0000] {dagbag.py:545} INFO - Filling up the DagBag from /opt/airflow/dags/pipeline_label_studio.py
[2025-11-18T18:25:20.490+0000] {processor.py:840} INFO - DAG(s) 'etl_label_studio' retrieved from /opt/airflow/dags/pipeline_label_studio.py
[2025-11-18T18:25:20.515+0000] {logging_mixin.py:188} INFO - [2025-11-18T18:25:20.515+0000] {dag.py:3089} INFO - Sync 1 DAGs
[2025-11-18T18:25:20.534+0000] {logging_mixin.py:188} INFO - [2025-11-18T18:25:20.534+0000] {dag.py:3947} INFO - Setting next_dagrun for etl_label_studio to 2025-11-18 03:00:00+00:00, run_after=2025-11-19 03:00:00+00:00
[2025-11-18T18:25:20.547+0000] {processor.py:183} INFO - Processing /opt/airflow/dags/pipeline_label_studio.py took 0.078 seconds
[2025-11-18T18:25:50.824+0000] {processor.py:161} INFO - Started process (PID=6820) to work on /opt/airflow/dags/pipeline_label_studio.py
[2025-11-18T18:25:50.826+0000] {processor.py:830} INFO - Processing file /opt/airflow/dags/pipeline_label_studio.py for tasks to queue
[2025-11-18T18:25:50.828+0000] {logging_mixin.py:188} INFO - [2025-11-18T18:25:50.828+0000] {dagbag.py:545} INFO - Filling up the DagBag from /opt/airflow/dags/pipeline_label_studio.py
[2025-11-18T18:25:50.838+0000] {processor.py:840} INFO - DAG(s) 'etl_label_studio' retrieved from /opt/airflow/dags/pipeline_label_studio.py
[2025-11-18T18:25:50.866+0000] {logging_mixin.py:188} INFO - [2025-11-18T18:25:50.866+0000] {dag.py:3089} INFO - Sync 1 DAGs
[2025-11-18T18:25:50.888+0000] {logging_mixin.py:188} INFO - [2025-11-18T18:25:50.888+0000] {dag.py:3947} INFO - Setting next_dagrun for etl_label_studio to 2025-11-18 03:00:00+00:00, run_after=2025-11-19 03:00:00+00:00
[2025-11-18T18:25:50.905+0000] {processor.py:183} INFO - Processing /opt/airflow/dags/pipeline_label_studio.py took 0.087 seconds
[2025-11-18T18:26:21.142+0000] {processor.py:161} INFO - Started process (PID=6835) to work on /opt/airflow/dags/pipeline_label_studio.py
[2025-11-18T18:26:21.145+0000] {processor.py:830} INFO - Processing file /opt/airflow/dags/pipeline_label_studio.py for tasks to queue
[2025-11-18T18:26:21.147+0000] {logging_mixin.py:188} INFO - [2025-11-18T18:26:21.146+0000] {dagbag.py:545} INFO - Filling up the DagBag from /opt/airflow/dags/pipeline_label_studio.py
[2025-11-18T18:26:21.158+0000] {processor.py:840} INFO - DAG(s) 'etl_label_studio' retrieved from /opt/airflow/dags/pipeline_label_studio.py
[2025-11-18T18:26:21.187+0000] {logging_mixin.py:188} INFO - [2025-11-18T18:26:21.186+0000] {dag.py:3089} INFO - Sync 1 DAGs
[2025-11-18T18:26:21.206+0000] {logging_mixin.py:188} INFO - [2025-11-18T18:26:21.205+0000] {dag.py:3947} INFO - Setting next_dagrun for etl_label_studio to 2025-11-18 03:00:00+00:00, run_after=2025-11-19 03:00:00+00:00
[2025-11-18T18:26:21.219+0000] {processor.py:183} INFO - Processing /opt/airflow/dags/pipeline_label_studio.py took 0.083 seconds
[2025-11-18T18:26:51.521+0000] {processor.py:161} INFO - Started process (PID=6850) to work on /opt/airflow/dags/pipeline_label_studio.py
[2025-11-18T18:26:51.530+0000] {processor.py:830} INFO - Processing file /opt/airflow/dags/pipeline_label_studio.py for tasks to queue
[2025-11-18T18:26:51.532+0000] {logging_mixin.py:188} INFO - [2025-11-18T18:26:51.531+0000] {dagbag.py:545} INFO - Filling up the DagBag from /opt/airflow/dags/pipeline_label_studio.py
[2025-11-18T18:26:51.551+0000] {processor.py:840} INFO - DAG(s) 'etl_label_studio' retrieved from /opt/airflow/dags/pipeline_label_studio.py
[2025-11-18T18:26:51.597+0000] {logging_mixin.py:188} INFO - [2025-11-18T18:26:51.597+0000] {dag.py:3089} INFO - Sync 1 DAGs
[2025-11-18T18:26:51.628+0000] {logging_mixin.py:188} INFO - [2025-11-18T18:26:51.627+0000] {dag.py:3947} INFO - Setting next_dagrun for etl_label_studio to 2025-11-18 03:00:00+00:00, run_after=2025-11-19 03:00:00+00:00
[2025-11-18T18:26:51.647+0000] {processor.py:183} INFO - Processing /opt/airflow/dags/pipeline_label_studio.py took 0.134 seconds
[2025-11-18T18:27:21.996+0000] {processor.py:161} INFO - Started process (PID=6865) to work on /opt/airflow/dags/pipeline_label_studio.py
[2025-11-18T18:27:21.998+0000] {processor.py:830} INFO - Processing file /opt/airflow/dags/pipeline_label_studio.py for tasks to queue
[2025-11-18T18:27:21.999+0000] {logging_mixin.py:188} INFO - [2025-11-18T18:27:21.999+0000] {dagbag.py:545} INFO - Filling up the DagBag from /opt/airflow/dags/pipeline_label_studio.py
[2025-11-18T18:27:22.009+0000] {processor.py:840} INFO - DAG(s) 'etl_label_studio' retrieved from /opt/airflow/dags/pipeline_label_studio.py
[2025-11-18T18:27:22.035+0000] {logging_mixin.py:188} INFO - [2025-11-18T18:27:22.035+0000] {dag.py:3089} INFO - Sync 1 DAGs
[2025-11-18T18:27:22.053+0000] {logging_mixin.py:188} INFO - [2025-11-18T18:27:22.052+0000] {dag.py:3947} INFO - Setting next_dagrun for etl_label_studio to 2025-11-18 03:00:00+00:00, run_after=2025-11-19 03:00:00+00:00
[2025-11-18T18:27:22.066+0000] {processor.py:183} INFO - Processing /opt/airflow/dags/pipeline_label_studio.py took 0.075 seconds
[2025-11-18T18:27:52.318+0000] {processor.py:161} INFO - Started process (PID=6880) to work on /opt/airflow/dags/pipeline_label_studio.py
[2025-11-18T18:27:52.319+0000] {processor.py:830} INFO - Processing file /opt/airflow/dags/pipeline_label_studio.py for tasks to queue
[2025-11-18T18:27:52.321+0000] {logging_mixin.py:188} INFO - [2025-11-18T18:27:52.321+0000] {dagbag.py:545} INFO - Filling up the DagBag from /opt/airflow/dags/pipeline_label_studio.py
[2025-11-18T18:27:52.331+0000] {processor.py:840} INFO - DAG(s) 'etl_label_studio' retrieved from /opt/airflow/dags/pipeline_label_studio.py
[2025-11-18T18:27:52.359+0000] {logging_mixin.py:188} INFO - [2025-11-18T18:27:52.359+0000] {dag.py:3089} INFO - Sync 1 DAGs
[2025-11-18T18:27:52.377+0000] {logging_mixin.py:188} INFO - [2025-11-18T18:27:52.377+0000] {dag.py:3947} INFO - Setting next_dagrun for etl_label_studio to 2025-11-18 03:00:00+00:00, run_after=2025-11-19 03:00:00+00:00
[2025-11-18T18:27:52.391+0000] {processor.py:183} INFO - Processing /opt/airflow/dags/pipeline_label_studio.py took 0.079 seconds
[2025-11-18T18:28:22.642+0000] {processor.py:161} INFO - Started process (PID=6895) to work on /opt/airflow/dags/pipeline_label_studio.py
[2025-11-18T18:28:22.647+0000] {processor.py:830} INFO - Processing file /opt/airflow/dags/pipeline_label_studio.py for tasks to queue
[2025-11-18T18:28:22.649+0000] {logging_mixin.py:188} INFO - [2025-11-18T18:28:22.649+0000] {dagbag.py:545} INFO - Filling up the DagBag from /opt/airflow/dags/pipeline_label_studio.py
[2025-11-18T18:28:22.659+0000] {processor.py:840} INFO - DAG(s) 'etl_label_studio' retrieved from /opt/airflow/dags/pipeline_label_studio.py
[2025-11-18T18:28:22.686+0000] {logging_mixin.py:188} INFO - [2025-11-18T18:28:22.686+0000] {dag.py:3089} INFO - Sync 1 DAGs
[2025-11-18T18:28:22.705+0000] {logging_mixin.py:188} INFO - [2025-11-18T18:28:22.705+0000] {dag.py:3947} INFO - Setting next_dagrun for etl_label_studio to 2025-11-18 03:00:00+00:00, run_after=2025-11-19 03:00:00+00:00
[2025-11-18T18:28:22.718+0000] {processor.py:183} INFO - Processing /opt/airflow/dags/pipeline_label_studio.py took 0.082 seconds
[2025-11-18T18:28:52.947+0000] {processor.py:161} INFO - Started process (PID=6910) to work on /opt/airflow/dags/pipeline_label_studio.py
[2025-11-18T18:28:52.951+0000] {processor.py:830} INFO - Processing file /opt/airflow/dags/pipeline_label_studio.py for tasks to queue
[2025-11-18T18:28:52.952+0000] {logging_mixin.py:188} INFO - [2025-11-18T18:28:52.952+0000] {dagbag.py:545} INFO - Filling up the DagBag from /opt/airflow/dags/pipeline_label_studio.py
[2025-11-18T18:28:52.962+0000] {processor.py:840} INFO - DAG(s) 'etl_label_studio' retrieved from /opt/airflow/dags/pipeline_label_studio.py
[2025-11-18T18:28:52.991+0000] {logging_mixin.py:188} INFO - [2025-11-18T18:28:52.991+0000] {dag.py:3089} INFO - Sync 1 DAGs
[2025-11-18T18:28:53.010+0000] {logging_mixin.py:188} INFO - [2025-11-18T18:28:53.010+0000] {dag.py:3947} INFO - Setting next_dagrun for etl_label_studio to 2025-11-18 03:00:00+00:00, run_after=2025-11-19 03:00:00+00:00
[2025-11-18T18:28:53.023+0000] {processor.py:183} INFO - Processing /opt/airflow/dags/pipeline_label_studio.py took 0.081 seconds
[2025-11-18T18:29:23.397+0000] {processor.py:161} INFO - Started process (PID=6925) to work on /opt/airflow/dags/pipeline_label_studio.py
[2025-11-18T18:29:23.401+0000] {processor.py:830} INFO - Processing file /opt/airflow/dags/pipeline_label_studio.py for tasks to queue
[2025-11-18T18:29:23.403+0000] {logging_mixin.py:188} INFO - [2025-11-18T18:29:23.403+0000] {dagbag.py:545} INFO - Filling up the DagBag from /opt/airflow/dags/pipeline_label_studio.py
[2025-11-18T18:29:23.423+0000] {processor.py:840} INFO - DAG(s) 'etl_label_studio' retrieved from /opt/airflow/dags/pipeline_label_studio.py
[2025-11-18T18:29:23.464+0000] {logging_mixin.py:188} INFO - [2025-11-18T18:29:23.464+0000] {dag.py:3089} INFO - Sync 1 DAGs
[2025-11-18T18:29:23.504+0000] {logging_mixin.py:188} INFO - [2025-11-18T18:29:23.503+0000] {dag.py:3947} INFO - Setting next_dagrun for etl_label_studio to 2025-11-18 03:00:00+00:00, run_after=2025-11-19 03:00:00+00:00
[2025-11-18T18:29:23.529+0000] {processor.py:183} INFO - Processing /opt/airflow/dags/pipeline_label_studio.py took 0.140 seconds
[2025-11-18T18:29:53.801+0000] {processor.py:161} INFO - Started process (PID=6940) to work on /opt/airflow/dags/pipeline_label_studio.py
[2025-11-18T18:29:53.803+0000] {processor.py:830} INFO - Processing file /opt/airflow/dags/pipeline_label_studio.py for tasks to queue
[2025-11-18T18:29:53.805+0000] {logging_mixin.py:188} INFO - [2025-11-18T18:29:53.804+0000] {dagbag.py:545} INFO - Filling up the DagBag from /opt/airflow/dags/pipeline_label_studio.py
[2025-11-18T18:29:53.815+0000] {processor.py:840} INFO - DAG(s) 'etl_label_studio' retrieved from /opt/airflow/dags/pipeline_label_studio.py
[2025-11-18T18:29:53.843+0000] {logging_mixin.py:188} INFO - [2025-11-18T18:29:53.843+0000] {dag.py:3089} INFO - Sync 1 DAGs
[2025-11-18T18:29:53.869+0000] {logging_mixin.py:188} INFO - [2025-11-18T18:29:53.869+0000] {dag.py:3947} INFO - Setting next_dagrun for etl_label_studio to 2025-11-18 03:00:00+00:00, run_after=2025-11-19 03:00:00+00:00
[2025-11-18T18:29:53.886+0000] {processor.py:183} INFO - Processing /opt/airflow/dags/pipeline_label_studio.py took 0.091 seconds
[2025-11-18T18:30:24.222+0000] {processor.py:161} INFO - Started process (PID=6955) to work on /opt/airflow/dags/pipeline_label_studio.py
[2025-11-18T18:30:24.224+0000] {processor.py:830} INFO - Processing file /opt/airflow/dags/pipeline_label_studio.py for tasks to queue
[2025-11-18T18:30:24.226+0000] {logging_mixin.py:188} INFO - [2025-11-18T18:30:24.225+0000] {dagbag.py:545} INFO - Filling up the DagBag from /opt/airflow/dags/pipeline_label_studio.py
[2025-11-18T18:30:24.246+0000] {processor.py:840} INFO - DAG(s) 'etl_label_studio' retrieved from /opt/airflow/dags/pipeline_label_studio.py
[2025-11-18T18:30:24.295+0000] {logging_mixin.py:188} INFO - [2025-11-18T18:30:24.294+0000] {dag.py:3089} INFO - Sync 1 DAGs
[2025-11-18T18:30:24.318+0000] {logging_mixin.py:188} INFO - [2025-11-18T18:30:24.317+0000] {dag.py:3947} INFO - Setting next_dagrun for etl_label_studio to 2025-11-18 03:00:00+00:00, run_after=2025-11-19 03:00:00+00:00
[2025-11-18T18:30:24.333+0000] {processor.py:183} INFO - Processing /opt/airflow/dags/pipeline_label_studio.py took 0.120 seconds
[2025-11-18T18:30:54.591+0000] {processor.py:161} INFO - Started process (PID=6970) to work on /opt/airflow/dags/pipeline_label_studio.py
[2025-11-18T18:30:54.592+0000] {processor.py:830} INFO - Processing file /opt/airflow/dags/pipeline_label_studio.py for tasks to queue
[2025-11-18T18:30:54.593+0000] {logging_mixin.py:188} INFO - [2025-11-18T18:30:54.593+0000] {dagbag.py:545} INFO - Filling up the DagBag from /opt/airflow/dags/pipeline_label_studio.py
[2025-11-18T18:30:54.605+0000] {processor.py:840} INFO - DAG(s) 'etl_label_studio' retrieved from /opt/airflow/dags/pipeline_label_studio.py
[2025-11-18T18:30:54.636+0000] {logging_mixin.py:188} INFO - [2025-11-18T18:30:54.635+0000] {dag.py:3089} INFO - Sync 1 DAGs
[2025-11-18T18:30:54.655+0000] {logging_mixin.py:188} INFO - [2025-11-18T18:30:54.655+0000] {dag.py:3947} INFO - Setting next_dagrun for etl_label_studio to 2025-11-18 03:00:00+00:00, run_after=2025-11-19 03:00:00+00:00
[2025-11-18T18:30:54.668+0000] {processor.py:183} INFO - Processing /opt/airflow/dags/pipeline_label_studio.py took 0.083 seconds
[2025-11-18T21:14:26.415+0000] {processor.py:161} INFO - Started process (PID=176) to work on /opt/airflow/dags/pipeline_label_studio.py
[2025-11-18T21:14:26.415+0000] {processor.py:830} INFO - Processing file /opt/airflow/dags/pipeline_label_studio.py for tasks to queue
[2025-11-18T21:14:26.416+0000] {logging_mixin.py:188} INFO - [2025-11-18T21:14:26.416+0000] {dagbag.py:545} INFO - Filling up the DagBag from /opt/airflow/dags/pipeline_label_studio.py
[2025-11-18T21:14:26.422+0000] {processor.py:840} INFO - DAG(s) 'etl_label_studio' retrieved from /opt/airflow/dags/pipeline_label_studio.py
[2025-11-18T21:14:26.468+0000] {logging_mixin.py:188} INFO - [2025-11-18T21:14:26.468+0000] {override.py:1858} INFO - Created Permission View: can edit on DAG:etl_label_studio
[2025-11-18T21:14:26.471+0000] {logging_mixin.py:188} INFO - [2025-11-18T21:14:26.471+0000] {override.py:1858} INFO - Created Permission View: can delete on DAG:etl_label_studio
[2025-11-18T21:14:26.472+0000] {logging_mixin.py:188} INFO - [2025-11-18T21:14:26.472+0000] {override.py:1858} INFO - Created Permission View: can read on DAG:etl_label_studio
[2025-11-18T21:14:26.472+0000] {logging_mixin.py:188} INFO - [2025-11-18T21:14:26.472+0000] {dag.py:3089} INFO - Sync 1 DAGs
[2025-11-18T21:14:26.477+0000] {logging_mixin.py:188} INFO - [2025-11-18T21:14:26.476+0000] {dag.py:3111} INFO - Creating ORM DAG for etl_label_studio
[2025-11-18T21:14:26.483+0000] {logging_mixin.py:188} INFO - [2025-11-18T21:14:26.483+0000] {dag.py:3947} INFO - Setting next_dagrun for etl_label_studio to 2025-11-17 03:00:00+00:00, run_after=2025-11-18 03:00:00+00:00
[2025-11-18T21:14:26.491+0000] {processor.py:183} INFO - Processing /opt/airflow/dags/pipeline_label_studio.py took 0.078 seconds
[2025-11-18T21:14:56.755+0000] {processor.py:161} INFO - Started process (PID=191) to work on /opt/airflow/dags/pipeline_label_studio.py
[2025-11-18T21:14:56.756+0000] {processor.py:830} INFO - Processing file /opt/airflow/dags/pipeline_label_studio.py for tasks to queue
[2025-11-18T21:14:56.757+0000] {logging_mixin.py:188} INFO - [2025-11-18T21:14:56.757+0000] {dagbag.py:545} INFO - Filling up the DagBag from /opt/airflow/dags/pipeline_label_studio.py
[2025-11-18T21:14:56.764+0000] {processor.py:840} INFO - DAG(s) 'etl_label_studio' retrieved from /opt/airflow/dags/pipeline_label_studio.py
[2025-11-18T21:14:56.780+0000] {logging_mixin.py:188} INFO - [2025-11-18T21:14:56.780+0000] {dag.py:3089} INFO - Sync 1 DAGs
[2025-11-18T21:14:56.792+0000] {logging_mixin.py:188} INFO - [2025-11-18T21:14:56.792+0000] {dag.py:3947} INFO - Setting next_dagrun for etl_label_studio to 2025-11-17 03:00:00+00:00, run_after=2025-11-18 03:00:00+00:00
[2025-11-18T21:14:56.801+0000] {processor.py:183} INFO - Processing /opt/airflow/dags/pipeline_label_studio.py took 0.049 seconds
[2025-11-18T21:15:27.075+0000] {processor.py:161} INFO - Started process (PID=206) to work on /opt/airflow/dags/pipeline_label_studio.py
[2025-11-18T21:15:27.076+0000] {processor.py:830} INFO - Processing file /opt/airflow/dags/pipeline_label_studio.py for tasks to queue
[2025-11-18T21:15:27.077+0000] {logging_mixin.py:188} INFO - [2025-11-18T21:15:27.077+0000] {dagbag.py:545} INFO - Filling up the DagBag from /opt/airflow/dags/pipeline_label_studio.py
[2025-11-18T21:15:27.082+0000] {processor.py:840} INFO - DAG(s) 'etl_label_studio' retrieved from /opt/airflow/dags/pipeline_label_studio.py
[2025-11-18T21:15:27.095+0000] {logging_mixin.py:188} INFO - [2025-11-18T21:15:27.095+0000] {dag.py:3089} INFO - Sync 1 DAGs
[2025-11-18T21:15:27.106+0000] {logging_mixin.py:188} INFO - [2025-11-18T21:15:27.106+0000] {dag.py:3947} INFO - Setting next_dagrun for etl_label_studio to 2025-11-17 03:00:00+00:00, run_after=2025-11-18 03:00:00+00:00
[2025-11-18T21:15:27.114+0000] {processor.py:183} INFO - Processing /opt/airflow/dags/pipeline_label_studio.py took 0.041 seconds
[2025-11-18T21:15:57.410+0000] {processor.py:161} INFO - Started process (PID=221) to work on /opt/airflow/dags/pipeline_label_studio.py
[2025-11-18T21:15:57.410+0000] {processor.py:830} INFO - Processing file /opt/airflow/dags/pipeline_label_studio.py for tasks to queue
[2025-11-18T21:15:57.411+0000] {logging_mixin.py:188} INFO - [2025-11-18T21:15:57.410+0000] {dagbag.py:545} INFO - Filling up the DagBag from /opt/airflow/dags/pipeline_label_studio.py
[2025-11-18T21:15:57.415+0000] {processor.py:840} INFO - DAG(s) 'etl_label_studio' retrieved from /opt/airflow/dags/pipeline_label_studio.py
[2025-11-18T21:15:57.428+0000] {logging_mixin.py:188} INFO - [2025-11-18T21:15:57.428+0000] {dag.py:3089} INFO - Sync 1 DAGs
[2025-11-18T21:15:57.436+0000] {logging_mixin.py:188} INFO - [2025-11-18T21:15:57.436+0000] {dag.py:3947} INFO - Setting next_dagrun for etl_label_studio to 2025-11-17 03:00:00+00:00, run_after=2025-11-18 03:00:00+00:00
[2025-11-18T21:15:57.442+0000] {processor.py:183} INFO - Processing /opt/airflow/dags/pipeline_label_studio.py took 0.035 seconds
[2025-11-18T21:16:27.769+0000] {processor.py:161} INFO - Started process (PID=236) to work on /opt/airflow/dags/pipeline_label_studio.py
[2025-11-18T21:16:27.770+0000] {processor.py:830} INFO - Processing file /opt/airflow/dags/pipeline_label_studio.py for tasks to queue
[2025-11-18T21:16:27.770+0000] {logging_mixin.py:188} INFO - [2025-11-18T21:16:27.770+0000] {dagbag.py:545} INFO - Filling up the DagBag from /opt/airflow/dags/pipeline_label_studio.py
[2025-11-18T21:16:27.775+0000] {processor.py:840} INFO - DAG(s) 'etl_label_studio' retrieved from /opt/airflow/dags/pipeline_label_studio.py
[2025-11-18T21:16:27.786+0000] {logging_mixin.py:188} INFO - [2025-11-18T21:16:27.786+0000] {dag.py:3089} INFO - Sync 1 DAGs
[2025-11-18T21:16:27.793+0000] {logging_mixin.py:188} INFO - [2025-11-18T21:16:27.793+0000] {dag.py:3947} INFO - Setting next_dagrun for etl_label_studio to 2025-11-17 03:00:00+00:00, run_after=2025-11-18 03:00:00+00:00
[2025-11-18T21:16:27.799+0000] {processor.py:183} INFO - Processing /opt/airflow/dags/pipeline_label_studio.py took 0.032 seconds
[2025-11-18T21:16:58.129+0000] {processor.py:161} INFO - Started process (PID=251) to work on /opt/airflow/dags/pipeline_label_studio.py
[2025-11-18T21:16:58.130+0000] {processor.py:830} INFO - Processing file /opt/airflow/dags/pipeline_label_studio.py for tasks to queue
[2025-11-18T21:16:58.130+0000] {logging_mixin.py:188} INFO - [2025-11-18T21:16:58.130+0000] {dagbag.py:545} INFO - Filling up the DagBag from /opt/airflow/dags/pipeline_label_studio.py
[2025-11-18T21:16:58.136+0000] {processor.py:840} INFO - DAG(s) 'etl_label_studio' retrieved from /opt/airflow/dags/pipeline_label_studio.py
[2025-11-18T21:16:58.151+0000] {logging_mixin.py:188} INFO - [2025-11-18T21:16:58.151+0000] {dag.py:3089} INFO - Sync 1 DAGs
[2025-11-18T21:16:58.160+0000] {logging_mixin.py:188} INFO - [2025-11-18T21:16:58.160+0000] {dag.py:3947} INFO - Setting next_dagrun for etl_label_studio to 2025-11-17 03:00:00+00:00, run_after=2025-11-18 03:00:00+00:00
[2025-11-18T21:16:58.167+0000] {processor.py:183} INFO - Processing /opt/airflow/dags/pipeline_label_studio.py took 0.040 seconds
[2025-11-18T21:17:28.528+0000] {processor.py:161} INFO - Started process (PID=266) to work on /opt/airflow/dags/pipeline_label_studio.py
[2025-11-18T21:17:28.529+0000] {processor.py:830} INFO - Processing file /opt/airflow/dags/pipeline_label_studio.py for tasks to queue
[2025-11-18T21:17:28.530+0000] {logging_mixin.py:188} INFO - [2025-11-18T21:17:28.530+0000] {dagbag.py:545} INFO - Filling up the DagBag from /opt/airflow/dags/pipeline_label_studio.py
[2025-11-18T21:17:28.535+0000] {processor.py:840} INFO - DAG(s) 'etl_label_studio' retrieved from /opt/airflow/dags/pipeline_label_studio.py
[2025-11-18T21:17:28.549+0000] {logging_mixin.py:188} INFO - [2025-11-18T21:17:28.549+0000] {dag.py:3089} INFO - Sync 1 DAGs
[2025-11-18T21:17:28.558+0000] {logging_mixin.py:188} INFO - [2025-11-18T21:17:28.558+0000] {dag.py:3947} INFO - Setting next_dagrun for etl_label_studio to 2025-11-17 03:00:00+00:00, run_after=2025-11-18 03:00:00+00:00
[2025-11-18T21:17:28.566+0000] {processor.py:183} INFO - Processing /opt/airflow/dags/pipeline_label_studio.py took 0.040 seconds
[2025-11-18T21:17:58.868+0000] {processor.py:161} INFO - Started process (PID=281) to work on /opt/airflow/dags/pipeline_label_studio.py
[2025-11-18T21:17:58.868+0000] {processor.py:830} INFO - Processing file /opt/airflow/dags/pipeline_label_studio.py for tasks to queue
[2025-11-18T21:17:58.868+0000] {logging_mixin.py:188} INFO - [2025-11-18T21:17:58.868+0000] {dagbag.py:545} INFO - Filling up the DagBag from /opt/airflow/dags/pipeline_label_studio.py
[2025-11-18T21:17:58.873+0000] {processor.py:840} INFO - DAG(s) 'etl_label_studio' retrieved from /opt/airflow/dags/pipeline_label_studio.py
[2025-11-18T21:17:58.884+0000] {logging_mixin.py:188} INFO - [2025-11-18T21:17:58.884+0000] {dag.py:3089} INFO - Sync 1 DAGs
[2025-11-18T21:17:58.893+0000] {logging_mixin.py:188} INFO - [2025-11-18T21:17:58.893+0000] {dag.py:3947} INFO - Setting next_dagrun for etl_label_studio to 2025-11-17 03:00:00+00:00, run_after=2025-11-18 03:00:00+00:00
[2025-11-18T21:17:58.899+0000] {processor.py:183} INFO - Processing /opt/airflow/dags/pipeline_label_studio.py took 0.034 seconds
[2025-11-18T21:18:29.233+0000] {processor.py:161} INFO - Started process (PID=296) to work on /opt/airflow/dags/pipeline_label_studio.py
[2025-11-18T21:18:29.233+0000] {processor.py:830} INFO - Processing file /opt/airflow/dags/pipeline_label_studio.py for tasks to queue
[2025-11-18T21:18:29.235+0000] {logging_mixin.py:188} INFO - [2025-11-18T21:18:29.234+0000] {dagbag.py:545} INFO - Filling up the DagBag from /opt/airflow/dags/pipeline_label_studio.py
[2025-11-18T21:18:29.240+0000] {processor.py:840} INFO - DAG(s) 'etl_label_studio' retrieved from /opt/airflow/dags/pipeline_label_studio.py
[2025-11-18T21:18:29.255+0000] {logging_mixin.py:188} INFO - [2025-11-18T21:18:29.255+0000] {dag.py:3089} INFO - Sync 1 DAGs
[2025-11-18T21:18:29.266+0000] {logging_mixin.py:188} INFO - [2025-11-18T21:18:29.266+0000] {dag.py:3947} INFO - Setting next_dagrun for etl_label_studio to 2025-11-17 03:00:00+00:00, run_after=2025-11-18 03:00:00+00:00
[2025-11-18T21:18:29.274+0000] {processor.py:183} INFO - Processing /opt/airflow/dags/pipeline_label_studio.py took 0.044 seconds
[2025-11-18T21:18:59.567+0000] {processor.py:161} INFO - Started process (PID=311) to work on /opt/airflow/dags/pipeline_label_studio.py
[2025-11-18T21:18:59.567+0000] {processor.py:830} INFO - Processing file /opt/airflow/dags/pipeline_label_studio.py for tasks to queue
[2025-11-18T21:18:59.568+0000] {logging_mixin.py:188} INFO - [2025-11-18T21:18:59.567+0000] {dagbag.py:545} INFO - Filling up the DagBag from /opt/airflow/dags/pipeline_label_studio.py
[2025-11-18T21:18:59.572+0000] {processor.py:840} INFO - DAG(s) 'etl_label_studio' retrieved from /opt/airflow/dags/pipeline_label_studio.py
[2025-11-18T21:18:59.583+0000] {logging_mixin.py:188} INFO - [2025-11-18T21:18:59.583+0000] {dag.py:3089} INFO - Sync 1 DAGs
[2025-11-18T21:18:59.591+0000] {logging_mixin.py:188} INFO - [2025-11-18T21:18:59.591+0000] {dag.py:3947} INFO - Setting next_dagrun for etl_label_studio to 2025-11-17 03:00:00+00:00, run_after=2025-11-18 03:00:00+00:00
[2025-11-18T21:18:59.598+0000] {processor.py:183} INFO - Processing /opt/airflow/dags/pipeline_label_studio.py took 0.033 seconds
[2025-11-18T21:19:29.892+0000] {processor.py:161} INFO - Started process (PID=326) to work on /opt/airflow/dags/pipeline_label_studio.py
[2025-11-18T21:19:29.893+0000] {processor.py:830} INFO - Processing file /opt/airflow/dags/pipeline_label_studio.py for tasks to queue
[2025-11-18T21:19:29.894+0000] {logging_mixin.py:188} INFO - [2025-11-18T21:19:29.894+0000] {dagbag.py:545} INFO - Filling up the DagBag from /opt/airflow/dags/pipeline_label_studio.py
[2025-11-18T21:19:29.898+0000] {processor.py:840} INFO - DAG(s) 'etl_label_studio' retrieved from /opt/airflow/dags/pipeline_label_studio.py
[2025-11-18T21:19:29.910+0000] {logging_mixin.py:188} INFO - [2025-11-18T21:19:29.909+0000] {dag.py:3089} INFO - Sync 1 DAGs
[2025-11-18T21:19:29.918+0000] {logging_mixin.py:188} INFO - [2025-11-18T21:19:29.918+0000] {dag.py:3947} INFO - Setting next_dagrun for etl_label_studio to 2025-11-17 03:00:00+00:00, run_after=2025-11-18 03:00:00+00:00
[2025-11-18T21:19:29.923+0000] {processor.py:183} INFO - Processing /opt/airflow/dags/pipeline_label_studio.py took 0.033 seconds
[2025-11-18T21:20:00.232+0000] {processor.py:161} INFO - Started process (PID=341) to work on /opt/airflow/dags/pipeline_label_studio.py
[2025-11-18T21:20:00.233+0000] {processor.py:830} INFO - Processing file /opt/airflow/dags/pipeline_label_studio.py for tasks to queue
[2025-11-18T21:20:00.233+0000] {logging_mixin.py:188} INFO - [2025-11-18T21:20:00.233+0000] {dagbag.py:545} INFO - Filling up the DagBag from /opt/airflow/dags/pipeline_label_studio.py
[2025-11-18T21:20:00.238+0000] {processor.py:840} INFO - DAG(s) 'etl_label_studio' retrieved from /opt/airflow/dags/pipeline_label_studio.py
[2025-11-18T21:20:00.249+0000] {logging_mixin.py:188} INFO - [2025-11-18T21:20:00.249+0000] {dag.py:3089} INFO - Sync 1 DAGs
[2025-11-18T21:20:00.257+0000] {logging_mixin.py:188} INFO - [2025-11-18T21:20:00.257+0000] {dag.py:3947} INFO - Setting next_dagrun for etl_label_studio to 2025-11-17 03:00:00+00:00, run_after=2025-11-18 03:00:00+00:00
[2025-11-18T21:20:00.264+0000] {processor.py:183} INFO - Processing /opt/airflow/dags/pipeline_label_studio.py took 0.034 seconds
[2025-11-18T21:20:30.626+0000] {processor.py:161} INFO - Started process (PID=356) to work on /opt/airflow/dags/pipeline_label_studio.py
[2025-11-18T21:20:30.627+0000] {processor.py:830} INFO - Processing file /opt/airflow/dags/pipeline_label_studio.py for tasks to queue
[2025-11-18T21:20:30.628+0000] {logging_mixin.py:188} INFO - [2025-11-18T21:20:30.628+0000] {dagbag.py:545} INFO - Filling up the DagBag from /opt/airflow/dags/pipeline_label_studio.py
[2025-11-18T21:20:30.632+0000] {processor.py:840} INFO - DAG(s) 'etl_label_studio' retrieved from /opt/airflow/dags/pipeline_label_studio.py
[2025-11-18T21:20:30.645+0000] {logging_mixin.py:188} INFO - [2025-11-18T21:20:30.645+0000] {dag.py:3089} INFO - Sync 1 DAGs
[2025-11-18T21:20:30.654+0000] {logging_mixin.py:188} INFO - [2025-11-18T21:20:30.654+0000] {dag.py:3947} INFO - Setting next_dagrun for etl_label_studio to 2025-11-17 03:00:00+00:00, run_after=2025-11-18 03:00:00+00:00
[2025-11-18T21:20:30.661+0000] {processor.py:183} INFO - Processing /opt/airflow/dags/pipeline_label_studio.py took 0.037 seconds
[2025-11-18T21:21:00.980+0000] {processor.py:161} INFO - Started process (PID=371) to work on /opt/airflow/dags/pipeline_label_studio.py
[2025-11-18T21:21:00.980+0000] {processor.py:830} INFO - Processing file /opt/airflow/dags/pipeline_label_studio.py for tasks to queue
[2025-11-18T21:21:00.981+0000] {logging_mixin.py:188} INFO - [2025-11-18T21:21:00.981+0000] {dagbag.py:545} INFO - Filling up the DagBag from /opt/airflow/dags/pipeline_label_studio.py
[2025-11-18T21:21:00.986+0000] {processor.py:840} INFO - DAG(s) 'etl_label_studio' retrieved from /opt/airflow/dags/pipeline_label_studio.py
[2025-11-18T21:21:00.997+0000] {logging_mixin.py:188} INFO - [2025-11-18T21:21:00.997+0000] {dag.py:3089} INFO - Sync 1 DAGs
[2025-11-18T21:21:01.005+0000] {logging_mixin.py:188} INFO - [2025-11-18T21:21:01.005+0000] {dag.py:3947} INFO - Setting next_dagrun for etl_label_studio to 2025-11-17 03:00:00+00:00, run_after=2025-11-18 03:00:00+00:00
[2025-11-18T21:21:01.012+0000] {processor.py:183} INFO - Processing /opt/airflow/dags/pipeline_label_studio.py took 0.036 seconds
[2025-11-18T21:21:31.429+0000] {processor.py:161} INFO - Started process (PID=386) to work on /opt/airflow/dags/pipeline_label_studio.py
[2025-11-18T21:21:31.429+0000] {processor.py:830} INFO - Processing file /opt/airflow/dags/pipeline_label_studio.py for tasks to queue
[2025-11-18T21:21:31.430+0000] {logging_mixin.py:188} INFO - [2025-11-18T21:21:31.430+0000] {dagbag.py:545} INFO - Filling up the DagBag from /opt/airflow/dags/pipeline_label_studio.py
[2025-11-18T21:21:31.435+0000] {processor.py:840} INFO - DAG(s) 'etl_label_studio' retrieved from /opt/airflow/dags/pipeline_label_studio.py
[2025-11-18T21:21:31.447+0000] {logging_mixin.py:188} INFO - [2025-11-18T21:21:31.446+0000] {dag.py:3089} INFO - Sync 1 DAGs
[2025-11-18T21:21:31.455+0000] {logging_mixin.py:188} INFO - [2025-11-18T21:21:31.455+0000] {dag.py:3947} INFO - Setting next_dagrun for etl_label_studio to 2025-11-17 03:00:00+00:00, run_after=2025-11-18 03:00:00+00:00
[2025-11-18T21:21:31.461+0000] {processor.py:183} INFO - Processing /opt/airflow/dags/pipeline_label_studio.py took 0.036 seconds
[2025-11-18T21:22:01.782+0000] {processor.py:161} INFO - Started process (PID=401) to work on /opt/airflow/dags/pipeline_label_studio.py
[2025-11-18T21:22:01.782+0000] {processor.py:830} INFO - Processing file /opt/airflow/dags/pipeline_label_studio.py for tasks to queue
[2025-11-18T21:22:01.783+0000] {logging_mixin.py:188} INFO - [2025-11-18T21:22:01.783+0000] {dagbag.py:545} INFO - Filling up the DagBag from /opt/airflow/dags/pipeline_label_studio.py
[2025-11-18T21:22:01.789+0000] {processor.py:840} INFO - DAG(s) 'etl_label_studio' retrieved from /opt/airflow/dags/pipeline_label_studio.py
[2025-11-18T21:22:01.804+0000] {logging_mixin.py:188} INFO - [2025-11-18T21:22:01.804+0000] {dag.py:3089} INFO - Sync 1 DAGs
[2025-11-18T21:22:01.814+0000] {logging_mixin.py:188} INFO - [2025-11-18T21:22:01.814+0000] {dag.py:3947} INFO - Setting next_dagrun for etl_label_studio to 2025-11-17 03:00:00+00:00, run_after=2025-11-18 03:00:00+00:00
[2025-11-18T21:22:01.820+0000] {processor.py:183} INFO - Processing /opt/airflow/dags/pipeline_label_studio.py took 0.042 seconds
[2025-11-18T21:22:32.158+0000] {processor.py:161} INFO - Started process (PID=416) to work on /opt/airflow/dags/pipeline_label_studio.py
[2025-11-18T21:22:32.158+0000] {processor.py:830} INFO - Processing file /opt/airflow/dags/pipeline_label_studio.py for tasks to queue
[2025-11-18T21:22:32.159+0000] {logging_mixin.py:188} INFO - [2025-11-18T21:22:32.159+0000] {dagbag.py:545} INFO - Filling up the DagBag from /opt/airflow/dags/pipeline_label_studio.py
[2025-11-18T21:22:32.163+0000] {processor.py:840} INFO - DAG(s) 'etl_label_studio' retrieved from /opt/airflow/dags/pipeline_label_studio.py
[2025-11-18T21:22:32.174+0000] {logging_mixin.py:188} INFO - [2025-11-18T21:22:32.174+0000] {dag.py:3089} INFO - Sync 1 DAGs
[2025-11-18T21:22:32.182+0000] {logging_mixin.py:188} INFO - [2025-11-18T21:22:32.182+0000] {dag.py:3947} INFO - Setting next_dagrun for etl_label_studio to 2025-11-17 03:00:00+00:00, run_after=2025-11-18 03:00:00+00:00
[2025-11-18T21:22:32.188+0000] {processor.py:183} INFO - Processing /opt/airflow/dags/pipeline_label_studio.py took 0.033 seconds
[2025-11-18T21:23:02.567+0000] {processor.py:161} INFO - Started process (PID=431) to work on /opt/airflow/dags/pipeline_label_studio.py
[2025-11-18T21:23:02.567+0000] {processor.py:830} INFO - Processing file /opt/airflow/dags/pipeline_label_studio.py for tasks to queue
[2025-11-18T21:23:02.568+0000] {logging_mixin.py:188} INFO - [2025-11-18T21:23:02.568+0000] {dagbag.py:545} INFO - Filling up the DagBag from /opt/airflow/dags/pipeline_label_studio.py
[2025-11-18T21:23:02.575+0000] {processor.py:840} INFO - DAG(s) 'etl_label_studio' retrieved from /opt/airflow/dags/pipeline_label_studio.py
[2025-11-18T21:23:02.594+0000] {logging_mixin.py:188} INFO - [2025-11-18T21:23:02.594+0000] {dag.py:3089} INFO - Sync 1 DAGs
[2025-11-18T21:23:02.615+0000] {logging_mixin.py:188} INFO - [2025-11-18T21:23:02.615+0000] {dag.py:3947} INFO - Setting next_dagrun for etl_label_studio to 2025-11-17 03:00:00+00:00, run_after=2025-11-18 03:00:00+00:00
[2025-11-18T21:23:02.632+0000] {processor.py:183} INFO - Processing /opt/airflow/dags/pipeline_label_studio.py took 0.070 seconds
[2025-11-18T21:23:32.939+0000] {processor.py:161} INFO - Started process (PID=446) to work on /opt/airflow/dags/pipeline_label_studio.py
[2025-11-18T21:23:32.940+0000] {processor.py:830} INFO - Processing file /opt/airflow/dags/pipeline_label_studio.py for tasks to queue
[2025-11-18T21:23:32.941+0000] {logging_mixin.py:188} INFO - [2025-11-18T21:23:32.941+0000] {dagbag.py:545} INFO - Filling up the DagBag from /opt/airflow/dags/pipeline_label_studio.py
[2025-11-18T21:23:32.946+0000] {processor.py:840} INFO - DAG(s) 'etl_label_studio' retrieved from /opt/airflow/dags/pipeline_label_studio.py
[2025-11-18T21:23:32.959+0000] {logging_mixin.py:188} INFO - [2025-11-18T21:23:32.958+0000] {dag.py:3089} INFO - Sync 1 DAGs
[2025-11-18T21:23:32.968+0000] {logging_mixin.py:188} INFO - [2025-11-18T21:23:32.967+0000] {dag.py:3947} INFO - Setting next_dagrun for etl_label_studio to 2025-11-17 03:00:00+00:00, run_after=2025-11-18 03:00:00+00:00
[2025-11-18T21:23:32.977+0000] {processor.py:183} INFO - Processing /opt/airflow/dags/pipeline_label_studio.py took 0.041 seconds
[2025-11-18T21:24:03.293+0000] {processor.py:161} INFO - Started process (PID=461) to work on /opt/airflow/dags/pipeline_label_studio.py
[2025-11-18T21:24:03.297+0000] {processor.py:830} INFO - Processing file /opt/airflow/dags/pipeline_label_studio.py for tasks to queue
[2025-11-18T21:24:03.299+0000] {logging_mixin.py:188} INFO - [2025-11-18T21:24:03.299+0000] {dagbag.py:545} INFO - Filling up the DagBag from /opt/airflow/dags/pipeline_label_studio.py
[2025-11-18T21:24:03.304+0000] {processor.py:840} INFO - DAG(s) 'etl_label_studio' retrieved from /opt/airflow/dags/pipeline_label_studio.py
[2025-11-18T21:24:03.323+0000] {logging_mixin.py:188} INFO - [2025-11-18T21:24:03.323+0000] {dag.py:3089} INFO - Sync 1 DAGs
[2025-11-18T21:24:03.334+0000] {logging_mixin.py:188} INFO - [2025-11-18T21:24:03.333+0000] {dag.py:3947} INFO - Setting next_dagrun for etl_label_studio to 2025-11-17 03:00:00+00:00, run_after=2025-11-18 03:00:00+00:00
[2025-11-18T21:24:03.340+0000] {processor.py:183} INFO - Processing /opt/airflow/dags/pipeline_label_studio.py took 0.049 seconds
[2025-11-18T21:24:33.644+0000] {processor.py:161} INFO - Started process (PID=476) to work on /opt/airflow/dags/pipeline_label_studio.py
[2025-11-18T21:24:33.645+0000] {processor.py:830} INFO - Processing file /opt/airflow/dags/pipeline_label_studio.py for tasks to queue
[2025-11-18T21:24:33.645+0000] {logging_mixin.py:188} INFO - [2025-11-18T21:24:33.645+0000] {dagbag.py:545} INFO - Filling up the DagBag from /opt/airflow/dags/pipeline_label_studio.py
[2025-11-18T21:24:33.650+0000] {processor.py:840} INFO - DAG(s) 'etl_label_studio' retrieved from /opt/airflow/dags/pipeline_label_studio.py
[2025-11-18T21:24:33.661+0000] {logging_mixin.py:188} INFO - [2025-11-18T21:24:33.661+0000] {dag.py:3089} INFO - Sync 1 DAGs
[2025-11-18T21:24:33.670+0000] {logging_mixin.py:188} INFO - [2025-11-18T21:24:33.669+0000] {dag.py:3947} INFO - Setting next_dagrun for etl_label_studio to 2025-11-17 03:00:00+00:00, run_after=2025-11-18 03:00:00+00:00
[2025-11-18T21:24:33.676+0000] {processor.py:183} INFO - Processing /opt/airflow/dags/pipeline_label_studio.py took 0.034 seconds
[2025-11-18T21:25:03.994+0000] {processor.py:161} INFO - Started process (PID=491) to work on /opt/airflow/dags/pipeline_label_studio.py
[2025-11-18T21:25:03.994+0000] {processor.py:830} INFO - Processing file /opt/airflow/dags/pipeline_label_studio.py for tasks to queue
[2025-11-18T21:25:03.995+0000] {logging_mixin.py:188} INFO - [2025-11-18T21:25:03.995+0000] {dagbag.py:545} INFO - Filling up the DagBag from /opt/airflow/dags/pipeline_label_studio.py
[2025-11-18T21:25:04.000+0000] {processor.py:840} INFO - DAG(s) 'etl_label_studio' retrieved from /opt/airflow/dags/pipeline_label_studio.py
[2025-11-18T21:25:04.012+0000] {logging_mixin.py:188} INFO - [2025-11-18T21:25:04.011+0000] {dag.py:3089} INFO - Sync 1 DAGs
[2025-11-18T21:25:04.020+0000] {logging_mixin.py:188} INFO - [2025-11-18T21:25:04.019+0000] {dag.py:3947} INFO - Setting next_dagrun for etl_label_studio to 2025-11-17 03:00:00+00:00, run_after=2025-11-18 03:00:00+00:00
[2025-11-18T21:25:04.026+0000] {processor.py:183} INFO - Processing /opt/airflow/dags/pipeline_label_studio.py took 0.034 seconds
[2025-11-18T21:25:34.324+0000] {processor.py:161} INFO - Started process (PID=506) to work on /opt/airflow/dags/pipeline_label_studio.py
[2025-11-18T21:25:34.325+0000] {processor.py:830} INFO - Processing file /opt/airflow/dags/pipeline_label_studio.py for tasks to queue
[2025-11-18T21:25:34.325+0000] {logging_mixin.py:188} INFO - [2025-11-18T21:25:34.325+0000] {dagbag.py:545} INFO - Filling up the DagBag from /opt/airflow/dags/pipeline_label_studio.py
[2025-11-18T21:25:34.330+0000] {processor.py:840} INFO - DAG(s) 'etl_label_studio' retrieved from /opt/airflow/dags/pipeline_label_studio.py
[2025-11-18T21:25:34.341+0000] {logging_mixin.py:188} INFO - [2025-11-18T21:25:34.341+0000] {dag.py:3089} INFO - Sync 1 DAGs
[2025-11-18T21:25:34.349+0000] {logging_mixin.py:188} INFO - [2025-11-18T21:25:34.349+0000] {dag.py:3947} INFO - Setting next_dagrun for etl_label_studio to 2025-11-17 03:00:00+00:00, run_after=2025-11-18 03:00:00+00:00
[2025-11-18T21:25:34.357+0000] {processor.py:183} INFO - Processing /opt/airflow/dags/pipeline_label_studio.py took 0.035 seconds
[2025-11-18T21:26:04.736+0000] {processor.py:161} INFO - Started process (PID=521) to work on /opt/airflow/dags/pipeline_label_studio.py
[2025-11-18T21:26:04.737+0000] {processor.py:830} INFO - Processing file /opt/airflow/dags/pipeline_label_studio.py for tasks to queue
[2025-11-18T21:26:04.737+0000] {logging_mixin.py:188} INFO - [2025-11-18T21:26:04.737+0000] {dagbag.py:545} INFO - Filling up the DagBag from /opt/airflow/dags/pipeline_label_studio.py
[2025-11-18T21:26:04.742+0000] {processor.py:840} INFO - DAG(s) 'etl_label_studio' retrieved from /opt/airflow/dags/pipeline_label_studio.py
[2025-11-18T21:26:04.755+0000] {logging_mixin.py:188} INFO - [2025-11-18T21:26:04.754+0000] {dag.py:3089} INFO - Sync 1 DAGs
[2025-11-18T21:26:04.763+0000] {logging_mixin.py:188} INFO - [2025-11-18T21:26:04.763+0000] {dag.py:3947} INFO - Setting next_dagrun for etl_label_studio to 2025-11-17 03:00:00+00:00, run_after=2025-11-18 03:00:00+00:00
[2025-11-18T21:26:04.769+0000] {processor.py:183} INFO - Processing /opt/airflow/dags/pipeline_label_studio.py took 0.035 seconds
[2025-11-18T21:26:35.141+0000] {processor.py:161} INFO - Started process (PID=536) to work on /opt/airflow/dags/pipeline_label_studio.py
[2025-11-18T21:26:35.141+0000] {processor.py:830} INFO - Processing file /opt/airflow/dags/pipeline_label_studio.py for tasks to queue
[2025-11-18T21:26:35.142+0000] {logging_mixin.py:188} INFO - [2025-11-18T21:26:35.142+0000] {dagbag.py:545} INFO - Filling up the DagBag from /opt/airflow/dags/pipeline_label_studio.py
[2025-11-18T21:26:35.147+0000] {processor.py:840} INFO - DAG(s) 'etl_label_studio' retrieved from /opt/airflow/dags/pipeline_label_studio.py
[2025-11-18T21:26:35.160+0000] {logging_mixin.py:188} INFO - [2025-11-18T21:26:35.160+0000] {dag.py:3089} INFO - Sync 1 DAGs
[2025-11-18T21:26:35.169+0000] {logging_mixin.py:188} INFO - [2025-11-18T21:26:35.169+0000] {dag.py:3947} INFO - Setting next_dagrun for etl_label_studio to 2025-11-17 03:00:00+00:00, run_after=2025-11-18 03:00:00+00:00
[2025-11-18T21:26:35.176+0000] {processor.py:183} INFO - Processing /opt/airflow/dags/pipeline_label_studio.py took 0.038 seconds
[2025-11-18T21:27:05.473+0000] {processor.py:161} INFO - Started process (PID=606) to work on /opt/airflow/dags/pipeline_label_studio.py
[2025-11-18T21:27:05.474+0000] {processor.py:830} INFO - Processing file /opt/airflow/dags/pipeline_label_studio.py for tasks to queue
[2025-11-18T21:27:05.474+0000] {logging_mixin.py:188} INFO - [2025-11-18T21:27:05.474+0000] {dagbag.py:545} INFO - Filling up the DagBag from /opt/airflow/dags/pipeline_label_studio.py
[2025-11-18T21:27:05.478+0000] {processor.py:840} INFO - DAG(s) 'etl_label_studio' retrieved from /opt/airflow/dags/pipeline_label_studio.py
[2025-11-18T21:27:05.490+0000] {logging_mixin.py:188} INFO - [2025-11-18T21:27:05.490+0000] {dag.py:3089} INFO - Sync 1 DAGs
[2025-11-18T21:27:05.498+0000] {logging_mixin.py:188} INFO - [2025-11-18T21:27:05.498+0000] {dag.py:3947} INFO - Setting next_dagrun for etl_label_studio to 2025-11-18 03:00:00+00:00, run_after=2025-11-19 03:00:00+00:00
[2025-11-18T21:27:05.505+0000] {processor.py:183} INFO - Processing /opt/airflow/dags/pipeline_label_studio.py took 0.034 seconds
[2025-11-18T21:27:35.796+0000] {processor.py:161} INFO - Started process (PID=686) to work on /opt/airflow/dags/pipeline_label_studio.py
[2025-11-18T21:27:35.797+0000] {processor.py:830} INFO - Processing file /opt/airflow/dags/pipeline_label_studio.py for tasks to queue
[2025-11-18T21:27:35.797+0000] {logging_mixin.py:188} INFO - [2025-11-18T21:27:35.797+0000] {dagbag.py:545} INFO - Filling up the DagBag from /opt/airflow/dags/pipeline_label_studio.py
[2025-11-18T21:27:35.805+0000] {processor.py:840} INFO - DAG(s) 'etl_label_studio' retrieved from /opt/airflow/dags/pipeline_label_studio.py
[2025-11-18T21:27:35.818+0000] {logging_mixin.py:188} INFO - [2025-11-18T21:27:35.818+0000] {dag.py:3089} INFO - Sync 1 DAGs
[2025-11-18T21:27:35.828+0000] {logging_mixin.py:188} INFO - [2025-11-18T21:27:35.828+0000] {dag.py:3947} INFO - Setting next_dagrun for etl_label_studio to 2025-11-18 03:00:00+00:00, run_after=2025-11-19 03:00:00+00:00
[2025-11-18T21:27:35.835+0000] {processor.py:183} INFO - Processing /opt/airflow/dags/pipeline_label_studio.py took 0.042 seconds
[2025-11-18T21:28:06.167+0000] {processor.py:161} INFO - Started process (PID=701) to work on /opt/airflow/dags/pipeline_label_studio.py
[2025-11-18T21:28:06.167+0000] {processor.py:830} INFO - Processing file /opt/airflow/dags/pipeline_label_studio.py for tasks to queue
[2025-11-18T21:28:06.168+0000] {logging_mixin.py:188} INFO - [2025-11-18T21:28:06.168+0000] {dagbag.py:545} INFO - Filling up the DagBag from /opt/airflow/dags/pipeline_label_studio.py
[2025-11-18T21:28:06.174+0000] {processor.py:840} INFO - DAG(s) 'etl_label_studio' retrieved from /opt/airflow/dags/pipeline_label_studio.py
[2025-11-18T21:28:06.186+0000] {logging_mixin.py:188} INFO - [2025-11-18T21:28:06.186+0000] {dag.py:3089} INFO - Sync 1 DAGs
[2025-11-18T21:28:06.195+0000] {logging_mixin.py:188} INFO - [2025-11-18T21:28:06.195+0000] {dag.py:3947} INFO - Setting next_dagrun for etl_label_studio to 2025-11-18 03:00:00+00:00, run_after=2025-11-19 03:00:00+00:00
[2025-11-18T21:28:06.202+0000] {processor.py:183} INFO - Processing /opt/airflow/dags/pipeline_label_studio.py took 0.038 seconds
[2025-11-18T21:28:36.518+0000] {processor.py:161} INFO - Started process (PID=714) to work on /opt/airflow/dags/pipeline_label_studio.py
[2025-11-18T21:28:36.518+0000] {processor.py:830} INFO - Processing file /opt/airflow/dags/pipeline_label_studio.py for tasks to queue
[2025-11-18T21:28:36.519+0000] {logging_mixin.py:188} INFO - [2025-11-18T21:28:36.519+0000] {dagbag.py:545} INFO - Filling up the DagBag from /opt/airflow/dags/pipeline_label_studio.py
[2025-11-18T21:28:36.524+0000] {processor.py:840} INFO - DAG(s) 'etl_label_studio' retrieved from /opt/airflow/dags/pipeline_label_studio.py
[2025-11-18T21:28:36.535+0000] {logging_mixin.py:188} INFO - [2025-11-18T21:28:36.535+0000] {dag.py:3089} INFO - Sync 1 DAGs
[2025-11-18T21:28:36.544+0000] {logging_mixin.py:188} INFO - [2025-11-18T21:28:36.543+0000] {dag.py:3947} INFO - Setting next_dagrun for etl_label_studio to 2025-11-18 03:00:00+00:00, run_after=2025-11-19 03:00:00+00:00
[2025-11-18T21:28:36.549+0000] {processor.py:183} INFO - Processing /opt/airflow/dags/pipeline_label_studio.py took 0.034 seconds
[2025-11-18T21:29:06.886+0000] {processor.py:161} INFO - Started process (PID=731) to work on /opt/airflow/dags/pipeline_label_studio.py
[2025-11-18T21:29:06.886+0000] {processor.py:830} INFO - Processing file /opt/airflow/dags/pipeline_label_studio.py for tasks to queue
[2025-11-18T21:29:06.887+0000] {logging_mixin.py:188} INFO - [2025-11-18T21:29:06.887+0000] {dagbag.py:545} INFO - Filling up the DagBag from /opt/airflow/dags/pipeline_label_studio.py
[2025-11-18T21:29:06.891+0000] {processor.py:840} INFO - DAG(s) 'etl_label_studio' retrieved from /opt/airflow/dags/pipeline_label_studio.py
[2025-11-18T21:29:06.902+0000] {logging_mixin.py:188} INFO - [2025-11-18T21:29:06.901+0000] {dag.py:3089} INFO - Sync 1 DAGs
[2025-11-18T21:29:06.911+0000] {logging_mixin.py:188} INFO - [2025-11-18T21:29:06.911+0000] {dag.py:3947} INFO - Setting next_dagrun for etl_label_studio to 2025-11-18 03:00:00+00:00, run_after=2025-11-19 03:00:00+00:00
[2025-11-18T21:29:06.920+0000] {processor.py:183} INFO - Processing /opt/airflow/dags/pipeline_label_studio.py took 0.037 seconds
[2025-11-18T21:29:37.325+0000] {processor.py:161} INFO - Started process (PID=746) to work on /opt/airflow/dags/pipeline_label_studio.py
[2025-11-18T21:29:37.326+0000] {processor.py:830} INFO - Processing file /opt/airflow/dags/pipeline_label_studio.py for tasks to queue
[2025-11-18T21:29:37.327+0000] {logging_mixin.py:188} INFO - [2025-11-18T21:29:37.326+0000] {dagbag.py:545} INFO - Filling up the DagBag from /opt/airflow/dags/pipeline_label_studio.py
[2025-11-18T21:29:37.331+0000] {processor.py:840} INFO - DAG(s) 'etl_label_studio' retrieved from /opt/airflow/dags/pipeline_label_studio.py
[2025-11-18T21:29:37.342+0000] {logging_mixin.py:188} INFO - [2025-11-18T21:29:37.342+0000] {dag.py:3089} INFO - Sync 1 DAGs
[2025-11-18T21:29:37.350+0000] {logging_mixin.py:188} INFO - [2025-11-18T21:29:37.350+0000] {dag.py:3947} INFO - Setting next_dagrun for etl_label_studio to 2025-11-18 03:00:00+00:00, run_after=2025-11-19 03:00:00+00:00
[2025-11-18T21:29:37.357+0000] {processor.py:183} INFO - Processing /opt/airflow/dags/pipeline_label_studio.py took 0.035 seconds
[2025-11-18T21:30:07.745+0000] {processor.py:161} INFO - Started process (PID=761) to work on /opt/airflow/dags/pipeline_label_studio.py
[2025-11-18T21:30:07.746+0000] {processor.py:830} INFO - Processing file /opt/airflow/dags/pipeline_label_studio.py for tasks to queue
[2025-11-18T21:30:07.746+0000] {logging_mixin.py:188} INFO - [2025-11-18T21:30:07.746+0000] {dagbag.py:545} INFO - Filling up the DagBag from /opt/airflow/dags/pipeline_label_studio.py
[2025-11-18T21:30:07.751+0000] {processor.py:840} INFO - DAG(s) 'etl_label_studio' retrieved from /opt/airflow/dags/pipeline_label_studio.py
[2025-11-18T21:30:07.766+0000] {logging_mixin.py:188} INFO - [2025-11-18T21:30:07.766+0000] {dag.py:3089} INFO - Sync 1 DAGs
[2025-11-18T21:30:07.775+0000] {logging_mixin.py:188} INFO - [2025-11-18T21:30:07.775+0000] {dag.py:3947} INFO - Setting next_dagrun for etl_label_studio to 2025-11-18 03:00:00+00:00, run_after=2025-11-19 03:00:00+00:00
[2025-11-18T21:30:07.781+0000] {processor.py:183} INFO - Processing /opt/airflow/dags/pipeline_label_studio.py took 0.039 seconds
[2025-11-18T21:30:38.043+0000] {processor.py:161} INFO - Started process (PID=776) to work on /opt/airflow/dags/pipeline_label_studio.py
[2025-11-18T21:30:38.044+0000] {processor.py:830} INFO - Processing file /opt/airflow/dags/pipeline_label_studio.py for tasks to queue
[2025-11-18T21:30:38.044+0000] {logging_mixin.py:188} INFO - [2025-11-18T21:30:38.044+0000] {dagbag.py:545} INFO - Filling up the DagBag from /opt/airflow/dags/pipeline_label_studio.py
[2025-11-18T21:30:38.049+0000] {processor.py:840} INFO - DAG(s) 'etl_label_studio' retrieved from /opt/airflow/dags/pipeline_label_studio.py
[2025-11-18T21:30:38.061+0000] {logging_mixin.py:188} INFO - [2025-11-18T21:30:38.061+0000] {dag.py:3089} INFO - Sync 1 DAGs
[2025-11-18T21:30:38.069+0000] {logging_mixin.py:188} INFO - [2025-11-18T21:30:38.069+0000] {dag.py:3947} INFO - Setting next_dagrun for etl_label_studio to 2025-11-18 03:00:00+00:00, run_after=2025-11-19 03:00:00+00:00
[2025-11-18T21:30:38.075+0000] {processor.py:183} INFO - Processing /opt/airflow/dags/pipeline_label_studio.py took 0.034 seconds
[2025-11-18T21:31:08.422+0000] {processor.py:161} INFO - Started process (PID=791) to work on /opt/airflow/dags/pipeline_label_studio.py
[2025-11-18T21:31:08.422+0000] {processor.py:830} INFO - Processing file /opt/airflow/dags/pipeline_label_studio.py for tasks to queue
[2025-11-18T21:31:08.423+0000] {logging_mixin.py:188} INFO - [2025-11-18T21:31:08.422+0000] {dagbag.py:545} INFO - Filling up the DagBag from /opt/airflow/dags/pipeline_label_studio.py
[2025-11-18T21:31:08.427+0000] {processor.py:840} INFO - DAG(s) 'etl_label_studio' retrieved from /opt/airflow/dags/pipeline_label_studio.py
[2025-11-18T21:31:08.438+0000] {logging_mixin.py:188} INFO - [2025-11-18T21:31:08.438+0000] {dag.py:3089} INFO - Sync 1 DAGs
[2025-11-18T21:31:08.446+0000] {logging_mixin.py:188} INFO - [2025-11-18T21:31:08.446+0000] {dag.py:3947} INFO - Setting next_dagrun for etl_label_studio to 2025-11-18 03:00:00+00:00, run_after=2025-11-19 03:00:00+00:00
[2025-11-18T21:31:08.452+0000] {processor.py:183} INFO - Processing /opt/airflow/dags/pipeline_label_studio.py took 0.033 seconds
[2025-11-18T21:31:38.736+0000] {processor.py:161} INFO - Started process (PID=804) to work on /opt/airflow/dags/pipeline_label_studio.py
[2025-11-18T21:31:38.736+0000] {processor.py:830} INFO - Processing file /opt/airflow/dags/pipeline_label_studio.py for tasks to queue
[2025-11-18T21:31:38.737+0000] {logging_mixin.py:188} INFO - [2025-11-18T21:31:38.737+0000] {dagbag.py:545} INFO - Filling up the DagBag from /opt/airflow/dags/pipeline_label_studio.py
[2025-11-18T21:31:38.743+0000] {processor.py:840} INFO - DAG(s) 'etl_label_studio' retrieved from /opt/airflow/dags/pipeline_label_studio.py
[2025-11-18T21:31:38.754+0000] {logging_mixin.py:188} INFO - [2025-11-18T21:31:38.754+0000] {dag.py:3089} INFO - Sync 1 DAGs
[2025-11-18T21:31:38.763+0000] {logging_mixin.py:188} INFO - [2025-11-18T21:31:38.763+0000] {dag.py:3947} INFO - Setting next_dagrun for etl_label_studio to 2025-11-18 03:00:00+00:00, run_after=2025-11-19 03:00:00+00:00
[2025-11-18T21:31:38.769+0000] {processor.py:183} INFO - Processing /opt/airflow/dags/pipeline_label_studio.py took 0.036 seconds
[2025-11-18T21:32:09.259+0000] {processor.py:161} INFO - Started process (PID=851) to work on /opt/airflow/dags/pipeline_label_studio.py
[2025-11-18T21:32:09.259+0000] {processor.py:830} INFO - Processing file /opt/airflow/dags/pipeline_label_studio.py for tasks to queue
[2025-11-18T21:32:09.260+0000] {logging_mixin.py:188} INFO - [2025-11-18T21:32:09.260+0000] {dagbag.py:545} INFO - Filling up the DagBag from /opt/airflow/dags/pipeline_label_studio.py
[2025-11-18T21:32:09.266+0000] {processor.py:840} INFO - DAG(s) 'etl_label_studio' retrieved from /opt/airflow/dags/pipeline_label_studio.py
[2025-11-18T21:32:09.279+0000] {logging_mixin.py:188} INFO - [2025-11-18T21:32:09.279+0000] {dag.py:3089} INFO - Sync 1 DAGs
[2025-11-18T21:32:09.290+0000] {logging_mixin.py:188} INFO - [2025-11-18T21:32:09.289+0000] {dag.py:3947} INFO - Setting next_dagrun for etl_label_studio to 2025-11-18 03:00:00+00:00, run_after=2025-11-19 03:00:00+00:00
[2025-11-18T21:32:09.296+0000] {processor.py:183} INFO - Processing /opt/airflow/dags/pipeline_label_studio.py took 0.040 seconds
[2025-11-18T21:32:39.700+0000] {processor.py:161} INFO - Started process (PID=881) to work on /opt/airflow/dags/pipeline_label_studio.py
[2025-11-18T21:32:39.700+0000] {processor.py:830} INFO - Processing file /opt/airflow/dags/pipeline_label_studio.py for tasks to queue
[2025-11-18T21:32:39.701+0000] {logging_mixin.py:188} INFO - [2025-11-18T21:32:39.701+0000] {dagbag.py:545} INFO - Filling up the DagBag from /opt/airflow/dags/pipeline_label_studio.py
[2025-11-18T21:32:39.706+0000] {processor.py:840} INFO - DAG(s) 'etl_label_studio' retrieved from /opt/airflow/dags/pipeline_label_studio.py
[2025-11-18T21:32:39.717+0000] {logging_mixin.py:188} INFO - [2025-11-18T21:32:39.717+0000] {dag.py:3089} INFO - Sync 1 DAGs
[2025-11-18T21:32:39.727+0000] {logging_mixin.py:188} INFO - [2025-11-18T21:32:39.727+0000] {dag.py:3947} INFO - Setting next_dagrun for etl_label_studio to 2025-11-18 03:00:00+00:00, run_after=2025-11-19 03:00:00+00:00
[2025-11-18T21:32:39.733+0000] {processor.py:183} INFO - Processing /opt/airflow/dags/pipeline_label_studio.py took 0.035 seconds
[2025-11-18T21:33:10.106+0000] {processor.py:161} INFO - Started process (PID=896) to work on /opt/airflow/dags/pipeline_label_studio.py
[2025-11-18T21:33:10.106+0000] {processor.py:830} INFO - Processing file /opt/airflow/dags/pipeline_label_studio.py for tasks to queue
[2025-11-18T21:33:10.107+0000] {logging_mixin.py:188} INFO - [2025-11-18T21:33:10.107+0000] {dagbag.py:545} INFO - Filling up the DagBag from /opt/airflow/dags/pipeline_label_studio.py
[2025-11-18T21:33:10.113+0000] {processor.py:840} INFO - DAG(s) 'etl_label_studio' retrieved from /opt/airflow/dags/pipeline_label_studio.py
[2025-11-18T21:33:10.126+0000] {logging_mixin.py:188} INFO - [2025-11-18T21:33:10.126+0000] {dag.py:3089} INFO - Sync 1 DAGs
[2025-11-18T21:33:10.136+0000] {logging_mixin.py:188} INFO - [2025-11-18T21:33:10.136+0000] {dag.py:3947} INFO - Setting next_dagrun for etl_label_studio to 2025-11-18 03:00:00+00:00, run_after=2025-11-19 03:00:00+00:00
[2025-11-18T21:33:10.143+0000] {processor.py:183} INFO - Processing /opt/airflow/dags/pipeline_label_studio.py took 0.040 seconds
[2025-11-18T21:33:40.405+0000] {processor.py:161} INFO - Started process (PID=911) to work on /opt/airflow/dags/pipeline_label_studio.py
[2025-11-18T21:33:40.405+0000] {processor.py:830} INFO - Processing file /opt/airflow/dags/pipeline_label_studio.py for tasks to queue
[2025-11-18T21:33:40.406+0000] {logging_mixin.py:188} INFO - [2025-11-18T21:33:40.405+0000] {dagbag.py:545} INFO - Filling up the DagBag from /opt/airflow/dags/pipeline_label_studio.py
[2025-11-18T21:33:40.410+0000] {processor.py:840} INFO - DAG(s) 'etl_label_studio' retrieved from /opt/airflow/dags/pipeline_label_studio.py
[2025-11-18T21:33:40.423+0000] {logging_mixin.py:188} INFO - [2025-11-18T21:33:40.423+0000] {dag.py:3089} INFO - Sync 1 DAGs
[2025-11-18T21:33:40.433+0000] {logging_mixin.py:188} INFO - [2025-11-18T21:33:40.433+0000] {dag.py:3947} INFO - Setting next_dagrun for etl_label_studio to 2025-11-18 03:00:00+00:00, run_after=2025-11-19 03:00:00+00:00
[2025-11-18T21:33:40.439+0000] {processor.py:183} INFO - Processing /opt/airflow/dags/pipeline_label_studio.py took 0.036 seconds
[2025-11-18T21:34:10.798+0000] {processor.py:161} INFO - Started process (PID=926) to work on /opt/airflow/dags/pipeline_label_studio.py
[2025-11-18T21:34:10.799+0000] {processor.py:830} INFO - Processing file /opt/airflow/dags/pipeline_label_studio.py for tasks to queue
[2025-11-18T21:34:10.801+0000] {logging_mixin.py:188} INFO - [2025-11-18T21:34:10.801+0000] {dagbag.py:545} INFO - Filling up the DagBag from /opt/airflow/dags/pipeline_label_studio.py
[2025-11-18T21:34:10.816+0000] {processor.py:840} INFO - DAG(s) 'etl_label_studio' retrieved from /opt/airflow/dags/pipeline_label_studio.py
[2025-11-18T21:34:10.873+0000] {logging_mixin.py:188} INFO - [2025-11-18T21:34:10.873+0000] {dag.py:3089} INFO - Sync 1 DAGs
[2025-11-18T21:34:10.922+0000] {logging_mixin.py:188} INFO - [2025-11-18T21:34:10.922+0000] {dag.py:3947} INFO - Setting next_dagrun for etl_label_studio to 2025-11-18 03:00:00+00:00, run_after=2025-11-19 03:00:00+00:00
[2025-11-18T21:34:10.949+0000] {processor.py:183} INFO - Processing /opt/airflow/dags/pipeline_label_studio.py took 0.156 seconds
[2025-11-18T21:34:41.144+0000] {processor.py:161} INFO - Started process (PID=941) to work on /opt/airflow/dags/pipeline_label_studio.py
[2025-11-18T21:34:41.145+0000] {processor.py:830} INFO - Processing file /opt/airflow/dags/pipeline_label_studio.py for tasks to queue
[2025-11-18T21:34:41.146+0000] {logging_mixin.py:188} INFO - [2025-11-18T21:34:41.145+0000] {dagbag.py:545} INFO - Filling up the DagBag from /opt/airflow/dags/pipeline_label_studio.py
[2025-11-18T21:34:41.150+0000] {processor.py:840} INFO - DAG(s) 'etl_label_studio' retrieved from /opt/airflow/dags/pipeline_label_studio.py
[2025-11-18T21:34:41.160+0000] {logging_mixin.py:188} INFO - [2025-11-18T21:34:41.160+0000] {dag.py:3089} INFO - Sync 1 DAGs
[2025-11-18T21:34:41.168+0000] {logging_mixin.py:188} INFO - [2025-11-18T21:34:41.168+0000] {dag.py:3947} INFO - Setting next_dagrun for etl_label_studio to 2025-11-18 03:00:00+00:00, run_after=2025-11-19 03:00:00+00:00
[2025-11-18T21:34:41.174+0000] {processor.py:183} INFO - Processing /opt/airflow/dags/pipeline_label_studio.py took 0.032 seconds
[2025-11-18T21:35:11.499+0000] {processor.py:161} INFO - Started process (PID=956) to work on /opt/airflow/dags/pipeline_label_studio.py
[2025-11-18T21:35:11.499+0000] {processor.py:830} INFO - Processing file /opt/airflow/dags/pipeline_label_studio.py for tasks to queue
[2025-11-18T21:35:11.500+0000] {logging_mixin.py:188} INFO - [2025-11-18T21:35:11.500+0000] {dagbag.py:545} INFO - Filling up the DagBag from /opt/airflow/dags/pipeline_label_studio.py
[2025-11-18T21:35:11.505+0000] {processor.py:840} INFO - DAG(s) 'etl_label_studio' retrieved from /opt/airflow/dags/pipeline_label_studio.py
[2025-11-18T21:35:11.517+0000] {logging_mixin.py:188} INFO - [2025-11-18T21:35:11.517+0000] {dag.py:3089} INFO - Sync 1 DAGs
[2025-11-18T21:35:11.526+0000] {logging_mixin.py:188} INFO - [2025-11-18T21:35:11.526+0000] {dag.py:3947} INFO - Setting next_dagrun for etl_label_studio to 2025-11-18 03:00:00+00:00, run_after=2025-11-19 03:00:00+00:00
[2025-11-18T21:35:11.534+0000] {processor.py:183} INFO - Processing /opt/airflow/dags/pipeline_label_studio.py took 0.037 seconds
[2025-11-18T21:35:41.893+0000] {processor.py:161} INFO - Started process (PID=971) to work on /opt/airflow/dags/pipeline_label_studio.py
[2025-11-18T21:35:41.893+0000] {processor.py:830} INFO - Processing file /opt/airflow/dags/pipeline_label_studio.py for tasks to queue
[2025-11-18T21:35:41.895+0000] {logging_mixin.py:188} INFO - [2025-11-18T21:35:41.894+0000] {dagbag.py:545} INFO - Filling up the DagBag from /opt/airflow/dags/pipeline_label_studio.py
[2025-11-18T21:35:41.901+0000] {processor.py:840} INFO - DAG(s) 'etl_label_studio' retrieved from /opt/airflow/dags/pipeline_label_studio.py
[2025-11-18T21:35:41.913+0000] {logging_mixin.py:188} INFO - [2025-11-18T21:35:41.913+0000] {dag.py:3089} INFO - Sync 1 DAGs
[2025-11-18T21:35:41.923+0000] {logging_mixin.py:188} INFO - [2025-11-18T21:35:41.922+0000] {dag.py:3947} INFO - Setting next_dagrun for etl_label_studio to 2025-11-18 03:00:00+00:00, run_after=2025-11-19 03:00:00+00:00
[2025-11-18T21:35:41.929+0000] {processor.py:183} INFO - Processing /opt/airflow/dags/pipeline_label_studio.py took 0.039 seconds
[2025-11-18T21:36:12.323+0000] {processor.py:161} INFO - Started process (PID=986) to work on /opt/airflow/dags/pipeline_label_studio.py
[2025-11-18T21:36:12.323+0000] {processor.py:830} INFO - Processing file /opt/airflow/dags/pipeline_label_studio.py for tasks to queue
[2025-11-18T21:36:12.324+0000] {logging_mixin.py:188} INFO - [2025-11-18T21:36:12.324+0000] {dagbag.py:545} INFO - Filling up the DagBag from /opt/airflow/dags/pipeline_label_studio.py
[2025-11-18T21:36:12.330+0000] {processor.py:840} INFO - DAG(s) 'etl_label_studio' retrieved from /opt/airflow/dags/pipeline_label_studio.py
[2025-11-18T21:36:12.350+0000] {logging_mixin.py:188} INFO - [2025-11-18T21:36:12.350+0000] {dag.py:3089} INFO - Sync 1 DAGs
[2025-11-18T21:36:12.363+0000] {logging_mixin.py:188} INFO - [2025-11-18T21:36:12.363+0000] {dag.py:3947} INFO - Setting next_dagrun for etl_label_studio to 2025-11-18 03:00:00+00:00, run_after=2025-11-19 03:00:00+00:00
[2025-11-18T21:36:12.371+0000] {processor.py:183} INFO - Processing /opt/airflow/dags/pipeline_label_studio.py took 0.052 seconds
[2025-11-18T21:36:42.686+0000] {processor.py:161} INFO - Started process (PID=1001) to work on /opt/airflow/dags/pipeline_label_studio.py
[2025-11-18T21:36:42.687+0000] {processor.py:830} INFO - Processing file /opt/airflow/dags/pipeline_label_studio.py for tasks to queue
[2025-11-18T21:36:42.688+0000] {logging_mixin.py:188} INFO - [2025-11-18T21:36:42.687+0000] {dagbag.py:545} INFO - Filling up the DagBag from /opt/airflow/dags/pipeline_label_studio.py
[2025-11-18T21:36:42.697+0000] {processor.py:840} INFO - DAG(s) 'etl_label_studio' retrieved from /opt/airflow/dags/pipeline_label_studio.py
[2025-11-18T21:36:42.709+0000] {logging_mixin.py:188} INFO - [2025-11-18T21:36:42.709+0000] {dag.py:3089} INFO - Sync 1 DAGs
[2025-11-18T21:36:42.717+0000] {logging_mixin.py:188} INFO - [2025-11-18T21:36:42.717+0000] {dag.py:3947} INFO - Setting next_dagrun for etl_label_studio to 2025-11-18 03:00:00+00:00, run_after=2025-11-19 03:00:00+00:00
[2025-11-18T21:36:42.724+0000] {processor.py:183} INFO - Processing /opt/airflow/dags/pipeline_label_studio.py took 0.040 seconds
[2025-11-18T21:37:13.043+0000] {processor.py:161} INFO - Started process (PID=1016) to work on /opt/airflow/dags/pipeline_label_studio.py
[2025-11-18T21:37:13.044+0000] {processor.py:830} INFO - Processing file /opt/airflow/dags/pipeline_label_studio.py for tasks to queue
[2025-11-18T21:37:13.044+0000] {logging_mixin.py:188} INFO - [2025-11-18T21:37:13.044+0000] {dagbag.py:545} INFO - Filling up the DagBag from /opt/airflow/dags/pipeline_label_studio.py
[2025-11-18T21:37:13.049+0000] {processor.py:840} INFO - DAG(s) 'etl_label_studio' retrieved from /opt/airflow/dags/pipeline_label_studio.py
[2025-11-18T21:37:13.065+0000] {logging_mixin.py:188} INFO - [2025-11-18T21:37:13.065+0000] {dag.py:3089} INFO - Sync 1 DAGs
[2025-11-18T21:37:13.075+0000] {logging_mixin.py:188} INFO - [2025-11-18T21:37:13.075+0000] {dag.py:3947} INFO - Setting next_dagrun for etl_label_studio to 2025-11-18 03:00:00+00:00, run_after=2025-11-19 03:00:00+00:00
[2025-11-18T21:37:13.082+0000] {processor.py:183} INFO - Processing /opt/airflow/dags/pipeline_label_studio.py took 0.043 seconds
[2025-11-18T21:37:43.362+0000] {processor.py:161} INFO - Started process (PID=1031) to work on /opt/airflow/dags/pipeline_label_studio.py
[2025-11-18T21:37:43.363+0000] {processor.py:830} INFO - Processing file /opt/airflow/dags/pipeline_label_studio.py for tasks to queue
[2025-11-18T21:37:43.363+0000] {logging_mixin.py:188} INFO - [2025-11-18T21:37:43.363+0000] {dagbag.py:545} INFO - Filling up the DagBag from /opt/airflow/dags/pipeline_label_studio.py
[2025-11-18T21:37:43.368+0000] {processor.py:840} INFO - DAG(s) 'etl_label_studio' retrieved from /opt/airflow/dags/pipeline_label_studio.py
[2025-11-18T21:37:43.378+0000] {logging_mixin.py:188} INFO - [2025-11-18T21:37:43.378+0000] {dag.py:3089} INFO - Sync 1 DAGs
[2025-11-18T21:37:43.387+0000] {logging_mixin.py:188} INFO - [2025-11-18T21:37:43.386+0000] {dag.py:3947} INFO - Setting next_dagrun for etl_label_studio to 2025-11-18 03:00:00+00:00, run_after=2025-11-19 03:00:00+00:00
[2025-11-18T21:37:43.393+0000] {processor.py:183} INFO - Processing /opt/airflow/dags/pipeline_label_studio.py took 0.033 seconds
[2025-11-18T21:38:13.700+0000] {processor.py:161} INFO - Started process (PID=1046) to work on /opt/airflow/dags/pipeline_label_studio.py
[2025-11-18T21:38:13.700+0000] {processor.py:830} INFO - Processing file /opt/airflow/dags/pipeline_label_studio.py for tasks to queue
[2025-11-18T21:38:13.701+0000] {logging_mixin.py:188} INFO - [2025-11-18T21:38:13.701+0000] {dagbag.py:545} INFO - Filling up the DagBag from /opt/airflow/dags/pipeline_label_studio.py
[2025-11-18T21:38:13.706+0000] {processor.py:840} INFO - DAG(s) 'etl_label_studio' retrieved from /opt/airflow/dags/pipeline_label_studio.py
[2025-11-18T21:38:13.719+0000] {logging_mixin.py:188} INFO - [2025-11-18T21:38:13.719+0000] {dag.py:3089} INFO - Sync 1 DAGs
[2025-11-18T21:38:13.728+0000] {logging_mixin.py:188} INFO - [2025-11-18T21:38:13.728+0000] {dag.py:3947} INFO - Setting next_dagrun for etl_label_studio to 2025-11-18 03:00:00+00:00, run_after=2025-11-19 03:00:00+00:00
[2025-11-18T21:38:13.735+0000] {processor.py:183} INFO - Processing /opt/airflow/dags/pipeline_label_studio.py took 0.037 seconds
[2025-11-18T21:38:44.120+0000] {processor.py:161} INFO - Started process (PID=1061) to work on /opt/airflow/dags/pipeline_label_studio.py
[2025-11-18T21:38:44.120+0000] {processor.py:830} INFO - Processing file /opt/airflow/dags/pipeline_label_studio.py for tasks to queue
[2025-11-18T21:38:44.121+0000] {logging_mixin.py:188} INFO - [2025-11-18T21:38:44.121+0000] {dagbag.py:545} INFO - Filling up the DagBag from /opt/airflow/dags/pipeline_label_studio.py
[2025-11-18T21:38:44.125+0000] {processor.py:840} INFO - DAG(s) 'etl_label_studio' retrieved from /opt/airflow/dags/pipeline_label_studio.py
[2025-11-18T21:38:44.137+0000] {logging_mixin.py:188} INFO - [2025-11-18T21:38:44.137+0000] {dag.py:3089} INFO - Sync 1 DAGs
[2025-11-18T21:38:44.145+0000] {logging_mixin.py:188} INFO - [2025-11-18T21:38:44.145+0000] {dag.py:3947} INFO - Setting next_dagrun for etl_label_studio to 2025-11-18 03:00:00+00:00, run_after=2025-11-19 03:00:00+00:00
[2025-11-18T21:38:44.151+0000] {processor.py:183} INFO - Processing /opt/airflow/dags/pipeline_label_studio.py took 0.033 seconds
[2025-11-18T21:39:14.519+0000] {processor.py:161} INFO - Started process (PID=1076) to work on /opt/airflow/dags/pipeline_label_studio.py
[2025-11-18T21:39:14.520+0000] {processor.py:830} INFO - Processing file /opt/airflow/dags/pipeline_label_studio.py for tasks to queue
[2025-11-18T21:39:14.520+0000] {logging_mixin.py:188} INFO - [2025-11-18T21:39:14.520+0000] {dagbag.py:545} INFO - Filling up the DagBag from /opt/airflow/dags/pipeline_label_studio.py
[2025-11-18T21:39:14.526+0000] {processor.py:840} INFO - DAG(s) 'etl_label_studio' retrieved from /opt/airflow/dags/pipeline_label_studio.py
[2025-11-18T21:39:14.540+0000] {logging_mixin.py:188} INFO - [2025-11-18T21:39:14.540+0000] {dag.py:3089} INFO - Sync 1 DAGs
[2025-11-18T21:39:14.551+0000] {logging_mixin.py:188} INFO - [2025-11-18T21:39:14.551+0000] {dag.py:3947} INFO - Setting next_dagrun for etl_label_studio to 2025-11-18 03:00:00+00:00, run_after=2025-11-19 03:00:00+00:00
[2025-11-18T21:39:14.558+0000] {processor.py:183} INFO - Processing /opt/airflow/dags/pipeline_label_studio.py took 0.041 seconds
[2025-11-18T21:39:44.923+0000] {processor.py:161} INFO - Started process (PID=1091) to work on /opt/airflow/dags/pipeline_label_studio.py
[2025-11-18T21:39:44.923+0000] {processor.py:830} INFO - Processing file /opt/airflow/dags/pipeline_label_studio.py for tasks to queue
[2025-11-18T21:39:44.923+0000] {logging_mixin.py:188} INFO - [2025-11-18T21:39:44.923+0000] {dagbag.py:545} INFO - Filling up the DagBag from /opt/airflow/dags/pipeline_label_studio.py
[2025-11-18T21:39:44.928+0000] {processor.py:840} INFO - DAG(s) 'etl_label_studio' retrieved from /opt/airflow/dags/pipeline_label_studio.py
[2025-11-18T21:39:44.939+0000] {logging_mixin.py:188} INFO - [2025-11-18T21:39:44.938+0000] {dag.py:3089} INFO - Sync 1 DAGs
[2025-11-18T21:39:44.946+0000] {logging_mixin.py:188} INFO - [2025-11-18T21:39:44.946+0000] {dag.py:3947} INFO - Setting next_dagrun for etl_label_studio to 2025-11-18 03:00:00+00:00, run_after=2025-11-19 03:00:00+00:00
[2025-11-18T21:39:44.953+0000] {processor.py:183} INFO - Processing /opt/airflow/dags/pipeline_label_studio.py took 0.032 seconds
[2025-11-18T21:40:15.360+0000] {processor.py:161} INFO - Started process (PID=1106) to work on /opt/airflow/dags/pipeline_label_studio.py
[2025-11-18T21:40:15.360+0000] {processor.py:830} INFO - Processing file /opt/airflow/dags/pipeline_label_studio.py for tasks to queue
[2025-11-18T21:40:15.361+0000] {logging_mixin.py:188} INFO - [2025-11-18T21:40:15.361+0000] {dagbag.py:545} INFO - Filling up the DagBag from /opt/airflow/dags/pipeline_label_studio.py
[2025-11-18T21:40:15.367+0000] {processor.py:840} INFO - DAG(s) 'etl_label_studio' retrieved from /opt/airflow/dags/pipeline_label_studio.py
[2025-11-18T21:40:15.379+0000] {logging_mixin.py:188} INFO - [2025-11-18T21:40:15.379+0000] {dag.py:3089} INFO - Sync 1 DAGs
[2025-11-18T21:40:15.389+0000] {logging_mixin.py:188} INFO - [2025-11-18T21:40:15.389+0000] {dag.py:3947} INFO - Setting next_dagrun for etl_label_studio to 2025-11-18 03:00:00+00:00, run_after=2025-11-19 03:00:00+00:00
[2025-11-18T21:40:15.395+0000] {processor.py:183} INFO - Processing /opt/airflow/dags/pipeline_label_studio.py took 0.038 seconds
[2025-11-18T21:40:45.713+0000] {processor.py:161} INFO - Started process (PID=1121) to work on /opt/airflow/dags/pipeline_label_studio.py
[2025-11-18T21:40:45.713+0000] {processor.py:830} INFO - Processing file /opt/airflow/dags/pipeline_label_studio.py for tasks to queue
[2025-11-18T21:40:45.714+0000] {logging_mixin.py:188} INFO - [2025-11-18T21:40:45.713+0000] {dagbag.py:545} INFO - Filling up the DagBag from /opt/airflow/dags/pipeline_label_studio.py
[2025-11-18T21:40:45.720+0000] {processor.py:840} INFO - DAG(s) 'etl_label_studio' retrieved from /opt/airflow/dags/pipeline_label_studio.py
[2025-11-18T21:40:45.746+0000] {logging_mixin.py:188} INFO - [2025-11-18T21:40:45.746+0000] {dag.py:3089} INFO - Sync 1 DAGs
[2025-11-18T21:40:45.756+0000] {logging_mixin.py:188} INFO - [2025-11-18T21:40:45.756+0000] {dag.py:3947} INFO - Setting next_dagrun for etl_label_studio to 2025-11-18 03:00:00+00:00, run_after=2025-11-19 03:00:00+00:00
[2025-11-18T21:40:45.763+0000] {processor.py:183} INFO - Processing /opt/airflow/dags/pipeline_label_studio.py took 0.053 seconds
[2025-11-18T21:41:16.148+0000] {processor.py:161} INFO - Started process (PID=1136) to work on /opt/airflow/dags/pipeline_label_studio.py
[2025-11-18T21:41:16.148+0000] {processor.py:830} INFO - Processing file /opt/airflow/dags/pipeline_label_studio.py for tasks to queue
[2025-11-18T21:41:16.149+0000] {logging_mixin.py:188} INFO - [2025-11-18T21:41:16.149+0000] {dagbag.py:545} INFO - Filling up the DagBag from /opt/airflow/dags/pipeline_label_studio.py
[2025-11-18T21:41:16.153+0000] {processor.py:840} INFO - DAG(s) 'etl_label_studio' retrieved from /opt/airflow/dags/pipeline_label_studio.py
[2025-11-18T21:41:16.163+0000] {logging_mixin.py:188} INFO - [2025-11-18T21:41:16.163+0000] {dag.py:3089} INFO - Sync 1 DAGs
[2025-11-18T21:41:16.171+0000] {logging_mixin.py:188} INFO - [2025-11-18T21:41:16.171+0000] {dag.py:3947} INFO - Setting next_dagrun for etl_label_studio to 2025-11-18 03:00:00+00:00, run_after=2025-11-19 03:00:00+00:00
[2025-11-18T21:41:16.178+0000] {processor.py:183} INFO - Processing /opt/airflow/dags/pipeline_label_studio.py took 0.032 seconds
[2025-11-18T21:41:46.476+0000] {processor.py:161} INFO - Started process (PID=1151) to work on /opt/airflow/dags/pipeline_label_studio.py
[2025-11-18T21:41:46.476+0000] {processor.py:830} INFO - Processing file /opt/airflow/dags/pipeline_label_studio.py for tasks to queue
[2025-11-18T21:41:46.477+0000] {logging_mixin.py:188} INFO - [2025-11-18T21:41:46.477+0000] {dagbag.py:545} INFO - Filling up the DagBag from /opt/airflow/dags/pipeline_label_studio.py
[2025-11-18T21:41:46.481+0000] {processor.py:840} INFO - DAG(s) 'etl_label_studio' retrieved from /opt/airflow/dags/pipeline_label_studio.py
[2025-11-18T21:41:46.493+0000] {logging_mixin.py:188} INFO - [2025-11-18T21:41:46.493+0000] {dag.py:3089} INFO - Sync 1 DAGs
[2025-11-18T21:41:46.502+0000] {logging_mixin.py:188} INFO - [2025-11-18T21:41:46.502+0000] {dag.py:3947} INFO - Setting next_dagrun for etl_label_studio to 2025-11-18 03:00:00+00:00, run_after=2025-11-19 03:00:00+00:00
[2025-11-18T21:41:46.508+0000] {processor.py:183} INFO - Processing /opt/airflow/dags/pipeline_label_studio.py took 0.034 seconds
[2025-11-18T21:42:16.828+0000] {processor.py:161} INFO - Started process (PID=1166) to work on /opt/airflow/dags/pipeline_label_studio.py
[2025-11-18T21:42:16.828+0000] {processor.py:830} INFO - Processing file /opt/airflow/dags/pipeline_label_studio.py for tasks to queue
[2025-11-18T21:42:16.829+0000] {logging_mixin.py:188} INFO - [2025-11-18T21:42:16.829+0000] {dagbag.py:545} INFO - Filling up the DagBag from /opt/airflow/dags/pipeline_label_studio.py
[2025-11-18T21:42:16.835+0000] {processor.py:840} INFO - DAG(s) 'etl_label_studio' retrieved from /opt/airflow/dags/pipeline_label_studio.py
[2025-11-18T21:42:16.852+0000] {logging_mixin.py:188} INFO - [2025-11-18T21:42:16.852+0000] {dag.py:3089} INFO - Sync 1 DAGs
[2025-11-18T21:42:16.860+0000] {logging_mixin.py:188} INFO - [2025-11-18T21:42:16.860+0000] {dag.py:3947} INFO - Setting next_dagrun for etl_label_studio to 2025-11-18 03:00:00+00:00, run_after=2025-11-19 03:00:00+00:00
[2025-11-18T21:42:16.866+0000] {processor.py:183} INFO - Processing /opt/airflow/dags/pipeline_label_studio.py took 0.040 seconds
[2025-11-18T21:42:47.157+0000] {processor.py:161} INFO - Started process (PID=1181) to work on /opt/airflow/dags/pipeline_label_studio.py
[2025-11-18T21:42:47.157+0000] {processor.py:830} INFO - Processing file /opt/airflow/dags/pipeline_label_studio.py for tasks to queue
[2025-11-18T21:42:47.158+0000] {logging_mixin.py:188} INFO - [2025-11-18T21:42:47.158+0000] {dagbag.py:545} INFO - Filling up the DagBag from /opt/airflow/dags/pipeline_label_studio.py
[2025-11-18T21:42:47.163+0000] {processor.py:840} INFO - DAG(s) 'etl_label_studio' retrieved from /opt/airflow/dags/pipeline_label_studio.py
[2025-11-18T21:42:47.175+0000] {logging_mixin.py:188} INFO - [2025-11-18T21:42:47.175+0000] {dag.py:3089} INFO - Sync 1 DAGs
[2025-11-18T21:42:47.184+0000] {logging_mixin.py:188} INFO - [2025-11-18T21:42:47.184+0000] {dag.py:3947} INFO - Setting next_dagrun for etl_label_studio to 2025-11-18 03:00:00+00:00, run_after=2025-11-19 03:00:00+00:00
[2025-11-18T21:42:47.190+0000] {processor.py:183} INFO - Processing /opt/airflow/dags/pipeline_label_studio.py took 0.036 seconds
[2025-11-18T21:43:17.491+0000] {processor.py:161} INFO - Started process (PID=1196) to work on /opt/airflow/dags/pipeline_label_studio.py
[2025-11-18T21:43:17.491+0000] {processor.py:830} INFO - Processing file /opt/airflow/dags/pipeline_label_studio.py for tasks to queue
[2025-11-18T21:43:17.492+0000] {logging_mixin.py:188} INFO - [2025-11-18T21:43:17.492+0000] {dagbag.py:545} INFO - Filling up the DagBag from /opt/airflow/dags/pipeline_label_studio.py
[2025-11-18T21:43:17.500+0000] {processor.py:840} INFO - DAG(s) 'etl_label_studio' retrieved from /opt/airflow/dags/pipeline_label_studio.py
[2025-11-18T21:43:17.514+0000] {logging_mixin.py:188} INFO - [2025-11-18T21:43:17.514+0000] {dag.py:3089} INFO - Sync 1 DAGs
[2025-11-18T21:43:17.523+0000] {logging_mixin.py:188} INFO - [2025-11-18T21:43:17.523+0000] {dag.py:3947} INFO - Setting next_dagrun for etl_label_studio to 2025-11-18 03:00:00+00:00, run_after=2025-11-19 03:00:00+00:00
[2025-11-18T21:43:17.529+0000] {processor.py:183} INFO - Processing /opt/airflow/dags/pipeline_label_studio.py took 0.041 seconds
[2025-11-18T21:43:47.937+0000] {processor.py:161} INFO - Started process (PID=1211) to work on /opt/airflow/dags/pipeline_label_studio.py
[2025-11-18T21:43:47.937+0000] {processor.py:830} INFO - Processing file /opt/airflow/dags/pipeline_label_studio.py for tasks to queue
[2025-11-18T21:43:47.938+0000] {logging_mixin.py:188} INFO - [2025-11-18T21:43:47.938+0000] {dagbag.py:545} INFO - Filling up the DagBag from /opt/airflow/dags/pipeline_label_studio.py
[2025-11-18T21:43:47.942+0000] {processor.py:840} INFO - DAG(s) 'etl_label_studio' retrieved from /opt/airflow/dags/pipeline_label_studio.py
[2025-11-18T21:43:47.954+0000] {logging_mixin.py:188} INFO - [2025-11-18T21:43:47.954+0000] {dag.py:3089} INFO - Sync 1 DAGs
[2025-11-18T21:43:47.962+0000] {logging_mixin.py:188} INFO - [2025-11-18T21:43:47.962+0000] {dag.py:3947} INFO - Setting next_dagrun for etl_label_studio to 2025-11-18 03:00:00+00:00, run_after=2025-11-19 03:00:00+00:00
[2025-11-18T21:43:47.969+0000] {processor.py:183} INFO - Processing /opt/airflow/dags/pipeline_label_studio.py took 0.034 seconds
[2025-11-18T21:44:18.515+0000] {processor.py:161} INFO - Started process (PID=1226) to work on /opt/airflow/dags/pipeline_label_studio.py
[2025-11-18T21:44:18.515+0000] {processor.py:830} INFO - Processing file /opt/airflow/dags/pipeline_label_studio.py for tasks to queue
[2025-11-18T21:44:18.516+0000] {logging_mixin.py:188} INFO - [2025-11-18T21:44:18.516+0000] {dagbag.py:545} INFO - Filling up the DagBag from /opt/airflow/dags/pipeline_label_studio.py
[2025-11-18T21:44:18.521+0000] {processor.py:840} INFO - DAG(s) 'etl_label_studio' retrieved from /opt/airflow/dags/pipeline_label_studio.py
[2025-11-18T21:44:18.534+0000] {logging_mixin.py:188} INFO - [2025-11-18T21:44:18.534+0000] {dag.py:3089} INFO - Sync 1 DAGs
[2025-11-18T21:44:18.544+0000] {logging_mixin.py:188} INFO - [2025-11-18T21:44:18.544+0000] {dag.py:3947} INFO - Setting next_dagrun for etl_label_studio to 2025-11-18 03:00:00+00:00, run_after=2025-11-19 03:00:00+00:00
[2025-11-18T21:44:18.551+0000] {processor.py:183} INFO - Processing /opt/airflow/dags/pipeline_label_studio.py took 0.039 seconds
[2025-11-18T21:44:48.913+0000] {processor.py:161} INFO - Started process (PID=1241) to work on /opt/airflow/dags/pipeline_label_studio.py
[2025-11-18T21:44:48.913+0000] {processor.py:830} INFO - Processing file /opt/airflow/dags/pipeline_label_studio.py for tasks to queue
[2025-11-18T21:44:48.914+0000] {logging_mixin.py:188} INFO - [2025-11-18T21:44:48.914+0000] {dagbag.py:545} INFO - Filling up the DagBag from /opt/airflow/dags/pipeline_label_studio.py
[2025-11-18T21:44:48.919+0000] {processor.py:840} INFO - DAG(s) 'etl_label_studio' retrieved from /opt/airflow/dags/pipeline_label_studio.py
[2025-11-18T21:44:48.929+0000] {logging_mixin.py:188} INFO - [2025-11-18T21:44:48.929+0000] {dag.py:3089} INFO - Sync 1 DAGs
[2025-11-18T21:44:48.938+0000] {logging_mixin.py:188} INFO - [2025-11-18T21:44:48.938+0000] {dag.py:3947} INFO - Setting next_dagrun for etl_label_studio to 2025-11-18 03:00:00+00:00, run_after=2025-11-19 03:00:00+00:00
[2025-11-18T21:44:48.944+0000] {processor.py:183} INFO - Processing /opt/airflow/dags/pipeline_label_studio.py took 0.033 seconds
[2025-11-18T21:45:19.229+0000] {processor.py:161} INFO - Started process (PID=1256) to work on /opt/airflow/dags/pipeline_label_studio.py
[2025-11-18T21:45:19.229+0000] {processor.py:830} INFO - Processing file /opt/airflow/dags/pipeline_label_studio.py for tasks to queue
[2025-11-18T21:45:19.230+0000] {logging_mixin.py:188} INFO - [2025-11-18T21:45:19.230+0000] {dagbag.py:545} INFO - Filling up the DagBag from /opt/airflow/dags/pipeline_label_studio.py
[2025-11-18T21:45:19.238+0000] {processor.py:840} INFO - DAG(s) 'etl_label_studio' retrieved from /opt/airflow/dags/pipeline_label_studio.py
[2025-11-18T21:45:19.254+0000] {logging_mixin.py:188} INFO - [2025-11-18T21:45:19.254+0000] {dag.py:3089} INFO - Sync 1 DAGs
[2025-11-18T21:45:19.265+0000] {logging_mixin.py:188} INFO - [2025-11-18T21:45:19.265+0000] {dag.py:3947} INFO - Setting next_dagrun for etl_label_studio to 2025-11-18 03:00:00+00:00, run_after=2025-11-19 03:00:00+00:00
[2025-11-18T21:45:19.276+0000] {processor.py:183} INFO - Processing /opt/airflow/dags/pipeline_label_studio.py took 0.049 seconds
[2025-11-18T21:45:49.601+0000] {processor.py:161} INFO - Started process (PID=1271) to work on /opt/airflow/dags/pipeline_label_studio.py
[2025-11-18T21:45:49.601+0000] {processor.py:830} INFO - Processing file /opt/airflow/dags/pipeline_label_studio.py for tasks to queue
[2025-11-18T21:45:49.602+0000] {logging_mixin.py:188} INFO - [2025-11-18T21:45:49.602+0000] {dagbag.py:545} INFO - Filling up the DagBag from /opt/airflow/dags/pipeline_label_studio.py
[2025-11-18T21:45:49.606+0000] {processor.py:840} INFO - DAG(s) 'etl_label_studio' retrieved from /opt/airflow/dags/pipeline_label_studio.py
[2025-11-18T21:45:49.617+0000] {logging_mixin.py:188} INFO - [2025-11-18T21:45:49.616+0000] {dag.py:3089} INFO - Sync 1 DAGs
[2025-11-18T21:45:49.624+0000] {logging_mixin.py:188} INFO - [2025-11-18T21:45:49.624+0000] {dag.py:3947} INFO - Setting next_dagrun for etl_label_studio to 2025-11-18 03:00:00+00:00, run_after=2025-11-19 03:00:00+00:00
[2025-11-18T21:45:49.631+0000] {processor.py:183} INFO - Processing /opt/airflow/dags/pipeline_label_studio.py took 0.032 seconds
[2025-11-18T21:46:19.959+0000] {processor.py:161} INFO - Started process (PID=1286) to work on /opt/airflow/dags/pipeline_label_studio.py
[2025-11-18T21:46:19.960+0000] {processor.py:830} INFO - Processing file /opt/airflow/dags/pipeline_label_studio.py for tasks to queue
[2025-11-18T21:46:19.960+0000] {logging_mixin.py:188} INFO - [2025-11-18T21:46:19.960+0000] {dagbag.py:545} INFO - Filling up the DagBag from /opt/airflow/dags/pipeline_label_studio.py
[2025-11-18T21:46:19.965+0000] {processor.py:840} INFO - DAG(s) 'etl_label_studio' retrieved from /opt/airflow/dags/pipeline_label_studio.py
[2025-11-18T21:46:19.976+0000] {logging_mixin.py:188} INFO - [2025-11-18T21:46:19.976+0000] {dag.py:3089} INFO - Sync 1 DAGs
[2025-11-18T21:46:19.984+0000] {logging_mixin.py:188} INFO - [2025-11-18T21:46:19.983+0000] {dag.py:3947} INFO - Setting next_dagrun for etl_label_studio to 2025-11-18 03:00:00+00:00, run_after=2025-11-19 03:00:00+00:00
[2025-11-18T21:46:19.989+0000] {processor.py:183} INFO - Processing /opt/airflow/dags/pipeline_label_studio.py took 0.032 seconds
[2025-11-18T21:46:50.307+0000] {processor.py:161} INFO - Started process (PID=1301) to work on /opt/airflow/dags/pipeline_label_studio.py
[2025-11-18T21:46:50.307+0000] {processor.py:830} INFO - Processing file /opt/airflow/dags/pipeline_label_studio.py for tasks to queue
[2025-11-18T21:46:50.308+0000] {logging_mixin.py:188} INFO - [2025-11-18T21:46:50.308+0000] {dagbag.py:545} INFO - Filling up the DagBag from /opt/airflow/dags/pipeline_label_studio.py
[2025-11-18T21:46:50.314+0000] {processor.py:840} INFO - DAG(s) 'etl_label_studio' retrieved from /opt/airflow/dags/pipeline_label_studio.py
[2025-11-18T21:46:50.327+0000] {logging_mixin.py:188} INFO - [2025-11-18T21:46:50.327+0000] {dag.py:3089} INFO - Sync 1 DAGs
[2025-11-18T21:46:50.335+0000] {logging_mixin.py:188} INFO - [2025-11-18T21:46:50.335+0000] {dag.py:3947} INFO - Setting next_dagrun for etl_label_studio to 2025-11-18 03:00:00+00:00, run_after=2025-11-19 03:00:00+00:00
[2025-11-18T21:46:50.341+0000] {processor.py:183} INFO - Processing /opt/airflow/dags/pipeline_label_studio.py took 0.036 seconds
[2025-11-18T21:47:20.728+0000] {processor.py:161} INFO - Started process (PID=1316) to work on /opt/airflow/dags/pipeline_label_studio.py
[2025-11-18T21:47:20.728+0000] {processor.py:830} INFO - Processing file /opt/airflow/dags/pipeline_label_studio.py for tasks to queue
[2025-11-18T21:47:20.729+0000] {logging_mixin.py:188} INFO - [2025-11-18T21:47:20.728+0000] {dagbag.py:545} INFO - Filling up the DagBag from /opt/airflow/dags/pipeline_label_studio.py
[2025-11-18T21:47:20.733+0000] {processor.py:840} INFO - DAG(s) 'etl_label_studio' retrieved from /opt/airflow/dags/pipeline_label_studio.py
[2025-11-18T21:47:20.745+0000] {logging_mixin.py:188} INFO - [2025-11-18T21:47:20.745+0000] {dag.py:3089} INFO - Sync 1 DAGs
[2025-11-18T21:47:20.753+0000] {logging_mixin.py:188} INFO - [2025-11-18T21:47:20.753+0000] {dag.py:3947} INFO - Setting next_dagrun for etl_label_studio to 2025-11-18 03:00:00+00:00, run_after=2025-11-19 03:00:00+00:00
[2025-11-18T21:47:20.759+0000] {processor.py:183} INFO - Processing /opt/airflow/dags/pipeline_label_studio.py took 0.033 seconds
[2025-11-18T21:47:51.073+0000] {processor.py:161} INFO - Started process (PID=1331) to work on /opt/airflow/dags/pipeline_label_studio.py
[2025-11-18T21:47:51.074+0000] {processor.py:830} INFO - Processing file /opt/airflow/dags/pipeline_label_studio.py for tasks to queue
[2025-11-18T21:47:51.074+0000] {logging_mixin.py:188} INFO - [2025-11-18T21:47:51.074+0000] {dagbag.py:545} INFO - Filling up the DagBag from /opt/airflow/dags/pipeline_label_studio.py
[2025-11-18T21:47:51.079+0000] {processor.py:840} INFO - DAG(s) 'etl_label_studio' retrieved from /opt/airflow/dags/pipeline_label_studio.py
[2025-11-18T21:47:51.089+0000] {logging_mixin.py:188} INFO - [2025-11-18T21:47:51.089+0000] {dag.py:3089} INFO - Sync 1 DAGs
[2025-11-18T21:47:51.097+0000] {logging_mixin.py:188} INFO - [2025-11-18T21:47:51.097+0000] {dag.py:3947} INFO - Setting next_dagrun for etl_label_studio to 2025-11-18 03:00:00+00:00, run_after=2025-11-19 03:00:00+00:00
[2025-11-18T21:47:51.102+0000] {processor.py:183} INFO - Processing /opt/airflow/dags/pipeline_label_studio.py took 0.031 seconds
[2025-11-18T21:48:21.405+0000] {processor.py:161} INFO - Started process (PID=1346) to work on /opt/airflow/dags/pipeline_label_studio.py
[2025-11-18T21:48:21.405+0000] {processor.py:830} INFO - Processing file /opt/airflow/dags/pipeline_label_studio.py for tasks to queue
[2025-11-18T21:48:21.406+0000] {logging_mixin.py:188} INFO - [2025-11-18T21:48:21.406+0000] {dagbag.py:545} INFO - Filling up the DagBag from /opt/airflow/dags/pipeline_label_studio.py
[2025-11-18T21:48:21.410+0000] {processor.py:840} INFO - DAG(s) 'etl_label_studio' retrieved from /opt/airflow/dags/pipeline_label_studio.py
[2025-11-18T21:48:21.422+0000] {logging_mixin.py:188} INFO - [2025-11-18T21:48:21.422+0000] {dag.py:3089} INFO - Sync 1 DAGs
[2025-11-18T21:48:21.429+0000] {logging_mixin.py:188} INFO - [2025-11-18T21:48:21.429+0000] {dag.py:3947} INFO - Setting next_dagrun for etl_label_studio to 2025-11-18 03:00:00+00:00, run_after=2025-11-19 03:00:00+00:00
[2025-11-18T21:48:21.435+0000] {processor.py:183} INFO - Processing /opt/airflow/dags/pipeline_label_studio.py took 0.032 seconds
[2025-11-18T21:48:51.734+0000] {processor.py:161} INFO - Started process (PID=1361) to work on /opt/airflow/dags/pipeline_label_studio.py
[2025-11-18T21:48:51.734+0000] {processor.py:830} INFO - Processing file /opt/airflow/dags/pipeline_label_studio.py for tasks to queue
[2025-11-18T21:48:51.735+0000] {logging_mixin.py:188} INFO - [2025-11-18T21:48:51.735+0000] {dagbag.py:545} INFO - Filling up the DagBag from /opt/airflow/dags/pipeline_label_studio.py
[2025-11-18T21:48:51.740+0000] {processor.py:840} INFO - DAG(s) 'etl_label_studio' retrieved from /opt/airflow/dags/pipeline_label_studio.py
[2025-11-18T21:48:51.749+0000] {logging_mixin.py:188} INFO - [2025-11-18T21:48:51.749+0000] {dag.py:3089} INFO - Sync 1 DAGs
[2025-11-18T21:48:51.757+0000] {logging_mixin.py:188} INFO - [2025-11-18T21:48:51.757+0000] {dag.py:3947} INFO - Setting next_dagrun for etl_label_studio to 2025-11-18 03:00:00+00:00, run_after=2025-11-19 03:00:00+00:00
[2025-11-18T21:48:51.763+0000] {processor.py:183} INFO - Processing /opt/airflow/dags/pipeline_label_studio.py took 0.031 seconds
[2025-11-18T21:49:30.123+0000] {processor.py:161} INFO - Started process (PID=176) to work on /opt/airflow/dags/pipeline_label_studio.py
[2025-11-18T21:49:30.123+0000] {processor.py:830} INFO - Processing file /opt/airflow/dags/pipeline_label_studio.py for tasks to queue
[2025-11-18T21:49:30.124+0000] {logging_mixin.py:188} INFO - [2025-11-18T21:49:30.124+0000] {dagbag.py:545} INFO - Filling up the DagBag from /opt/airflow/dags/pipeline_label_studio.py
[2025-11-18T21:49:30.128+0000] {processor.py:840} INFO - DAG(s) 'etl_label_studio' retrieved from /opt/airflow/dags/pipeline_label_studio.py
[2025-11-18T21:49:30.134+0000] {logging_mixin.py:188} INFO - [2025-11-18T21:49:30.134+0000] {dag.py:3089} INFO - Sync 1 DAGs
[2025-11-18T21:49:30.143+0000] {logging_mixin.py:188} INFO - [2025-11-18T21:49:30.143+0000] {dag.py:3947} INFO - Setting next_dagrun for etl_label_studio to 2025-11-18 03:00:00+00:00, run_after=2025-11-19 03:00:00+00:00
[2025-11-18T21:49:30.148+0000] {processor.py:183} INFO - Processing /opt/airflow/dags/pipeline_label_studio.py took 0.029 seconds
[2025-11-18T21:50:00.541+0000] {processor.py:161} INFO - Started process (PID=191) to work on /opt/airflow/dags/pipeline_label_studio.py
[2025-11-18T21:50:00.542+0000] {processor.py:830} INFO - Processing file /opt/airflow/dags/pipeline_label_studio.py for tasks to queue
[2025-11-18T21:50:00.543+0000] {logging_mixin.py:188} INFO - [2025-11-18T21:50:00.542+0000] {dagbag.py:545} INFO - Filling up the DagBag from /opt/airflow/dags/pipeline_label_studio.py
[2025-11-18T21:50:00.548+0000] {processor.py:840} INFO - DAG(s) 'etl_label_studio' retrieved from /opt/airflow/dags/pipeline_label_studio.py
[2025-11-18T21:50:00.626+0000] {logging_mixin.py:188} INFO - [2025-11-18T21:50:00.626+0000] {dag.py:3089} INFO - Sync 1 DAGs
[2025-11-18T21:50:00.649+0000] {logging_mixin.py:188} INFO - [2025-11-18T21:50:00.649+0000] {dag.py:3947} INFO - Setting next_dagrun for etl_label_studio to 2025-11-18 03:00:00+00:00, run_after=2025-11-19 03:00:00+00:00
[2025-11-18T21:50:00.662+0000] {processor.py:183} INFO - Processing /opt/airflow/dags/pipeline_label_studio.py took 0.124 seconds
[2025-11-18T21:50:30.960+0000] {processor.py:161} INFO - Started process (PID=206) to work on /opt/airflow/dags/pipeline_label_studio.py
[2025-11-18T21:50:30.960+0000] {processor.py:830} INFO - Processing file /opt/airflow/dags/pipeline_label_studio.py for tasks to queue
[2025-11-18T21:50:30.961+0000] {logging_mixin.py:188} INFO - [2025-11-18T21:50:30.961+0000] {dagbag.py:545} INFO - Filling up the DagBag from /opt/airflow/dags/pipeline_label_studio.py
[2025-11-18T21:50:30.965+0000] {processor.py:840} INFO - DAG(s) 'etl_label_studio' retrieved from /opt/airflow/dags/pipeline_label_studio.py
[2025-11-18T21:50:30.979+0000] {logging_mixin.py:188} INFO - [2025-11-18T21:50:30.979+0000] {dag.py:3089} INFO - Sync 1 DAGs
[2025-11-18T21:50:30.988+0000] {logging_mixin.py:188} INFO - [2025-11-18T21:50:30.988+0000] {dag.py:3947} INFO - Setting next_dagrun for etl_label_studio to 2025-11-18 03:00:00+00:00, run_after=2025-11-19 03:00:00+00:00
[2025-11-18T21:50:30.994+0000] {processor.py:183} INFO - Processing /opt/airflow/dags/pipeline_label_studio.py took 0.036 seconds
[2025-11-18T21:51:01.388+0000] {processor.py:161} INFO - Started process (PID=221) to work on /opt/airflow/dags/pipeline_label_studio.py
[2025-11-18T21:51:01.389+0000] {processor.py:830} INFO - Processing file /opt/airflow/dags/pipeline_label_studio.py for tasks to queue
[2025-11-18T21:51:01.389+0000] {logging_mixin.py:188} INFO - [2025-11-18T21:51:01.389+0000] {dagbag.py:545} INFO - Filling up the DagBag from /opt/airflow/dags/pipeline_label_studio.py
[2025-11-18T21:51:01.402+0000] {processor.py:840} INFO - DAG(s) 'etl_label_studio' retrieved from /opt/airflow/dags/pipeline_label_studio.py
[2025-11-18T21:51:01.439+0000] {logging_mixin.py:188} INFO - [2025-11-18T21:51:01.438+0000] {dag.py:3089} INFO - Sync 1 DAGs
[2025-11-18T21:51:01.466+0000] {logging_mixin.py:188} INFO - [2025-11-18T21:51:01.466+0000] {dag.py:3947} INFO - Setting next_dagrun for etl_label_studio to 2025-11-18 03:00:00+00:00, run_after=2025-11-19 03:00:00+00:00
[2025-11-18T21:51:01.476+0000] {processor.py:183} INFO - Processing /opt/airflow/dags/pipeline_label_studio.py took 0.090 seconds
[2025-11-18T21:51:31.830+0000] {processor.py:161} INFO - Started process (PID=236) to work on /opt/airflow/dags/pipeline_label_studio.py
[2025-11-18T21:51:31.831+0000] {processor.py:830} INFO - Processing file /opt/airflow/dags/pipeline_label_studio.py for tasks to queue
[2025-11-18T21:51:31.831+0000] {logging_mixin.py:188} INFO - [2025-11-18T21:51:31.831+0000] {dagbag.py:545} INFO - Filling up the DagBag from /opt/airflow/dags/pipeline_label_studio.py
[2025-11-18T21:51:31.837+0000] {processor.py:840} INFO - DAG(s) 'etl_label_studio' retrieved from /opt/airflow/dags/pipeline_label_studio.py
[2025-11-18T21:51:31.850+0000] {logging_mixin.py:188} INFO - [2025-11-18T21:51:31.850+0000] {dag.py:3089} INFO - Sync 1 DAGs
[2025-11-18T21:51:31.859+0000] {logging_mixin.py:188} INFO - [2025-11-18T21:51:31.859+0000] {dag.py:3947} INFO - Setting next_dagrun for etl_label_studio to 2025-11-18 03:00:00+00:00, run_after=2025-11-19 03:00:00+00:00
[2025-11-18T21:51:31.866+0000] {processor.py:183} INFO - Processing /opt/airflow/dags/pipeline_label_studio.py took 0.039 seconds
[2025-11-18T21:52:02.162+0000] {processor.py:161} INFO - Started process (PID=251) to work on /opt/airflow/dags/pipeline_label_studio.py
[2025-11-18T21:52:02.163+0000] {processor.py:830} INFO - Processing file /opt/airflow/dags/pipeline_label_studio.py for tasks to queue
[2025-11-18T21:52:02.164+0000] {logging_mixin.py:188} INFO - [2025-11-18T21:52:02.164+0000] {dagbag.py:545} INFO - Filling up the DagBag from /opt/airflow/dags/pipeline_label_studio.py
[2025-11-18T21:52:02.169+0000] {processor.py:840} INFO - DAG(s) 'etl_label_studio' retrieved from /opt/airflow/dags/pipeline_label_studio.py
[2025-11-18T21:52:02.183+0000] {logging_mixin.py:188} INFO - [2025-11-18T21:52:02.183+0000] {dag.py:3089} INFO - Sync 1 DAGs
[2025-11-18T21:52:02.193+0000] {logging_mixin.py:188} INFO - [2025-11-18T21:52:02.193+0000] {dag.py:3947} INFO - Setting next_dagrun for etl_label_studio to 2025-11-18 03:00:00+00:00, run_after=2025-11-19 03:00:00+00:00
[2025-11-18T21:52:02.200+0000] {processor.py:183} INFO - Processing /opt/airflow/dags/pipeline_label_studio.py took 0.040 seconds
[2025-11-18T21:52:32.517+0000] {processor.py:161} INFO - Started process (PID=266) to work on /opt/airflow/dags/pipeline_label_studio.py
[2025-11-18T21:52:32.518+0000] {processor.py:830} INFO - Processing file /opt/airflow/dags/pipeline_label_studio.py for tasks to queue
[2025-11-18T21:52:32.518+0000] {logging_mixin.py:188} INFO - [2025-11-18T21:52:32.518+0000] {dagbag.py:545} INFO - Filling up the DagBag from /opt/airflow/dags/pipeline_label_studio.py
[2025-11-18T21:52:32.523+0000] {processor.py:840} INFO - DAG(s) 'etl_label_studio' retrieved from /opt/airflow/dags/pipeline_label_studio.py
[2025-11-18T21:52:32.535+0000] {logging_mixin.py:188} INFO - [2025-11-18T21:52:32.535+0000] {dag.py:3089} INFO - Sync 1 DAGs
[2025-11-18T21:52:32.544+0000] {logging_mixin.py:188} INFO - [2025-11-18T21:52:32.544+0000] {dag.py:3947} INFO - Setting next_dagrun for etl_label_studio to 2025-11-18 03:00:00+00:00, run_after=2025-11-19 03:00:00+00:00
[2025-11-18T21:52:32.553+0000] {processor.py:183} INFO - Processing /opt/airflow/dags/pipeline_label_studio.py took 0.038 seconds
[2025-11-18T21:53:02.826+0000] {processor.py:161} INFO - Started process (PID=281) to work on /opt/airflow/dags/pipeline_label_studio.py
[2025-11-18T21:53:02.827+0000] {processor.py:830} INFO - Processing file /opt/airflow/dags/pipeline_label_studio.py for tasks to queue
[2025-11-18T21:53:02.827+0000] {logging_mixin.py:188} INFO - [2025-11-18T21:53:02.827+0000] {dagbag.py:545} INFO - Filling up the DagBag from /opt/airflow/dags/pipeline_label_studio.py
[2025-11-18T21:53:02.832+0000] {processor.py:840} INFO - DAG(s) 'etl_label_studio' retrieved from /opt/airflow/dags/pipeline_label_studio.py
[2025-11-18T21:53:02.845+0000] {logging_mixin.py:188} INFO - [2025-11-18T21:53:02.845+0000] {dag.py:3089} INFO - Sync 1 DAGs
[2025-11-18T21:53:02.855+0000] {logging_mixin.py:188} INFO - [2025-11-18T21:53:02.855+0000] {dag.py:3947} INFO - Setting next_dagrun for etl_label_studio to 2025-11-18 03:00:00+00:00, run_after=2025-11-19 03:00:00+00:00
[2025-11-18T21:53:02.861+0000] {processor.py:183} INFO - Processing /opt/airflow/dags/pipeline_label_studio.py took 0.038 seconds
[2025-11-18T21:53:33.114+0000] {processor.py:161} INFO - Started process (PID=296) to work on /opt/airflow/dags/pipeline_label_studio.py
[2025-11-18T21:53:33.114+0000] {processor.py:830} INFO - Processing file /opt/airflow/dags/pipeline_label_studio.py for tasks to queue
[2025-11-18T21:53:33.115+0000] {logging_mixin.py:188} INFO - [2025-11-18T21:53:33.115+0000] {dagbag.py:545} INFO - Filling up the DagBag from /opt/airflow/dags/pipeline_label_studio.py
[2025-11-18T21:53:33.120+0000] {processor.py:840} INFO - DAG(s) 'etl_label_studio' retrieved from /opt/airflow/dags/pipeline_label_studio.py
[2025-11-18T21:53:33.131+0000] {logging_mixin.py:188} INFO - [2025-11-18T21:53:33.131+0000] {dag.py:3089} INFO - Sync 1 DAGs
[2025-11-18T21:53:33.140+0000] {logging_mixin.py:188} INFO - [2025-11-18T21:53:33.140+0000] {dag.py:3947} INFO - Setting next_dagrun for etl_label_studio to 2025-11-18 03:00:00+00:00, run_after=2025-11-19 03:00:00+00:00
[2025-11-18T21:53:33.146+0000] {processor.py:183} INFO - Processing /opt/airflow/dags/pipeline_label_studio.py took 0.035 seconds
[2025-11-18T21:54:03.417+0000] {processor.py:161} INFO - Started process (PID=323) to work on /opt/airflow/dags/pipeline_label_studio.py
[2025-11-18T21:54:03.417+0000] {processor.py:830} INFO - Processing file /opt/airflow/dags/pipeline_label_studio.py for tasks to queue
[2025-11-18T21:54:03.418+0000] {logging_mixin.py:188} INFO - [2025-11-18T21:54:03.418+0000] {dagbag.py:545} INFO - Filling up the DagBag from /opt/airflow/dags/pipeline_label_studio.py
[2025-11-18T21:54:03.422+0000] {processor.py:840} INFO - DAG(s) 'etl_label_studio' retrieved from /opt/airflow/dags/pipeline_label_studio.py
[2025-11-18T21:54:03.434+0000] {logging_mixin.py:188} INFO - [2025-11-18T21:54:03.434+0000] {dag.py:3089} INFO - Sync 1 DAGs
[2025-11-18T21:54:03.442+0000] {logging_mixin.py:188} INFO - [2025-11-18T21:54:03.442+0000] {dag.py:3947} INFO - Setting next_dagrun for etl_label_studio to 2025-11-18 03:00:00+00:00, run_after=2025-11-19 03:00:00+00:00
[2025-11-18T21:54:03.448+0000] {processor.py:183} INFO - Processing /opt/airflow/dags/pipeline_label_studio.py took 0.033 seconds
[2025-11-18T21:54:33.801+0000] {processor.py:161} INFO - Started process (PID=338) to work on /opt/airflow/dags/pipeline_label_studio.py
[2025-11-18T21:54:33.801+0000] {processor.py:830} INFO - Processing file /opt/airflow/dags/pipeline_label_studio.py for tasks to queue
[2025-11-18T21:54:33.802+0000] {logging_mixin.py:188} INFO - [2025-11-18T21:54:33.802+0000] {dagbag.py:545} INFO - Filling up the DagBag from /opt/airflow/dags/pipeline_label_studio.py
[2025-11-18T21:54:33.806+0000] {processor.py:840} INFO - DAG(s) 'etl_label_studio' retrieved from /opt/airflow/dags/pipeline_label_studio.py
[2025-11-18T21:54:33.817+0000] {logging_mixin.py:188} INFO - [2025-11-18T21:54:33.817+0000] {dag.py:3089} INFO - Sync 1 DAGs
[2025-11-18T21:54:33.824+0000] {logging_mixin.py:188} INFO - [2025-11-18T21:54:33.824+0000] {dag.py:3947} INFO - Setting next_dagrun for etl_label_studio to 2025-11-18 03:00:00+00:00, run_after=2025-11-19 03:00:00+00:00
[2025-11-18T21:54:33.830+0000] {processor.py:183} INFO - Processing /opt/airflow/dags/pipeline_label_studio.py took 0.031 seconds
[2025-11-18T21:55:04.172+0000] {processor.py:161} INFO - Started process (PID=353) to work on /opt/airflow/dags/pipeline_label_studio.py
[2025-11-18T21:55:04.172+0000] {processor.py:830} INFO - Processing file /opt/airflow/dags/pipeline_label_studio.py for tasks to queue
[2025-11-18T21:55:04.173+0000] {logging_mixin.py:188} INFO - [2025-11-18T21:55:04.172+0000] {dagbag.py:545} INFO - Filling up the DagBag from /opt/airflow/dags/pipeline_label_studio.py
[2025-11-18T21:55:04.177+0000] {processor.py:840} INFO - DAG(s) 'etl_label_studio' retrieved from /opt/airflow/dags/pipeline_label_studio.py
[2025-11-18T21:55:04.188+0000] {logging_mixin.py:188} INFO - [2025-11-18T21:55:04.188+0000] {dag.py:3089} INFO - Sync 1 DAGs
[2025-11-18T21:55:04.195+0000] {logging_mixin.py:188} INFO - [2025-11-18T21:55:04.195+0000] {dag.py:3947} INFO - Setting next_dagrun for etl_label_studio to 2025-11-18 03:00:00+00:00, run_after=2025-11-19 03:00:00+00:00
[2025-11-18T21:55:04.201+0000] {processor.py:183} INFO - Processing /opt/airflow/dags/pipeline_label_studio.py took 0.032 seconds
[2025-11-18T21:55:34.551+0000] {processor.py:161} INFO - Started process (PID=368) to work on /opt/airflow/dags/pipeline_label_studio.py
[2025-11-18T21:55:34.551+0000] {processor.py:830} INFO - Processing file /opt/airflow/dags/pipeline_label_studio.py for tasks to queue
[2025-11-18T21:55:34.552+0000] {logging_mixin.py:188} INFO - [2025-11-18T21:55:34.552+0000] {dagbag.py:545} INFO - Filling up the DagBag from /opt/airflow/dags/pipeline_label_studio.py
[2025-11-18T21:55:34.557+0000] {processor.py:840} INFO - DAG(s) 'etl_label_studio' retrieved from /opt/airflow/dags/pipeline_label_studio.py
[2025-11-18T21:55:34.568+0000] {logging_mixin.py:188} INFO - [2025-11-18T21:55:34.568+0000] {dag.py:3089} INFO - Sync 1 DAGs
[2025-11-18T21:55:34.576+0000] {logging_mixin.py:188} INFO - [2025-11-18T21:55:34.576+0000] {dag.py:3947} INFO - Setting next_dagrun for etl_label_studio to 2025-11-18 03:00:00+00:00, run_after=2025-11-19 03:00:00+00:00
[2025-11-18T21:55:34.582+0000] {processor.py:183} INFO - Processing /opt/airflow/dags/pipeline_label_studio.py took 0.033 seconds
[2025-11-18T21:56:04.942+0000] {processor.py:161} INFO - Started process (PID=383) to work on /opt/airflow/dags/pipeline_label_studio.py
[2025-11-18T21:56:04.942+0000] {processor.py:830} INFO - Processing file /opt/airflow/dags/pipeline_label_studio.py for tasks to queue
[2025-11-18T21:56:04.943+0000] {logging_mixin.py:188} INFO - [2025-11-18T21:56:04.943+0000] {dagbag.py:545} INFO - Filling up the DagBag from /opt/airflow/dags/pipeline_label_studio.py
[2025-11-18T21:56:04.947+0000] {processor.py:840} INFO - DAG(s) 'etl_label_studio' retrieved from /opt/airflow/dags/pipeline_label_studio.py
[2025-11-18T21:56:04.958+0000] {logging_mixin.py:188} INFO - [2025-11-18T21:56:04.957+0000] {dag.py:3089} INFO - Sync 1 DAGs
[2025-11-18T21:56:04.965+0000] {logging_mixin.py:188} INFO - [2025-11-18T21:56:04.965+0000] {dag.py:3947} INFO - Setting next_dagrun for etl_label_studio to 2025-11-18 03:00:00+00:00, run_after=2025-11-19 03:00:00+00:00
[2025-11-18T21:56:04.971+0000] {processor.py:183} INFO - Processing /opt/airflow/dags/pipeline_label_studio.py took 0.032 seconds
[2025-11-18T21:56:35.315+0000] {processor.py:161} INFO - Started process (PID=398) to work on /opt/airflow/dags/pipeline_label_studio.py
[2025-11-18T21:56:35.316+0000] {processor.py:830} INFO - Processing file /opt/airflow/dags/pipeline_label_studio.py for tasks to queue
[2025-11-18T21:56:35.316+0000] {logging_mixin.py:188} INFO - [2025-11-18T21:56:35.316+0000] {dagbag.py:545} INFO - Filling up the DagBag from /opt/airflow/dags/pipeline_label_studio.py
[2025-11-18T21:56:35.321+0000] {processor.py:840} INFO - DAG(s) 'etl_label_studio' retrieved from /opt/airflow/dags/pipeline_label_studio.py
[2025-11-18T21:56:35.332+0000] {logging_mixin.py:188} INFO - [2025-11-18T21:56:35.332+0000] {dag.py:3089} INFO - Sync 1 DAGs
[2025-11-18T21:56:35.340+0000] {logging_mixin.py:188} INFO - [2025-11-18T21:56:35.340+0000] {dag.py:3947} INFO - Setting next_dagrun for etl_label_studio to 2025-11-18 03:00:00+00:00, run_after=2025-11-19 03:00:00+00:00
[2025-11-18T21:56:35.346+0000] {processor.py:183} INFO - Processing /opt/airflow/dags/pipeline_label_studio.py took 0.033 seconds
[2025-11-18T21:57:05.797+0000] {processor.py:161} INFO - Started process (PID=413) to work on /opt/airflow/dags/pipeline_label_studio.py
[2025-11-18T21:57:05.798+0000] {processor.py:830} INFO - Processing file /opt/airflow/dags/pipeline_label_studio.py for tasks to queue
[2025-11-18T21:57:05.799+0000] {logging_mixin.py:188} INFO - [2025-11-18T21:57:05.798+0000] {dagbag.py:545} INFO - Filling up the DagBag from /opt/airflow/dags/pipeline_label_studio.py
[2025-11-18T21:57:05.804+0000] {processor.py:840} INFO - DAG(s) 'etl_label_studio' retrieved from /opt/airflow/dags/pipeline_label_studio.py
[2025-11-18T21:57:05.817+0000] {logging_mixin.py:188} INFO - [2025-11-18T21:57:05.817+0000] {dag.py:3089} INFO - Sync 1 DAGs
[2025-11-18T21:57:05.826+0000] {logging_mixin.py:188} INFO - [2025-11-18T21:57:05.826+0000] {dag.py:3947} INFO - Setting next_dagrun for etl_label_studio to 2025-11-18 03:00:00+00:00, run_after=2025-11-19 03:00:00+00:00
[2025-11-18T21:57:05.832+0000] {processor.py:183} INFO - Processing /opt/airflow/dags/pipeline_label_studio.py took 0.037 seconds
[2025-11-18T21:57:36.158+0000] {processor.py:161} INFO - Started process (PID=428) to work on /opt/airflow/dags/pipeline_label_studio.py
[2025-11-18T21:57:36.158+0000] {processor.py:830} INFO - Processing file /opt/airflow/dags/pipeline_label_studio.py for tasks to queue
[2025-11-18T21:57:36.159+0000] {logging_mixin.py:188} INFO - [2025-11-18T21:57:36.159+0000] {dagbag.py:545} INFO - Filling up the DagBag from /opt/airflow/dags/pipeline_label_studio.py
[2025-11-18T21:57:36.164+0000] {processor.py:840} INFO - DAG(s) 'etl_label_studio' retrieved from /opt/airflow/dags/pipeline_label_studio.py
[2025-11-18T21:57:36.175+0000] {logging_mixin.py:188} INFO - [2025-11-18T21:57:36.175+0000] {dag.py:3089} INFO - Sync 1 DAGs
[2025-11-18T21:57:36.184+0000] {logging_mixin.py:188} INFO - [2025-11-18T21:57:36.184+0000] {dag.py:3947} INFO - Setting next_dagrun for etl_label_studio to 2025-11-18 03:00:00+00:00, run_after=2025-11-19 03:00:00+00:00
[2025-11-18T21:57:36.191+0000] {processor.py:183} INFO - Processing /opt/airflow/dags/pipeline_label_studio.py took 0.036 seconds
[2025-11-18T21:58:06.512+0000] {processor.py:161} INFO - Started process (PID=443) to work on /opt/airflow/dags/pipeline_label_studio.py
[2025-11-18T21:58:06.512+0000] {processor.py:830} INFO - Processing file /opt/airflow/dags/pipeline_label_studio.py for tasks to queue
[2025-11-18T21:58:06.513+0000] {logging_mixin.py:188} INFO - [2025-11-18T21:58:06.512+0000] {dagbag.py:545} INFO - Filling up the DagBag from /opt/airflow/dags/pipeline_label_studio.py
[2025-11-18T21:58:06.517+0000] {processor.py:840} INFO - DAG(s) 'etl_label_studio' retrieved from /opt/airflow/dags/pipeline_label_studio.py
[2025-11-18T21:58:06.527+0000] {logging_mixin.py:188} INFO - [2025-11-18T21:58:06.527+0000] {dag.py:3089} INFO - Sync 1 DAGs
[2025-11-18T21:58:06.535+0000] {logging_mixin.py:188} INFO - [2025-11-18T21:58:06.535+0000] {dag.py:3947} INFO - Setting next_dagrun for etl_label_studio to 2025-11-18 03:00:00+00:00, run_after=2025-11-19 03:00:00+00:00
[2025-11-18T21:58:06.541+0000] {processor.py:183} INFO - Processing /opt/airflow/dags/pipeline_label_studio.py took 0.032 seconds
[2025-11-18T21:58:36.863+0000] {processor.py:161} INFO - Started process (PID=458) to work on /opt/airflow/dags/pipeline_label_studio.py
[2025-11-18T21:58:36.864+0000] {processor.py:830} INFO - Processing file /opt/airflow/dags/pipeline_label_studio.py for tasks to queue
[2025-11-18T21:58:36.864+0000] {logging_mixin.py:188} INFO - [2025-11-18T21:58:36.864+0000] {dagbag.py:545} INFO - Filling up the DagBag from /opt/airflow/dags/pipeline_label_studio.py
[2025-11-18T21:58:36.870+0000] {processor.py:840} INFO - DAG(s) 'etl_label_studio' retrieved from /opt/airflow/dags/pipeline_label_studio.py
[2025-11-18T21:58:36.883+0000] {logging_mixin.py:188} INFO - [2025-11-18T21:58:36.882+0000] {dag.py:3089} INFO - Sync 1 DAGs
[2025-11-18T21:58:36.891+0000] {logging_mixin.py:188} INFO - [2025-11-18T21:58:36.891+0000] {dag.py:3947} INFO - Setting next_dagrun for etl_label_studio to 2025-11-18 03:00:00+00:00, run_after=2025-11-19 03:00:00+00:00
[2025-11-18T21:58:36.897+0000] {processor.py:183} INFO - Processing /opt/airflow/dags/pipeline_label_studio.py took 0.036 seconds
[2025-11-18T21:59:07.235+0000] {processor.py:161} INFO - Started process (PID=485) to work on /opt/airflow/dags/pipeline_label_studio.py
[2025-11-18T21:59:07.236+0000] {processor.py:830} INFO - Processing file /opt/airflow/dags/pipeline_label_studio.py for tasks to queue
[2025-11-18T21:59:07.236+0000] {logging_mixin.py:188} INFO - [2025-11-18T21:59:07.236+0000] {dagbag.py:545} INFO - Filling up the DagBag from /opt/airflow/dags/pipeline_label_studio.py
[2025-11-18T21:59:07.242+0000] {processor.py:840} INFO - DAG(s) 'etl_label_studio' retrieved from /opt/airflow/dags/pipeline_label_studio.py
[2025-11-18T21:59:07.254+0000] {logging_mixin.py:188} INFO - [2025-11-18T21:59:07.253+0000] {dag.py:3089} INFO - Sync 1 DAGs
[2025-11-18T21:59:07.262+0000] {logging_mixin.py:188} INFO - [2025-11-18T21:59:07.262+0000] {dag.py:3947} INFO - Setting next_dagrun for etl_label_studio to 2025-11-18 03:00:00+00:00, run_after=2025-11-19 03:00:00+00:00
[2025-11-18T21:59:07.267+0000] {processor.py:183} INFO - Processing /opt/airflow/dags/pipeline_label_studio.py took 0.035 seconds
[2025-11-18T21:59:37.595+0000] {processor.py:161} INFO - Started process (PID=500) to work on /opt/airflow/dags/pipeline_label_studio.py
[2025-11-18T21:59:37.595+0000] {processor.py:830} INFO - Processing file /opt/airflow/dags/pipeline_label_studio.py for tasks to queue
[2025-11-18T21:59:37.596+0000] {logging_mixin.py:188} INFO - [2025-11-18T21:59:37.595+0000] {dagbag.py:545} INFO - Filling up the DagBag from /opt/airflow/dags/pipeline_label_studio.py
[2025-11-18T21:59:37.601+0000] {processor.py:840} INFO - DAG(s) 'etl_label_studio' retrieved from /opt/airflow/dags/pipeline_label_studio.py
[2025-11-18T21:59:37.615+0000] {logging_mixin.py:188} INFO - [2025-11-18T21:59:37.615+0000] {dag.py:3089} INFO - Sync 1 DAGs
[2025-11-18T21:59:37.623+0000] {logging_mixin.py:188} INFO - [2025-11-18T21:59:37.623+0000] {dag.py:3947} INFO - Setting next_dagrun for etl_label_studio to 2025-11-18 03:00:00+00:00, run_after=2025-11-19 03:00:00+00:00
[2025-11-18T21:59:37.630+0000] {processor.py:183} INFO - Processing /opt/airflow/dags/pipeline_label_studio.py took 0.037 seconds
[2025-11-18T22:00:08.018+0000] {processor.py:161} INFO - Started process (PID=527) to work on /opt/airflow/dags/pipeline_label_studio.py
[2025-11-18T22:00:08.019+0000] {processor.py:830} INFO - Processing file /opt/airflow/dags/pipeline_label_studio.py for tasks to queue
[2025-11-18T22:00:08.020+0000] {logging_mixin.py:188} INFO - [2025-11-18T22:00:08.019+0000] {dagbag.py:545} INFO - Filling up the DagBag from /opt/airflow/dags/pipeline_label_studio.py
[2025-11-18T22:00:08.024+0000] {processor.py:840} INFO - DAG(s) 'etl_label_studio' retrieved from /opt/airflow/dags/pipeline_label_studio.py
[2025-11-18T22:00:08.030+0000] {logging_mixin.py:188} INFO - [2025-11-18T22:00:08.030+0000] {dag.py:3089} INFO - Sync 1 DAGs
[2025-11-18T22:00:08.038+0000] {logging_mixin.py:188} INFO - [2025-11-18T22:00:08.038+0000] {dag.py:3947} INFO - Setting next_dagrun for etl_label_studio to 2025-11-18 03:00:00+00:00, run_after=2025-11-19 03:00:00+00:00
[2025-11-18T22:00:08.045+0000] {processor.py:183} INFO - Processing /opt/airflow/dags/pipeline_label_studio.py took 0.031 seconds
[2025-11-18T22:00:38.402+0000] {processor.py:161} INFO - Started process (PID=542) to work on /opt/airflow/dags/pipeline_label_studio.py
[2025-11-18T22:00:38.403+0000] {processor.py:830} INFO - Processing file /opt/airflow/dags/pipeline_label_studio.py for tasks to queue
[2025-11-18T22:00:38.403+0000] {logging_mixin.py:188} INFO - [2025-11-18T22:00:38.403+0000] {dagbag.py:545} INFO - Filling up the DagBag from /opt/airflow/dags/pipeline_label_studio.py
[2025-11-18T22:00:38.408+0000] {processor.py:840} INFO - DAG(s) 'etl_label_studio' retrieved from /opt/airflow/dags/pipeline_label_studio.py
[2025-11-18T22:00:38.443+0000] {logging_mixin.py:188} INFO - [2025-11-18T22:00:38.443+0000] {dag.py:3089} INFO - Sync 1 DAGs
[2025-11-18T22:00:38.450+0000] {logging_mixin.py:188} INFO - [2025-11-18T22:00:38.450+0000] {dag.py:3947} INFO - Setting next_dagrun for etl_label_studio to 2025-11-18 03:00:00+00:00, run_after=2025-11-19 03:00:00+00:00
[2025-11-18T22:00:38.456+0000] {processor.py:183} INFO - Processing /opt/airflow/dags/pipeline_label_studio.py took 0.055 seconds
[2025-11-18T22:01:08.760+0000] {processor.py:161} INFO - Started process (PID=557) to work on /opt/airflow/dags/pipeline_label_studio.py
[2025-11-18T22:01:08.760+0000] {processor.py:830} INFO - Processing file /opt/airflow/dags/pipeline_label_studio.py for tasks to queue
[2025-11-18T22:01:08.761+0000] {logging_mixin.py:188} INFO - [2025-11-18T22:01:08.760+0000] {dagbag.py:545} INFO - Filling up the DagBag from /opt/airflow/dags/pipeline_label_studio.py
[2025-11-18T22:01:08.765+0000] {processor.py:840} INFO - DAG(s) 'etl_label_studio' retrieved from /opt/airflow/dags/pipeline_label_studio.py
[2025-11-18T22:01:08.776+0000] {logging_mixin.py:188} INFO - [2025-11-18T22:01:08.776+0000] {dag.py:3089} INFO - Sync 1 DAGs
[2025-11-18T22:01:08.784+0000] {logging_mixin.py:188} INFO - [2025-11-18T22:01:08.784+0000] {dag.py:3947} INFO - Setting next_dagrun for etl_label_studio to 2025-11-18 03:00:00+00:00, run_after=2025-11-19 03:00:00+00:00
[2025-11-18T22:01:08.792+0000] {processor.py:183} INFO - Processing /opt/airflow/dags/pipeline_label_studio.py took 0.034 seconds
[2025-11-18T22:01:39.095+0000] {processor.py:161} INFO - Started process (PID=572) to work on /opt/airflow/dags/pipeline_label_studio.py
[2025-11-18T22:01:39.096+0000] {processor.py:830} INFO - Processing file /opt/airflow/dags/pipeline_label_studio.py for tasks to queue
[2025-11-18T22:01:39.097+0000] {logging_mixin.py:188} INFO - [2025-11-18T22:01:39.097+0000] {dagbag.py:545} INFO - Filling up the DagBag from /opt/airflow/dags/pipeline_label_studio.py
[2025-11-18T22:01:39.102+0000] {processor.py:840} INFO - DAG(s) 'etl_label_studio' retrieved from /opt/airflow/dags/pipeline_label_studio.py
[2025-11-18T22:01:39.112+0000] {logging_mixin.py:188} INFO - [2025-11-18T22:01:39.112+0000] {dag.py:3089} INFO - Sync 1 DAGs
[2025-11-18T22:01:39.120+0000] {logging_mixin.py:188} INFO - [2025-11-18T22:01:39.120+0000] {dag.py:3947} INFO - Setting next_dagrun for etl_label_studio to 2025-11-18 03:00:00+00:00, run_after=2025-11-19 03:00:00+00:00
[2025-11-18T22:01:39.126+0000] {processor.py:183} INFO - Processing /opt/airflow/dags/pipeline_label_studio.py took 0.034 seconds
[2025-11-18T22:02:09.468+0000] {processor.py:161} INFO - Started process (PID=587) to work on /opt/airflow/dags/pipeline_label_studio.py
[2025-11-18T22:02:09.468+0000] {processor.py:830} INFO - Processing file /opt/airflow/dags/pipeline_label_studio.py for tasks to queue
[2025-11-18T22:02:09.469+0000] {logging_mixin.py:188} INFO - [2025-11-18T22:02:09.468+0000] {dagbag.py:545} INFO - Filling up the DagBag from /opt/airflow/dags/pipeline_label_studio.py
[2025-11-18T22:02:09.473+0000] {processor.py:840} INFO - DAG(s) 'etl_label_studio' retrieved from /opt/airflow/dags/pipeline_label_studio.py
[2025-11-18T22:02:09.484+0000] {logging_mixin.py:188} INFO - [2025-11-18T22:02:09.484+0000] {dag.py:3089} INFO - Sync 1 DAGs
[2025-11-18T22:02:09.492+0000] {logging_mixin.py:188} INFO - [2025-11-18T22:02:09.492+0000] {dag.py:3947} INFO - Setting next_dagrun for etl_label_studio to 2025-11-18 03:00:00+00:00, run_after=2025-11-19 03:00:00+00:00
[2025-11-18T22:02:09.498+0000] {processor.py:183} INFO - Processing /opt/airflow/dags/pipeline_label_studio.py took 0.033 seconds
[2025-11-18T22:02:40.162+0000] {processor.py:161} INFO - Started process (PID=602) to work on /opt/airflow/dags/pipeline_label_studio.py
[2025-11-18T22:02:40.163+0000] {processor.py:830} INFO - Processing file /opt/airflow/dags/pipeline_label_studio.py for tasks to queue
[2025-11-18T22:02:40.164+0000] {logging_mixin.py:188} INFO - [2025-11-18T22:02:40.164+0000] {dagbag.py:545} INFO - Filling up the DagBag from /opt/airflow/dags/pipeline_label_studio.py
[2025-11-18T22:02:40.178+0000] {processor.py:840} INFO - DAG(s) 'etl_label_studio' retrieved from /opt/airflow/dags/pipeline_label_studio.py
[2025-11-18T22:02:40.219+0000] {logging_mixin.py:188} INFO - [2025-11-18T22:02:40.219+0000] {dag.py:3089} INFO - Sync 1 DAGs
[2025-11-18T22:02:40.242+0000] {logging_mixin.py:188} INFO - [2025-11-18T22:02:40.241+0000] {dag.py:3947} INFO - Setting next_dagrun for etl_label_studio to 2025-11-18 03:00:00+00:00, run_after=2025-11-19 03:00:00+00:00
[2025-11-18T22:02:40.251+0000] {processor.py:183} INFO - Processing /opt/airflow/dags/pipeline_label_studio.py took 0.098 seconds
[2025-11-18T22:03:10.496+0000] {processor.py:161} INFO - Started process (PID=617) to work on /opt/airflow/dags/pipeline_label_studio.py
[2025-11-18T22:03:10.497+0000] {processor.py:830} INFO - Processing file /opt/airflow/dags/pipeline_label_studio.py for tasks to queue
[2025-11-18T22:03:10.498+0000] {logging_mixin.py:188} INFO - [2025-11-18T22:03:10.497+0000] {dagbag.py:545} INFO - Filling up the DagBag from /opt/airflow/dags/pipeline_label_studio.py
[2025-11-18T22:03:10.502+0000] {processor.py:840} INFO - DAG(s) 'etl_label_studio' retrieved from /opt/airflow/dags/pipeline_label_studio.py
[2025-11-18T22:03:10.512+0000] {logging_mixin.py:188} INFO - [2025-11-18T22:03:10.512+0000] {dag.py:3089} INFO - Sync 1 DAGs
[2025-11-18T22:03:10.520+0000] {logging_mixin.py:188} INFO - [2025-11-18T22:03:10.520+0000] {dag.py:3947} INFO - Setting next_dagrun for etl_label_studio to 2025-11-18 03:00:00+00:00, run_after=2025-11-19 03:00:00+00:00
[2025-11-18T22:03:10.526+0000] {processor.py:183} INFO - Processing /opt/airflow/dags/pipeline_label_studio.py took 0.031 seconds
[2025-11-18T22:03:40.901+0000] {processor.py:161} INFO - Started process (PID=632) to work on /opt/airflow/dags/pipeline_label_studio.py
[2025-11-18T22:03:40.902+0000] {processor.py:830} INFO - Processing file /opt/airflow/dags/pipeline_label_studio.py for tasks to queue
[2025-11-18T22:03:40.903+0000] {logging_mixin.py:188} INFO - [2025-11-18T22:03:40.902+0000] {dagbag.py:545} INFO - Filling up the DagBag from /opt/airflow/dags/pipeline_label_studio.py
[2025-11-18T22:03:40.907+0000] {processor.py:840} INFO - DAG(s) 'etl_label_studio' retrieved from /opt/airflow/dags/pipeline_label_studio.py
[2025-11-18T22:03:40.928+0000] {logging_mixin.py:188} INFO - [2025-11-18T22:03:40.928+0000] {dag.py:3089} INFO - Sync 1 DAGs
[2025-11-18T22:03:40.945+0000] {logging_mixin.py:188} INFO - [2025-11-18T22:03:40.945+0000] {dag.py:3947} INFO - Setting next_dagrun for etl_label_studio to 2025-11-18 03:00:00+00:00, run_after=2025-11-19 03:00:00+00:00
[2025-11-18T22:03:40.953+0000] {processor.py:183} INFO - Processing /opt/airflow/dags/pipeline_label_studio.py took 0.053 seconds
[2025-11-18T22:04:11.325+0000] {processor.py:161} INFO - Started process (PID=647) to work on /opt/airflow/dags/pipeline_label_studio.py
[2025-11-18T22:04:11.325+0000] {processor.py:830} INFO - Processing file /opt/airflow/dags/pipeline_label_studio.py for tasks to queue
[2025-11-18T22:04:11.326+0000] {logging_mixin.py:188} INFO - [2025-11-18T22:04:11.326+0000] {dagbag.py:545} INFO - Filling up the DagBag from /opt/airflow/dags/pipeline_label_studio.py
[2025-11-18T22:04:11.331+0000] {processor.py:840} INFO - DAG(s) 'etl_label_studio' retrieved from /opt/airflow/dags/pipeline_label_studio.py
[2025-11-18T22:04:11.342+0000] {logging_mixin.py:188} INFO - [2025-11-18T22:04:11.342+0000] {dag.py:3089} INFO - Sync 1 DAGs
[2025-11-18T22:04:11.350+0000] {logging_mixin.py:188} INFO - [2025-11-18T22:04:11.350+0000] {dag.py:3947} INFO - Setting next_dagrun for etl_label_studio to 2025-11-18 03:00:00+00:00, run_after=2025-11-19 03:00:00+00:00
[2025-11-18T22:04:11.357+0000] {processor.py:183} INFO - Processing /opt/airflow/dags/pipeline_label_studio.py took 0.035 seconds
[2025-11-18T22:04:41.842+0000] {processor.py:161} INFO - Started process (PID=662) to work on /opt/airflow/dags/pipeline_label_studio.py
[2025-11-18T22:04:41.843+0000] {processor.py:830} INFO - Processing file /opt/airflow/dags/pipeline_label_studio.py for tasks to queue
[2025-11-18T22:04:41.844+0000] {logging_mixin.py:188} INFO - [2025-11-18T22:04:41.843+0000] {dagbag.py:545} INFO - Filling up the DagBag from /opt/airflow/dags/pipeline_label_studio.py
[2025-11-18T22:04:41.848+0000] {processor.py:840} INFO - DAG(s) 'etl_label_studio' retrieved from /opt/airflow/dags/pipeline_label_studio.py
[2025-11-18T22:04:41.859+0000] {logging_mixin.py:188} INFO - [2025-11-18T22:04:41.859+0000] {dag.py:3089} INFO - Sync 1 DAGs
[2025-11-18T22:04:41.867+0000] {logging_mixin.py:188} INFO - [2025-11-18T22:04:41.867+0000] {dag.py:3947} INFO - Setting next_dagrun for etl_label_studio to 2025-11-18 03:00:00+00:00, run_after=2025-11-19 03:00:00+00:00
[2025-11-18T22:04:41.873+0000] {processor.py:183} INFO - Processing /opt/airflow/dags/pipeline_label_studio.py took 0.033 seconds
[2025-11-18T22:05:12.214+0000] {processor.py:161} INFO - Started process (PID=680) to work on /opt/airflow/dags/pipeline_label_studio.py
[2025-11-18T22:05:12.214+0000] {processor.py:830} INFO - Processing file /opt/airflow/dags/pipeline_label_studio.py for tasks to queue
[2025-11-18T22:05:12.215+0000] {logging_mixin.py:188} INFO - [2025-11-18T22:05:12.215+0000] {dagbag.py:545} INFO - Filling up the DagBag from /opt/airflow/dags/pipeline_label_studio.py
[2025-11-18T22:05:12.219+0000] {processor.py:840} INFO - DAG(s) 'etl_label_studio' retrieved from /opt/airflow/dags/pipeline_label_studio.py
[2025-11-18T22:05:12.225+0000] {logging_mixin.py:188} INFO - [2025-11-18T22:05:12.225+0000] {dag.py:3089} INFO - Sync 1 DAGs
[2025-11-18T22:05:12.234+0000] {logging_mixin.py:188} INFO - [2025-11-18T22:05:12.234+0000] {dag.py:3947} INFO - Setting next_dagrun for etl_label_studio to 2025-11-18 03:00:00+00:00, run_after=2025-11-19 03:00:00+00:00
[2025-11-18T22:05:12.241+0000] {processor.py:183} INFO - Processing /opt/airflow/dags/pipeline_label_studio.py took 0.029 seconds
[2025-11-18T22:05:42.606+0000] {processor.py:161} INFO - Started process (PID=698) to work on /opt/airflow/dags/pipeline_label_studio.py
[2025-11-18T22:05:42.606+0000] {processor.py:830} INFO - Processing file /opt/airflow/dags/pipeline_label_studio.py for tasks to queue
[2025-11-18T22:05:42.607+0000] {logging_mixin.py:188} INFO - [2025-11-18T22:05:42.607+0000] {dagbag.py:545} INFO - Filling up the DagBag from /opt/airflow/dags/pipeline_label_studio.py
[2025-11-18T22:05:42.611+0000] {processor.py:840} INFO - DAG(s) 'etl_label_studio' retrieved from /opt/airflow/dags/pipeline_label_studio.py
[2025-11-18T22:05:42.667+0000] {logging_mixin.py:188} INFO - [2025-11-18T22:05:42.667+0000] {dag.py:3089} INFO - Sync 1 DAGs
[2025-11-18T22:05:42.679+0000] {logging_mixin.py:188} INFO - [2025-11-18T22:05:42.679+0000] {dag.py:3947} INFO - Setting next_dagrun for etl_label_studio to 2025-11-18 03:00:00+00:00, run_after=2025-11-19 03:00:00+00:00
[2025-11-18T22:05:42.689+0000] {processor.py:183} INFO - Processing /opt/airflow/dags/pipeline_label_studio.py took 0.086 seconds
[2025-11-18T22:06:12.966+0000] {processor.py:161} INFO - Started process (PID=713) to work on /opt/airflow/dags/pipeline_label_studio.py
[2025-11-18T22:06:12.966+0000] {processor.py:830} INFO - Processing file /opt/airflow/dags/pipeline_label_studio.py for tasks to queue
[2025-11-18T22:06:12.967+0000] {logging_mixin.py:188} INFO - [2025-11-18T22:06:12.967+0000] {dagbag.py:545} INFO - Filling up the DagBag from /opt/airflow/dags/pipeline_label_studio.py
[2025-11-18T22:06:12.977+0000] {processor.py:840} INFO - DAG(s) 'etl_label_studio' retrieved from /opt/airflow/dags/pipeline_label_studio.py
[2025-11-18T22:06:12.987+0000] {logging_mixin.py:188} INFO - [2025-11-18T22:06:12.987+0000] {dag.py:3089} INFO - Sync 1 DAGs
[2025-11-18T22:06:12.995+0000] {logging_mixin.py:188} INFO - [2025-11-18T22:06:12.995+0000] {dag.py:3947} INFO - Setting next_dagrun for etl_label_studio to 2025-11-18 03:00:00+00:00, run_after=2025-11-19 03:00:00+00:00
[2025-11-18T22:06:13.001+0000] {processor.py:183} INFO - Processing /opt/airflow/dags/pipeline_label_studio.py took 0.037 seconds
[2025-11-18T22:06:43.358+0000] {processor.py:161} INFO - Started process (PID=728) to work on /opt/airflow/dags/pipeline_label_studio.py
[2025-11-18T22:06:43.358+0000] {processor.py:830} INFO - Processing file /opt/airflow/dags/pipeline_label_studio.py for tasks to queue
[2025-11-18T22:06:43.359+0000] {logging_mixin.py:188} INFO - [2025-11-18T22:06:43.358+0000] {dagbag.py:545} INFO - Filling up the DagBag from /opt/airflow/dags/pipeline_label_studio.py
[2025-11-18T22:06:43.363+0000] {processor.py:840} INFO - DAG(s) 'etl_label_studio' retrieved from /opt/airflow/dags/pipeline_label_studio.py
[2025-11-18T22:06:43.376+0000] {logging_mixin.py:188} INFO - [2025-11-18T22:06:43.376+0000] {dag.py:3089} INFO - Sync 1 DAGs
[2025-11-18T22:06:43.384+0000] {logging_mixin.py:188} INFO - [2025-11-18T22:06:43.384+0000] {dag.py:3947} INFO - Setting next_dagrun for etl_label_studio to 2025-11-18 03:00:00+00:00, run_after=2025-11-19 03:00:00+00:00
[2025-11-18T22:06:43.390+0000] {processor.py:183} INFO - Processing /opt/airflow/dags/pipeline_label_studio.py took 0.034 seconds
[2025-11-18T22:07:13.740+0000] {processor.py:161} INFO - Started process (PID=743) to work on /opt/airflow/dags/pipeline_label_studio.py
[2025-11-18T22:07:13.740+0000] {processor.py:830} INFO - Processing file /opt/airflow/dags/pipeline_label_studio.py for tasks to queue
[2025-11-18T22:07:13.741+0000] {logging_mixin.py:188} INFO - [2025-11-18T22:07:13.741+0000] {dagbag.py:545} INFO - Filling up the DagBag from /opt/airflow/dags/pipeline_label_studio.py
[2025-11-18T22:07:13.745+0000] {processor.py:840} INFO - DAG(s) 'etl_label_studio' retrieved from /opt/airflow/dags/pipeline_label_studio.py
[2025-11-18T22:07:13.756+0000] {logging_mixin.py:188} INFO - [2025-11-18T22:07:13.756+0000] {dag.py:3089} INFO - Sync 1 DAGs
[2025-11-18T22:07:13.765+0000] {logging_mixin.py:188} INFO - [2025-11-18T22:07:13.765+0000] {dag.py:3947} INFO - Setting next_dagrun for etl_label_studio to 2025-11-18 03:00:00+00:00, run_after=2025-11-19 03:00:00+00:00
[2025-11-18T22:07:13.770+0000] {processor.py:183} INFO - Processing /opt/airflow/dags/pipeline_label_studio.py took 0.032 seconds
[2025-11-18T22:07:44.051+0000] {processor.py:161} INFO - Started process (PID=758) to work on /opt/airflow/dags/pipeline_label_studio.py
[2025-11-18T22:07:44.052+0000] {processor.py:830} INFO - Processing file /opt/airflow/dags/pipeline_label_studio.py for tasks to queue
[2025-11-18T22:07:44.052+0000] {logging_mixin.py:188} INFO - [2025-11-18T22:07:44.052+0000] {dagbag.py:545} INFO - Filling up the DagBag from /opt/airflow/dags/pipeline_label_studio.py
[2025-11-18T22:07:44.057+0000] {processor.py:840} INFO - DAG(s) 'etl_label_studio' retrieved from /opt/airflow/dags/pipeline_label_studio.py
[2025-11-18T22:07:44.069+0000] {logging_mixin.py:188} INFO - [2025-11-18T22:07:44.068+0000] {dag.py:3089} INFO - Sync 1 DAGs
[2025-11-18T22:07:44.077+0000] {logging_mixin.py:188} INFO - [2025-11-18T22:07:44.077+0000] {dag.py:3947} INFO - Setting next_dagrun for etl_label_studio to 2025-11-18 03:00:00+00:00, run_after=2025-11-19 03:00:00+00:00
[2025-11-18T22:07:44.083+0000] {processor.py:183} INFO - Processing /opt/airflow/dags/pipeline_label_studio.py took 0.035 seconds
[2025-11-18T22:08:14.440+0000] {processor.py:161} INFO - Started process (PID=773) to work on /opt/airflow/dags/pipeline_label_studio.py
[2025-11-18T22:08:14.440+0000] {processor.py:830} INFO - Processing file /opt/airflow/dags/pipeline_label_studio.py for tasks to queue
[2025-11-18T22:08:14.441+0000] {logging_mixin.py:188} INFO - [2025-11-18T22:08:14.441+0000] {dagbag.py:545} INFO - Filling up the DagBag from /opt/airflow/dags/pipeline_label_studio.py
[2025-11-18T22:08:14.445+0000] {processor.py:840} INFO - DAG(s) 'etl_label_studio' retrieved from /opt/airflow/dags/pipeline_label_studio.py
[2025-11-18T22:08:14.456+0000] {logging_mixin.py:188} INFO - [2025-11-18T22:08:14.456+0000] {dag.py:3089} INFO - Sync 1 DAGs
[2025-11-18T22:08:14.464+0000] {logging_mixin.py:188} INFO - [2025-11-18T22:08:14.464+0000] {dag.py:3947} INFO - Setting next_dagrun for etl_label_studio to 2025-11-18 03:00:00+00:00, run_after=2025-11-19 03:00:00+00:00
[2025-11-18T22:08:14.469+0000] {processor.py:183} INFO - Processing /opt/airflow/dags/pipeline_label_studio.py took 0.032 seconds
[2025-11-18T22:08:44.793+0000] {processor.py:161} INFO - Started process (PID=788) to work on /opt/airflow/dags/pipeline_label_studio.py
[2025-11-18T22:08:44.793+0000] {processor.py:830} INFO - Processing file /opt/airflow/dags/pipeline_label_studio.py for tasks to queue
[2025-11-18T22:08:44.794+0000] {logging_mixin.py:188} INFO - [2025-11-18T22:08:44.793+0000] {dagbag.py:545} INFO - Filling up the DagBag from /opt/airflow/dags/pipeline_label_studio.py
[2025-11-18T22:08:44.798+0000] {processor.py:840} INFO - DAG(s) 'etl_label_studio' retrieved from /opt/airflow/dags/pipeline_label_studio.py
[2025-11-18T22:08:44.809+0000] {logging_mixin.py:188} INFO - [2025-11-18T22:08:44.809+0000] {dag.py:3089} INFO - Sync 1 DAGs
[2025-11-18T22:08:44.817+0000] {logging_mixin.py:188} INFO - [2025-11-18T22:08:44.817+0000] {dag.py:3947} INFO - Setting next_dagrun for etl_label_studio to 2025-11-18 03:00:00+00:00, run_after=2025-11-19 03:00:00+00:00
[2025-11-18T22:08:44.824+0000] {processor.py:183} INFO - Processing /opt/airflow/dags/pipeline_label_studio.py took 0.034 seconds
[2025-11-18T22:09:15.129+0000] {processor.py:161} INFO - Started process (PID=803) to work on /opt/airflow/dags/pipeline_label_studio.py
[2025-11-18T22:09:15.129+0000] {processor.py:830} INFO - Processing file /opt/airflow/dags/pipeline_label_studio.py for tasks to queue
[2025-11-18T22:09:15.130+0000] {logging_mixin.py:188} INFO - [2025-11-18T22:09:15.130+0000] {dagbag.py:545} INFO - Filling up the DagBag from /opt/airflow/dags/pipeline_label_studio.py
[2025-11-18T22:09:15.134+0000] {processor.py:840} INFO - DAG(s) 'etl_label_studio' retrieved from /opt/airflow/dags/pipeline_label_studio.py
[2025-11-18T22:09:15.145+0000] {logging_mixin.py:188} INFO - [2025-11-18T22:09:15.145+0000] {dag.py:3089} INFO - Sync 1 DAGs
[2025-11-18T22:09:15.153+0000] {logging_mixin.py:188} INFO - [2025-11-18T22:09:15.153+0000] {dag.py:3947} INFO - Setting next_dagrun for etl_label_studio to 2025-11-18 03:00:00+00:00, run_after=2025-11-19 03:00:00+00:00
[2025-11-18T22:09:15.161+0000] {processor.py:183} INFO - Processing /opt/airflow/dags/pipeline_label_studio.py took 0.034 seconds
[2025-11-18T22:09:45.699+0000] {processor.py:161} INFO - Started process (PID=818) to work on /opt/airflow/dags/pipeline_label_studio.py
[2025-11-18T22:09:45.699+0000] {processor.py:830} INFO - Processing file /opt/airflow/dags/pipeline_label_studio.py for tasks to queue
[2025-11-18T22:09:45.700+0000] {logging_mixin.py:188} INFO - [2025-11-18T22:09:45.700+0000] {dagbag.py:545} INFO - Filling up the DagBag from /opt/airflow/dags/pipeline_label_studio.py
[2025-11-18T22:09:45.706+0000] {processor.py:840} INFO - DAG(s) 'etl_label_studio' retrieved from /opt/airflow/dags/pipeline_label_studio.py
[2025-11-18T22:09:45.720+0000] {logging_mixin.py:188} INFO - [2025-11-18T22:09:45.719+0000] {dag.py:3089} INFO - Sync 1 DAGs
[2025-11-18T22:09:45.731+0000] {logging_mixin.py:188} INFO - [2025-11-18T22:09:45.730+0000] {dag.py:3947} INFO - Setting next_dagrun for etl_label_studio to 2025-11-18 03:00:00+00:00, run_after=2025-11-19 03:00:00+00:00
[2025-11-18T22:09:45.738+0000] {processor.py:183} INFO - Processing /opt/airflow/dags/pipeline_label_studio.py took 0.042 seconds
[2025-11-18T22:10:16.056+0000] {processor.py:161} INFO - Started process (PID=833) to work on /opt/airflow/dags/pipeline_label_studio.py
[2025-11-18T22:10:16.056+0000] {processor.py:830} INFO - Processing file /opt/airflow/dags/pipeline_label_studio.py for tasks to queue
[2025-11-18T22:10:16.057+0000] {logging_mixin.py:188} INFO - [2025-11-18T22:10:16.057+0000] {dagbag.py:545} INFO - Filling up the DagBag from /opt/airflow/dags/pipeline_label_studio.py
[2025-11-18T22:10:16.062+0000] {processor.py:840} INFO - DAG(s) 'etl_label_studio' retrieved from /opt/airflow/dags/pipeline_label_studio.py
[2025-11-18T22:10:16.073+0000] {logging_mixin.py:188} INFO - [2025-11-18T22:10:16.073+0000] {dag.py:3089} INFO - Sync 1 DAGs
[2025-11-18T22:10:16.083+0000] {logging_mixin.py:188} INFO - [2025-11-18T22:10:16.083+0000] {dag.py:3947} INFO - Setting next_dagrun for etl_label_studio to 2025-11-18 03:00:00+00:00, run_after=2025-11-19 03:00:00+00:00
[2025-11-18T22:10:16.090+0000] {processor.py:183} INFO - Processing /opt/airflow/dags/pipeline_label_studio.py took 0.037 seconds
[2025-11-18T22:10:46.420+0000] {processor.py:161} INFO - Started process (PID=851) to work on /opt/airflow/dags/pipeline_label_studio.py
[2025-11-18T22:10:46.421+0000] {processor.py:830} INFO - Processing file /opt/airflow/dags/pipeline_label_studio.py for tasks to queue
[2025-11-18T22:10:46.421+0000] {logging_mixin.py:188} INFO - [2025-11-18T22:10:46.421+0000] {dagbag.py:545} INFO - Filling up the DagBag from /opt/airflow/dags/pipeline_label_studio.py
[2025-11-18T22:10:46.425+0000] {processor.py:840} INFO - DAG(s) 'etl_label_studio' retrieved from /opt/airflow/dags/pipeline_label_studio.py
[2025-11-18T22:10:46.436+0000] {logging_mixin.py:188} INFO - [2025-11-18T22:10:46.436+0000] {dag.py:3089} INFO - Sync 1 DAGs
[2025-11-18T22:10:46.444+0000] {logging_mixin.py:188} INFO - [2025-11-18T22:10:46.444+0000] {dag.py:3947} INFO - Setting next_dagrun for etl_label_studio to 2025-11-18 03:00:00+00:00, run_after=2025-11-19 03:00:00+00:00
[2025-11-18T22:10:46.450+0000] {processor.py:183} INFO - Processing /opt/airflow/dags/pipeline_label_studio.py took 0.033 seconds
[2025-11-18T22:11:16.731+0000] {processor.py:161} INFO - Started process (PID=866) to work on /opt/airflow/dags/pipeline_label_studio.py
[2025-11-18T22:11:16.731+0000] {processor.py:830} INFO - Processing file /opt/airflow/dags/pipeline_label_studio.py for tasks to queue
[2025-11-18T22:11:16.732+0000] {logging_mixin.py:188} INFO - [2025-11-18T22:11:16.732+0000] {dagbag.py:545} INFO - Filling up the DagBag from /opt/airflow/dags/pipeline_label_studio.py
[2025-11-18T22:11:16.737+0000] {processor.py:840} INFO - DAG(s) 'etl_label_studio' retrieved from /opt/airflow/dags/pipeline_label_studio.py
[2025-11-18T22:11:16.748+0000] {logging_mixin.py:188} INFO - [2025-11-18T22:11:16.748+0000] {dag.py:3089} INFO - Sync 1 DAGs
[2025-11-18T22:11:16.758+0000] {logging_mixin.py:188} INFO - [2025-11-18T22:11:16.758+0000] {dag.py:3947} INFO - Setting next_dagrun for etl_label_studio to 2025-11-18 03:00:00+00:00, run_after=2025-11-19 03:00:00+00:00
[2025-11-18T22:11:16.766+0000] {processor.py:183} INFO - Processing /opt/airflow/dags/pipeline_label_studio.py took 0.038 seconds
[2025-11-18T22:11:47.066+0000] {processor.py:161} INFO - Started process (PID=881) to work on /opt/airflow/dags/pipeline_label_studio.py
[2025-11-18T22:11:47.066+0000] {processor.py:830} INFO - Processing file /opt/airflow/dags/pipeline_label_studio.py for tasks to queue
[2025-11-18T22:11:47.067+0000] {logging_mixin.py:188} INFO - [2025-11-18T22:11:47.067+0000] {dagbag.py:545} INFO - Filling up the DagBag from /opt/airflow/dags/pipeline_label_studio.py
[2025-11-18T22:11:47.071+0000] {processor.py:840} INFO - DAG(s) 'etl_label_studio' retrieved from /opt/airflow/dags/pipeline_label_studio.py
[2025-11-18T22:11:47.081+0000] {logging_mixin.py:188} INFO - [2025-11-18T22:11:47.081+0000] {dag.py:3089} INFO - Sync 1 DAGs
[2025-11-18T22:11:47.089+0000] {logging_mixin.py:188} INFO - [2025-11-18T22:11:47.089+0000] {dag.py:3947} INFO - Setting next_dagrun for etl_label_studio to 2025-11-18 03:00:00+00:00, run_after=2025-11-19 03:00:00+00:00
[2025-11-18T22:11:47.095+0000] {processor.py:183} INFO - Processing /opt/airflow/dags/pipeline_label_studio.py took 0.032 seconds
[2025-11-18T22:12:17.380+0000] {processor.py:161} INFO - Started process (PID=896) to work on /opt/airflow/dags/pipeline_label_studio.py
[2025-11-18T22:12:17.381+0000] {processor.py:830} INFO - Processing file /opt/airflow/dags/pipeline_label_studio.py for tasks to queue
[2025-11-18T22:12:17.381+0000] {logging_mixin.py:188} INFO - [2025-11-18T22:12:17.381+0000] {dagbag.py:545} INFO - Filling up the DagBag from /opt/airflow/dags/pipeline_label_studio.py
[2025-11-18T22:12:17.386+0000] {processor.py:840} INFO - DAG(s) 'etl_label_studio' retrieved from /opt/airflow/dags/pipeline_label_studio.py
[2025-11-18T22:12:17.396+0000] {logging_mixin.py:188} INFO - [2025-11-18T22:12:17.396+0000] {dag.py:3089} INFO - Sync 1 DAGs
[2025-11-18T22:12:17.403+0000] {logging_mixin.py:188} INFO - [2025-11-18T22:12:17.403+0000] {dag.py:3947} INFO - Setting next_dagrun for etl_label_studio to 2025-11-18 03:00:00+00:00, run_after=2025-11-19 03:00:00+00:00
[2025-11-18T22:12:17.409+0000] {processor.py:183} INFO - Processing /opt/airflow/dags/pipeline_label_studio.py took 0.031 seconds
[2025-11-18T22:12:47.727+0000] {processor.py:161} INFO - Started process (PID=911) to work on /opt/airflow/dags/pipeline_label_studio.py
[2025-11-18T22:12:47.728+0000] {processor.py:830} INFO - Processing file /opt/airflow/dags/pipeline_label_studio.py for tasks to queue
[2025-11-18T22:12:47.728+0000] {logging_mixin.py:188} INFO - [2025-11-18T22:12:47.728+0000] {dagbag.py:545} INFO - Filling up the DagBag from /opt/airflow/dags/pipeline_label_studio.py
[2025-11-18T22:12:47.732+0000] {processor.py:840} INFO - DAG(s) 'etl_label_studio' retrieved from /opt/airflow/dags/pipeline_label_studio.py
[2025-11-18T22:12:47.742+0000] {logging_mixin.py:188} INFO - [2025-11-18T22:12:47.742+0000] {dag.py:3089} INFO - Sync 1 DAGs
[2025-11-18T22:12:47.750+0000] {logging_mixin.py:188} INFO - [2025-11-18T22:12:47.750+0000] {dag.py:3947} INFO - Setting next_dagrun for etl_label_studio to 2025-11-18 03:00:00+00:00, run_after=2025-11-19 03:00:00+00:00
[2025-11-18T22:12:47.755+0000] {processor.py:183} INFO - Processing /opt/airflow/dags/pipeline_label_studio.py took 0.030 seconds
[2025-11-18T22:13:18.122+0000] {processor.py:161} INFO - Started process (PID=926) to work on /opt/airflow/dags/pipeline_label_studio.py
[2025-11-18T22:13:18.123+0000] {processor.py:830} INFO - Processing file /opt/airflow/dags/pipeline_label_studio.py for tasks to queue
[2025-11-18T22:13:18.123+0000] {logging_mixin.py:188} INFO - [2025-11-18T22:13:18.123+0000] {dagbag.py:545} INFO - Filling up the DagBag from /opt/airflow/dags/pipeline_label_studio.py
[2025-11-18T22:13:18.128+0000] {processor.py:840} INFO - DAG(s) 'etl_label_studio' retrieved from /opt/airflow/dags/pipeline_label_studio.py
[2025-11-18T22:13:18.140+0000] {logging_mixin.py:188} INFO - [2025-11-18T22:13:18.139+0000] {dag.py:3089} INFO - Sync 1 DAGs
[2025-11-18T22:13:18.148+0000] {logging_mixin.py:188} INFO - [2025-11-18T22:13:18.148+0000] {dag.py:3947} INFO - Setting next_dagrun for etl_label_studio to 2025-11-18 03:00:00+00:00, run_after=2025-11-19 03:00:00+00:00
[2025-11-18T22:13:18.154+0000] {processor.py:183} INFO - Processing /opt/airflow/dags/pipeline_label_studio.py took 0.034 seconds
[2025-11-18T22:13:48.518+0000] {processor.py:161} INFO - Started process (PID=941) to work on /opt/airflow/dags/pipeline_label_studio.py
[2025-11-18T22:13:48.519+0000] {processor.py:830} INFO - Processing file /opt/airflow/dags/pipeline_label_studio.py for tasks to queue
[2025-11-18T22:13:48.519+0000] {logging_mixin.py:188} INFO - [2025-11-18T22:13:48.519+0000] {dagbag.py:545} INFO - Filling up the DagBag from /opt/airflow/dags/pipeline_label_studio.py
[2025-11-18T22:13:48.524+0000] {processor.py:840} INFO - DAG(s) 'etl_label_studio' retrieved from /opt/airflow/dags/pipeline_label_studio.py
[2025-11-18T22:13:48.534+0000] {logging_mixin.py:188} INFO - [2025-11-18T22:13:48.534+0000] {dag.py:3089} INFO - Sync 1 DAGs
[2025-11-18T22:13:48.542+0000] {logging_mixin.py:188} INFO - [2025-11-18T22:13:48.542+0000] {dag.py:3947} INFO - Setting next_dagrun for etl_label_studio to 2025-11-18 03:00:00+00:00, run_after=2025-11-19 03:00:00+00:00
[2025-11-18T22:13:48.547+0000] {processor.py:183} INFO - Processing /opt/airflow/dags/pipeline_label_studio.py took 0.031 seconds
[2025-11-18T22:14:18.895+0000] {processor.py:161} INFO - Started process (PID=956) to work on /opt/airflow/dags/pipeline_label_studio.py
[2025-11-18T22:14:18.896+0000] {processor.py:830} INFO - Processing file /opt/airflow/dags/pipeline_label_studio.py for tasks to queue
[2025-11-18T22:14:18.896+0000] {logging_mixin.py:188} INFO - [2025-11-18T22:14:18.896+0000] {dagbag.py:545} INFO - Filling up the DagBag from /opt/airflow/dags/pipeline_label_studio.py
[2025-11-18T22:14:18.901+0000] {processor.py:840} INFO - DAG(s) 'etl_label_studio' retrieved from /opt/airflow/dags/pipeline_label_studio.py
[2025-11-18T22:14:18.917+0000] {logging_mixin.py:188} INFO - [2025-11-18T22:14:18.917+0000] {dag.py:3089} INFO - Sync 1 DAGs
[2025-11-18T22:14:18.927+0000] {logging_mixin.py:188} INFO - [2025-11-18T22:14:18.927+0000] {dag.py:3947} INFO - Setting next_dagrun for etl_label_studio to 2025-11-18 03:00:00+00:00, run_after=2025-11-19 03:00:00+00:00
[2025-11-18T22:14:18.935+0000] {processor.py:183} INFO - Processing /opt/airflow/dags/pipeline_label_studio.py took 0.043 seconds
[2025-11-18T22:14:49.347+0000] {processor.py:161} INFO - Started process (PID=971) to work on /opt/airflow/dags/pipeline_label_studio.py
[2025-11-18T22:14:49.348+0000] {processor.py:830} INFO - Processing file /opt/airflow/dags/pipeline_label_studio.py for tasks to queue
[2025-11-18T22:14:49.348+0000] {logging_mixin.py:188} INFO - [2025-11-18T22:14:49.348+0000] {dagbag.py:545} INFO - Filling up the DagBag from /opt/airflow/dags/pipeline_label_studio.py
[2025-11-18T22:14:49.353+0000] {processor.py:840} INFO - DAG(s) 'etl_label_studio' retrieved from /opt/airflow/dags/pipeline_label_studio.py
[2025-11-18T22:14:49.365+0000] {logging_mixin.py:188} INFO - [2025-11-18T22:14:49.365+0000] {dag.py:3089} INFO - Sync 1 DAGs
[2025-11-18T22:14:49.373+0000] {logging_mixin.py:188} INFO - [2025-11-18T22:14:49.373+0000] {dag.py:3947} INFO - Setting next_dagrun for etl_label_studio to 2025-11-18 03:00:00+00:00, run_after=2025-11-19 03:00:00+00:00
[2025-11-18T22:14:49.378+0000] {processor.py:183} INFO - Processing /opt/airflow/dags/pipeline_label_studio.py took 0.033 seconds
[2025-11-18T22:15:19.631+0000] {processor.py:161} INFO - Started process (PID=986) to work on /opt/airflow/dags/pipeline_label_studio.py
[2025-11-18T22:15:19.631+0000] {processor.py:830} INFO - Processing file /opt/airflow/dags/pipeline_label_studio.py for tasks to queue
[2025-11-18T22:15:19.632+0000] {logging_mixin.py:188} INFO - [2025-11-18T22:15:19.632+0000] {dagbag.py:545} INFO - Filling up the DagBag from /opt/airflow/dags/pipeline_label_studio.py
[2025-11-18T22:15:19.636+0000] {processor.py:840} INFO - DAG(s) 'etl_label_studio' retrieved from /opt/airflow/dags/pipeline_label_studio.py
[2025-11-18T22:15:19.648+0000] {logging_mixin.py:188} INFO - [2025-11-18T22:15:19.648+0000] {dag.py:3089} INFO - Sync 1 DAGs
[2025-11-18T22:15:19.655+0000] {logging_mixin.py:188} INFO - [2025-11-18T22:15:19.655+0000] {dag.py:3947} INFO - Setting next_dagrun for etl_label_studio to 2025-11-18 03:00:00+00:00, run_after=2025-11-19 03:00:00+00:00
[2025-11-18T22:15:19.661+0000] {processor.py:183} INFO - Processing /opt/airflow/dags/pipeline_label_studio.py took 0.032 seconds
[2025-11-18T22:15:49.952+0000] {processor.py:161} INFO - Started process (PID=1001) to work on /opt/airflow/dags/pipeline_label_studio.py
[2025-11-18T22:15:49.952+0000] {processor.py:830} INFO - Processing file /opt/airflow/dags/pipeline_label_studio.py for tasks to queue
[2025-11-18T22:15:49.953+0000] {logging_mixin.py:188} INFO - [2025-11-18T22:15:49.953+0000] {dagbag.py:545} INFO - Filling up the DagBag from /opt/airflow/dags/pipeline_label_studio.py
[2025-11-18T22:15:49.957+0000] {processor.py:840} INFO - DAG(s) 'etl_label_studio' retrieved from /opt/airflow/dags/pipeline_label_studio.py
[2025-11-18T22:15:49.967+0000] {logging_mixin.py:188} INFO - [2025-11-18T22:15:49.967+0000] {dag.py:3089} INFO - Sync 1 DAGs
[2025-11-18T22:15:49.975+0000] {logging_mixin.py:188} INFO - [2025-11-18T22:15:49.975+0000] {dag.py:3947} INFO - Setting next_dagrun for etl_label_studio to 2025-11-18 03:00:00+00:00, run_after=2025-11-19 03:00:00+00:00
[2025-11-18T22:15:49.980+0000] {processor.py:183} INFO - Processing /opt/airflow/dags/pipeline_label_studio.py took 0.031 seconds
[2025-11-18T22:16:20.248+0000] {processor.py:161} INFO - Started process (PID=1016) to work on /opt/airflow/dags/pipeline_label_studio.py
[2025-11-18T22:16:20.248+0000] {processor.py:830} INFO - Processing file /opt/airflow/dags/pipeline_label_studio.py for tasks to queue
[2025-11-18T22:16:20.249+0000] {logging_mixin.py:188} INFO - [2025-11-18T22:16:20.249+0000] {dagbag.py:545} INFO - Filling up the DagBag from /opt/airflow/dags/pipeline_label_studio.py
[2025-11-18T22:16:20.253+0000] {processor.py:840} INFO - DAG(s) 'etl_label_studio' retrieved from /opt/airflow/dags/pipeline_label_studio.py
[2025-11-18T22:16:20.263+0000] {logging_mixin.py:188} INFO - [2025-11-18T22:16:20.263+0000] {dag.py:3089} INFO - Sync 1 DAGs
[2025-11-18T22:16:20.271+0000] {logging_mixin.py:188} INFO - [2025-11-18T22:16:20.271+0000] {dag.py:3947} INFO - Setting next_dagrun for etl_label_studio to 2025-11-18 03:00:00+00:00, run_after=2025-11-19 03:00:00+00:00
[2025-11-18T22:16:20.277+0000] {processor.py:183} INFO - Processing /opt/airflow/dags/pipeline_label_studio.py took 0.031 seconds
[2025-11-18T22:16:50.609+0000] {processor.py:161} INFO - Started process (PID=1031) to work on /opt/airflow/dags/pipeline_label_studio.py
[2025-11-18T22:16:50.610+0000] {processor.py:830} INFO - Processing file /opt/airflow/dags/pipeline_label_studio.py for tasks to queue
[2025-11-18T22:16:50.610+0000] {logging_mixin.py:188} INFO - [2025-11-18T22:16:50.610+0000] {dagbag.py:545} INFO - Filling up the DagBag from /opt/airflow/dags/pipeline_label_studio.py
[2025-11-18T22:16:50.615+0000] {processor.py:840} INFO - DAG(s) 'etl_label_studio' retrieved from /opt/airflow/dags/pipeline_label_studio.py
[2025-11-18T22:16:50.627+0000] {logging_mixin.py:188} INFO - [2025-11-18T22:16:50.627+0000] {dag.py:3089} INFO - Sync 1 DAGs
[2025-11-18T22:16:50.635+0000] {logging_mixin.py:188} INFO - [2025-11-18T22:16:50.635+0000] {dag.py:3947} INFO - Setting next_dagrun for etl_label_studio to 2025-11-18 03:00:00+00:00, run_after=2025-11-19 03:00:00+00:00
[2025-11-18T22:16:50.641+0000] {processor.py:183} INFO - Processing /opt/airflow/dags/pipeline_label_studio.py took 0.034 seconds
[2025-11-18T22:17:20.970+0000] {processor.py:161} INFO - Started process (PID=1046) to work on /opt/airflow/dags/pipeline_label_studio.py
[2025-11-18T22:17:20.970+0000] {processor.py:830} INFO - Processing file /opt/airflow/dags/pipeline_label_studio.py for tasks to queue
[2025-11-18T22:17:20.972+0000] {logging_mixin.py:188} INFO - [2025-11-18T22:17:20.972+0000] {dagbag.py:545} INFO - Filling up the DagBag from /opt/airflow/dags/pipeline_label_studio.py
[2025-11-18T22:17:20.978+0000] {processor.py:840} INFO - DAG(s) 'etl_label_studio' retrieved from /opt/airflow/dags/pipeline_label_studio.py
[2025-11-18T22:17:20.992+0000] {logging_mixin.py:188} INFO - [2025-11-18T22:17:20.992+0000] {dag.py:3089} INFO - Sync 1 DAGs
[2025-11-18T22:17:21.000+0000] {logging_mixin.py:188} INFO - [2025-11-18T22:17:21.000+0000] {dag.py:3947} INFO - Setting next_dagrun for etl_label_studio to 2025-11-18 03:00:00+00:00, run_after=2025-11-19 03:00:00+00:00
[2025-11-18T22:17:21.006+0000] {processor.py:183} INFO - Processing /opt/airflow/dags/pipeline_label_studio.py took 0.039 seconds
[2025-11-18T22:17:51.315+0000] {processor.py:161} INFO - Started process (PID=1073) to work on /opt/airflow/dags/pipeline_label_studio.py
[2025-11-18T22:17:51.315+0000] {processor.py:830} INFO - Processing file /opt/airflow/dags/pipeline_label_studio.py for tasks to queue
[2025-11-18T22:17:51.316+0000] {logging_mixin.py:188} INFO - [2025-11-18T22:17:51.316+0000] {dagbag.py:545} INFO - Filling up the DagBag from /opt/airflow/dags/pipeline_label_studio.py
[2025-11-18T22:17:51.320+0000] {processor.py:840} INFO - DAG(s) 'etl_label_studio' retrieved from /opt/airflow/dags/pipeline_label_studio.py
[2025-11-18T22:17:51.326+0000] {logging_mixin.py:188} INFO - [2025-11-18T22:17:51.326+0000] {dag.py:3089} INFO - Sync 1 DAGs
[2025-11-18T22:17:51.335+0000] {logging_mixin.py:188} INFO - [2025-11-18T22:17:51.335+0000] {dag.py:3947} INFO - Setting next_dagrun for etl_label_studio to 2025-11-18 03:00:00+00:00, run_after=2025-11-19 03:00:00+00:00
[2025-11-18T22:17:51.341+0000] {processor.py:183} INFO - Processing /opt/airflow/dags/pipeline_label_studio.py took 0.028 seconds
[2025-11-18T22:18:21.706+0000] {processor.py:161} INFO - Started process (PID=1088) to work on /opt/airflow/dags/pipeline_label_studio.py
[2025-11-18T22:18:21.707+0000] {processor.py:830} INFO - Processing file /opt/airflow/dags/pipeline_label_studio.py for tasks to queue
[2025-11-18T22:18:21.707+0000] {logging_mixin.py:188} INFO - [2025-11-18T22:18:21.707+0000] {dagbag.py:545} INFO - Filling up the DagBag from /opt/airflow/dags/pipeline_label_studio.py
[2025-11-18T22:18:21.712+0000] {processor.py:840} INFO - DAG(s) 'etl_label_studio' retrieved from /opt/airflow/dags/pipeline_label_studio.py
[2025-11-18T22:18:21.749+0000] {logging_mixin.py:188} INFO - [2025-11-18T22:18:21.749+0000] {dag.py:3089} INFO - Sync 1 DAGs
[2025-11-18T22:18:21.757+0000] {logging_mixin.py:188} INFO - [2025-11-18T22:18:21.757+0000] {dag.py:3947} INFO - Setting next_dagrun for etl_label_studio to 2025-11-18 03:00:00+00:00, run_after=2025-11-19 03:00:00+00:00
[2025-11-18T22:18:21.763+0000] {processor.py:183} INFO - Processing /opt/airflow/dags/pipeline_label_studio.py took 0.059 seconds
[2025-11-18T22:18:52.093+0000] {processor.py:161} INFO - Started process (PID=1103) to work on /opt/airflow/dags/pipeline_label_studio.py
[2025-11-18T22:18:52.094+0000] {processor.py:830} INFO - Processing file /opt/airflow/dags/pipeline_label_studio.py for tasks to queue
[2025-11-18T22:18:52.095+0000] {logging_mixin.py:188} INFO - [2025-11-18T22:18:52.094+0000] {dagbag.py:545} INFO - Filling up the DagBag from /opt/airflow/dags/pipeline_label_studio.py
[2025-11-18T22:18:52.099+0000] {processor.py:840} INFO - DAG(s) 'etl_label_studio' retrieved from /opt/airflow/dags/pipeline_label_studio.py
[2025-11-18T22:18:52.115+0000] {logging_mixin.py:188} INFO - [2025-11-18T22:18:52.114+0000] {dag.py:3089} INFO - Sync 1 DAGs
[2025-11-18T22:18:52.124+0000] {logging_mixin.py:188} INFO - [2025-11-18T22:18:52.124+0000] {dag.py:3947} INFO - Setting next_dagrun for etl_label_studio to 2025-11-18 03:00:00+00:00, run_after=2025-11-19 03:00:00+00:00
[2025-11-18T22:18:52.131+0000] {processor.py:183} INFO - Processing /opt/airflow/dags/pipeline_label_studio.py took 0.040 seconds
[2025-11-18T22:19:22.426+0000] {processor.py:161} INFO - Started process (PID=1118) to work on /opt/airflow/dags/pipeline_label_studio.py
[2025-11-18T22:19:22.427+0000] {processor.py:830} INFO - Processing file /opt/airflow/dags/pipeline_label_studio.py for tasks to queue
[2025-11-18T22:19:22.428+0000] {logging_mixin.py:188} INFO - [2025-11-18T22:19:22.428+0000] {dagbag.py:545} INFO - Filling up the DagBag from /opt/airflow/dags/pipeline_label_studio.py
[2025-11-18T22:19:22.433+0000] {processor.py:840} INFO - DAG(s) 'etl_label_studio' retrieved from /opt/airflow/dags/pipeline_label_studio.py
[2025-11-18T22:19:22.447+0000] {logging_mixin.py:188} INFO - [2025-11-18T22:19:22.447+0000] {dag.py:3089} INFO - Sync 1 DAGs
[2025-11-18T22:19:22.456+0000] {logging_mixin.py:188} INFO - [2025-11-18T22:19:22.456+0000] {dag.py:3947} INFO - Setting next_dagrun for etl_label_studio to 2025-11-18 03:00:00+00:00, run_after=2025-11-19 03:00:00+00:00
[2025-11-18T22:19:22.462+0000] {processor.py:183} INFO - Processing /opt/airflow/dags/pipeline_label_studio.py took 0.040 seconds
[2025-11-18T22:19:52.786+0000] {processor.py:161} INFO - Started process (PID=1133) to work on /opt/airflow/dags/pipeline_label_studio.py
[2025-11-18T22:19:52.787+0000] {processor.py:830} INFO - Processing file /opt/airflow/dags/pipeline_label_studio.py for tasks to queue
[2025-11-18T22:19:52.787+0000] {logging_mixin.py:188} INFO - [2025-11-18T22:19:52.787+0000] {dagbag.py:545} INFO - Filling up the DagBag from /opt/airflow/dags/pipeline_label_studio.py
[2025-11-18T22:19:52.792+0000] {processor.py:840} INFO - DAG(s) 'etl_label_studio' retrieved from /opt/airflow/dags/pipeline_label_studio.py
[2025-11-18T22:19:52.806+0000] {logging_mixin.py:188} INFO - [2025-11-18T22:19:52.806+0000] {dag.py:3089} INFO - Sync 1 DAGs
[2025-11-18T22:19:52.817+0000] {logging_mixin.py:188} INFO - [2025-11-18T22:19:52.817+0000] {dag.py:3947} INFO - Setting next_dagrun for etl_label_studio to 2025-11-18 03:00:00+00:00, run_after=2025-11-19 03:00:00+00:00
[2025-11-18T22:19:52.824+0000] {processor.py:183} INFO - Processing /opt/airflow/dags/pipeline_label_studio.py took 0.040 seconds
[2025-11-18T22:20:23.209+0000] {processor.py:161} INFO - Started process (PID=1148) to work on /opt/airflow/dags/pipeline_label_studio.py
[2025-11-18T22:20:23.209+0000] {processor.py:830} INFO - Processing file /opt/airflow/dags/pipeline_label_studio.py for tasks to queue
[2025-11-18T22:20:23.210+0000] {logging_mixin.py:188} INFO - [2025-11-18T22:20:23.210+0000] {dagbag.py:545} INFO - Filling up the DagBag from /opt/airflow/dags/pipeline_label_studio.py
[2025-11-18T22:20:23.218+0000] {processor.py:840} INFO - DAG(s) 'etl_label_studio' retrieved from /opt/airflow/dags/pipeline_label_studio.py
[2025-11-18T22:20:23.233+0000] {logging_mixin.py:188} INFO - [2025-11-18T22:20:23.233+0000] {dag.py:3089} INFO - Sync 1 DAGs
[2025-11-18T22:20:23.243+0000] {logging_mixin.py:188} INFO - [2025-11-18T22:20:23.243+0000] {dag.py:3947} INFO - Setting next_dagrun for etl_label_studio to 2025-11-18 03:00:00+00:00, run_after=2025-11-19 03:00:00+00:00
[2025-11-18T22:20:23.250+0000] {processor.py:183} INFO - Processing /opt/airflow/dags/pipeline_label_studio.py took 0.044 seconds
[2025-11-18T22:20:53.583+0000] {processor.py:161} INFO - Started process (PID=1163) to work on /opt/airflow/dags/pipeline_label_studio.py
[2025-11-18T22:20:53.584+0000] {processor.py:830} INFO - Processing file /opt/airflow/dags/pipeline_label_studio.py for tasks to queue
[2025-11-18T22:20:53.585+0000] {logging_mixin.py:188} INFO - [2025-11-18T22:20:53.584+0000] {dagbag.py:545} INFO - Filling up the DagBag from /opt/airflow/dags/pipeline_label_studio.py
[2025-11-18T22:20:53.589+0000] {processor.py:840} INFO - DAG(s) 'etl_label_studio' retrieved from /opt/airflow/dags/pipeline_label_studio.py
[2025-11-18T22:20:53.601+0000] {logging_mixin.py:188} INFO - [2025-11-18T22:20:53.601+0000] {dag.py:3089} INFO - Sync 1 DAGs
[2025-11-18T22:20:53.609+0000] {logging_mixin.py:188} INFO - [2025-11-18T22:20:53.609+0000] {dag.py:3947} INFO - Setting next_dagrun for etl_label_studio to 2025-11-18 03:00:00+00:00, run_after=2025-11-19 03:00:00+00:00
[2025-11-18T22:20:53.615+0000] {processor.py:183} INFO - Processing /opt/airflow/dags/pipeline_label_studio.py took 0.035 seconds
[2025-11-18T22:21:23.945+0000] {processor.py:161} INFO - Started process (PID=1178) to work on /opt/airflow/dags/pipeline_label_studio.py
[2025-11-18T22:21:23.945+0000] {processor.py:830} INFO - Processing file /opt/airflow/dags/pipeline_label_studio.py for tasks to queue
[2025-11-18T22:21:23.946+0000] {logging_mixin.py:188} INFO - [2025-11-18T22:21:23.945+0000] {dagbag.py:545} INFO - Filling up the DagBag from /opt/airflow/dags/pipeline_label_studio.py
[2025-11-18T22:21:23.951+0000] {processor.py:840} INFO - DAG(s) 'etl_label_studio' retrieved from /opt/airflow/dags/pipeline_label_studio.py
[2025-11-18T22:21:23.963+0000] {logging_mixin.py:188} INFO - [2025-11-18T22:21:23.963+0000] {dag.py:3089} INFO - Sync 1 DAGs
[2025-11-18T22:21:23.972+0000] {logging_mixin.py:188} INFO - [2025-11-18T22:21:23.972+0000] {dag.py:3947} INFO - Setting next_dagrun for etl_label_studio to 2025-11-18 03:00:00+00:00, run_after=2025-11-19 03:00:00+00:00
[2025-11-18T22:21:23.980+0000] {processor.py:183} INFO - Processing /opt/airflow/dags/pipeline_label_studio.py took 0.038 seconds
[2025-11-18T22:21:54.328+0000] {processor.py:161} INFO - Started process (PID=1193) to work on /opt/airflow/dags/pipeline_label_studio.py
[2025-11-18T22:21:54.328+0000] {processor.py:830} INFO - Processing file /opt/airflow/dags/pipeline_label_studio.py for tasks to queue
[2025-11-18T22:21:54.329+0000] {logging_mixin.py:188} INFO - [2025-11-18T22:21:54.329+0000] {dagbag.py:545} INFO - Filling up the DagBag from /opt/airflow/dags/pipeline_label_studio.py
[2025-11-18T22:21:54.333+0000] {processor.py:840} INFO - DAG(s) 'etl_label_studio' retrieved from /opt/airflow/dags/pipeline_label_studio.py
[2025-11-18T22:21:54.345+0000] {logging_mixin.py:188} INFO - [2025-11-18T22:21:54.345+0000] {dag.py:3089} INFO - Sync 1 DAGs
[2025-11-18T22:21:54.354+0000] {logging_mixin.py:188} INFO - [2025-11-18T22:21:54.354+0000] {dag.py:3947} INFO - Setting next_dagrun for etl_label_studio to 2025-11-18 03:00:00+00:00, run_after=2025-11-19 03:00:00+00:00
[2025-11-18T22:21:54.361+0000] {processor.py:183} INFO - Processing /opt/airflow/dags/pipeline_label_studio.py took 0.036 seconds
[2025-11-18T22:22:24.699+0000] {processor.py:161} INFO - Started process (PID=1220) to work on /opt/airflow/dags/pipeline_label_studio.py
[2025-11-18T22:22:24.699+0000] {processor.py:830} INFO - Processing file /opt/airflow/dags/pipeline_label_studio.py for tasks to queue
[2025-11-18T22:22:24.700+0000] {logging_mixin.py:188} INFO - [2025-11-18T22:22:24.700+0000] {dagbag.py:545} INFO - Filling up the DagBag from /opt/airflow/dags/pipeline_label_studio.py
[2025-11-18T22:22:24.707+0000] {processor.py:840} INFO - DAG(s) 'etl_label_studio' retrieved from /opt/airflow/dags/pipeline_label_studio.py
[2025-11-18T22:22:24.714+0000] {logging_mixin.py:188} INFO - [2025-11-18T22:22:24.714+0000] {dag.py:3089} INFO - Sync 1 DAGs
[2025-11-18T22:22:24.724+0000] {logging_mixin.py:188} INFO - [2025-11-18T22:22:24.724+0000] {dag.py:3947} INFO - Setting next_dagrun for etl_label_studio to 2025-11-18 03:00:00+00:00, run_after=2025-11-19 03:00:00+00:00
[2025-11-18T22:22:24.730+0000] {processor.py:183} INFO - Processing /opt/airflow/dags/pipeline_label_studio.py took 0.036 seconds
[2025-11-18T22:22:55.055+0000] {processor.py:161} INFO - Started process (PID=1259) to work on /opt/airflow/dags/pipeline_label_studio.py
[2025-11-18T22:22:55.055+0000] {processor.py:830} INFO - Processing file /opt/airflow/dags/pipeline_label_studio.py for tasks to queue
[2025-11-18T22:22:55.056+0000] {logging_mixin.py:188} INFO - [2025-11-18T22:22:55.055+0000] {dagbag.py:545} INFO - Filling up the DagBag from /opt/airflow/dags/pipeline_label_studio.py
[2025-11-18T22:22:55.060+0000] {processor.py:840} INFO - DAG(s) 'etl_label_studio' retrieved from /opt/airflow/dags/pipeline_label_studio.py
[2025-11-18T22:22:55.098+0000] {logging_mixin.py:188} INFO - [2025-11-18T22:22:55.098+0000] {dag.py:3089} INFO - Sync 1 DAGs
[2025-11-18T22:22:55.105+0000] {logging_mixin.py:188} INFO - [2025-11-18T22:22:55.105+0000] {dag.py:3947} INFO - Setting next_dagrun for etl_label_studio to 2025-11-18 03:00:00+00:00, run_after=2025-11-19 03:00:00+00:00
[2025-11-18T22:22:55.111+0000] {processor.py:183} INFO - Processing /opt/airflow/dags/pipeline_label_studio.py took 0.059 seconds
[2025-11-18T22:23:25.426+0000] {processor.py:161} INFO - Started process (PID=1274) to work on /opt/airflow/dags/pipeline_label_studio.py
[2025-11-18T22:23:25.426+0000] {processor.py:830} INFO - Processing file /opt/airflow/dags/pipeline_label_studio.py for tasks to queue
[2025-11-18T22:23:25.427+0000] {logging_mixin.py:188} INFO - [2025-11-18T22:23:25.427+0000] {dagbag.py:545} INFO - Filling up the DagBag from /opt/airflow/dags/pipeline_label_studio.py
[2025-11-18T22:23:25.432+0000] {processor.py:840} INFO - DAG(s) 'etl_label_studio' retrieved from /opt/airflow/dags/pipeline_label_studio.py
[2025-11-18T22:23:25.447+0000] {logging_mixin.py:188} INFO - [2025-11-18T22:23:25.447+0000] {dag.py:3089} INFO - Sync 1 DAGs
[2025-11-18T22:23:25.456+0000] {logging_mixin.py:188} INFO - [2025-11-18T22:23:25.456+0000] {dag.py:3947} INFO - Setting next_dagrun for etl_label_studio to 2025-11-18 03:00:00+00:00, run_after=2025-11-19 03:00:00+00:00
[2025-11-18T22:23:25.463+0000] {processor.py:183} INFO - Processing /opt/airflow/dags/pipeline_label_studio.py took 0.039 seconds
[2025-11-18T22:23:55.802+0000] {processor.py:161} INFO - Started process (PID=1289) to work on /opt/airflow/dags/pipeline_label_studio.py
[2025-11-18T22:23:55.802+0000] {processor.py:830} INFO - Processing file /opt/airflow/dags/pipeline_label_studio.py for tasks to queue
[2025-11-18T22:23:55.803+0000] {logging_mixin.py:188} INFO - [2025-11-18T22:23:55.803+0000] {dagbag.py:545} INFO - Filling up the DagBag from /opt/airflow/dags/pipeline_label_studio.py
[2025-11-18T22:23:55.808+0000] {processor.py:840} INFO - DAG(s) 'etl_label_studio' retrieved from /opt/airflow/dags/pipeline_label_studio.py
[2025-11-18T22:23:55.820+0000] {logging_mixin.py:188} INFO - [2025-11-18T22:23:55.820+0000] {dag.py:3089} INFO - Sync 1 DAGs
[2025-11-18T22:23:55.829+0000] {logging_mixin.py:188} INFO - [2025-11-18T22:23:55.829+0000] {dag.py:3947} INFO - Setting next_dagrun for etl_label_studio to 2025-11-18 03:00:00+00:00, run_after=2025-11-19 03:00:00+00:00
[2025-11-18T22:23:55.836+0000] {processor.py:183} INFO - Processing /opt/airflow/dags/pipeline_label_studio.py took 0.037 seconds
[2025-11-18T22:24:26.164+0000] {processor.py:161} INFO - Started process (PID=1304) to work on /opt/airflow/dags/pipeline_label_studio.py
[2025-11-18T22:24:26.165+0000] {processor.py:830} INFO - Processing file /opt/airflow/dags/pipeline_label_studio.py for tasks to queue
[2025-11-18T22:24:26.165+0000] {logging_mixin.py:188} INFO - [2025-11-18T22:24:26.165+0000] {dagbag.py:545} INFO - Filling up the DagBag from /opt/airflow/dags/pipeline_label_studio.py
[2025-11-18T22:24:26.170+0000] {processor.py:840} INFO - DAG(s) 'etl_label_studio' retrieved from /opt/airflow/dags/pipeline_label_studio.py
[2025-11-18T22:24:26.187+0000] {logging_mixin.py:188} INFO - [2025-11-18T22:24:26.187+0000] {dag.py:3089} INFO - Sync 1 DAGs
[2025-11-18T22:24:26.196+0000] {logging_mixin.py:188} INFO - [2025-11-18T22:24:26.196+0000] {dag.py:3947} INFO - Setting next_dagrun for etl_label_studio to 2025-11-18 03:00:00+00:00, run_after=2025-11-19 03:00:00+00:00
[2025-11-18T22:24:26.203+0000] {processor.py:183} INFO - Processing /opt/airflow/dags/pipeline_label_studio.py took 0.041 seconds
[2025-11-18T22:24:56.603+0000] {processor.py:161} INFO - Started process (PID=1319) to work on /opt/airflow/dags/pipeline_label_studio.py
[2025-11-18T22:24:56.604+0000] {processor.py:830} INFO - Processing file /opt/airflow/dags/pipeline_label_studio.py for tasks to queue
[2025-11-18T22:24:56.604+0000] {logging_mixin.py:188} INFO - [2025-11-18T22:24:56.604+0000] {dagbag.py:545} INFO - Filling up the DagBag from /opt/airflow/dags/pipeline_label_studio.py
[2025-11-18T22:24:56.611+0000] {processor.py:840} INFO - DAG(s) 'etl_label_studio' retrieved from /opt/airflow/dags/pipeline_label_studio.py
[2025-11-18T22:24:56.626+0000] {logging_mixin.py:188} INFO - [2025-11-18T22:24:56.626+0000] {dag.py:3089} INFO - Sync 1 DAGs
[2025-11-18T22:24:56.637+0000] {logging_mixin.py:188} INFO - [2025-11-18T22:24:56.637+0000] {dag.py:3947} INFO - Setting next_dagrun for etl_label_studio to 2025-11-18 03:00:00+00:00, run_after=2025-11-19 03:00:00+00:00
[2025-11-18T22:24:56.645+0000] {processor.py:183} INFO - Processing /opt/airflow/dags/pipeline_label_studio.py took 0.044 seconds
[2025-11-18T22:25:26.980+0000] {processor.py:161} INFO - Started process (PID=1334) to work on /opt/airflow/dags/pipeline_label_studio.py
[2025-11-18T22:25:26.981+0000] {processor.py:830} INFO - Processing file /opt/airflow/dags/pipeline_label_studio.py for tasks to queue
[2025-11-18T22:25:26.982+0000] {logging_mixin.py:188} INFO - [2025-11-18T22:25:26.982+0000] {dagbag.py:545} INFO - Filling up the DagBag from /opt/airflow/dags/pipeline_label_studio.py
[2025-11-18T22:25:26.986+0000] {processor.py:840} INFO - DAG(s) 'etl_label_studio' retrieved from /opt/airflow/dags/pipeline_label_studio.py
[2025-11-18T22:25:26.997+0000] {logging_mixin.py:188} INFO - [2025-11-18T22:25:26.997+0000] {dag.py:3089} INFO - Sync 1 DAGs
[2025-11-18T22:25:27.006+0000] {logging_mixin.py:188} INFO - [2025-11-18T22:25:27.006+0000] {dag.py:3947} INFO - Setting next_dagrun for etl_label_studio to 2025-11-18 03:00:00+00:00, run_after=2025-11-19 03:00:00+00:00
[2025-11-18T22:25:27.012+0000] {processor.py:183} INFO - Processing /opt/airflow/dags/pipeline_label_studio.py took 0.034 seconds
[2025-11-18T22:25:57.250+0000] {processor.py:161} INFO - Started process (PID=1349) to work on /opt/airflow/dags/pipeline_label_studio.py
[2025-11-18T22:25:57.251+0000] {processor.py:830} INFO - Processing file /opt/airflow/dags/pipeline_label_studio.py for tasks to queue
[2025-11-18T22:25:57.251+0000] {logging_mixin.py:188} INFO - [2025-11-18T22:25:57.251+0000] {dagbag.py:545} INFO - Filling up the DagBag from /opt/airflow/dags/pipeline_label_studio.py
[2025-11-18T22:25:57.256+0000] {processor.py:840} INFO - DAG(s) 'etl_label_studio' retrieved from /opt/airflow/dags/pipeline_label_studio.py
[2025-11-18T22:25:57.267+0000] {logging_mixin.py:188} INFO - [2025-11-18T22:25:57.267+0000] {dag.py:3089} INFO - Sync 1 DAGs
[2025-11-18T22:25:57.276+0000] {logging_mixin.py:188} INFO - [2025-11-18T22:25:57.276+0000] {dag.py:3947} INFO - Setting next_dagrun for etl_label_studio to 2025-11-18 03:00:00+00:00, run_after=2025-11-19 03:00:00+00:00
[2025-11-18T22:25:57.282+0000] {processor.py:183} INFO - Processing /opt/airflow/dags/pipeline_label_studio.py took 0.035 seconds
[2025-11-18T22:26:27.601+0000] {processor.py:161} INFO - Started process (PID=1364) to work on /opt/airflow/dags/pipeline_label_studio.py
[2025-11-18T22:26:27.601+0000] {processor.py:830} INFO - Processing file /opt/airflow/dags/pipeline_label_studio.py for tasks to queue
[2025-11-18T22:26:27.602+0000] {logging_mixin.py:188} INFO - [2025-11-18T22:26:27.602+0000] {dagbag.py:545} INFO - Filling up the DagBag from /opt/airflow/dags/pipeline_label_studio.py
[2025-11-18T22:26:27.606+0000] {processor.py:840} INFO - DAG(s) 'etl_label_studio' retrieved from /opt/airflow/dags/pipeline_label_studio.py
[2025-11-18T22:26:27.617+0000] {logging_mixin.py:188} INFO - [2025-11-18T22:26:27.617+0000] {dag.py:3089} INFO - Sync 1 DAGs
[2025-11-18T22:26:27.626+0000] {logging_mixin.py:188} INFO - [2025-11-18T22:26:27.625+0000] {dag.py:3947} INFO - Setting next_dagrun for etl_label_studio to 2025-11-18 03:00:00+00:00, run_after=2025-11-19 03:00:00+00:00
[2025-11-18T22:26:27.632+0000] {processor.py:183} INFO - Processing /opt/airflow/dags/pipeline_label_studio.py took 0.033 seconds
[2025-11-18T22:26:57.915+0000] {processor.py:161} INFO - Started process (PID=1379) to work on /opt/airflow/dags/pipeline_label_studio.py
[2025-11-18T22:26:57.916+0000] {processor.py:830} INFO - Processing file /opt/airflow/dags/pipeline_label_studio.py for tasks to queue
[2025-11-18T22:26:57.916+0000] {logging_mixin.py:188} INFO - [2025-11-18T22:26:57.916+0000] {dagbag.py:545} INFO - Filling up the DagBag from /opt/airflow/dags/pipeline_label_studio.py
[2025-11-18T22:26:57.921+0000] {processor.py:840} INFO - DAG(s) 'etl_label_studio' retrieved from /opt/airflow/dags/pipeline_label_studio.py
[2025-11-18T22:26:57.934+0000] {logging_mixin.py:188} INFO - [2025-11-18T22:26:57.933+0000] {dag.py:3089} INFO - Sync 1 DAGs
[2025-11-18T22:26:57.943+0000] {logging_mixin.py:188} INFO - [2025-11-18T22:26:57.942+0000] {dag.py:3947} INFO - Setting next_dagrun for etl_label_studio to 2025-11-18 03:00:00+00:00, run_after=2025-11-19 03:00:00+00:00
[2025-11-18T22:26:57.950+0000] {processor.py:183} INFO - Processing /opt/airflow/dags/pipeline_label_studio.py took 0.037 seconds
[2025-11-18T22:27:28.273+0000] {processor.py:161} INFO - Started process (PID=1406) to work on /opt/airflow/dags/pipeline_label_studio.py
[2025-11-18T22:27:28.274+0000] {processor.py:830} INFO - Processing file /opt/airflow/dags/pipeline_label_studio.py for tasks to queue
[2025-11-18T22:27:28.275+0000] {logging_mixin.py:188} INFO - [2025-11-18T22:27:28.274+0000] {dagbag.py:545} INFO - Filling up the DagBag from /opt/airflow/dags/pipeline_label_studio.py
[2025-11-18T22:27:28.280+0000] {processor.py:840} INFO - DAG(s) 'etl_label_studio' retrieved from /opt/airflow/dags/pipeline_label_studio.py
[2025-11-18T22:27:28.289+0000] {logging_mixin.py:188} INFO - [2025-11-18T22:27:28.289+0000] {dag.py:3089} INFO - Sync 1 DAGs
[2025-11-18T22:27:28.300+0000] {logging_mixin.py:188} INFO - [2025-11-18T22:27:28.300+0000] {dag.py:3947} INFO - Setting next_dagrun for etl_label_studio to 2025-11-18 03:00:00+00:00, run_after=2025-11-19 03:00:00+00:00
[2025-11-18T22:27:28.309+0000] {processor.py:183} INFO - Processing /opt/airflow/dags/pipeline_label_studio.py took 0.038 seconds
[2025-11-18T22:27:59.221+0000] {processor.py:161} INFO - Started process (PID=2939) to work on /opt/airflow/dags/pipeline_label_studio.py
[2025-11-18T22:27:59.223+0000] {processor.py:830} INFO - Processing file /opt/airflow/dags/pipeline_label_studio.py for tasks to queue
[2025-11-18T22:27:59.226+0000] {logging_mixin.py:188} INFO - [2025-11-18T22:27:59.225+0000] {dagbag.py:545} INFO - Filling up the DagBag from /opt/airflow/dags/pipeline_label_studio.py
[2025-11-18T22:27:59.239+0000] {processor.py:840} INFO - DAG(s) 'etl_label_studio' retrieved from /opt/airflow/dags/pipeline_label_studio.py
[2025-11-18T22:27:59.339+0000] {logging_mixin.py:188} INFO - [2025-11-18T22:27:59.339+0000] {dag.py:3089} INFO - Sync 1 DAGs
[2025-11-18T22:27:59.370+0000] {logging_mixin.py:188} INFO - [2025-11-18T22:27:59.369+0000] {dag.py:3947} INFO - Setting next_dagrun for etl_label_studio to 2025-11-18 03:00:00+00:00, run_after=2025-11-19 03:00:00+00:00
[2025-11-18T22:27:59.393+0000] {processor.py:183} INFO - Processing /opt/airflow/dags/pipeline_label_studio.py took 0.189 seconds
[2025-11-18T22:28:29.603+0000] {processor.py:161} INFO - Started process (PID=3196) to work on /opt/airflow/dags/pipeline_label_studio.py
[2025-11-18T22:28:29.604+0000] {processor.py:830} INFO - Processing file /opt/airflow/dags/pipeline_label_studio.py for tasks to queue
[2025-11-18T22:28:29.604+0000] {logging_mixin.py:188} INFO - [2025-11-18T22:28:29.604+0000] {dagbag.py:545} INFO - Filling up the DagBag from /opt/airflow/dags/pipeline_label_studio.py
[2025-11-18T22:28:29.611+0000] {processor.py:840} INFO - DAG(s) 'etl_label_studio' retrieved from /opt/airflow/dags/pipeline_label_studio.py
[2025-11-18T22:28:29.624+0000] {logging_mixin.py:188} INFO - [2025-11-18T22:28:29.624+0000] {dag.py:3089} INFO - Sync 1 DAGs
[2025-11-18T22:28:29.634+0000] {logging_mixin.py:188} INFO - [2025-11-18T22:28:29.634+0000] {dag.py:3947} INFO - Setting next_dagrun for etl_label_studio to 2025-11-18 03:00:00+00:00, run_after=2025-11-19 03:00:00+00:00
[2025-11-18T22:28:29.641+0000] {processor.py:183} INFO - Processing /opt/airflow/dags/pipeline_label_studio.py took 0.042 seconds
[2025-11-18T22:29:00.033+0000] {processor.py:161} INFO - Started process (PID=3211) to work on /opt/airflow/dags/pipeline_label_studio.py
[2025-11-18T22:29:00.034+0000] {processor.py:830} INFO - Processing file /opt/airflow/dags/pipeline_label_studio.py for tasks to queue
[2025-11-18T22:29:00.036+0000] {logging_mixin.py:188} INFO - [2025-11-18T22:29:00.035+0000] {dagbag.py:545} INFO - Filling up the DagBag from /opt/airflow/dags/pipeline_label_studio.py
[2025-11-18T22:29:00.044+0000] {processor.py:840} INFO - DAG(s) 'etl_label_studio' retrieved from /opt/airflow/dags/pipeline_label_studio.py
[2025-11-18T22:29:00.076+0000] {logging_mixin.py:188} INFO - [2025-11-18T22:29:00.076+0000] {dag.py:3089} INFO - Sync 1 DAGs
[2025-11-18T22:29:00.086+0000] {logging_mixin.py:188} INFO - [2025-11-18T22:29:00.086+0000] {dag.py:3947} INFO - Setting next_dagrun for etl_label_studio to 2025-11-18 03:00:00+00:00, run_after=2025-11-19 03:00:00+00:00
[2025-11-18T22:29:00.093+0000] {processor.py:183} INFO - Processing /opt/airflow/dags/pipeline_label_studio.py took 0.065 seconds
[2025-11-18T22:29:30.377+0000] {processor.py:161} INFO - Started process (PID=3226) to work on /opt/airflow/dags/pipeline_label_studio.py
[2025-11-18T22:29:30.378+0000] {processor.py:830} INFO - Processing file /opt/airflow/dags/pipeline_label_studio.py for tasks to queue
[2025-11-18T22:29:30.379+0000] {logging_mixin.py:188} INFO - [2025-11-18T22:29:30.379+0000] {dagbag.py:545} INFO - Filling up the DagBag from /opt/airflow/dags/pipeline_label_studio.py
[2025-11-18T22:29:30.384+0000] {processor.py:840} INFO - DAG(s) 'etl_label_studio' retrieved from /opt/airflow/dags/pipeline_label_studio.py
[2025-11-18T22:29:30.402+0000] {logging_mixin.py:188} INFO - [2025-11-18T22:29:30.402+0000] {dag.py:3089} INFO - Sync 1 DAGs
[2025-11-18T22:29:30.417+0000] {logging_mixin.py:188} INFO - [2025-11-18T22:29:30.417+0000] {dag.py:3947} INFO - Setting next_dagrun for etl_label_studio to 2025-11-18 03:00:00+00:00, run_after=2025-11-19 03:00:00+00:00
[2025-11-18T22:29:30.426+0000] {processor.py:183} INFO - Processing /opt/airflow/dags/pipeline_label_studio.py took 0.053 seconds
[2025-11-18T22:30:00.820+0000] {processor.py:161} INFO - Started process (PID=3241) to work on /opt/airflow/dags/pipeline_label_studio.py
[2025-11-18T22:30:00.820+0000] {processor.py:830} INFO - Processing file /opt/airflow/dags/pipeline_label_studio.py for tasks to queue
[2025-11-18T22:30:00.821+0000] {logging_mixin.py:188} INFO - [2025-11-18T22:30:00.821+0000] {dagbag.py:545} INFO - Filling up the DagBag from /opt/airflow/dags/pipeline_label_studio.py
[2025-11-18T22:30:00.827+0000] {processor.py:840} INFO - DAG(s) 'etl_label_studio' retrieved from /opt/airflow/dags/pipeline_label_studio.py
[2025-11-18T22:30:00.839+0000] {logging_mixin.py:188} INFO - [2025-11-18T22:30:00.839+0000] {dag.py:3089} INFO - Sync 1 DAGs
[2025-11-18T22:30:00.848+0000] {logging_mixin.py:188} INFO - [2025-11-18T22:30:00.848+0000] {dag.py:3947} INFO - Setting next_dagrun for etl_label_studio to 2025-11-18 03:00:00+00:00, run_after=2025-11-19 03:00:00+00:00
[2025-11-18T22:30:00.855+0000] {processor.py:183} INFO - Processing /opt/airflow/dags/pipeline_label_studio.py took 0.037 seconds
[2025-11-18T22:30:31.300+0000] {processor.py:161} INFO - Started process (PID=3256) to work on /opt/airflow/dags/pipeline_label_studio.py
[2025-11-18T22:30:31.301+0000] {processor.py:830} INFO - Processing file /opt/airflow/dags/pipeline_label_studio.py for tasks to queue
[2025-11-18T22:30:31.302+0000] {logging_mixin.py:188} INFO - [2025-11-18T22:30:31.302+0000] {dagbag.py:545} INFO - Filling up the DagBag from /opt/airflow/dags/pipeline_label_studio.py
[2025-11-18T22:30:31.308+0000] {processor.py:840} INFO - DAG(s) 'etl_label_studio' retrieved from /opt/airflow/dags/pipeline_label_studio.py
[2025-11-18T22:30:31.326+0000] {logging_mixin.py:188} INFO - [2025-11-18T22:30:31.326+0000] {dag.py:3089} INFO - Sync 1 DAGs
[2025-11-18T22:30:31.336+0000] {logging_mixin.py:188} INFO - [2025-11-18T22:30:31.336+0000] {dag.py:3947} INFO - Setting next_dagrun for etl_label_studio to 2025-11-18 03:00:00+00:00, run_after=2025-11-19 03:00:00+00:00
[2025-11-18T22:30:31.347+0000] {processor.py:183} INFO - Processing /opt/airflow/dags/pipeline_label_studio.py took 0.049 seconds
[2025-11-18T22:31:01.658+0000] {processor.py:161} INFO - Started process (PID=3271) to work on /opt/airflow/dags/pipeline_label_studio.py
[2025-11-18T22:31:01.659+0000] {processor.py:830} INFO - Processing file /opt/airflow/dags/pipeline_label_studio.py for tasks to queue
[2025-11-18T22:31:01.659+0000] {logging_mixin.py:188} INFO - [2025-11-18T22:31:01.659+0000] {dagbag.py:545} INFO - Filling up the DagBag from /opt/airflow/dags/pipeline_label_studio.py
[2025-11-18T22:31:01.664+0000] {processor.py:840} INFO - DAG(s) 'etl_label_studio' retrieved from /opt/airflow/dags/pipeline_label_studio.py
[2025-11-18T22:31:01.676+0000] {logging_mixin.py:188} INFO - [2025-11-18T22:31:01.676+0000] {dag.py:3089} INFO - Sync 1 DAGs
[2025-11-18T22:31:01.686+0000] {logging_mixin.py:188} INFO - [2025-11-18T22:31:01.686+0000] {dag.py:3947} INFO - Setting next_dagrun for etl_label_studio to 2025-11-18 03:00:00+00:00, run_after=2025-11-19 03:00:00+00:00
[2025-11-18T22:31:01.692+0000] {processor.py:183} INFO - Processing /opt/airflow/dags/pipeline_label_studio.py took 0.036 seconds
[2025-11-18T22:31:32.013+0000] {processor.py:161} INFO - Started process (PID=3286) to work on /opt/airflow/dags/pipeline_label_studio.py
[2025-11-18T22:31:32.013+0000] {processor.py:830} INFO - Processing file /opt/airflow/dags/pipeline_label_studio.py for tasks to queue
[2025-11-18T22:31:32.013+0000] {logging_mixin.py:188} INFO - [2025-11-18T22:31:32.013+0000] {dagbag.py:545} INFO - Filling up the DagBag from /opt/airflow/dags/pipeline_label_studio.py
[2025-11-18T22:31:32.018+0000] {processor.py:840} INFO - DAG(s) 'etl_label_studio' retrieved from /opt/airflow/dags/pipeline_label_studio.py
[2025-11-18T22:31:32.032+0000] {logging_mixin.py:188} INFO - [2025-11-18T22:31:32.032+0000] {dag.py:3089} INFO - Sync 1 DAGs
[2025-11-18T22:31:32.047+0000] {logging_mixin.py:188} INFO - [2025-11-18T22:31:32.047+0000] {dag.py:3947} INFO - Setting next_dagrun for etl_label_studio to 2025-11-18 03:00:00+00:00, run_after=2025-11-19 03:00:00+00:00
[2025-11-18T22:31:32.053+0000] {processor.py:183} INFO - Processing /opt/airflow/dags/pipeline_label_studio.py took 0.043 seconds
[2025-11-18T22:32:02.397+0000] {processor.py:161} INFO - Started process (PID=3301) to work on /opt/airflow/dags/pipeline_label_studio.py
[2025-11-18T22:32:02.398+0000] {processor.py:830} INFO - Processing file /opt/airflow/dags/pipeline_label_studio.py for tasks to queue
[2025-11-18T22:32:02.399+0000] {logging_mixin.py:188} INFO - [2025-11-18T22:32:02.399+0000] {dagbag.py:545} INFO - Filling up the DagBag from /opt/airflow/dags/pipeline_label_studio.py
[2025-11-18T22:32:02.405+0000] {processor.py:840} INFO - DAG(s) 'etl_label_studio' retrieved from /opt/airflow/dags/pipeline_label_studio.py
[2025-11-18T22:32:02.418+0000] {logging_mixin.py:188} INFO - [2025-11-18T22:32:02.418+0000] {dag.py:3089} INFO - Sync 1 DAGs
[2025-11-18T22:32:02.428+0000] {logging_mixin.py:188} INFO - [2025-11-18T22:32:02.428+0000] {dag.py:3947} INFO - Setting next_dagrun for etl_label_studio to 2025-11-18 03:00:00+00:00, run_after=2025-11-19 03:00:00+00:00
[2025-11-18T22:32:02.436+0000] {processor.py:183} INFO - Processing /opt/airflow/dags/pipeline_label_studio.py took 0.041 seconds
[2025-11-18T22:32:32.728+0000] {processor.py:161} INFO - Started process (PID=3316) to work on /opt/airflow/dags/pipeline_label_studio.py
[2025-11-18T22:32:32.728+0000] {processor.py:830} INFO - Processing file /opt/airflow/dags/pipeline_label_studio.py for tasks to queue
[2025-11-18T22:32:32.729+0000] {logging_mixin.py:188} INFO - [2025-11-18T22:32:32.729+0000] {dagbag.py:545} INFO - Filling up the DagBag from /opt/airflow/dags/pipeline_label_studio.py
[2025-11-18T22:32:32.734+0000] {processor.py:840} INFO - DAG(s) 'etl_label_studio' retrieved from /opt/airflow/dags/pipeline_label_studio.py
[2025-11-18T22:32:32.746+0000] {logging_mixin.py:188} INFO - [2025-11-18T22:32:32.746+0000] {dag.py:3089} INFO - Sync 1 DAGs
[2025-11-18T22:32:32.755+0000] {logging_mixin.py:188} INFO - [2025-11-18T22:32:32.755+0000] {dag.py:3947} INFO - Setting next_dagrun for etl_label_studio to 2025-11-18 03:00:00+00:00, run_after=2025-11-19 03:00:00+00:00
[2025-11-18T22:32:32.762+0000] {processor.py:183} INFO - Processing /opt/airflow/dags/pipeline_label_studio.py took 0.036 seconds
[2025-11-18T22:33:03.020+0000] {processor.py:161} INFO - Started process (PID=3450) to work on /opt/airflow/dags/pipeline_label_studio.py
[2025-11-18T22:33:03.020+0000] {processor.py:830} INFO - Processing file /opt/airflow/dags/pipeline_label_studio.py for tasks to queue
[2025-11-18T22:33:03.021+0000] {logging_mixin.py:188} INFO - [2025-11-18T22:33:03.021+0000] {dagbag.py:545} INFO - Filling up the DagBag from /opt/airflow/dags/pipeline_label_studio.py
[2025-11-18T22:33:03.026+0000] {processor.py:840} INFO - DAG(s) 'etl_label_studio' retrieved from /opt/airflow/dags/pipeline_label_studio.py
[2025-11-18T22:33:03.039+0000] {logging_mixin.py:188} INFO - [2025-11-18T22:33:03.039+0000] {dag.py:3089} INFO - Sync 1 DAGs
[2025-11-18T22:33:03.048+0000] {logging_mixin.py:188} INFO - [2025-11-18T22:33:03.048+0000] {dag.py:3947} INFO - Setting next_dagrun for etl_label_studio to 2025-11-18 03:00:00+00:00, run_after=2025-11-19 03:00:00+00:00
[2025-11-18T22:33:03.055+0000] {processor.py:183} INFO - Processing /opt/airflow/dags/pipeline_label_studio.py took 0.037 seconds
[2025-11-18T22:33:33.340+0000] {processor.py:161} INFO - Started process (PID=3776) to work on /opt/airflow/dags/pipeline_label_studio.py
[2025-11-18T22:33:33.341+0000] {processor.py:830} INFO - Processing file /opt/airflow/dags/pipeline_label_studio.py for tasks to queue
[2025-11-18T22:33:33.342+0000] {logging_mixin.py:188} INFO - [2025-11-18T22:33:33.342+0000] {dagbag.py:545} INFO - Filling up the DagBag from /opt/airflow/dags/pipeline_label_studio.py
[2025-11-18T22:33:33.347+0000] {processor.py:840} INFO - DAG(s) 'etl_label_studio' retrieved from /opt/airflow/dags/pipeline_label_studio.py
[2025-11-18T22:33:33.358+0000] {logging_mixin.py:188} INFO - [2025-11-18T22:33:33.358+0000] {dag.py:3089} INFO - Sync 1 DAGs
[2025-11-18T22:33:33.366+0000] {logging_mixin.py:188} INFO - [2025-11-18T22:33:33.366+0000] {dag.py:3947} INFO - Setting next_dagrun for etl_label_studio to 2025-11-18 03:00:00+00:00, run_after=2025-11-19 03:00:00+00:00
[2025-11-18T22:33:33.373+0000] {processor.py:183} INFO - Processing /opt/airflow/dags/pipeline_label_studio.py took 0.036 seconds
[2025-11-18T22:34:03.698+0000] {processor.py:161} INFO - Started process (PID=3791) to work on /opt/airflow/dags/pipeline_label_studio.py
[2025-11-18T22:34:03.698+0000] {processor.py:830} INFO - Processing file /opt/airflow/dags/pipeline_label_studio.py for tasks to queue
[2025-11-18T22:34:03.699+0000] {logging_mixin.py:188} INFO - [2025-11-18T22:34:03.699+0000] {dagbag.py:545} INFO - Filling up the DagBag from /opt/airflow/dags/pipeline_label_studio.py
[2025-11-18T22:34:03.703+0000] {processor.py:840} INFO - DAG(s) 'etl_label_studio' retrieved from /opt/airflow/dags/pipeline_label_studio.py
[2025-11-18T22:34:03.715+0000] {logging_mixin.py:188} INFO - [2025-11-18T22:34:03.715+0000] {dag.py:3089} INFO - Sync 1 DAGs
[2025-11-18T22:34:03.723+0000] {logging_mixin.py:188} INFO - [2025-11-18T22:34:03.723+0000] {dag.py:3947} INFO - Setting next_dagrun for etl_label_studio to 2025-11-18 03:00:00+00:00, run_after=2025-11-19 03:00:00+00:00
[2025-11-18T22:34:03.729+0000] {processor.py:183} INFO - Processing /opt/airflow/dags/pipeline_label_studio.py took 0.034 seconds
[2025-11-18T22:34:34.077+0000] {processor.py:161} INFO - Started process (PID=3806) to work on /opt/airflow/dags/pipeline_label_studio.py
[2025-11-18T22:34:34.078+0000] {processor.py:830} INFO - Processing file /opt/airflow/dags/pipeline_label_studio.py for tasks to queue
[2025-11-18T22:34:34.078+0000] {logging_mixin.py:188} INFO - [2025-11-18T22:34:34.078+0000] {dagbag.py:545} INFO - Filling up the DagBag from /opt/airflow/dags/pipeline_label_studio.py
[2025-11-18T22:34:34.083+0000] {processor.py:840} INFO - DAG(s) 'etl_label_studio' retrieved from /opt/airflow/dags/pipeline_label_studio.py
[2025-11-18T22:34:34.095+0000] {logging_mixin.py:188} INFO - [2025-11-18T22:34:34.095+0000] {dag.py:3089} INFO - Sync 1 DAGs
[2025-11-18T22:34:34.103+0000] {logging_mixin.py:188} INFO - [2025-11-18T22:34:34.103+0000] {dag.py:3947} INFO - Setting next_dagrun for etl_label_studio to 2025-11-18 03:00:00+00:00, run_after=2025-11-19 03:00:00+00:00
[2025-11-18T22:34:34.109+0000] {processor.py:183} INFO - Processing /opt/airflow/dags/pipeline_label_studio.py took 0.034 seconds
[2025-11-18T22:35:04.537+0000] {processor.py:161} INFO - Started process (PID=3821) to work on /opt/airflow/dags/pipeline_label_studio.py
[2025-11-18T22:35:04.537+0000] {processor.py:830} INFO - Processing file /opt/airflow/dags/pipeline_label_studio.py for tasks to queue
[2025-11-18T22:35:04.538+0000] {logging_mixin.py:188} INFO - [2025-11-18T22:35:04.538+0000] {dagbag.py:545} INFO - Filling up the DagBag from /opt/airflow/dags/pipeline_label_studio.py
[2025-11-18T22:35:04.542+0000] {processor.py:840} INFO - DAG(s) 'etl_label_studio' retrieved from /opt/airflow/dags/pipeline_label_studio.py
[2025-11-18T22:35:04.553+0000] {logging_mixin.py:188} INFO - [2025-11-18T22:35:04.553+0000] {dag.py:3089} INFO - Sync 1 DAGs
[2025-11-18T22:35:04.561+0000] {logging_mixin.py:188} INFO - [2025-11-18T22:35:04.561+0000] {dag.py:3947} INFO - Setting next_dagrun for etl_label_studio to 2025-11-18 03:00:00+00:00, run_after=2025-11-19 03:00:00+00:00
[2025-11-18T22:35:04.566+0000] {processor.py:183} INFO - Processing /opt/airflow/dags/pipeline_label_studio.py took 0.032 seconds
[2025-11-18T22:35:34.919+0000] {processor.py:161} INFO - Started process (PID=3836) to work on /opt/airflow/dags/pipeline_label_studio.py
[2025-11-18T22:35:34.919+0000] {processor.py:830} INFO - Processing file /opt/airflow/dags/pipeline_label_studio.py for tasks to queue
[2025-11-18T22:35:34.920+0000] {logging_mixin.py:188} INFO - [2025-11-18T22:35:34.920+0000] {dagbag.py:545} INFO - Filling up the DagBag from /opt/airflow/dags/pipeline_label_studio.py
[2025-11-18T22:35:34.924+0000] {processor.py:840} INFO - DAG(s) 'etl_label_studio' retrieved from /opt/airflow/dags/pipeline_label_studio.py
[2025-11-18T22:35:34.936+0000] {logging_mixin.py:188} INFO - [2025-11-18T22:35:34.936+0000] {dag.py:3089} INFO - Sync 1 DAGs
[2025-11-18T22:35:34.944+0000] {logging_mixin.py:188} INFO - [2025-11-18T22:35:34.944+0000] {dag.py:3947} INFO - Setting next_dagrun for etl_label_studio to 2025-11-18 03:00:00+00:00, run_after=2025-11-19 03:00:00+00:00
[2025-11-18T22:35:34.951+0000] {processor.py:183} INFO - Processing /opt/airflow/dags/pipeline_label_studio.py took 0.035 seconds
[2025-11-18T22:36:05.352+0000] {processor.py:161} INFO - Started process (PID=3851) to work on /opt/airflow/dags/pipeline_label_studio.py
[2025-11-18T22:36:05.352+0000] {processor.py:830} INFO - Processing file /opt/airflow/dags/pipeline_label_studio.py for tasks to queue
[2025-11-18T22:36:05.353+0000] {logging_mixin.py:188} INFO - [2025-11-18T22:36:05.353+0000] {dagbag.py:545} INFO - Filling up the DagBag from /opt/airflow/dags/pipeline_label_studio.py
[2025-11-18T22:36:05.357+0000] {processor.py:840} INFO - DAG(s) 'etl_label_studio' retrieved from /opt/airflow/dags/pipeline_label_studio.py
[2025-11-18T22:36:05.368+0000] {logging_mixin.py:188} INFO - [2025-11-18T22:36:05.368+0000] {dag.py:3089} INFO - Sync 1 DAGs
[2025-11-18T22:36:05.376+0000] {logging_mixin.py:188} INFO - [2025-11-18T22:36:05.376+0000] {dag.py:3947} INFO - Setting next_dagrun for etl_label_studio to 2025-11-18 03:00:00+00:00, run_after=2025-11-19 03:00:00+00:00
[2025-11-18T22:36:05.383+0000] {processor.py:183} INFO - Processing /opt/airflow/dags/pipeline_label_studio.py took 0.034 seconds
[2025-11-18T22:36:35.834+0000] {processor.py:161} INFO - Started process (PID=3866) to work on /opt/airflow/dags/pipeline_label_studio.py
[2025-11-18T22:36:35.835+0000] {processor.py:830} INFO - Processing file /opt/airflow/dags/pipeline_label_studio.py for tasks to queue
[2025-11-18T22:36:35.837+0000] {logging_mixin.py:188} INFO - [2025-11-18T22:36:35.837+0000] {dagbag.py:545} INFO - Filling up the DagBag from /opt/airflow/dags/pipeline_label_studio.py
[2025-11-18T22:36:35.846+0000] {processor.py:840} INFO - DAG(s) 'etl_label_studio' retrieved from /opt/airflow/dags/pipeline_label_studio.py
[2025-11-18T22:36:35.869+0000] {logging_mixin.py:188} INFO - [2025-11-18T22:36:35.869+0000] {dag.py:3089} INFO - Sync 1 DAGs
[2025-11-18T22:36:35.882+0000] {logging_mixin.py:188} INFO - [2025-11-18T22:36:35.881+0000] {dag.py:3947} INFO - Setting next_dagrun for etl_label_studio to 2025-11-18 03:00:00+00:00, run_after=2025-11-19 03:00:00+00:00
[2025-11-18T22:36:35.890+0000] {processor.py:183} INFO - Processing /opt/airflow/dags/pipeline_label_studio.py took 0.060 seconds
[2025-11-18T22:37:06.300+0000] {processor.py:161} INFO - Started process (PID=3881) to work on /opt/airflow/dags/pipeline_label_studio.py
[2025-11-18T22:37:06.300+0000] {processor.py:830} INFO - Processing file /opt/airflow/dags/pipeline_label_studio.py for tasks to queue
[2025-11-18T22:37:06.301+0000] {logging_mixin.py:188} INFO - [2025-11-18T22:37:06.301+0000] {dagbag.py:545} INFO - Filling up the DagBag from /opt/airflow/dags/pipeline_label_studio.py
[2025-11-18T22:37:06.306+0000] {processor.py:840} INFO - DAG(s) 'etl_label_studio' retrieved from /opt/airflow/dags/pipeline_label_studio.py
[2025-11-18T22:37:06.319+0000] {logging_mixin.py:188} INFO - [2025-11-18T22:37:06.319+0000] {dag.py:3089} INFO - Sync 1 DAGs
[2025-11-18T22:37:06.328+0000] {logging_mixin.py:188} INFO - [2025-11-18T22:37:06.328+0000] {dag.py:3947} INFO - Setting next_dagrun for etl_label_studio to 2025-11-18 03:00:00+00:00, run_after=2025-11-19 03:00:00+00:00
[2025-11-18T22:37:06.335+0000] {processor.py:183} INFO - Processing /opt/airflow/dags/pipeline_label_studio.py took 0.037 seconds
[2025-11-18T22:37:36.691+0000] {processor.py:161} INFO - Started process (PID=3896) to work on /opt/airflow/dags/pipeline_label_studio.py
[2025-11-18T22:37:36.691+0000] {processor.py:830} INFO - Processing file /opt/airflow/dags/pipeline_label_studio.py for tasks to queue
[2025-11-18T22:37:36.692+0000] {logging_mixin.py:188} INFO - [2025-11-18T22:37:36.692+0000] {dagbag.py:545} INFO - Filling up the DagBag from /opt/airflow/dags/pipeline_label_studio.py
[2025-11-18T22:37:36.696+0000] {processor.py:840} INFO - DAG(s) 'etl_label_studio' retrieved from /opt/airflow/dags/pipeline_label_studio.py
[2025-11-18T22:37:36.708+0000] {logging_mixin.py:188} INFO - [2025-11-18T22:37:36.707+0000] {dag.py:3089} INFO - Sync 1 DAGs
[2025-11-18T22:37:36.715+0000] {logging_mixin.py:188} INFO - [2025-11-18T22:37:36.715+0000] {dag.py:3947} INFO - Setting next_dagrun for etl_label_studio to 2025-11-18 03:00:00+00:00, run_after=2025-11-19 03:00:00+00:00
[2025-11-18T22:37:36.722+0000] {processor.py:183} INFO - Processing /opt/airflow/dags/pipeline_label_studio.py took 0.033 seconds
[2025-11-18T22:38:07.081+0000] {processor.py:161} INFO - Started process (PID=3911) to work on /opt/airflow/dags/pipeline_label_studio.py
[2025-11-18T22:38:07.081+0000] {processor.py:830} INFO - Processing file /opt/airflow/dags/pipeline_label_studio.py for tasks to queue
[2025-11-18T22:38:07.082+0000] {logging_mixin.py:188} INFO - [2025-11-18T22:38:07.082+0000] {dagbag.py:545} INFO - Filling up the DagBag from /opt/airflow/dags/pipeline_label_studio.py
[2025-11-18T22:38:07.086+0000] {processor.py:840} INFO - DAG(s) 'etl_label_studio' retrieved from /opt/airflow/dags/pipeline_label_studio.py
[2025-11-18T22:38:07.097+0000] {logging_mixin.py:188} INFO - [2025-11-18T22:38:07.097+0000] {dag.py:3089} INFO - Sync 1 DAGs
[2025-11-18T22:38:07.105+0000] {logging_mixin.py:188} INFO - [2025-11-18T22:38:07.105+0000] {dag.py:3947} INFO - Setting next_dagrun for etl_label_studio to 2025-11-18 03:00:00+00:00, run_after=2025-11-19 03:00:00+00:00
[2025-11-18T22:38:07.111+0000] {processor.py:183} INFO - Processing /opt/airflow/dags/pipeline_label_studio.py took 0.032 seconds
[2025-11-18T22:38:37.433+0000] {processor.py:161} INFO - Started process (PID=3926) to work on /opt/airflow/dags/pipeline_label_studio.py
[2025-11-18T22:38:37.434+0000] {processor.py:830} INFO - Processing file /opt/airflow/dags/pipeline_label_studio.py for tasks to queue
[2025-11-18T22:38:37.434+0000] {logging_mixin.py:188} INFO - [2025-11-18T22:38:37.434+0000] {dagbag.py:545} INFO - Filling up the DagBag from /opt/airflow/dags/pipeline_label_studio.py
[2025-11-18T22:38:37.439+0000] {processor.py:840} INFO - DAG(s) 'etl_label_studio' retrieved from /opt/airflow/dags/pipeline_label_studio.py
[2025-11-18T22:38:37.450+0000] {logging_mixin.py:188} INFO - [2025-11-18T22:38:37.450+0000] {dag.py:3089} INFO - Sync 1 DAGs
[2025-11-18T22:38:37.458+0000] {logging_mixin.py:188} INFO - [2025-11-18T22:38:37.458+0000] {dag.py:3947} INFO - Setting next_dagrun for etl_label_studio to 2025-11-18 03:00:00+00:00, run_after=2025-11-19 03:00:00+00:00
[2025-11-18T22:38:37.464+0000] {processor.py:183} INFO - Processing /opt/airflow/dags/pipeline_label_studio.py took 0.032 seconds
[2025-11-18T22:39:07.804+0000] {processor.py:161} INFO - Started process (PID=3941) to work on /opt/airflow/dags/pipeline_label_studio.py
[2025-11-18T22:39:07.804+0000] {processor.py:830} INFO - Processing file /opt/airflow/dags/pipeline_label_studio.py for tasks to queue
[2025-11-18T22:39:07.805+0000] {logging_mixin.py:188} INFO - [2025-11-18T22:39:07.804+0000] {dagbag.py:545} INFO - Filling up the DagBag from /opt/airflow/dags/pipeline_label_studio.py
[2025-11-18T22:39:07.809+0000] {processor.py:840} INFO - DAG(s) 'etl_label_studio' retrieved from /opt/airflow/dags/pipeline_label_studio.py
[2025-11-18T22:39:07.824+0000] {logging_mixin.py:188} INFO - [2025-11-18T22:39:07.824+0000] {dag.py:3089} INFO - Sync 1 DAGs
[2025-11-18T22:39:07.833+0000] {logging_mixin.py:188} INFO - [2025-11-18T22:39:07.832+0000] {dag.py:3947} INFO - Setting next_dagrun for etl_label_studio to 2025-11-18 03:00:00+00:00, run_after=2025-11-19 03:00:00+00:00
[2025-11-18T22:39:07.839+0000] {processor.py:183} INFO - Processing /opt/airflow/dags/pipeline_label_studio.py took 0.037 seconds
[2025-11-18T22:39:38.190+0000] {processor.py:161} INFO - Started process (PID=3956) to work on /opt/airflow/dags/pipeline_label_studio.py
[2025-11-18T22:39:38.190+0000] {processor.py:830} INFO - Processing file /opt/airflow/dags/pipeline_label_studio.py for tasks to queue
[2025-11-18T22:39:38.191+0000] {logging_mixin.py:188} INFO - [2025-11-18T22:39:38.191+0000] {dagbag.py:545} INFO - Filling up the DagBag from /opt/airflow/dags/pipeline_label_studio.py
[2025-11-18T22:39:38.197+0000] {processor.py:840} INFO - DAG(s) 'etl_label_studio' retrieved from /opt/airflow/dags/pipeline_label_studio.py
[2025-11-18T22:39:38.212+0000] {logging_mixin.py:188} INFO - [2025-11-18T22:39:38.212+0000] {dag.py:3089} INFO - Sync 1 DAGs
[2025-11-18T22:39:38.222+0000] {logging_mixin.py:188} INFO - [2025-11-18T22:39:38.222+0000] {dag.py:3947} INFO - Setting next_dagrun for etl_label_studio to 2025-11-18 03:00:00+00:00, run_after=2025-11-19 03:00:00+00:00
[2025-11-18T22:39:38.229+0000] {processor.py:183} INFO - Processing /opt/airflow/dags/pipeline_label_studio.py took 0.041 seconds
[2025-11-18T22:40:08.609+0000] {processor.py:161} INFO - Started process (PID=4324) to work on /opt/airflow/dags/pipeline_label_studio.py
[2025-11-18T22:40:08.610+0000] {processor.py:830} INFO - Processing file /opt/airflow/dags/pipeline_label_studio.py for tasks to queue
[2025-11-18T22:40:08.612+0000] {logging_mixin.py:188} INFO - [2025-11-18T22:40:08.612+0000] {dagbag.py:545} INFO - Filling up the DagBag from /opt/airflow/dags/pipeline_label_studio.py
[2025-11-18T22:40:08.619+0000] {processor.py:840} INFO - DAG(s) 'etl_label_studio' retrieved from /opt/airflow/dags/pipeline_label_studio.py
[2025-11-18T22:40:08.632+0000] {logging_mixin.py:188} INFO - [2025-11-18T22:40:08.632+0000] {dag.py:3089} INFO - Sync 1 DAGs
[2025-11-18T22:40:08.655+0000] {logging_mixin.py:188} INFO - [2025-11-18T22:40:08.655+0000] {dag.py:3947} INFO - Setting next_dagrun for etl_label_studio to 2025-11-18 03:00:00+00:00, run_after=2025-11-19 03:00:00+00:00
[2025-11-18T22:40:08.668+0000] {processor.py:183} INFO - Processing /opt/airflow/dags/pipeline_label_studio.py took 0.070 seconds
[2025-11-18T22:40:38.984+0000] {processor.py:161} INFO - Started process (PID=4875) to work on /opt/airflow/dags/pipeline_label_studio.py
[2025-11-18T22:40:38.984+0000] {processor.py:830} INFO - Processing file /opt/airflow/dags/pipeline_label_studio.py for tasks to queue
[2025-11-18T22:40:38.985+0000] {logging_mixin.py:188} INFO - [2025-11-18T22:40:38.985+0000] {dagbag.py:545} INFO - Filling up the DagBag from /opt/airflow/dags/pipeline_label_studio.py
[2025-11-18T22:40:38.995+0000] {processor.py:840} INFO - DAG(s) 'etl_label_studio' retrieved from /opt/airflow/dags/pipeline_label_studio.py
[2025-11-18T22:40:39.036+0000] {logging_mixin.py:188} INFO - [2025-11-18T22:40:39.036+0000] {dag.py:3089} INFO - Sync 1 DAGs
[2025-11-18T22:40:39.044+0000] {logging_mixin.py:188} INFO - [2025-11-18T22:40:39.044+0000] {dag.py:3947} INFO - Setting next_dagrun for etl_label_studio to 2025-11-18 03:00:00+00:00, run_after=2025-11-19 03:00:00+00:00
[2025-11-18T22:40:39.051+0000] {processor.py:183} INFO - Processing /opt/airflow/dags/pipeline_label_studio.py took 0.070 seconds
[2025-11-18T22:41:09.354+0000] {processor.py:161} INFO - Started process (PID=4890) to work on /opt/airflow/dags/pipeline_label_studio.py
[2025-11-18T22:41:09.355+0000] {processor.py:830} INFO - Processing file /opt/airflow/dags/pipeline_label_studio.py for tasks to queue
[2025-11-18T22:41:09.355+0000] {logging_mixin.py:188} INFO - [2025-11-18T22:41:09.355+0000] {dagbag.py:545} INFO - Filling up the DagBag from /opt/airflow/dags/pipeline_label_studio.py
[2025-11-18T22:41:09.359+0000] {processor.py:840} INFO - DAG(s) 'etl_label_studio' retrieved from /opt/airflow/dags/pipeline_label_studio.py
[2025-11-18T22:41:09.370+0000] {logging_mixin.py:188} INFO - [2025-11-18T22:41:09.370+0000] {dag.py:3089} INFO - Sync 1 DAGs
[2025-11-18T22:41:09.379+0000] {logging_mixin.py:188} INFO - [2025-11-18T22:41:09.379+0000] {dag.py:3947} INFO - Setting next_dagrun for etl_label_studio to 2025-11-18 03:00:00+00:00, run_after=2025-11-19 03:00:00+00:00
[2025-11-18T22:41:09.384+0000] {processor.py:183} INFO - Processing /opt/airflow/dags/pipeline_label_studio.py took 0.033 seconds
[2025-11-18T22:41:39.694+0000] {processor.py:161} INFO - Started process (PID=4905) to work on /opt/airflow/dags/pipeline_label_studio.py
[2025-11-18T22:41:39.695+0000] {processor.py:830} INFO - Processing file /opt/airflow/dags/pipeline_label_studio.py for tasks to queue
[2025-11-18T22:41:39.695+0000] {logging_mixin.py:188} INFO - [2025-11-18T22:41:39.695+0000] {dagbag.py:545} INFO - Filling up the DagBag from /opt/airflow/dags/pipeline_label_studio.py
[2025-11-18T22:41:39.699+0000] {processor.py:840} INFO - DAG(s) 'etl_label_studio' retrieved from /opt/airflow/dags/pipeline_label_studio.py
[2025-11-18T22:41:39.710+0000] {logging_mixin.py:188} INFO - [2025-11-18T22:41:39.710+0000] {dag.py:3089} INFO - Sync 1 DAGs
[2025-11-18T22:41:39.718+0000] {logging_mixin.py:188} INFO - [2025-11-18T22:41:39.718+0000] {dag.py:3947} INFO - Setting next_dagrun for etl_label_studio to 2025-11-18 03:00:00+00:00, run_after=2025-11-19 03:00:00+00:00
[2025-11-18T22:41:39.723+0000] {processor.py:183} INFO - Processing /opt/airflow/dags/pipeline_label_studio.py took 0.031 seconds
[2025-11-18T22:42:10.069+0000] {processor.py:161} INFO - Started process (PID=4920) to work on /opt/airflow/dags/pipeline_label_studio.py
[2025-11-18T22:42:10.069+0000] {processor.py:830} INFO - Processing file /opt/airflow/dags/pipeline_label_studio.py for tasks to queue
[2025-11-18T22:42:10.070+0000] {logging_mixin.py:188} INFO - [2025-11-18T22:42:10.070+0000] {dagbag.py:545} INFO - Filling up the DagBag from /opt/airflow/dags/pipeline_label_studio.py
[2025-11-18T22:42:10.075+0000] {processor.py:840} INFO - DAG(s) 'etl_label_studio' retrieved from /opt/airflow/dags/pipeline_label_studio.py
[2025-11-18T22:42:10.086+0000] {logging_mixin.py:188} INFO - [2025-11-18T22:42:10.086+0000] {dag.py:3089} INFO - Sync 1 DAGs
[2025-11-18T22:42:10.095+0000] {logging_mixin.py:188} INFO - [2025-11-18T22:42:10.095+0000] {dag.py:3947} INFO - Setting next_dagrun for etl_label_studio to 2025-11-18 03:00:00+00:00, run_after=2025-11-19 03:00:00+00:00
[2025-11-18T22:42:10.102+0000] {processor.py:183} INFO - Processing /opt/airflow/dags/pipeline_label_studio.py took 0.036 seconds
[2025-11-18T22:42:40.412+0000] {processor.py:161} INFO - Started process (PID=4935) to work on /opt/airflow/dags/pipeline_label_studio.py
[2025-11-18T22:42:40.412+0000] {processor.py:830} INFO - Processing file /opt/airflow/dags/pipeline_label_studio.py for tasks to queue
[2025-11-18T22:42:40.413+0000] {logging_mixin.py:188} INFO - [2025-11-18T22:42:40.413+0000] {dagbag.py:545} INFO - Filling up the DagBag from /opt/airflow/dags/pipeline_label_studio.py
[2025-11-18T22:42:40.418+0000] {processor.py:840} INFO - DAG(s) 'etl_label_studio' retrieved from /opt/airflow/dags/pipeline_label_studio.py
[2025-11-18T22:42:40.430+0000] {logging_mixin.py:188} INFO - [2025-11-18T22:42:40.429+0000] {dag.py:3089} INFO - Sync 1 DAGs
[2025-11-18T22:42:40.438+0000] {logging_mixin.py:188} INFO - [2025-11-18T22:42:40.438+0000] {dag.py:3947} INFO - Setting next_dagrun for etl_label_studio to 2025-11-18 03:00:00+00:00, run_after=2025-11-19 03:00:00+00:00
[2025-11-18T22:42:40.444+0000] {processor.py:183} INFO - Processing /opt/airflow/dags/pipeline_label_studio.py took 0.035 seconds
[2025-11-18T22:43:10.958+0000] {processor.py:161} INFO - Started process (PID=4950) to work on /opt/airflow/dags/pipeline_label_studio.py
[2025-11-18T22:43:10.959+0000] {processor.py:830} INFO - Processing file /opt/airflow/dags/pipeline_label_studio.py for tasks to queue
[2025-11-18T22:43:10.960+0000] {logging_mixin.py:188} INFO - [2025-11-18T22:43:10.960+0000] {dagbag.py:545} INFO - Filling up the DagBag from /opt/airflow/dags/pipeline_label_studio.py
[2025-11-18T22:43:10.966+0000] {processor.py:840} INFO - DAG(s) 'etl_label_studio' retrieved from /opt/airflow/dags/pipeline_label_studio.py
[2025-11-18T22:43:10.982+0000] {logging_mixin.py:188} INFO - [2025-11-18T22:43:10.982+0000] {dag.py:3089} INFO - Sync 1 DAGs
[2025-11-18T22:43:10.993+0000] {logging_mixin.py:188} INFO - [2025-11-18T22:43:10.993+0000] {dag.py:3947} INFO - Setting next_dagrun for etl_label_studio to 2025-11-18 03:00:00+00:00, run_after=2025-11-19 03:00:00+00:00
[2025-11-18T22:43:11.001+0000] {processor.py:183} INFO - Processing /opt/airflow/dags/pipeline_label_studio.py took 0.046 seconds
[2025-11-18T22:43:41.393+0000] {processor.py:161} INFO - Started process (PID=4965) to work on /opt/airflow/dags/pipeline_label_studio.py
[2025-11-18T22:43:41.394+0000] {processor.py:830} INFO - Processing file /opt/airflow/dags/pipeline_label_studio.py for tasks to queue
[2025-11-18T22:43:41.394+0000] {logging_mixin.py:188} INFO - [2025-11-18T22:43:41.394+0000] {dagbag.py:545} INFO - Filling up the DagBag from /opt/airflow/dags/pipeline_label_studio.py
[2025-11-18T22:43:41.400+0000] {processor.py:840} INFO - DAG(s) 'etl_label_studio' retrieved from /opt/airflow/dags/pipeline_label_studio.py
[2025-11-18T22:43:41.414+0000] {logging_mixin.py:188} INFO - [2025-11-18T22:43:41.414+0000] {dag.py:3089} INFO - Sync 1 DAGs
[2025-11-18T22:43:41.423+0000] {logging_mixin.py:188} INFO - [2025-11-18T22:43:41.423+0000] {dag.py:3947} INFO - Setting next_dagrun for etl_label_studio to 2025-11-18 03:00:00+00:00, run_after=2025-11-19 03:00:00+00:00
[2025-11-18T22:43:41.430+0000] {processor.py:183} INFO - Processing /opt/airflow/dags/pipeline_label_studio.py took 0.042 seconds
[2025-11-18T22:44:11.742+0000] {processor.py:161} INFO - Started process (PID=5030) to work on /opt/airflow/dags/pipeline_label_studio.py
[2025-11-18T22:44:11.742+0000] {processor.py:830} INFO - Processing file /opt/airflow/dags/pipeline_label_studio.py for tasks to queue
[2025-11-18T22:44:11.743+0000] {logging_mixin.py:188} INFO - [2025-11-18T22:44:11.743+0000] {dagbag.py:545} INFO - Filling up the DagBag from /opt/airflow/dags/pipeline_label_studio.py
[2025-11-18T22:44:11.749+0000] {processor.py:840} INFO - DAG(s) 'etl_label_studio' retrieved from /opt/airflow/dags/pipeline_label_studio.py
[2025-11-18T22:44:11.767+0000] {logging_mixin.py:188} INFO - [2025-11-18T22:44:11.767+0000] {dag.py:3089} INFO - Sync 1 DAGs
[2025-11-18T22:44:11.777+0000] {logging_mixin.py:188} INFO - [2025-11-18T22:44:11.777+0000] {dag.py:3947} INFO - Setting next_dagrun for etl_label_studio to 2025-11-18 03:00:00+00:00, run_after=2025-11-19 03:00:00+00:00
[2025-11-18T22:44:11.784+0000] {processor.py:183} INFO - Processing /opt/airflow/dags/pipeline_label_studio.py took 0.045 seconds
[2025-11-18T22:44:42.105+0000] {processor.py:161} INFO - Started process (PID=5934) to work on /opt/airflow/dags/pipeline_label_studio.py
[2025-11-18T22:44:42.105+0000] {processor.py:830} INFO - Processing file /opt/airflow/dags/pipeline_label_studio.py for tasks to queue
[2025-11-18T22:44:42.106+0000] {logging_mixin.py:188} INFO - [2025-11-18T22:44:42.106+0000] {dagbag.py:545} INFO - Filling up the DagBag from /opt/airflow/dags/pipeline_label_studio.py
[2025-11-18T22:44:42.111+0000] {processor.py:840} INFO - DAG(s) 'etl_label_studio' retrieved from /opt/airflow/dags/pipeline_label_studio.py
[2025-11-18T22:44:42.122+0000] {logging_mixin.py:188} INFO - [2025-11-18T22:44:42.122+0000] {dag.py:3089} INFO - Sync 1 DAGs
[2025-11-18T22:44:42.131+0000] {logging_mixin.py:188} INFO - [2025-11-18T22:44:42.131+0000] {dag.py:3947} INFO - Setting next_dagrun for etl_label_studio to 2025-11-18 03:00:00+00:00, run_after=2025-11-19 03:00:00+00:00
[2025-11-18T22:44:42.137+0000] {processor.py:183} INFO - Processing /opt/airflow/dags/pipeline_label_studio.py took 0.034 seconds
[2025-11-18T22:45:12.529+0000] {processor.py:161} INFO - Started process (PID=5949) to work on /opt/airflow/dags/pipeline_label_studio.py
[2025-11-18T22:45:12.529+0000] {processor.py:830} INFO - Processing file /opt/airflow/dags/pipeline_label_studio.py for tasks to queue
[2025-11-18T22:45:12.530+0000] {logging_mixin.py:188} INFO - [2025-11-18T22:45:12.530+0000] {dagbag.py:545} INFO - Filling up the DagBag from /opt/airflow/dags/pipeline_label_studio.py
[2025-11-18T22:45:12.535+0000] {processor.py:840} INFO - DAG(s) 'etl_label_studio' retrieved from /opt/airflow/dags/pipeline_label_studio.py
[2025-11-18T22:45:12.546+0000] {logging_mixin.py:188} INFO - [2025-11-18T22:45:12.546+0000] {dag.py:3089} INFO - Sync 1 DAGs
[2025-11-18T22:45:12.554+0000] {logging_mixin.py:188} INFO - [2025-11-18T22:45:12.554+0000] {dag.py:3947} INFO - Setting next_dagrun for etl_label_studio to 2025-11-18 03:00:00+00:00, run_after=2025-11-19 03:00:00+00:00
[2025-11-18T22:45:12.561+0000] {processor.py:183} INFO - Processing /opt/airflow/dags/pipeline_label_studio.py took 0.034 seconds
[2025-11-18T22:45:42.868+0000] {processor.py:161} INFO - Started process (PID=5989) to work on /opt/airflow/dags/pipeline_label_studio.py
[2025-11-18T22:45:42.869+0000] {processor.py:830} INFO - Processing file /opt/airflow/dags/pipeline_label_studio.py for tasks to queue
[2025-11-18T22:45:42.870+0000] {logging_mixin.py:188} INFO - [2025-11-18T22:45:42.869+0000] {dagbag.py:545} INFO - Filling up the DagBag from /opt/airflow/dags/pipeline_label_studio.py
[2025-11-18T22:45:42.888+0000] {processor.py:840} INFO - DAG(s) 'etl_label_studio' retrieved from /opt/airflow/dags/pipeline_label_studio.py
[2025-11-18T22:45:42.908+0000] {logging_mixin.py:188} INFO - [2025-11-18T22:45:42.908+0000] {dag.py:3089} INFO - Sync 1 DAGs
[2025-11-18T22:45:42.924+0000] {logging_mixin.py:188} INFO - [2025-11-18T22:45:42.924+0000] {dag.py:3947} INFO - Setting next_dagrun for etl_label_studio to 2025-11-18 03:00:00+00:00, run_after=2025-11-19 03:00:00+00:00
[2025-11-18T22:45:42.949+0000] {processor.py:183} INFO - Processing /opt/airflow/dags/pipeline_label_studio.py took 0.085 seconds
[2025-11-18T22:46:13.299+0000] {processor.py:161} INFO - Started process (PID=6004) to work on /opt/airflow/dags/pipeline_label_studio.py
[2025-11-18T22:46:13.299+0000] {processor.py:830} INFO - Processing file /opt/airflow/dags/pipeline_label_studio.py for tasks to queue
[2025-11-18T22:46:13.300+0000] {logging_mixin.py:188} INFO - [2025-11-18T22:46:13.299+0000] {dagbag.py:545} INFO - Filling up the DagBag from /opt/airflow/dags/pipeline_label_studio.py
[2025-11-18T22:46:13.304+0000] {processor.py:840} INFO - DAG(s) 'etl_label_studio' retrieved from /opt/airflow/dags/pipeline_label_studio.py
[2025-11-18T22:46:13.341+0000] {logging_mixin.py:188} INFO - [2025-11-18T22:46:13.340+0000] {dag.py:3089} INFO - Sync 1 DAGs
[2025-11-18T22:46:13.348+0000] {logging_mixin.py:188} INFO - [2025-11-18T22:46:13.348+0000] {dag.py:3947} INFO - Setting next_dagrun for etl_label_studio to 2025-11-18 03:00:00+00:00, run_after=2025-11-19 03:00:00+00:00
[2025-11-18T22:46:13.354+0000] {processor.py:183} INFO - Processing /opt/airflow/dags/pipeline_label_studio.py took 0.057 seconds
[2025-11-18T22:46:43.681+0000] {processor.py:161} INFO - Started process (PID=6031) to work on /opt/airflow/dags/pipeline_label_studio.py
[2025-11-18T22:46:43.682+0000] {processor.py:830} INFO - Processing file /opt/airflow/dags/pipeline_label_studio.py for tasks to queue
[2025-11-18T22:46:43.683+0000] {logging_mixin.py:188} INFO - [2025-11-18T22:46:43.682+0000] {dagbag.py:545} INFO - Filling up the DagBag from /opt/airflow/dags/pipeline_label_studio.py
[2025-11-18T22:46:43.687+0000] {processor.py:840} INFO - DAG(s) 'etl_label_studio' retrieved from /opt/airflow/dags/pipeline_label_studio.py
[2025-11-18T22:46:43.697+0000] {logging_mixin.py:188} INFO - [2025-11-18T22:46:43.697+0000] {dag.py:3089} INFO - Sync 1 DAGs
[2025-11-18T22:46:43.705+0000] {logging_mixin.py:188} INFO - [2025-11-18T22:46:43.705+0000] {dag.py:3947} INFO - Setting next_dagrun for etl_label_studio to 2025-11-18 03:00:00+00:00, run_after=2025-11-19 03:00:00+00:00
[2025-11-18T22:46:43.711+0000] {processor.py:183} INFO - Processing /opt/airflow/dags/pipeline_label_studio.py took 0.034 seconds
[2025-11-18T22:47:14.007+0000] {processor.py:161} INFO - Started process (PID=6046) to work on /opt/airflow/dags/pipeline_label_studio.py
[2025-11-18T22:47:14.008+0000] {processor.py:830} INFO - Processing file /opt/airflow/dags/pipeline_label_studio.py for tasks to queue
[2025-11-18T22:47:14.009+0000] {logging_mixin.py:188} INFO - [2025-11-18T22:47:14.009+0000] {dagbag.py:545} INFO - Filling up the DagBag from /opt/airflow/dags/pipeline_label_studio.py
[2025-11-18T22:47:14.013+0000] {processor.py:840} INFO - DAG(s) 'etl_label_studio' retrieved from /opt/airflow/dags/pipeline_label_studio.py
[2025-11-18T22:47:14.026+0000] {logging_mixin.py:188} INFO - [2025-11-18T22:47:14.026+0000] {dag.py:3089} INFO - Sync 1 DAGs
[2025-11-18T22:47:14.039+0000] {logging_mixin.py:188} INFO - [2025-11-18T22:47:14.039+0000] {dag.py:3947} INFO - Setting next_dagrun for etl_label_studio to 2025-11-18 03:00:00+00:00, run_after=2025-11-19 03:00:00+00:00
[2025-11-18T22:47:14.046+0000] {processor.py:183} INFO - Processing /opt/airflow/dags/pipeline_label_studio.py took 0.041 seconds
[2025-11-18T22:47:44.388+0000] {processor.py:161} INFO - Started process (PID=6061) to work on /opt/airflow/dags/pipeline_label_studio.py
[2025-11-18T22:47:44.389+0000] {processor.py:830} INFO - Processing file /opt/airflow/dags/pipeline_label_studio.py for tasks to queue
[2025-11-18T22:47:44.389+0000] {logging_mixin.py:188} INFO - [2025-11-18T22:47:44.389+0000] {dagbag.py:545} INFO - Filling up the DagBag from /opt/airflow/dags/pipeline_label_studio.py
[2025-11-18T22:47:44.394+0000] {processor.py:840} INFO - DAG(s) 'etl_label_studio' retrieved from /opt/airflow/dags/pipeline_label_studio.py
[2025-11-18T22:47:44.408+0000] {logging_mixin.py:188} INFO - [2025-11-18T22:47:44.407+0000] {dag.py:3089} INFO - Sync 1 DAGs
[2025-11-18T22:47:44.417+0000] {logging_mixin.py:188} INFO - [2025-11-18T22:47:44.416+0000] {dag.py:3947} INFO - Setting next_dagrun for etl_label_studio to 2025-11-18 03:00:00+00:00, run_after=2025-11-19 03:00:00+00:00
[2025-11-18T22:47:44.423+0000] {processor.py:183} INFO - Processing /opt/airflow/dags/pipeline_label_studio.py took 0.036 seconds
[2025-11-18T22:48:14.743+0000] {processor.py:161} INFO - Started process (PID=6864) to work on /opt/airflow/dags/pipeline_label_studio.py
[2025-11-18T22:48:14.744+0000] {processor.py:830} INFO - Processing file /opt/airflow/dags/pipeline_label_studio.py for tasks to queue
[2025-11-18T22:48:14.748+0000] {logging_mixin.py:188} INFO - [2025-11-18T22:48:14.747+0000] {dagbag.py:545} INFO - Filling up the DagBag from /opt/airflow/dags/pipeline_label_studio.py
[2025-11-18T22:48:14.755+0000] {processor.py:840} INFO - DAG(s) 'etl_label_studio' retrieved from /opt/airflow/dags/pipeline_label_studio.py
[2025-11-18T22:48:14.781+0000] {logging_mixin.py:188} INFO - [2025-11-18T22:48:14.781+0000] {dag.py:3089} INFO - Sync 1 DAGs
[2025-11-18T22:48:14.823+0000] {logging_mixin.py:188} INFO - [2025-11-18T22:48:14.823+0000] {dag.py:3947} INFO - Setting next_dagrun for etl_label_studio to 2025-11-18 03:00:00+00:00, run_after=2025-11-19 03:00:00+00:00
[2025-11-18T22:48:14.848+0000] {processor.py:183} INFO - Processing /opt/airflow/dags/pipeline_label_studio.py took 0.110 seconds
[2025-11-18T22:48:45.265+0000] {processor.py:161} INFO - Started process (PID=6976) to work on /opt/airflow/dags/pipeline_label_studio.py
[2025-11-18T22:48:45.266+0000] {processor.py:830} INFO - Processing file /opt/airflow/dags/pipeline_label_studio.py for tasks to queue
[2025-11-18T22:48:45.267+0000] {logging_mixin.py:188} INFO - [2025-11-18T22:48:45.267+0000] {dagbag.py:545} INFO - Filling up the DagBag from /opt/airflow/dags/pipeline_label_studio.py
[2025-11-18T22:48:45.271+0000] {processor.py:840} INFO - DAG(s) 'etl_label_studio' retrieved from /opt/airflow/dags/pipeline_label_studio.py
[2025-11-18T22:48:45.283+0000] {logging_mixin.py:188} INFO - [2025-11-18T22:48:45.283+0000] {dag.py:3089} INFO - Sync 1 DAGs
[2025-11-18T22:48:45.293+0000] {logging_mixin.py:188} INFO - [2025-11-18T22:48:45.293+0000] {dag.py:3947} INFO - Setting next_dagrun for etl_label_studio to 2025-11-18 03:00:00+00:00, run_after=2025-11-19 03:00:00+00:00
[2025-11-18T22:48:45.299+0000] {processor.py:183} INFO - Processing /opt/airflow/dags/pipeline_label_studio.py took 0.036 seconds
[2025-11-18T22:49:15.623+0000] {processor.py:161} INFO - Started process (PID=6991) to work on /opt/airflow/dags/pipeline_label_studio.py
[2025-11-18T22:49:15.623+0000] {processor.py:830} INFO - Processing file /opt/airflow/dags/pipeline_label_studio.py for tasks to queue
[2025-11-18T22:49:15.624+0000] {logging_mixin.py:188} INFO - [2025-11-18T22:49:15.624+0000] {dagbag.py:545} INFO - Filling up the DagBag from /opt/airflow/dags/pipeline_label_studio.py
[2025-11-18T22:49:15.628+0000] {processor.py:840} INFO - DAG(s) 'etl_label_studio' retrieved from /opt/airflow/dags/pipeline_label_studio.py
[2025-11-18T22:49:15.639+0000] {logging_mixin.py:188} INFO - [2025-11-18T22:49:15.639+0000] {dag.py:3089} INFO - Sync 1 DAGs
[2025-11-18T22:49:15.648+0000] {logging_mixin.py:188} INFO - [2025-11-18T22:49:15.648+0000] {dag.py:3947} INFO - Setting next_dagrun for etl_label_studio to 2025-11-18 03:00:00+00:00, run_after=2025-11-19 03:00:00+00:00
[2025-11-18T22:49:15.654+0000] {processor.py:183} INFO - Processing /opt/airflow/dags/pipeline_label_studio.py took 0.034 seconds
[2025-11-18T22:49:45.988+0000] {processor.py:161} INFO - Started process (PID=7006) to work on /opt/airflow/dags/pipeline_label_studio.py
[2025-11-18T22:49:45.988+0000] {processor.py:830} INFO - Processing file /opt/airflow/dags/pipeline_label_studio.py for tasks to queue
[2025-11-18T22:49:45.989+0000] {logging_mixin.py:188} INFO - [2025-11-18T22:49:45.989+0000] {dagbag.py:545} INFO - Filling up the DagBag from /opt/airflow/dags/pipeline_label_studio.py
[2025-11-18T22:49:45.993+0000] {processor.py:840} INFO - DAG(s) 'etl_label_studio' retrieved from /opt/airflow/dags/pipeline_label_studio.py
[2025-11-18T22:49:46.009+0000] {logging_mixin.py:188} INFO - [2025-11-18T22:49:46.009+0000] {dag.py:3089} INFO - Sync 1 DAGs
[2025-11-18T22:49:46.017+0000] {logging_mixin.py:188} INFO - [2025-11-18T22:49:46.017+0000] {dag.py:3947} INFO - Setting next_dagrun for etl_label_studio to 2025-11-18 03:00:00+00:00, run_after=2025-11-19 03:00:00+00:00
[2025-11-18T22:49:46.024+0000] {processor.py:183} INFO - Processing /opt/airflow/dags/pipeline_label_studio.py took 0.039 seconds
[2025-11-18T22:50:16.422+0000] {processor.py:161} INFO - Started process (PID=7021) to work on /opt/airflow/dags/pipeline_label_studio.py
[2025-11-18T22:50:16.423+0000] {processor.py:830} INFO - Processing file /opt/airflow/dags/pipeline_label_studio.py for tasks to queue
[2025-11-18T22:50:16.423+0000] {logging_mixin.py:188} INFO - [2025-11-18T22:50:16.423+0000] {dagbag.py:545} INFO - Filling up the DagBag from /opt/airflow/dags/pipeline_label_studio.py
[2025-11-18T22:50:16.428+0000] {processor.py:840} INFO - DAG(s) 'etl_label_studio' retrieved from /opt/airflow/dags/pipeline_label_studio.py
[2025-11-18T22:50:16.440+0000] {logging_mixin.py:188} INFO - [2025-11-18T22:50:16.440+0000] {dag.py:3089} INFO - Sync 1 DAGs
[2025-11-18T22:50:16.450+0000] {logging_mixin.py:188} INFO - [2025-11-18T22:50:16.450+0000] {dag.py:3947} INFO - Setting next_dagrun for etl_label_studio to 2025-11-18 03:00:00+00:00, run_after=2025-11-19 03:00:00+00:00
[2025-11-18T22:50:16.468+0000] {processor.py:183} INFO - Processing /opt/airflow/dags/pipeline_label_studio.py took 0.048 seconds
[2025-11-18T22:50:46.794+0000] {processor.py:161} INFO - Started process (PID=7036) to work on /opt/airflow/dags/pipeline_label_studio.py
[2025-11-18T22:50:46.794+0000] {processor.py:830} INFO - Processing file /opt/airflow/dags/pipeline_label_studio.py for tasks to queue
[2025-11-18T22:50:46.795+0000] {logging_mixin.py:188} INFO - [2025-11-18T22:50:46.795+0000] {dagbag.py:545} INFO - Filling up the DagBag from /opt/airflow/dags/pipeline_label_studio.py
[2025-11-18T22:50:46.800+0000] {processor.py:840} INFO - DAG(s) 'etl_label_studio' retrieved from /opt/airflow/dags/pipeline_label_studio.py
[2025-11-18T22:50:46.811+0000] {logging_mixin.py:188} INFO - [2025-11-18T22:50:46.811+0000] {dag.py:3089} INFO - Sync 1 DAGs
[2025-11-18T22:50:46.820+0000] {logging_mixin.py:188} INFO - [2025-11-18T22:50:46.820+0000] {dag.py:3947} INFO - Setting next_dagrun for etl_label_studio to 2025-11-18 03:00:00+00:00, run_after=2025-11-19 03:00:00+00:00
[2025-11-18T22:50:46.827+0000] {processor.py:183} INFO - Processing /opt/airflow/dags/pipeline_label_studio.py took 0.036 seconds
[2025-11-18T22:51:17.209+0000] {processor.py:161} INFO - Started process (PID=7051) to work on /opt/airflow/dags/pipeline_label_studio.py
[2025-11-18T22:51:17.209+0000] {processor.py:830} INFO - Processing file /opt/airflow/dags/pipeline_label_studio.py for tasks to queue
[2025-11-18T22:51:17.210+0000] {logging_mixin.py:188} INFO - [2025-11-18T22:51:17.210+0000] {dagbag.py:545} INFO - Filling up the DagBag from /opt/airflow/dags/pipeline_label_studio.py
[2025-11-18T22:51:17.214+0000] {processor.py:840} INFO - DAG(s) 'etl_label_studio' retrieved from /opt/airflow/dags/pipeline_label_studio.py
[2025-11-18T22:51:17.225+0000] {logging_mixin.py:188} INFO - [2025-11-18T22:51:17.225+0000] {dag.py:3089} INFO - Sync 1 DAGs
[2025-11-18T22:51:17.233+0000] {logging_mixin.py:188} INFO - [2025-11-18T22:51:17.233+0000] {dag.py:3947} INFO - Setting next_dagrun for etl_label_studio to 2025-11-18 03:00:00+00:00, run_after=2025-11-19 03:00:00+00:00
[2025-11-18T22:51:17.239+0000] {processor.py:183} INFO - Processing /opt/airflow/dags/pipeline_label_studio.py took 0.032 seconds
[2025-11-18T22:51:47.515+0000] {processor.py:161} INFO - Started process (PID=7957) to work on /opt/airflow/dags/pipeline_label_studio.py
[2025-11-18T22:51:47.515+0000] {processor.py:830} INFO - Processing file /opt/airflow/dags/pipeline_label_studio.py for tasks to queue
[2025-11-18T22:51:47.516+0000] {logging_mixin.py:188} INFO - [2025-11-18T22:51:47.516+0000] {dagbag.py:545} INFO - Filling up the DagBag from /opt/airflow/dags/pipeline_label_studio.py
[2025-11-18T22:51:47.523+0000] {processor.py:840} INFO - DAG(s) 'etl_label_studio' retrieved from /opt/airflow/dags/pipeline_label_studio.py
[2025-11-18T22:51:47.537+0000] {logging_mixin.py:188} INFO - [2025-11-18T22:51:47.537+0000] {dag.py:3089} INFO - Sync 1 DAGs
[2025-11-18T22:51:47.547+0000] {logging_mixin.py:188} INFO - [2025-11-18T22:51:47.547+0000] {dag.py:3947} INFO - Setting next_dagrun for etl_label_studio to 2025-11-18 03:00:00+00:00, run_after=2025-11-19 03:00:00+00:00
[2025-11-18T22:51:47.554+0000] {processor.py:183} INFO - Processing /opt/airflow/dags/pipeline_label_studio.py took 0.044 seconds
[2025-11-18T22:52:17.916+0000] {processor.py:161} INFO - Started process (PID=7972) to work on /opt/airflow/dags/pipeline_label_studio.py
[2025-11-18T22:52:17.916+0000] {processor.py:830} INFO - Processing file /opt/airflow/dags/pipeline_label_studio.py for tasks to queue
[2025-11-18T22:52:17.917+0000] {logging_mixin.py:188} INFO - [2025-11-18T22:52:17.917+0000] {dagbag.py:545} INFO - Filling up the DagBag from /opt/airflow/dags/pipeline_label_studio.py
[2025-11-18T22:52:17.922+0000] {processor.py:840} INFO - DAG(s) 'etl_label_studio' retrieved from /opt/airflow/dags/pipeline_label_studio.py
[2025-11-18T22:52:17.935+0000] {logging_mixin.py:188} INFO - [2025-11-18T22:52:17.935+0000] {dag.py:3089} INFO - Sync 1 DAGs
[2025-11-18T22:52:17.944+0000] {logging_mixin.py:188} INFO - [2025-11-18T22:52:17.944+0000] {dag.py:3947} INFO - Setting next_dagrun for etl_label_studio to 2025-11-18 03:00:00+00:00, run_after=2025-11-19 03:00:00+00:00
[2025-11-18T22:52:17.951+0000] {processor.py:183} INFO - Processing /opt/airflow/dags/pipeline_label_studio.py took 0.039 seconds
[2025-11-18T22:52:48.298+0000] {processor.py:161} INFO - Started process (PID=7987) to work on /opt/airflow/dags/pipeline_label_studio.py
[2025-11-18T22:52:48.298+0000] {processor.py:830} INFO - Processing file /opt/airflow/dags/pipeline_label_studio.py for tasks to queue
[2025-11-18T22:52:48.299+0000] {logging_mixin.py:188} INFO - [2025-11-18T22:52:48.299+0000] {dagbag.py:545} INFO - Filling up the DagBag from /opt/airflow/dags/pipeline_label_studio.py
[2025-11-18T22:52:48.303+0000] {processor.py:840} INFO - DAG(s) 'etl_label_studio' retrieved from /opt/airflow/dags/pipeline_label_studio.py
[2025-11-18T22:52:48.315+0000] {logging_mixin.py:188} INFO - [2025-11-18T22:52:48.315+0000] {dag.py:3089} INFO - Sync 1 DAGs
[2025-11-18T22:52:48.324+0000] {logging_mixin.py:188} INFO - [2025-11-18T22:52:48.324+0000] {dag.py:3947} INFO - Setting next_dagrun for etl_label_studio to 2025-11-18 03:00:00+00:00, run_after=2025-11-19 03:00:00+00:00
[2025-11-18T22:52:48.331+0000] {processor.py:183} INFO - Processing /opt/airflow/dags/pipeline_label_studio.py took 0.036 seconds
[2025-11-18T22:53:18.673+0000] {processor.py:161} INFO - Started process (PID=8002) to work on /opt/airflow/dags/pipeline_label_studio.py
[2025-11-18T22:53:18.674+0000] {processor.py:830} INFO - Processing file /opt/airflow/dags/pipeline_label_studio.py for tasks to queue
[2025-11-18T22:53:18.674+0000] {logging_mixin.py:188} INFO - [2025-11-18T22:53:18.674+0000] {dagbag.py:545} INFO - Filling up the DagBag from /opt/airflow/dags/pipeline_label_studio.py
[2025-11-18T22:53:18.679+0000] {processor.py:840} INFO - DAG(s) 'etl_label_studio' retrieved from /opt/airflow/dags/pipeline_label_studio.py
[2025-11-18T22:53:18.691+0000] {logging_mixin.py:188} INFO - [2025-11-18T22:53:18.691+0000] {dag.py:3089} INFO - Sync 1 DAGs
[2025-11-18T22:53:18.700+0000] {logging_mixin.py:188} INFO - [2025-11-18T22:53:18.699+0000] {dag.py:3947} INFO - Setting next_dagrun for etl_label_studio to 2025-11-18 03:00:00+00:00, run_after=2025-11-19 03:00:00+00:00
[2025-11-18T22:53:18.706+0000] {processor.py:183} INFO - Processing /opt/airflow/dags/pipeline_label_studio.py took 0.035 seconds
[2025-11-18T22:53:49.002+0000] {processor.py:161} INFO - Started process (PID=8042) to work on /opt/airflow/dags/pipeline_label_studio.py
[2025-11-18T22:53:49.002+0000] {processor.py:830} INFO - Processing file /opt/airflow/dags/pipeline_label_studio.py for tasks to queue
[2025-11-18T22:53:49.003+0000] {logging_mixin.py:188} INFO - [2025-11-18T22:53:49.003+0000] {dagbag.py:545} INFO - Filling up the DagBag from /opt/airflow/dags/pipeline_label_studio.py
[2025-11-18T22:53:49.007+0000] {processor.py:840} INFO - DAG(s) 'etl_label_studio' retrieved from /opt/airflow/dags/pipeline_label_studio.py
[2025-11-18T22:53:49.018+0000] {logging_mixin.py:188} INFO - [2025-11-18T22:53:49.018+0000] {dag.py:3089} INFO - Sync 1 DAGs
[2025-11-18T22:53:49.026+0000] {logging_mixin.py:188} INFO - [2025-11-18T22:53:49.026+0000] {dag.py:3947} INFO - Setting next_dagrun for etl_label_studio to 2025-11-18 03:00:00+00:00, run_after=2025-11-19 03:00:00+00:00
[2025-11-18T22:53:49.032+0000] {processor.py:183} INFO - Processing /opt/airflow/dags/pipeline_label_studio.py took 0.034 seconds
[2025-11-18T22:54:19.402+0000] {processor.py:161} INFO - Started process (PID=8057) to work on /opt/airflow/dags/pipeline_label_studio.py
[2025-11-18T22:54:19.402+0000] {processor.py:830} INFO - Processing file /opt/airflow/dags/pipeline_label_studio.py for tasks to queue
[2025-11-18T22:54:19.403+0000] {logging_mixin.py:188} INFO - [2025-11-18T22:54:19.403+0000] {dagbag.py:545} INFO - Filling up the DagBag from /opt/airflow/dags/pipeline_label_studio.py
[2025-11-18T22:54:19.411+0000] {processor.py:840} INFO - DAG(s) 'etl_label_studio' retrieved from /opt/airflow/dags/pipeline_label_studio.py
[2025-11-18T22:54:19.424+0000] {logging_mixin.py:188} INFO - [2025-11-18T22:54:19.424+0000] {dag.py:3089} INFO - Sync 1 DAGs
[2025-11-18T22:54:19.434+0000] {logging_mixin.py:188} INFO - [2025-11-18T22:54:19.434+0000] {dag.py:3947} INFO - Setting next_dagrun for etl_label_studio to 2025-11-18 03:00:00+00:00, run_after=2025-11-19 03:00:00+00:00
[2025-11-18T22:54:19.441+0000] {processor.py:183} INFO - Processing /opt/airflow/dags/pipeline_label_studio.py took 0.042 seconds
[2025-11-18T22:54:49.799+0000] {processor.py:161} INFO - Started process (PID=8109) to work on /opt/airflow/dags/pipeline_label_studio.py
[2025-11-18T22:54:49.800+0000] {processor.py:830} INFO - Processing file /opt/airflow/dags/pipeline_label_studio.py for tasks to queue
[2025-11-18T22:54:49.801+0000] {logging_mixin.py:188} INFO - [2025-11-18T22:54:49.801+0000] {dagbag.py:545} INFO - Filling up the DagBag from /opt/airflow/dags/pipeline_label_studio.py
[2025-11-18T22:54:49.811+0000] {processor.py:840} INFO - DAG(s) 'etl_label_studio' retrieved from /opt/airflow/dags/pipeline_label_studio.py
[2025-11-18T22:54:49.821+0000] {logging_mixin.py:188} INFO - [2025-11-18T22:54:49.821+0000] {dag.py:3089} INFO - Sync 1 DAGs
[2025-11-18T22:54:49.842+0000] {logging_mixin.py:188} INFO - [2025-11-18T22:54:49.841+0000] {dag.py:3947} INFO - Setting next_dagrun for etl_label_studio to 2025-11-18 03:00:00+00:00, run_after=2025-11-19 03:00:00+00:00
[2025-11-18T22:54:49.850+0000] {processor.py:183} INFO - Processing /opt/airflow/dags/pipeline_label_studio.py took 0.054 seconds
[2025-11-18T22:55:20.198+0000] {processor.py:161} INFO - Started process (PID=9010) to work on /opt/airflow/dags/pipeline_label_studio.py
[2025-11-18T22:55:20.198+0000] {processor.py:830} INFO - Processing file /opt/airflow/dags/pipeline_label_studio.py for tasks to queue
[2025-11-18T22:55:20.199+0000] {logging_mixin.py:188} INFO - [2025-11-18T22:55:20.199+0000] {dagbag.py:545} INFO - Filling up the DagBag from /opt/airflow/dags/pipeline_label_studio.py
[2025-11-18T22:55:20.203+0000] {processor.py:840} INFO - DAG(s) 'etl_label_studio' retrieved from /opt/airflow/dags/pipeline_label_studio.py
[2025-11-18T22:55:20.247+0000] {logging_mixin.py:188} INFO - [2025-11-18T22:55:20.247+0000] {dag.py:3089} INFO - Sync 1 DAGs
[2025-11-18T22:55:20.256+0000] {logging_mixin.py:188} INFO - [2025-11-18T22:55:20.255+0000] {dag.py:3947} INFO - Setting next_dagrun for etl_label_studio to 2025-11-18 03:00:00+00:00, run_after=2025-11-19 03:00:00+00:00
[2025-11-18T22:55:20.263+0000] {processor.py:183} INFO - Processing /opt/airflow/dags/pipeline_label_studio.py took 0.069 seconds
[2025-11-18T22:55:50.644+0000] {processor.py:161} INFO - Started process (PID=9025) to work on /opt/airflow/dags/pipeline_label_studio.py
[2025-11-18T22:55:50.645+0000] {processor.py:830} INFO - Processing file /opt/airflow/dags/pipeline_label_studio.py for tasks to queue
[2025-11-18T22:55:50.646+0000] {logging_mixin.py:188} INFO - [2025-11-18T22:55:50.646+0000] {dagbag.py:545} INFO - Filling up the DagBag from /opt/airflow/dags/pipeline_label_studio.py
[2025-11-18T22:55:50.651+0000] {processor.py:840} INFO - DAG(s) 'etl_label_studio' retrieved from /opt/airflow/dags/pipeline_label_studio.py
[2025-11-18T22:55:50.667+0000] {logging_mixin.py:188} INFO - [2025-11-18T22:55:50.667+0000] {dag.py:3089} INFO - Sync 1 DAGs
[2025-11-18T22:55:50.677+0000] {logging_mixin.py:188} INFO - [2025-11-18T22:55:50.677+0000] {dag.py:3947} INFO - Setting next_dagrun for etl_label_studio to 2025-11-18 03:00:00+00:00, run_after=2025-11-19 03:00:00+00:00
[2025-11-18T22:55:50.685+0000] {processor.py:183} INFO - Processing /opt/airflow/dags/pipeline_label_studio.py took 0.047 seconds
[2025-11-18T22:56:20.943+0000] {processor.py:161} INFO - Started process (PID=9040) to work on /opt/airflow/dags/pipeline_label_studio.py
[2025-11-18T22:56:20.944+0000] {processor.py:830} INFO - Processing file /opt/airflow/dags/pipeline_label_studio.py for tasks to queue
[2025-11-18T22:56:20.944+0000] {logging_mixin.py:188} INFO - [2025-11-18T22:56:20.944+0000] {dagbag.py:545} INFO - Filling up the DagBag from /opt/airflow/dags/pipeline_label_studio.py
[2025-11-18T22:56:20.949+0000] {processor.py:840} INFO - DAG(s) 'etl_label_studio' retrieved from /opt/airflow/dags/pipeline_label_studio.py
[2025-11-18T22:56:20.961+0000] {logging_mixin.py:188} INFO - [2025-11-18T22:56:20.961+0000] {dag.py:3089} INFO - Sync 1 DAGs
[2025-11-18T22:56:20.970+0000] {logging_mixin.py:188} INFO - [2025-11-18T22:56:20.970+0000] {dag.py:3947} INFO - Setting next_dagrun for etl_label_studio to 2025-11-18 03:00:00+00:00, run_after=2025-11-19 03:00:00+00:00
[2025-11-18T22:56:20.977+0000] {processor.py:183} INFO - Processing /opt/airflow/dags/pipeline_label_studio.py took 0.037 seconds
[2025-11-18T22:56:51.272+0000] {processor.py:161} INFO - Started process (PID=9055) to work on /opt/airflow/dags/pipeline_label_studio.py
[2025-11-18T22:56:51.272+0000] {processor.py:830} INFO - Processing file /opt/airflow/dags/pipeline_label_studio.py for tasks to queue
[2025-11-18T22:56:51.273+0000] {logging_mixin.py:188} INFO - [2025-11-18T22:56:51.273+0000] {dagbag.py:545} INFO - Filling up the DagBag from /opt/airflow/dags/pipeline_label_studio.py
[2025-11-18T22:56:51.278+0000] {processor.py:840} INFO - DAG(s) 'etl_label_studio' retrieved from /opt/airflow/dags/pipeline_label_studio.py
[2025-11-18T22:56:51.288+0000] {logging_mixin.py:188} INFO - [2025-11-18T22:56:51.288+0000] {dag.py:3089} INFO - Sync 1 DAGs
[2025-11-18T22:56:51.297+0000] {logging_mixin.py:188} INFO - [2025-11-18T22:56:51.297+0000] {dag.py:3947} INFO - Setting next_dagrun for etl_label_studio to 2025-11-18 03:00:00+00:00, run_after=2025-11-19 03:00:00+00:00
[2025-11-18T22:56:51.303+0000] {processor.py:183} INFO - Processing /opt/airflow/dags/pipeline_label_studio.py took 0.034 seconds
[2025-11-18T22:57:21.671+0000] {processor.py:161} INFO - Started process (PID=9070) to work on /opt/airflow/dags/pipeline_label_studio.py
[2025-11-18T22:57:21.672+0000] {processor.py:830} INFO - Processing file /opt/airflow/dags/pipeline_label_studio.py for tasks to queue
[2025-11-18T22:57:21.672+0000] {logging_mixin.py:188} INFO - [2025-11-18T22:57:21.672+0000] {dagbag.py:545} INFO - Filling up the DagBag from /opt/airflow/dags/pipeline_label_studio.py
[2025-11-18T22:57:21.676+0000] {processor.py:840} INFO - DAG(s) 'etl_label_studio' retrieved from /opt/airflow/dags/pipeline_label_studio.py
[2025-11-18T22:57:21.687+0000] {logging_mixin.py:188} INFO - [2025-11-18T22:57:21.687+0000] {dag.py:3089} INFO - Sync 1 DAGs
[2025-11-18T22:57:21.697+0000] {logging_mixin.py:188} INFO - [2025-11-18T22:57:21.697+0000] {dag.py:3947} INFO - Setting next_dagrun for etl_label_studio to 2025-11-18 03:00:00+00:00, run_after=2025-11-19 03:00:00+00:00
[2025-11-18T22:57:21.703+0000] {processor.py:183} INFO - Processing /opt/airflow/dags/pipeline_label_studio.py took 0.035 seconds
[2025-11-18T22:57:52.006+0000] {processor.py:161} INFO - Started process (PID=9085) to work on /opt/airflow/dags/pipeline_label_studio.py
[2025-11-18T22:57:52.006+0000] {processor.py:830} INFO - Processing file /opt/airflow/dags/pipeline_label_studio.py for tasks to queue
[2025-11-18T22:57:52.007+0000] {logging_mixin.py:188} INFO - [2025-11-18T22:57:52.007+0000] {dagbag.py:545} INFO - Filling up the DagBag from /opt/airflow/dags/pipeline_label_studio.py
[2025-11-18T22:57:52.012+0000] {processor.py:840} INFO - DAG(s) 'etl_label_studio' retrieved from /opt/airflow/dags/pipeline_label_studio.py
[2025-11-18T22:57:52.023+0000] {logging_mixin.py:188} INFO - [2025-11-18T22:57:52.023+0000] {dag.py:3089} INFO - Sync 1 DAGs
[2025-11-18T22:57:52.031+0000] {logging_mixin.py:188} INFO - [2025-11-18T22:57:52.031+0000] {dag.py:3947} INFO - Setting next_dagrun for etl_label_studio to 2025-11-18 03:00:00+00:00, run_after=2025-11-19 03:00:00+00:00
[2025-11-18T22:57:52.036+0000] {processor.py:183} INFO - Processing /opt/airflow/dags/pipeline_label_studio.py took 0.033 seconds
[2025-11-18T22:58:22.362+0000] {processor.py:161} INFO - Started process (PID=9100) to work on /opt/airflow/dags/pipeline_label_studio.py
[2025-11-18T22:58:22.362+0000] {processor.py:830} INFO - Processing file /opt/airflow/dags/pipeline_label_studio.py for tasks to queue
[2025-11-18T22:58:22.363+0000] {logging_mixin.py:188} INFO - [2025-11-18T22:58:22.363+0000] {dagbag.py:545} INFO - Filling up the DagBag from /opt/airflow/dags/pipeline_label_studio.py
[2025-11-18T22:58:22.367+0000] {processor.py:840} INFO - DAG(s) 'etl_label_studio' retrieved from /opt/airflow/dags/pipeline_label_studio.py
[2025-11-18T22:58:22.379+0000] {logging_mixin.py:188} INFO - [2025-11-18T22:58:22.379+0000] {dag.py:3089} INFO - Sync 1 DAGs
[2025-11-18T22:58:22.386+0000] {logging_mixin.py:188} INFO - [2025-11-18T22:58:22.386+0000] {dag.py:3947} INFO - Setting next_dagrun for etl_label_studio to 2025-11-18 03:00:00+00:00, run_after=2025-11-19 03:00:00+00:00
[2025-11-18T22:58:22.392+0000] {processor.py:183} INFO - Processing /opt/airflow/dags/pipeline_label_studio.py took 0.032 seconds
[2025-11-18T22:58:52.773+0000] {processor.py:161} INFO - Started process (PID=9115) to work on /opt/airflow/dags/pipeline_label_studio.py
[2025-11-18T22:58:52.774+0000] {processor.py:830} INFO - Processing file /opt/airflow/dags/pipeline_label_studio.py for tasks to queue
[2025-11-18T22:58:52.774+0000] {logging_mixin.py:188} INFO - [2025-11-18T22:58:52.774+0000] {dagbag.py:545} INFO - Filling up the DagBag from /opt/airflow/dags/pipeline_label_studio.py
[2025-11-18T22:58:52.779+0000] {processor.py:840} INFO - DAG(s) 'etl_label_studio' retrieved from /opt/airflow/dags/pipeline_label_studio.py
[2025-11-18T22:58:52.789+0000] {logging_mixin.py:188} INFO - [2025-11-18T22:58:52.789+0000] {dag.py:3089} INFO - Sync 1 DAGs
[2025-11-18T22:58:52.797+0000] {logging_mixin.py:188} INFO - [2025-11-18T22:58:52.797+0000] {dag.py:3947} INFO - Setting next_dagrun for etl_label_studio to 2025-11-18 03:00:00+00:00, run_after=2025-11-19 03:00:00+00:00
[2025-11-18T22:58:52.803+0000] {processor.py:183} INFO - Processing /opt/airflow/dags/pipeline_label_studio.py took 0.032 seconds
[2025-11-18T22:59:23.153+0000] {processor.py:161} INFO - Started process (PID=9130) to work on /opt/airflow/dags/pipeline_label_studio.py
[2025-11-18T22:59:23.153+0000] {processor.py:830} INFO - Processing file /opt/airflow/dags/pipeline_label_studio.py for tasks to queue
[2025-11-18T22:59:23.154+0000] {logging_mixin.py:188} INFO - [2025-11-18T22:59:23.154+0000] {dagbag.py:545} INFO - Filling up the DagBag from /opt/airflow/dags/pipeline_label_studio.py
[2025-11-18T22:59:23.159+0000] {processor.py:840} INFO - DAG(s) 'etl_label_studio' retrieved from /opt/airflow/dags/pipeline_label_studio.py
[2025-11-18T22:59:23.169+0000] {logging_mixin.py:188} INFO - [2025-11-18T22:59:23.169+0000] {dag.py:3089} INFO - Sync 1 DAGs
[2025-11-18T22:59:23.177+0000] {logging_mixin.py:188} INFO - [2025-11-18T22:59:23.177+0000] {dag.py:3947} INFO - Setting next_dagrun for etl_label_studio to 2025-11-18 03:00:00+00:00, run_after=2025-11-19 03:00:00+00:00
[2025-11-18T22:59:23.183+0000] {processor.py:183} INFO - Processing /opt/airflow/dags/pipeline_label_studio.py took 0.032 seconds
[2025-11-18T22:59:53.652+0000] {processor.py:161} INFO - Started process (PID=9145) to work on /opt/airflow/dags/pipeline_label_studio.py
[2025-11-18T22:59:53.653+0000] {processor.py:830} INFO - Processing file /opt/airflow/dags/pipeline_label_studio.py for tasks to queue
[2025-11-18T22:59:53.654+0000] {logging_mixin.py:188} INFO - [2025-11-18T22:59:53.653+0000] {dagbag.py:545} INFO - Filling up the DagBag from /opt/airflow/dags/pipeline_label_studio.py
[2025-11-18T22:59:53.658+0000] {processor.py:840} INFO - DAG(s) 'etl_label_studio' retrieved from /opt/airflow/dags/pipeline_label_studio.py
[2025-11-18T22:59:53.670+0000] {logging_mixin.py:188} INFO - [2025-11-18T22:59:53.670+0000] {dag.py:3089} INFO - Sync 1 DAGs
[2025-11-18T22:59:53.678+0000] {logging_mixin.py:188} INFO - [2025-11-18T22:59:53.678+0000] {dag.py:3947} INFO - Setting next_dagrun for etl_label_studio to 2025-11-18 03:00:00+00:00, run_after=2025-11-19 03:00:00+00:00
[2025-11-18T22:59:53.684+0000] {processor.py:183} INFO - Processing /opt/airflow/dags/pipeline_label_studio.py took 0.034 seconds
[2025-11-18T23:00:24.046+0000] {processor.py:161} INFO - Started process (PID=9160) to work on /opt/airflow/dags/pipeline_label_studio.py
[2025-11-18T23:00:24.047+0000] {processor.py:830} INFO - Processing file /opt/airflow/dags/pipeline_label_studio.py for tasks to queue
[2025-11-18T23:00:24.047+0000] {logging_mixin.py:188} INFO - [2025-11-18T23:00:24.047+0000] {dagbag.py:545} INFO - Filling up the DagBag from /opt/airflow/dags/pipeline_label_studio.py
[2025-11-18T23:00:24.053+0000] {processor.py:840} INFO - DAG(s) 'etl_label_studio' retrieved from /opt/airflow/dags/pipeline_label_studio.py
[2025-11-18T23:00:24.066+0000] {logging_mixin.py:188} INFO - [2025-11-18T23:00:24.065+0000] {dag.py:3089} INFO - Sync 1 DAGs
[2025-11-18T23:00:24.079+0000] {logging_mixin.py:188} INFO - [2025-11-18T23:00:24.078+0000] {dag.py:3947} INFO - Setting next_dagrun for etl_label_studio to 2025-11-18 03:00:00+00:00, run_after=2025-11-19 03:00:00+00:00
[2025-11-18T23:00:24.085+0000] {processor.py:183} INFO - Processing /opt/airflow/dags/pipeline_label_studio.py took 0.040 seconds
[2025-11-18T23:00:54.413+0000] {processor.py:161} INFO - Started process (PID=9175) to work on /opt/airflow/dags/pipeline_label_studio.py
[2025-11-18T23:00:54.414+0000] {processor.py:830} INFO - Processing file /opt/airflow/dags/pipeline_label_studio.py for tasks to queue
[2025-11-18T23:00:54.414+0000] {logging_mixin.py:188} INFO - [2025-11-18T23:00:54.414+0000] {dagbag.py:545} INFO - Filling up the DagBag from /opt/airflow/dags/pipeline_label_studio.py
[2025-11-18T23:00:54.419+0000] {processor.py:840} INFO - DAG(s) 'etl_label_studio' retrieved from /opt/airflow/dags/pipeline_label_studio.py
[2025-11-18T23:00:54.430+0000] {logging_mixin.py:188} INFO - [2025-11-18T23:00:54.430+0000] {dag.py:3089} INFO - Sync 1 DAGs
[2025-11-18T23:00:54.438+0000] {logging_mixin.py:188} INFO - [2025-11-18T23:00:54.438+0000] {dag.py:3947} INFO - Setting next_dagrun for etl_label_studio to 2025-11-18 03:00:00+00:00, run_after=2025-11-19 03:00:00+00:00
[2025-11-18T23:00:54.444+0000] {processor.py:183} INFO - Processing /opt/airflow/dags/pipeline_label_studio.py took 0.033 seconds
[2025-11-18T23:01:24.721+0000] {processor.py:161} INFO - Started process (PID=9190) to work on /opt/airflow/dags/pipeline_label_studio.py
[2025-11-18T23:01:24.721+0000] {processor.py:830} INFO - Processing file /opt/airflow/dags/pipeline_label_studio.py for tasks to queue
[2025-11-18T23:01:24.722+0000] {logging_mixin.py:188} INFO - [2025-11-18T23:01:24.722+0000] {dagbag.py:545} INFO - Filling up the DagBag from /opt/airflow/dags/pipeline_label_studio.py
[2025-11-18T23:01:24.727+0000] {processor.py:840} INFO - DAG(s) 'etl_label_studio' retrieved from /opt/airflow/dags/pipeline_label_studio.py
[2025-11-18T23:01:24.738+0000] {logging_mixin.py:188} INFO - [2025-11-18T23:01:24.738+0000] {dag.py:3089} INFO - Sync 1 DAGs
[2025-11-18T23:01:24.746+0000] {logging_mixin.py:188} INFO - [2025-11-18T23:01:24.746+0000] {dag.py:3947} INFO - Setting next_dagrun for etl_label_studio to 2025-11-18 03:00:00+00:00, run_after=2025-11-19 03:00:00+00:00
[2025-11-18T23:01:24.753+0000] {processor.py:183} INFO - Processing /opt/airflow/dags/pipeline_label_studio.py took 0.034 seconds
[2025-11-18T23:01:55.106+0000] {processor.py:161} INFO - Started process (PID=9205) to work on /opt/airflow/dags/pipeline_label_studio.py
[2025-11-18T23:01:55.107+0000] {processor.py:830} INFO - Processing file /opt/airflow/dags/pipeline_label_studio.py for tasks to queue
[2025-11-18T23:01:55.108+0000] {logging_mixin.py:188} INFO - [2025-11-18T23:01:55.108+0000] {dagbag.py:545} INFO - Filling up the DagBag from /opt/airflow/dags/pipeline_label_studio.py
[2025-11-18T23:01:55.115+0000] {processor.py:840} INFO - DAG(s) 'etl_label_studio' retrieved from /opt/airflow/dags/pipeline_label_studio.py
[2025-11-18T23:01:55.134+0000] {logging_mixin.py:188} INFO - [2025-11-18T23:01:55.134+0000] {dag.py:3089} INFO - Sync 1 DAGs
[2025-11-18T23:01:55.145+0000] {logging_mixin.py:188} INFO - [2025-11-18T23:01:55.145+0000] {dag.py:3947} INFO - Setting next_dagrun for etl_label_studio to 2025-11-18 03:00:00+00:00, run_after=2025-11-19 03:00:00+00:00
[2025-11-18T23:01:55.154+0000] {processor.py:183} INFO - Processing /opt/airflow/dags/pipeline_label_studio.py took 0.051 seconds
[2025-11-18T23:02:25.514+0000] {processor.py:161} INFO - Started process (PID=9220) to work on /opt/airflow/dags/pipeline_label_studio.py
[2025-11-18T23:02:25.514+0000] {processor.py:830} INFO - Processing file /opt/airflow/dags/pipeline_label_studio.py for tasks to queue
[2025-11-18T23:02:25.515+0000] {logging_mixin.py:188} INFO - [2025-11-18T23:02:25.515+0000] {dagbag.py:545} INFO - Filling up the DagBag from /opt/airflow/dags/pipeline_label_studio.py
[2025-11-18T23:02:25.520+0000] {processor.py:840} INFO - DAG(s) 'etl_label_studio' retrieved from /opt/airflow/dags/pipeline_label_studio.py
[2025-11-18T23:02:25.531+0000] {logging_mixin.py:188} INFO - [2025-11-18T23:02:25.531+0000] {dag.py:3089} INFO - Sync 1 DAGs
[2025-11-18T23:02:25.540+0000] {logging_mixin.py:188} INFO - [2025-11-18T23:02:25.540+0000] {dag.py:3947} INFO - Setting next_dagrun for etl_label_studio to 2025-11-18 03:00:00+00:00, run_after=2025-11-19 03:00:00+00:00
[2025-11-18T23:02:25.546+0000] {processor.py:183} INFO - Processing /opt/airflow/dags/pipeline_label_studio.py took 0.035 seconds
[2025-11-18T23:02:55.878+0000] {processor.py:161} INFO - Started process (PID=9235) to work on /opt/airflow/dags/pipeline_label_studio.py
[2025-11-18T23:02:55.879+0000] {processor.py:830} INFO - Processing file /opt/airflow/dags/pipeline_label_studio.py for tasks to queue
[2025-11-18T23:02:55.880+0000] {logging_mixin.py:188} INFO - [2025-11-18T23:02:55.880+0000] {dagbag.py:545} INFO - Filling up the DagBag from /opt/airflow/dags/pipeline_label_studio.py
[2025-11-18T23:02:55.885+0000] {processor.py:840} INFO - DAG(s) 'etl_label_studio' retrieved from /opt/airflow/dags/pipeline_label_studio.py
[2025-11-18T23:02:55.896+0000] {logging_mixin.py:188} INFO - [2025-11-18T23:02:55.896+0000] {dag.py:3089} INFO - Sync 1 DAGs
[2025-11-18T23:02:55.905+0000] {logging_mixin.py:188} INFO - [2025-11-18T23:02:55.905+0000] {dag.py:3947} INFO - Setting next_dagrun for etl_label_studio to 2025-11-18 03:00:00+00:00, run_after=2025-11-19 03:00:00+00:00
[2025-11-18T23:02:55.912+0000] {processor.py:183} INFO - Processing /opt/airflow/dags/pipeline_label_studio.py took 0.036 seconds
[2025-11-18T23:03:26.273+0000] {processor.py:161} INFO - Started process (PID=9250) to work on /opt/airflow/dags/pipeline_label_studio.py
[2025-11-18T23:03:26.273+0000] {processor.py:830} INFO - Processing file /opt/airflow/dags/pipeline_label_studio.py for tasks to queue
[2025-11-18T23:03:26.274+0000] {logging_mixin.py:188} INFO - [2025-11-18T23:03:26.274+0000] {dagbag.py:545} INFO - Filling up the DagBag from /opt/airflow/dags/pipeline_label_studio.py
[2025-11-18T23:03:26.281+0000] {processor.py:840} INFO - DAG(s) 'etl_label_studio' retrieved from /opt/airflow/dags/pipeline_label_studio.py
[2025-11-18T23:03:26.295+0000] {logging_mixin.py:188} INFO - [2025-11-18T23:03:26.295+0000] {dag.py:3089} INFO - Sync 1 DAGs
[2025-11-18T23:03:26.304+0000] {logging_mixin.py:188} INFO - [2025-11-18T23:03:26.304+0000] {dag.py:3947} INFO - Setting next_dagrun for etl_label_studio to 2025-11-18 03:00:00+00:00, run_after=2025-11-19 03:00:00+00:00
[2025-11-18T23:03:26.310+0000] {processor.py:183} INFO - Processing /opt/airflow/dags/pipeline_label_studio.py took 0.039 seconds
[2025-11-18T23:03:56.942+0000] {processor.py:161} INFO - Started process (PID=9265) to work on /opt/airflow/dags/pipeline_label_studio.py
[2025-11-18T23:03:56.947+0000] {processor.py:830} INFO - Processing file /opt/airflow/dags/pipeline_label_studio.py for tasks to queue
[2025-11-18T23:03:56.949+0000] {logging_mixin.py:188} INFO - [2025-11-18T23:03:56.948+0000] {dagbag.py:545} INFO - Filling up the DagBag from /opt/airflow/dags/pipeline_label_studio.py
[2025-11-18T23:03:56.963+0000] {processor.py:840} INFO - DAG(s) 'etl_label_studio' retrieved from /opt/airflow/dags/pipeline_label_studio.py
[2025-11-18T23:03:56.980+0000] {logging_mixin.py:188} INFO - [2025-11-18T23:03:56.980+0000] {dag.py:3089} INFO - Sync 1 DAGs
[2025-11-18T23:03:56.991+0000] {logging_mixin.py:188} INFO - [2025-11-18T23:03:56.991+0000] {dag.py:3947} INFO - Setting next_dagrun for etl_label_studio to 2025-11-18 03:00:00+00:00, run_after=2025-11-19 03:00:00+00:00
[2025-11-18T23:03:57.000+0000] {processor.py:183} INFO - Processing /opt/airflow/dags/pipeline_label_studio.py took 0.069 seconds
[2025-11-18T23:04:27.413+0000] {processor.py:161} INFO - Started process (PID=9280) to work on /opt/airflow/dags/pipeline_label_studio.py
[2025-11-18T23:04:27.413+0000] {processor.py:830} INFO - Processing file /opt/airflow/dags/pipeline_label_studio.py for tasks to queue
[2025-11-18T23:04:27.414+0000] {logging_mixin.py:188} INFO - [2025-11-18T23:04:27.414+0000] {dagbag.py:545} INFO - Filling up the DagBag from /opt/airflow/dags/pipeline_label_studio.py
[2025-11-18T23:04:27.420+0000] {processor.py:840} INFO - DAG(s) 'etl_label_studio' retrieved from /opt/airflow/dags/pipeline_label_studio.py
[2025-11-18T23:04:27.431+0000] {logging_mixin.py:188} INFO - [2025-11-18T23:04:27.431+0000] {dag.py:3089} INFO - Sync 1 DAGs
[2025-11-18T23:04:27.440+0000] {logging_mixin.py:188} INFO - [2025-11-18T23:04:27.440+0000] {dag.py:3947} INFO - Setting next_dagrun for etl_label_studio to 2025-11-18 03:00:00+00:00, run_after=2025-11-19 03:00:00+00:00
[2025-11-18T23:04:27.447+0000] {processor.py:183} INFO - Processing /opt/airflow/dags/pipeline_label_studio.py took 0.036 seconds
[2025-11-18T23:04:57.811+0000] {processor.py:161} INFO - Started process (PID=9332) to work on /opt/airflow/dags/pipeline_label_studio.py
[2025-11-18T23:04:57.811+0000] {processor.py:830} INFO - Processing file /opt/airflow/dags/pipeline_label_studio.py for tasks to queue
[2025-11-18T23:04:57.813+0000] {logging_mixin.py:188} INFO - [2025-11-18T23:04:57.813+0000] {dagbag.py:545} INFO - Filling up the DagBag from /opt/airflow/dags/pipeline_label_studio.py
[2025-11-18T23:04:57.822+0000] {processor.py:840} INFO - DAG(s) 'etl_label_studio' retrieved from /opt/airflow/dags/pipeline_label_studio.py
[2025-11-18T23:04:57.830+0000] {logging_mixin.py:188} INFO - [2025-11-18T23:04:57.830+0000] {dag.py:3089} INFO - Sync 1 DAGs
[2025-11-18T23:04:57.840+0000] {logging_mixin.py:188} INFO - [2025-11-18T23:04:57.840+0000] {dag.py:3947} INFO - Setting next_dagrun for etl_label_studio to 2025-11-18 03:00:00+00:00, run_after=2025-11-19 03:00:00+00:00
[2025-11-18T23:04:57.847+0000] {processor.py:183} INFO - Processing /opt/airflow/dags/pipeline_label_studio.py took 0.039 seconds
[2025-11-18T23:05:28.414+0000] {processor.py:161} INFO - Started process (PID=9372) to work on /opt/airflow/dags/pipeline_label_studio.py
[2025-11-18T23:05:28.414+0000] {processor.py:830} INFO - Processing file /opt/airflow/dags/pipeline_label_studio.py for tasks to queue
[2025-11-18T23:05:28.415+0000] {logging_mixin.py:188} INFO - [2025-11-18T23:05:28.415+0000] {dagbag.py:545} INFO - Filling up the DagBag from /opt/airflow/dags/pipeline_label_studio.py
[2025-11-18T23:05:28.422+0000] {processor.py:840} INFO - DAG(s) 'etl_label_studio' retrieved from /opt/airflow/dags/pipeline_label_studio.py
[2025-11-18T23:05:28.472+0000] {logging_mixin.py:188} INFO - [2025-11-18T23:05:28.472+0000] {dag.py:3089} INFO - Sync 1 DAGs
[2025-11-18T23:05:28.488+0000] {logging_mixin.py:188} INFO - [2025-11-18T23:05:28.488+0000] {dag.py:3947} INFO - Setting next_dagrun for etl_label_studio to 2025-11-18 03:00:00+00:00, run_after=2025-11-19 03:00:00+00:00
[2025-11-18T23:05:28.502+0000] {processor.py:183} INFO - Processing /opt/airflow/dags/pipeline_label_studio.py took 0.092 seconds
[2025-11-18T23:05:58.766+0000] {processor.py:161} INFO - Started process (PID=9399) to work on /opt/airflow/dags/pipeline_label_studio.py
[2025-11-18T23:05:58.766+0000] {processor.py:830} INFO - Processing file /opt/airflow/dags/pipeline_label_studio.py for tasks to queue
[2025-11-18T23:05:58.767+0000] {logging_mixin.py:188} INFO - [2025-11-18T23:05:58.767+0000] {dagbag.py:545} INFO - Filling up the DagBag from /opt/airflow/dags/pipeline_label_studio.py
[2025-11-18T23:05:58.772+0000] {processor.py:840} INFO - DAG(s) 'etl_label_studio' retrieved from /opt/airflow/dags/pipeline_label_studio.py
[2025-11-18T23:05:58.790+0000] {logging_mixin.py:188} INFO - [2025-11-18T23:05:58.790+0000] {dag.py:3089} INFO - Sync 1 DAGs
[2025-11-18T23:05:58.799+0000] {logging_mixin.py:188} INFO - [2025-11-18T23:05:58.799+0000] {dag.py:3947} INFO - Setting next_dagrun for etl_label_studio to 2025-11-18 03:00:00+00:00, run_after=2025-11-19 03:00:00+00:00
[2025-11-18T23:05:58.806+0000] {processor.py:183} INFO - Processing /opt/airflow/dags/pipeline_label_studio.py took 0.043 seconds
[2025-11-18T23:06:29.145+0000] {processor.py:161} INFO - Started process (PID=9414) to work on /opt/airflow/dags/pipeline_label_studio.py
[2025-11-18T23:06:29.145+0000] {processor.py:830} INFO - Processing file /opt/airflow/dags/pipeline_label_studio.py for tasks to queue
[2025-11-18T23:06:29.146+0000] {logging_mixin.py:188} INFO - [2025-11-18T23:06:29.146+0000] {dagbag.py:545} INFO - Filling up the DagBag from /opt/airflow/dags/pipeline_label_studio.py
[2025-11-18T23:06:29.151+0000] {processor.py:840} INFO - DAG(s) 'etl_label_studio' retrieved from /opt/airflow/dags/pipeline_label_studio.py
[2025-11-18T23:06:29.162+0000] {logging_mixin.py:188} INFO - [2025-11-18T23:06:29.162+0000] {dag.py:3089} INFO - Sync 1 DAGs
[2025-11-18T23:06:29.171+0000] {logging_mixin.py:188} INFO - [2025-11-18T23:06:29.171+0000] {dag.py:3947} INFO - Setting next_dagrun for etl_label_studio to 2025-11-18 03:00:00+00:00, run_after=2025-11-19 03:00:00+00:00
[2025-11-18T23:06:29.177+0000] {processor.py:183} INFO - Processing /opt/airflow/dags/pipeline_label_studio.py took 0.034 seconds
[2025-11-18T23:06:59.470+0000] {processor.py:161} INFO - Started process (PID=9429) to work on /opt/airflow/dags/pipeline_label_studio.py
[2025-11-18T23:06:59.471+0000] {processor.py:830} INFO - Processing file /opt/airflow/dags/pipeline_label_studio.py for tasks to queue
[2025-11-18T23:06:59.471+0000] {logging_mixin.py:188} INFO - [2025-11-18T23:06:59.471+0000] {dagbag.py:545} INFO - Filling up the DagBag from /opt/airflow/dags/pipeline_label_studio.py
[2025-11-18T23:06:59.476+0000] {processor.py:840} INFO - DAG(s) 'etl_label_studio' retrieved from /opt/airflow/dags/pipeline_label_studio.py
[2025-11-18T23:06:59.492+0000] {logging_mixin.py:188} INFO - [2025-11-18T23:06:59.492+0000] {dag.py:3089} INFO - Sync 1 DAGs
[2025-11-18T23:06:59.502+0000] {logging_mixin.py:188} INFO - [2025-11-18T23:06:59.501+0000] {dag.py:3947} INFO - Setting next_dagrun for etl_label_studio to 2025-11-18 03:00:00+00:00, run_after=2025-11-19 03:00:00+00:00
[2025-11-18T23:06:59.509+0000] {processor.py:183} INFO - Processing /opt/airflow/dags/pipeline_label_studio.py took 0.041 seconds
[2025-11-18T23:07:29.824+0000] {processor.py:161} INFO - Started process (PID=9444) to work on /opt/airflow/dags/pipeline_label_studio.py
[2025-11-18T23:07:29.825+0000] {processor.py:830} INFO - Processing file /opt/airflow/dags/pipeline_label_studio.py for tasks to queue
[2025-11-18T23:07:29.825+0000] {logging_mixin.py:188} INFO - [2025-11-18T23:07:29.825+0000] {dagbag.py:545} INFO - Filling up the DagBag from /opt/airflow/dags/pipeline_label_studio.py
[2025-11-18T23:07:29.830+0000] {processor.py:840} INFO - DAG(s) 'etl_label_studio' retrieved from /opt/airflow/dags/pipeline_label_studio.py
[2025-11-18T23:07:29.845+0000] {logging_mixin.py:188} INFO - [2025-11-18T23:07:29.845+0000] {dag.py:3089} INFO - Sync 1 DAGs
[2025-11-18T23:07:29.853+0000] {logging_mixin.py:188} INFO - [2025-11-18T23:07:29.853+0000] {dag.py:3947} INFO - Setting next_dagrun for etl_label_studio to 2025-11-18 03:00:00+00:00, run_after=2025-11-19 03:00:00+00:00
[2025-11-18T23:07:29.860+0000] {processor.py:183} INFO - Processing /opt/airflow/dags/pipeline_label_studio.py took 0.038 seconds
[2025-11-18T23:08:00.345+0000] {processor.py:161} INFO - Started process (PID=9459) to work on /opt/airflow/dags/pipeline_label_studio.py
[2025-11-18T23:08:00.346+0000] {processor.py:830} INFO - Processing file /opt/airflow/dags/pipeline_label_studio.py for tasks to queue
[2025-11-18T23:08:00.347+0000] {logging_mixin.py:188} INFO - [2025-11-18T23:08:00.347+0000] {dagbag.py:545} INFO - Filling up the DagBag from /opt/airflow/dags/pipeline_label_studio.py
[2025-11-18T23:08:00.355+0000] {processor.py:840} INFO - DAG(s) 'etl_label_studio' retrieved from /opt/airflow/dags/pipeline_label_studio.py
[2025-11-18T23:08:00.373+0000] {logging_mixin.py:188} INFO - [2025-11-18T23:08:00.373+0000] {dag.py:3089} INFO - Sync 1 DAGs
[2025-11-18T23:08:00.384+0000] {logging_mixin.py:188} INFO - [2025-11-18T23:08:00.384+0000] {dag.py:3947} INFO - Setting next_dagrun for etl_label_studio to 2025-11-18 03:00:00+00:00, run_after=2025-11-19 03:00:00+00:00
[2025-11-18T23:08:00.392+0000] {processor.py:183} INFO - Processing /opt/airflow/dags/pipeline_label_studio.py took 0.051 seconds
[2025-11-18T23:08:30.720+0000] {processor.py:161} INFO - Started process (PID=9474) to work on /opt/airflow/dags/pipeline_label_studio.py
[2025-11-18T23:08:30.720+0000] {processor.py:830} INFO - Processing file /opt/airflow/dags/pipeline_label_studio.py for tasks to queue
[2025-11-18T23:08:30.721+0000] {logging_mixin.py:188} INFO - [2025-11-18T23:08:30.721+0000] {dagbag.py:545} INFO - Filling up the DagBag from /opt/airflow/dags/pipeline_label_studio.py
[2025-11-18T23:08:30.725+0000] {processor.py:840} INFO - DAG(s) 'etl_label_studio' retrieved from /opt/airflow/dags/pipeline_label_studio.py
[2025-11-18T23:08:30.736+0000] {logging_mixin.py:188} INFO - [2025-11-18T23:08:30.736+0000] {dag.py:3089} INFO - Sync 1 DAGs
[2025-11-18T23:08:30.744+0000] {logging_mixin.py:188} INFO - [2025-11-18T23:08:30.744+0000] {dag.py:3947} INFO - Setting next_dagrun for etl_label_studio to 2025-11-18 03:00:00+00:00, run_after=2025-11-19 03:00:00+00:00
[2025-11-18T23:08:30.750+0000] {processor.py:183} INFO - Processing /opt/airflow/dags/pipeline_label_studio.py took 0.033 seconds
[2025-11-18T23:09:01.031+0000] {processor.py:161} INFO - Started process (PID=9489) to work on /opt/airflow/dags/pipeline_label_studio.py
[2025-11-18T23:09:01.032+0000] {processor.py:830} INFO - Processing file /opt/airflow/dags/pipeline_label_studio.py for tasks to queue
[2025-11-18T23:09:01.032+0000] {logging_mixin.py:188} INFO - [2025-11-18T23:09:01.032+0000] {dagbag.py:545} INFO - Filling up the DagBag from /opt/airflow/dags/pipeline_label_studio.py
[2025-11-18T23:09:01.038+0000] {processor.py:840} INFO - DAG(s) 'etl_label_studio' retrieved from /opt/airflow/dags/pipeline_label_studio.py
[2025-11-18T23:09:01.051+0000] {logging_mixin.py:188} INFO - [2025-11-18T23:09:01.051+0000] {dag.py:3089} INFO - Sync 1 DAGs
[2025-11-18T23:09:01.060+0000] {logging_mixin.py:188} INFO - [2025-11-18T23:09:01.059+0000] {dag.py:3947} INFO - Setting next_dagrun for etl_label_studio to 2025-11-18 03:00:00+00:00, run_after=2025-11-19 03:00:00+00:00
[2025-11-18T23:09:01.065+0000] {processor.py:183} INFO - Processing /opt/airflow/dags/pipeline_label_studio.py took 0.036 seconds
[2025-11-18T23:09:31.390+0000] {processor.py:161} INFO - Started process (PID=9504) to work on /opt/airflow/dags/pipeline_label_studio.py
[2025-11-18T23:09:31.390+0000] {processor.py:830} INFO - Processing file /opt/airflow/dags/pipeline_label_studio.py for tasks to queue
[2025-11-18T23:09:31.391+0000] {logging_mixin.py:188} INFO - [2025-11-18T23:09:31.391+0000] {dagbag.py:545} INFO - Filling up the DagBag from /opt/airflow/dags/pipeline_label_studio.py
[2025-11-18T23:09:31.396+0000] {processor.py:840} INFO - DAG(s) 'etl_label_studio' retrieved from /opt/airflow/dags/pipeline_label_studio.py
[2025-11-18T23:09:31.410+0000] {logging_mixin.py:188} INFO - [2025-11-18T23:09:31.410+0000] {dag.py:3089} INFO - Sync 1 DAGs
[2025-11-18T23:09:31.419+0000] {logging_mixin.py:188} INFO - [2025-11-18T23:09:31.419+0000] {dag.py:3947} INFO - Setting next_dagrun for etl_label_studio to 2025-11-18 03:00:00+00:00, run_after=2025-11-19 03:00:00+00:00
[2025-11-18T23:09:31.426+0000] {processor.py:183} INFO - Processing /opt/airflow/dags/pipeline_label_studio.py took 0.038 seconds
[2025-11-18T23:10:01.783+0000] {processor.py:161} INFO - Started process (PID=9531) to work on /opt/airflow/dags/pipeline_label_studio.py
[2025-11-18T23:10:01.783+0000] {processor.py:830} INFO - Processing file /opt/airflow/dags/pipeline_label_studio.py for tasks to queue
[2025-11-18T23:10:01.784+0000] {logging_mixin.py:188} INFO - [2025-11-18T23:10:01.784+0000] {dagbag.py:545} INFO - Filling up the DagBag from /opt/airflow/dags/pipeline_label_studio.py
[2025-11-18T23:10:01.788+0000] {processor.py:840} INFO - DAG(s) 'etl_label_studio' retrieved from /opt/airflow/dags/pipeline_label_studio.py
[2025-11-18T23:10:01.795+0000] {logging_mixin.py:188} INFO - [2025-11-18T23:10:01.795+0000] {dag.py:3089} INFO - Sync 1 DAGs
[2025-11-18T23:10:01.805+0000] {logging_mixin.py:188} INFO - [2025-11-18T23:10:01.805+0000] {dag.py:3947} INFO - Setting next_dagrun for etl_label_studio to 2025-11-18 03:00:00+00:00, run_after=2025-11-19 03:00:00+00:00
[2025-11-18T23:10:01.812+0000] {processor.py:183} INFO - Processing /opt/airflow/dags/pipeline_label_studio.py took 0.032 seconds
[2025-11-18T23:10:32.136+0000] {processor.py:161} INFO - Started process (PID=9583) to work on /opt/airflow/dags/pipeline_label_studio.py
[2025-11-18T23:10:32.136+0000] {processor.py:830} INFO - Processing file /opt/airflow/dags/pipeline_label_studio.py for tasks to queue
[2025-11-18T23:10:32.137+0000] {logging_mixin.py:188} INFO - [2025-11-18T23:10:32.137+0000] {dagbag.py:545} INFO - Filling up the DagBag from /opt/airflow/dags/pipeline_label_studio.py
[2025-11-18T23:10:32.141+0000] {processor.py:840} INFO - DAG(s) 'etl_label_studio' retrieved from /opt/airflow/dags/pipeline_label_studio.py
[2025-11-18T23:10:32.177+0000] {logging_mixin.py:188} INFO - [2025-11-18T23:10:32.177+0000] {dag.py:3089} INFO - Sync 1 DAGs
[2025-11-18T23:10:32.185+0000] {logging_mixin.py:188} INFO - [2025-11-18T23:10:32.185+0000] {dag.py:3947} INFO - Setting next_dagrun for etl_label_studio to 2025-11-18 03:00:00+00:00, run_after=2025-11-19 03:00:00+00:00
[2025-11-18T23:10:32.191+0000] {processor.py:183} INFO - Processing /opt/airflow/dags/pipeline_label_studio.py took 0.058 seconds
[2025-11-18T23:11:02.470+0000] {processor.py:161} INFO - Started process (PID=9610) to work on /opt/airflow/dags/pipeline_label_studio.py
[2025-11-18T23:11:02.470+0000] {processor.py:830} INFO - Processing file /opt/airflow/dags/pipeline_label_studio.py for tasks to queue
[2025-11-18T23:11:02.471+0000] {logging_mixin.py:188} INFO - [2025-11-18T23:11:02.471+0000] {dagbag.py:545} INFO - Filling up the DagBag from /opt/airflow/dags/pipeline_label_studio.py
[2025-11-18T23:11:02.475+0000] {processor.py:840} INFO - DAG(s) 'etl_label_studio' retrieved from /opt/airflow/dags/pipeline_label_studio.py
[2025-11-18T23:11:02.488+0000] {logging_mixin.py:188} INFO - [2025-11-18T23:11:02.488+0000] {dag.py:3089} INFO - Sync 1 DAGs
[2025-11-18T23:11:02.499+0000] {logging_mixin.py:188} INFO - [2025-11-18T23:11:02.498+0000] {dag.py:3947} INFO - Setting next_dagrun for etl_label_studio to 2025-11-18 03:00:00+00:00, run_after=2025-11-19 03:00:00+00:00
[2025-11-18T23:11:02.507+0000] {processor.py:183} INFO - Processing /opt/airflow/dags/pipeline_label_studio.py took 0.040 seconds
[2025-11-18T23:11:32.796+0000] {processor.py:161} INFO - Started process (PID=9625) to work on /opt/airflow/dags/pipeline_label_studio.py
[2025-11-18T23:11:32.797+0000] {processor.py:830} INFO - Processing file /opt/airflow/dags/pipeline_label_studio.py for tasks to queue
[2025-11-18T23:11:32.797+0000] {logging_mixin.py:188} INFO - [2025-11-18T23:11:32.797+0000] {dagbag.py:545} INFO - Filling up the DagBag from /opt/airflow/dags/pipeline_label_studio.py
[2025-11-18T23:11:32.802+0000] {processor.py:840} INFO - DAG(s) 'etl_label_studio' retrieved from /opt/airflow/dags/pipeline_label_studio.py
[2025-11-18T23:11:32.813+0000] {logging_mixin.py:188} INFO - [2025-11-18T23:11:32.813+0000] {dag.py:3089} INFO - Sync 1 DAGs
[2025-11-18T23:11:32.822+0000] {logging_mixin.py:188} INFO - [2025-11-18T23:11:32.822+0000] {dag.py:3947} INFO - Setting next_dagrun for etl_label_studio to 2025-11-18 03:00:00+00:00, run_after=2025-11-19 03:00:00+00:00
[2025-11-18T23:11:32.828+0000] {processor.py:183} INFO - Processing /opt/airflow/dags/pipeline_label_studio.py took 0.034 seconds
[2025-11-18T23:12:03.088+0000] {processor.py:161} INFO - Started process (PID=9640) to work on /opt/airflow/dags/pipeline_label_studio.py
[2025-11-18T23:12:03.089+0000] {processor.py:830} INFO - Processing file /opt/airflow/dags/pipeline_label_studio.py for tasks to queue
[2025-11-18T23:12:03.089+0000] {logging_mixin.py:188} INFO - [2025-11-18T23:12:03.089+0000] {dagbag.py:545} INFO - Filling up the DagBag from /opt/airflow/dags/pipeline_label_studio.py
[2025-11-18T23:12:03.095+0000] {processor.py:840} INFO - DAG(s) 'etl_label_studio' retrieved from /opt/airflow/dags/pipeline_label_studio.py
[2025-11-18T23:12:03.109+0000] {logging_mixin.py:188} INFO - [2025-11-18T23:12:03.109+0000] {dag.py:3089} INFO - Sync 1 DAGs
[2025-11-18T23:12:03.120+0000] {logging_mixin.py:188} INFO - [2025-11-18T23:12:03.120+0000] {dag.py:3947} INFO - Setting next_dagrun for etl_label_studio to 2025-11-18 03:00:00+00:00, run_after=2025-11-19 03:00:00+00:00
[2025-11-18T23:12:03.128+0000] {processor.py:183} INFO - Processing /opt/airflow/dags/pipeline_label_studio.py took 0.043 seconds
[2025-11-18T23:12:33.475+0000] {processor.py:161} INFO - Started process (PID=9655) to work on /opt/airflow/dags/pipeline_label_studio.py
[2025-11-18T23:12:33.475+0000] {processor.py:830} INFO - Processing file /opt/airflow/dags/pipeline_label_studio.py for tasks to queue
[2025-11-18T23:12:33.476+0000] {logging_mixin.py:188} INFO - [2025-11-18T23:12:33.476+0000] {dagbag.py:545} INFO - Filling up the DagBag from /opt/airflow/dags/pipeline_label_studio.py
[2025-11-18T23:12:33.480+0000] {processor.py:840} INFO - DAG(s) 'etl_label_studio' retrieved from /opt/airflow/dags/pipeline_label_studio.py
[2025-11-18T23:12:33.491+0000] {logging_mixin.py:188} INFO - [2025-11-18T23:12:33.491+0000] {dag.py:3089} INFO - Sync 1 DAGs
[2025-11-18T23:12:33.499+0000] {logging_mixin.py:188} INFO - [2025-11-18T23:12:33.499+0000] {dag.py:3947} INFO - Setting next_dagrun for etl_label_studio to 2025-11-18 03:00:00+00:00, run_after=2025-11-19 03:00:00+00:00
[2025-11-18T23:12:33.505+0000] {processor.py:183} INFO - Processing /opt/airflow/dags/pipeline_label_studio.py took 0.033 seconds
[2025-11-18T23:13:03.876+0000] {processor.py:161} INFO - Started process (PID=9670) to work on /opt/airflow/dags/pipeline_label_studio.py
[2025-11-18T23:13:03.876+0000] {processor.py:830} INFO - Processing file /opt/airflow/dags/pipeline_label_studio.py for tasks to queue
[2025-11-18T23:13:03.877+0000] {logging_mixin.py:188} INFO - [2025-11-18T23:13:03.877+0000] {dagbag.py:545} INFO - Filling up the DagBag from /opt/airflow/dags/pipeline_label_studio.py
[2025-11-18T23:13:03.882+0000] {processor.py:840} INFO - DAG(s) 'etl_label_studio' retrieved from /opt/airflow/dags/pipeline_label_studio.py
[2025-11-18T23:13:03.894+0000] {logging_mixin.py:188} INFO - [2025-11-18T23:13:03.894+0000] {dag.py:3089} INFO - Sync 1 DAGs
[2025-11-18T23:13:03.905+0000] {logging_mixin.py:188} INFO - [2025-11-18T23:13:03.905+0000] {dag.py:3947} INFO - Setting next_dagrun for etl_label_studio to 2025-11-18 03:00:00+00:00, run_after=2025-11-19 03:00:00+00:00
[2025-11-18T23:13:03.912+0000] {processor.py:183} INFO - Processing /opt/airflow/dags/pipeline_label_studio.py took 0.038 seconds
[2025-11-18T23:13:34.211+0000] {processor.py:161} INFO - Started process (PID=9685) to work on /opt/airflow/dags/pipeline_label_studio.py
[2025-11-18T23:13:34.211+0000] {processor.py:830} INFO - Processing file /opt/airflow/dags/pipeline_label_studio.py for tasks to queue
[2025-11-18T23:13:34.212+0000] {logging_mixin.py:188} INFO - [2025-11-18T23:13:34.212+0000] {dagbag.py:545} INFO - Filling up the DagBag from /opt/airflow/dags/pipeline_label_studio.py
[2025-11-18T23:13:34.216+0000] {processor.py:840} INFO - DAG(s) 'etl_label_studio' retrieved from /opt/airflow/dags/pipeline_label_studio.py
[2025-11-18T23:13:34.222+0000] {logging_mixin.py:188} INFO - [2025-11-18T23:13:34.222+0000] {dag.py:3089} INFO - Sync 1 DAGs
[2025-11-18T23:13:34.231+0000] {logging_mixin.py:188} INFO - [2025-11-18T23:13:34.231+0000] {dag.py:3947} INFO - Setting next_dagrun for etl_label_studio to 2025-11-18 03:00:00+00:00, run_after=2025-11-19 03:00:00+00:00
[2025-11-18T23:13:34.237+0000] {processor.py:183} INFO - Processing /opt/airflow/dags/pipeline_label_studio.py took 0.030 seconds
[2025-11-18T23:14:04.702+0000] {processor.py:161} INFO - Started process (PID=9700) to work on /opt/airflow/dags/pipeline_label_studio.py
[2025-11-18T23:14:04.702+0000] {processor.py:830} INFO - Processing file /opt/airflow/dags/pipeline_label_studio.py for tasks to queue
[2025-11-18T23:14:04.703+0000] {logging_mixin.py:188} INFO - [2025-11-18T23:14:04.703+0000] {dagbag.py:545} INFO - Filling up the DagBag from /opt/airflow/dags/pipeline_label_studio.py
[2025-11-18T23:14:04.708+0000] {processor.py:840} INFO - DAG(s) 'etl_label_studio' retrieved from /opt/airflow/dags/pipeline_label_studio.py
[2025-11-18T23:14:04.750+0000] {logging_mixin.py:188} INFO - [2025-11-18T23:14:04.750+0000] {dag.py:3089} INFO - Sync 1 DAGs
[2025-11-18T23:14:04.758+0000] {logging_mixin.py:188} INFO - [2025-11-18T23:14:04.758+0000] {dag.py:3947} INFO - Setting next_dagrun for etl_label_studio to 2025-11-18 03:00:00+00:00, run_after=2025-11-19 03:00:00+00:00
[2025-11-18T23:14:04.765+0000] {processor.py:183} INFO - Processing /opt/airflow/dags/pipeline_label_studio.py took 0.065 seconds
[2025-11-18T23:14:35.039+0000] {processor.py:161} INFO - Started process (PID=9740) to work on /opt/airflow/dags/pipeline_label_studio.py
[2025-11-18T23:14:35.039+0000] {processor.py:830} INFO - Processing file /opt/airflow/dags/pipeline_label_studio.py for tasks to queue
[2025-11-18T23:14:35.040+0000] {logging_mixin.py:188} INFO - [2025-11-18T23:14:35.040+0000] {dagbag.py:545} INFO - Filling up the DagBag from /opt/airflow/dags/pipeline_label_studio.py
[2025-11-18T23:14:35.044+0000] {processor.py:840} INFO - DAG(s) 'etl_label_studio' retrieved from /opt/airflow/dags/pipeline_label_studio.py
[2025-11-18T23:14:35.055+0000] {logging_mixin.py:188} INFO - [2025-11-18T23:14:35.054+0000] {dag.py:3089} INFO - Sync 1 DAGs
[2025-11-18T23:14:35.073+0000] {logging_mixin.py:188} INFO - [2025-11-18T23:14:35.073+0000] {dag.py:3947} INFO - Setting next_dagrun for etl_label_studio to 2025-11-18 03:00:00+00:00, run_after=2025-11-19 03:00:00+00:00
[2025-11-18T23:14:35.084+0000] {processor.py:183} INFO - Processing /opt/airflow/dags/pipeline_label_studio.py took 0.049 seconds
[2025-11-18T23:15:05.522+0000] {processor.py:161} INFO - Started process (PID=9767) to work on /opt/airflow/dags/pipeline_label_studio.py
[2025-11-18T23:15:05.523+0000] {processor.py:830} INFO - Processing file /opt/airflow/dags/pipeline_label_studio.py for tasks to queue
[2025-11-18T23:15:05.524+0000] {logging_mixin.py:188} INFO - [2025-11-18T23:15:05.523+0000] {dagbag.py:545} INFO - Filling up the DagBag from /opt/airflow/dags/pipeline_label_studio.py
[2025-11-18T23:15:05.528+0000] {processor.py:840} INFO - DAG(s) 'etl_label_studio' retrieved from /opt/airflow/dags/pipeline_label_studio.py
[2025-11-18T23:15:05.574+0000] {logging_mixin.py:188} INFO - [2025-11-18T23:15:05.574+0000] {dag.py:3089} INFO - Sync 1 DAGs
[2025-11-18T23:15:05.582+0000] {logging_mixin.py:188} INFO - [2025-11-18T23:15:05.582+0000] {dag.py:3947} INFO - Setting next_dagrun for etl_label_studio to 2025-11-18 03:00:00+00:00, run_after=2025-11-19 03:00:00+00:00
[2025-11-18T23:15:05.592+0000] {processor.py:183} INFO - Processing /opt/airflow/dags/pipeline_label_studio.py took 0.072 seconds
[2025-11-18T23:15:35.907+0000] {processor.py:161} INFO - Started process (PID=9782) to work on /opt/airflow/dags/pipeline_label_studio.py
[2025-11-18T23:15:35.907+0000] {processor.py:830} INFO - Processing file /opt/airflow/dags/pipeline_label_studio.py for tasks to queue
[2025-11-18T23:15:35.908+0000] {logging_mixin.py:188} INFO - [2025-11-18T23:15:35.908+0000] {dagbag.py:545} INFO - Filling up the DagBag from /opt/airflow/dags/pipeline_label_studio.py
[2025-11-18T23:15:35.913+0000] {processor.py:840} INFO - DAG(s) 'etl_label_studio' retrieved from /opt/airflow/dags/pipeline_label_studio.py
[2025-11-18T23:15:35.929+0000] {logging_mixin.py:188} INFO - [2025-11-18T23:15:35.929+0000] {dag.py:3089} INFO - Sync 1 DAGs
[2025-11-18T23:15:35.940+0000] {logging_mixin.py:188} INFO - [2025-11-18T23:15:35.940+0000] {dag.py:3947} INFO - Setting next_dagrun for etl_label_studio to 2025-11-18 03:00:00+00:00, run_after=2025-11-19 03:00:00+00:00
[2025-11-18T23:15:35.947+0000] {processor.py:183} INFO - Processing /opt/airflow/dags/pipeline_label_studio.py took 0.044 seconds
[2025-11-18T23:16:06.273+0000] {processor.py:161} INFO - Started process (PID=9809) to work on /opt/airflow/dags/pipeline_label_studio.py
[2025-11-18T23:16:06.273+0000] {processor.py:830} INFO - Processing file /opt/airflow/dags/pipeline_label_studio.py for tasks to queue
[2025-11-18T23:16:06.273+0000] {logging_mixin.py:188} INFO - [2025-11-18T23:16:06.273+0000] {dagbag.py:545} INFO - Filling up the DagBag from /opt/airflow/dags/pipeline_label_studio.py
[2025-11-18T23:16:06.278+0000] {processor.py:840} INFO - DAG(s) 'etl_label_studio' retrieved from /opt/airflow/dags/pipeline_label_studio.py
[2025-11-18T23:16:06.292+0000] {logging_mixin.py:188} INFO - [2025-11-18T23:16:06.291+0000] {dag.py:3089} INFO - Sync 1 DAGs
[2025-11-18T23:16:06.301+0000] {logging_mixin.py:188} INFO - [2025-11-18T23:16:06.301+0000] {dag.py:3947} INFO - Setting next_dagrun for etl_label_studio to 2025-11-18 03:00:00+00:00, run_after=2025-11-19 03:00:00+00:00
[2025-11-18T23:16:06.307+0000] {processor.py:183} INFO - Processing /opt/airflow/dags/pipeline_label_studio.py took 0.037 seconds
[2025-11-18T23:16:36.657+0000] {processor.py:161} INFO - Started process (PID=9849) to work on /opt/airflow/dags/pipeline_label_studio.py
[2025-11-18T23:16:36.658+0000] {processor.py:830} INFO - Processing file /opt/airflow/dags/pipeline_label_studio.py for tasks to queue
[2025-11-18T23:16:36.658+0000] {logging_mixin.py:188} INFO - [2025-11-18T23:16:36.658+0000] {dagbag.py:545} INFO - Filling up the DagBag from /opt/airflow/dags/pipeline_label_studio.py
[2025-11-18T23:16:36.663+0000] {processor.py:840} INFO - DAG(s) 'etl_label_studio' retrieved from /opt/airflow/dags/pipeline_label_studio.py
[2025-11-18T23:16:36.670+0000] {logging_mixin.py:188} INFO - [2025-11-18T23:16:36.669+0000] {dag.py:3089} INFO - Sync 1 DAGs
[2025-11-18T23:16:36.679+0000] {logging_mixin.py:188} INFO - [2025-11-18T23:16:36.679+0000] {dag.py:3947} INFO - Setting next_dagrun for etl_label_studio to 2025-11-18 03:00:00+00:00, run_after=2025-11-19 03:00:00+00:00
[2025-11-18T23:16:36.686+0000] {processor.py:183} INFO - Processing /opt/airflow/dags/pipeline_label_studio.py took 0.031 seconds
[2025-11-18T23:17:07.118+0000] {processor.py:161} INFO - Started process (PID=9876) to work on /opt/airflow/dags/pipeline_label_studio.py
[2025-11-18T23:17:07.119+0000] {processor.py:830} INFO - Processing file /opt/airflow/dags/pipeline_label_studio.py for tasks to queue
[2025-11-18T23:17:07.119+0000] {logging_mixin.py:188} INFO - [2025-11-18T23:17:07.119+0000] {dagbag.py:545} INFO - Filling up the DagBag from /opt/airflow/dags/pipeline_label_studio.py
[2025-11-18T23:17:07.124+0000] {processor.py:840} INFO - DAG(s) 'etl_label_studio' retrieved from /opt/airflow/dags/pipeline_label_studio.py
[2025-11-18T23:17:07.166+0000] {logging_mixin.py:188} INFO - [2025-11-18T23:17:07.166+0000] {dag.py:3089} INFO - Sync 1 DAGs
[2025-11-18T23:17:07.174+0000] {logging_mixin.py:188} INFO - [2025-11-18T23:17:07.174+0000] {dag.py:3947} INFO - Setting next_dagrun for etl_label_studio to 2025-11-18 03:00:00+00:00, run_after=2025-11-19 03:00:00+00:00
[2025-11-18T23:17:07.181+0000] {processor.py:183} INFO - Processing /opt/airflow/dags/pipeline_label_studio.py took 0.065 seconds
[2025-11-18T23:17:37.525+0000] {processor.py:161} INFO - Started process (PID=9891) to work on /opt/airflow/dags/pipeline_label_studio.py
[2025-11-18T23:17:37.526+0000] {processor.py:830} INFO - Processing file /opt/airflow/dags/pipeline_label_studio.py for tasks to queue
[2025-11-18T23:17:37.527+0000] {logging_mixin.py:188} INFO - [2025-11-18T23:17:37.527+0000] {dagbag.py:545} INFO - Filling up the DagBag from /opt/airflow/dags/pipeline_label_studio.py
[2025-11-18T23:17:37.531+0000] {processor.py:840} INFO - DAG(s) 'etl_label_studio' retrieved from /opt/airflow/dags/pipeline_label_studio.py
[2025-11-18T23:17:37.543+0000] {logging_mixin.py:188} INFO - [2025-11-18T23:17:37.543+0000] {dag.py:3089} INFO - Sync 1 DAGs
[2025-11-18T23:17:37.553+0000] {logging_mixin.py:188} INFO - [2025-11-18T23:17:37.553+0000] {dag.py:3947} INFO - Setting next_dagrun for etl_label_studio to 2025-11-18 03:00:00+00:00, run_after=2025-11-19 03:00:00+00:00
[2025-11-18T23:17:37.560+0000] {processor.py:183} INFO - Processing /opt/airflow/dags/pipeline_label_studio.py took 0.037 seconds
[2025-11-18T23:18:07.944+0000] {processor.py:161} INFO - Started process (PID=9906) to work on /opt/airflow/dags/pipeline_label_studio.py
[2025-11-18T23:18:07.945+0000] {processor.py:830} INFO - Processing file /opt/airflow/dags/pipeline_label_studio.py for tasks to queue
[2025-11-18T23:18:07.946+0000] {logging_mixin.py:188} INFO - [2025-11-18T23:18:07.946+0000] {dagbag.py:545} INFO - Filling up the DagBag from /opt/airflow/dags/pipeline_label_studio.py
[2025-11-18T23:18:07.951+0000] {processor.py:840} INFO - DAG(s) 'etl_label_studio' retrieved from /opt/airflow/dags/pipeline_label_studio.py
[2025-11-18T23:18:07.963+0000] {logging_mixin.py:188} INFO - [2025-11-18T23:18:07.963+0000] {dag.py:3089} INFO - Sync 1 DAGs
[2025-11-18T23:18:07.973+0000] {logging_mixin.py:188} INFO - [2025-11-18T23:18:07.973+0000] {dag.py:3947} INFO - Setting next_dagrun for etl_label_studio to 2025-11-18 03:00:00+00:00, run_after=2025-11-19 03:00:00+00:00
[2025-11-18T23:18:07.981+0000] {processor.py:183} INFO - Processing /opt/airflow/dags/pipeline_label_studio.py took 0.039 seconds
[2025-11-18T23:18:38.333+0000] {processor.py:161} INFO - Started process (PID=9921) to work on /opt/airflow/dags/pipeline_label_studio.py
[2025-11-18T23:18:38.334+0000] {processor.py:830} INFO - Processing file /opt/airflow/dags/pipeline_label_studio.py for tasks to queue
[2025-11-18T23:18:38.334+0000] {logging_mixin.py:188} INFO - [2025-11-18T23:18:38.334+0000] {dagbag.py:545} INFO - Filling up the DagBag from /opt/airflow/dags/pipeline_label_studio.py
[2025-11-18T23:18:38.339+0000] {processor.py:840} INFO - DAG(s) 'etl_label_studio' retrieved from /opt/airflow/dags/pipeline_label_studio.py
[2025-11-18T23:18:38.350+0000] {logging_mixin.py:188} INFO - [2025-11-18T23:18:38.350+0000] {dag.py:3089} INFO - Sync 1 DAGs
[2025-11-18T23:18:38.359+0000] {logging_mixin.py:188} INFO - [2025-11-18T23:18:38.359+0000] {dag.py:3947} INFO - Setting next_dagrun for etl_label_studio to 2025-11-18 03:00:00+00:00, run_after=2025-11-19 03:00:00+00:00
[2025-11-18T23:18:38.366+0000] {processor.py:183} INFO - Processing /opt/airflow/dags/pipeline_label_studio.py took 0.035 seconds
[2025-11-18T23:19:08.811+0000] {processor.py:161} INFO - Started process (PID=9936) to work on /opt/airflow/dags/pipeline_label_studio.py
[2025-11-18T23:19:08.818+0000] {processor.py:830} INFO - Processing file /opt/airflow/dags/pipeline_label_studio.py for tasks to queue
[2025-11-18T23:19:08.826+0000] {logging_mixin.py:188} INFO - [2025-11-18T23:19:08.826+0000] {dagbag.py:545} INFO - Filling up the DagBag from /opt/airflow/dags/pipeline_label_studio.py
[2025-11-18T23:19:08.873+0000] {processor.py:840} INFO - DAG(s) 'etl_label_studio' retrieved from /opt/airflow/dags/pipeline_label_studio.py
[2025-11-18T23:19:08.910+0000] {logging_mixin.py:188} INFO - [2025-11-18T23:19:08.910+0000] {dag.py:3089} INFO - Sync 1 DAGs
[2025-11-18T23:19:08.936+0000] {logging_mixin.py:188} INFO - [2025-11-18T23:19:08.936+0000] {dag.py:3947} INFO - Setting next_dagrun for etl_label_studio to 2025-11-18 03:00:00+00:00, run_after=2025-11-19 03:00:00+00:00
[2025-11-18T23:19:08.962+0000] {processor.py:183} INFO - Processing /opt/airflow/dags/pipeline_label_studio.py took 0.166 seconds
[2025-11-18T23:19:39.247+0000] {processor.py:161} INFO - Started process (PID=9988) to work on /opt/airflow/dags/pipeline_label_studio.py
[2025-11-18T23:19:39.247+0000] {processor.py:830} INFO - Processing file /opt/airflow/dags/pipeline_label_studio.py for tasks to queue
[2025-11-18T23:19:39.248+0000] {logging_mixin.py:188} INFO - [2025-11-18T23:19:39.247+0000] {dagbag.py:545} INFO - Filling up the DagBag from /opt/airflow/dags/pipeline_label_studio.py
[2025-11-18T23:19:39.252+0000] {processor.py:840} INFO - DAG(s) 'etl_label_studio' retrieved from /opt/airflow/dags/pipeline_label_studio.py
[2025-11-18T23:19:39.294+0000] {logging_mixin.py:188} INFO - [2025-11-18T23:19:39.294+0000] {dag.py:3089} INFO - Sync 1 DAGs
[2025-11-18T23:19:39.303+0000] {logging_mixin.py:188} INFO - [2025-11-18T23:19:39.303+0000] {dag.py:3947} INFO - Setting next_dagrun for etl_label_studio to 2025-11-18 03:00:00+00:00, run_after=2025-11-19 03:00:00+00:00
[2025-11-18T23:19:39.310+0000] {processor.py:183} INFO - Processing /opt/airflow/dags/pipeline_label_studio.py took 0.066 seconds
[2025-11-18T23:20:09.599+0000] {processor.py:161} INFO - Started process (PID=10015) to work on /opt/airflow/dags/pipeline_label_studio.py
[2025-11-18T23:20:09.599+0000] {processor.py:830} INFO - Processing file /opt/airflow/dags/pipeline_label_studio.py for tasks to queue
[2025-11-18T23:20:09.600+0000] {logging_mixin.py:188} INFO - [2025-11-18T23:20:09.600+0000] {dagbag.py:545} INFO - Filling up the DagBag from /opt/airflow/dags/pipeline_label_studio.py
[2025-11-18T23:20:09.604+0000] {processor.py:840} INFO - DAG(s) 'etl_label_studio' retrieved from /opt/airflow/dags/pipeline_label_studio.py
[2025-11-18T23:20:09.611+0000] {logging_mixin.py:188} INFO - [2025-11-18T23:20:09.611+0000] {dag.py:3089} INFO - Sync 1 DAGs
[2025-11-18T23:20:09.621+0000] {logging_mixin.py:188} INFO - [2025-11-18T23:20:09.621+0000] {dag.py:3947} INFO - Setting next_dagrun for etl_label_studio to 2025-11-18 03:00:00+00:00, run_after=2025-11-19 03:00:00+00:00
[2025-11-18T23:20:09.629+0000] {processor.py:183} INFO - Processing /opt/airflow/dags/pipeline_label_studio.py took 0.033 seconds
[2025-11-18T23:20:40.098+0000] {processor.py:161} INFO - Started process (PID=10030) to work on /opt/airflow/dags/pipeline_label_studio.py
[2025-11-18T23:20:40.099+0000] {processor.py:830} INFO - Processing file /opt/airflow/dags/pipeline_label_studio.py for tasks to queue
[2025-11-18T23:20:40.100+0000] {logging_mixin.py:188} INFO - [2025-11-18T23:20:40.099+0000] {dagbag.py:545} INFO - Filling up the DagBag from /opt/airflow/dags/pipeline_label_studio.py
[2025-11-18T23:20:40.106+0000] {processor.py:840} INFO - DAG(s) 'etl_label_studio' retrieved from /opt/airflow/dags/pipeline_label_studio.py
[2025-11-18T23:20:40.205+0000] {logging_mixin.py:188} INFO - [2025-11-18T23:20:40.205+0000] {dag.py:3089} INFO - Sync 1 DAGs
[2025-11-18T23:20:40.226+0000] {logging_mixin.py:188} INFO - [2025-11-18T23:20:40.224+0000] {dag.py:3947} INFO - Setting next_dagrun for etl_label_studio to 2025-11-18 03:00:00+00:00, run_after=2025-11-19 03:00:00+00:00
[2025-11-18T23:20:40.239+0000] {processor.py:183} INFO - Processing /opt/airflow/dags/pipeline_label_studio.py took 0.144 seconds
[2025-11-18T23:21:10.515+0000] {processor.py:161} INFO - Started process (PID=10070) to work on /opt/airflow/dags/pipeline_label_studio.py
[2025-11-18T23:21:10.516+0000] {processor.py:830} INFO - Processing file /opt/airflow/dags/pipeline_label_studio.py for tasks to queue
[2025-11-18T23:21:10.516+0000] {logging_mixin.py:188} INFO - [2025-11-18T23:21:10.516+0000] {dagbag.py:545} INFO - Filling up the DagBag from /opt/airflow/dags/pipeline_label_studio.py
[2025-11-18T23:21:10.523+0000] {processor.py:840} INFO - DAG(s) 'etl_label_studio' retrieved from /opt/airflow/dags/pipeline_label_studio.py
[2025-11-18T23:21:10.531+0000] {logging_mixin.py:188} INFO - [2025-11-18T23:21:10.530+0000] {dag.py:3089} INFO - Sync 1 DAGs
[2025-11-18T23:21:10.543+0000] {logging_mixin.py:188} INFO - [2025-11-18T23:21:10.543+0000] {dag.py:3947} INFO - Setting next_dagrun for etl_label_studio to 2025-11-18 03:00:00+00:00, run_after=2025-11-19 03:00:00+00:00
[2025-11-18T23:21:10.551+0000] {processor.py:183} INFO - Processing /opt/airflow/dags/pipeline_label_studio.py took 0.039 seconds
[2025-11-18T23:21:40.959+0000] {processor.py:161} INFO - Started process (PID=10097) to work on /opt/airflow/dags/pipeline_label_studio.py
[2025-11-18T23:21:40.959+0000] {processor.py:830} INFO - Processing file /opt/airflow/dags/pipeline_label_studio.py for tasks to queue
[2025-11-18T23:21:40.960+0000] {logging_mixin.py:188} INFO - [2025-11-18T23:21:40.960+0000] {dagbag.py:545} INFO - Filling up the DagBag from /opt/airflow/dags/pipeline_label_studio.py
[2025-11-18T23:21:40.965+0000] {processor.py:840} INFO - DAG(s) 'etl_label_studio' retrieved from /opt/airflow/dags/pipeline_label_studio.py
[2025-11-18T23:21:41.004+0000] {logging_mixin.py:188} INFO - [2025-11-18T23:21:41.004+0000] {dag.py:3089} INFO - Sync 1 DAGs
[2025-11-18T23:21:41.013+0000] {logging_mixin.py:188} INFO - [2025-11-18T23:21:41.012+0000] {dag.py:3947} INFO - Setting next_dagrun for etl_label_studio to 2025-11-18 03:00:00+00:00, run_after=2025-11-19 03:00:00+00:00
[2025-11-18T23:21:41.019+0000] {processor.py:183} INFO - Processing /opt/airflow/dags/pipeline_label_studio.py took 0.063 seconds
[2025-11-18T23:22:11.296+0000] {processor.py:161} INFO - Started process (PID=10124) to work on /opt/airflow/dags/pipeline_label_studio.py
[2025-11-18T23:22:11.297+0000] {processor.py:830} INFO - Processing file /opt/airflow/dags/pipeline_label_studio.py for tasks to queue
[2025-11-18T23:22:11.298+0000] {logging_mixin.py:188} INFO - [2025-11-18T23:22:11.298+0000] {dagbag.py:545} INFO - Filling up the DagBag from /opt/airflow/dags/pipeline_label_studio.py
[2025-11-18T23:22:11.304+0000] {processor.py:840} INFO - DAG(s) 'etl_label_studio' retrieved from /opt/airflow/dags/pipeline_label_studio.py
[2025-11-18T23:22:11.336+0000] {logging_mixin.py:188} INFO - [2025-11-18T23:22:11.336+0000] {dag.py:3089} INFO - Sync 1 DAGs
[2025-11-18T23:22:11.346+0000] {logging_mixin.py:188} INFO - [2025-11-18T23:22:11.346+0000] {dag.py:3947} INFO - Setting next_dagrun for etl_label_studio to 2025-11-18 03:00:00+00:00, run_after=2025-11-19 03:00:00+00:00
[2025-11-18T23:22:11.354+0000] {processor.py:183} INFO - Processing /opt/airflow/dags/pipeline_label_studio.py took 0.085 seconds
[2025-11-18T23:22:41.620+0000] {processor.py:161} INFO - Started process (PID=10139) to work on /opt/airflow/dags/pipeline_label_studio.py
[2025-11-18T23:22:41.621+0000] {processor.py:830} INFO - Processing file /opt/airflow/dags/pipeline_label_studio.py for tasks to queue
[2025-11-18T23:22:41.622+0000] {logging_mixin.py:188} INFO - [2025-11-18T23:22:41.622+0000] {dagbag.py:545} INFO - Filling up the DagBag from /opt/airflow/dags/pipeline_label_studio.py
[2025-11-18T23:22:41.628+0000] {processor.py:840} INFO - DAG(s) 'etl_label_studio' retrieved from /opt/airflow/dags/pipeline_label_studio.py
[2025-11-18T23:22:41.641+0000] {logging_mixin.py:188} INFO - [2025-11-18T23:22:41.641+0000] {dag.py:3089} INFO - Sync 1 DAGs
[2025-11-18T23:22:41.650+0000] {logging_mixin.py:188} INFO - [2025-11-18T23:22:41.650+0000] {dag.py:3947} INFO - Setting next_dagrun for etl_label_studio to 2025-11-18 03:00:00+00:00, run_after=2025-11-19 03:00:00+00:00
[2025-11-18T23:22:41.657+0000] {processor.py:183} INFO - Processing /opt/airflow/dags/pipeline_label_studio.py took 0.041 seconds
[2025-11-18T23:23:11.932+0000] {processor.py:161} INFO - Started process (PID=10154) to work on /opt/airflow/dags/pipeline_label_studio.py
[2025-11-18T23:23:11.932+0000] {processor.py:830} INFO - Processing file /opt/airflow/dags/pipeline_label_studio.py for tasks to queue
[2025-11-18T23:23:11.933+0000] {logging_mixin.py:188} INFO - [2025-11-18T23:23:11.932+0000] {dagbag.py:545} INFO - Filling up the DagBag from /opt/airflow/dags/pipeline_label_studio.py
[2025-11-18T23:23:11.937+0000] {processor.py:840} INFO - DAG(s) 'etl_label_studio' retrieved from /opt/airflow/dags/pipeline_label_studio.py
[2025-11-18T23:23:11.953+0000] {logging_mixin.py:188} INFO - [2025-11-18T23:23:11.953+0000] {dag.py:3089} INFO - Sync 1 DAGs
[2025-11-18T23:23:11.962+0000] {logging_mixin.py:188} INFO - [2025-11-18T23:23:11.962+0000] {dag.py:3947} INFO - Setting next_dagrun for etl_label_studio to 2025-11-18 03:00:00+00:00, run_after=2025-11-19 03:00:00+00:00
[2025-11-18T23:23:11.969+0000] {processor.py:183} INFO - Processing /opt/airflow/dags/pipeline_label_studio.py took 0.040 seconds
[2025-11-18T23:23:42.375+0000] {processor.py:161} INFO - Started process (PID=10169) to work on /opt/airflow/dags/pipeline_label_studio.py
[2025-11-18T23:23:42.375+0000] {processor.py:830} INFO - Processing file /opt/airflow/dags/pipeline_label_studio.py for tasks to queue
[2025-11-18T23:23:42.376+0000] {logging_mixin.py:188} INFO - [2025-11-18T23:23:42.375+0000] {dagbag.py:545} INFO - Filling up the DagBag from /opt/airflow/dags/pipeline_label_studio.py
[2025-11-18T23:23:42.380+0000] {processor.py:840} INFO - DAG(s) 'etl_label_studio' retrieved from /opt/airflow/dags/pipeline_label_studio.py
[2025-11-18T23:23:42.392+0000] {logging_mixin.py:188} INFO - [2025-11-18T23:23:42.392+0000] {dag.py:3089} INFO - Sync 1 DAGs
[2025-11-18T23:23:42.403+0000] {logging_mixin.py:188} INFO - [2025-11-18T23:23:42.402+0000] {dag.py:3947} INFO - Setting next_dagrun for etl_label_studio to 2025-11-18 03:00:00+00:00, run_after=2025-11-19 03:00:00+00:00
[2025-11-18T23:23:42.408+0000] {processor.py:183} INFO - Processing /opt/airflow/dags/pipeline_label_studio.py took 0.036 seconds
[2025-11-18T23:24:12.824+0000] {processor.py:161} INFO - Started process (PID=10184) to work on /opt/airflow/dags/pipeline_label_studio.py
[2025-11-18T23:24:12.824+0000] {processor.py:830} INFO - Processing file /opt/airflow/dags/pipeline_label_studio.py for tasks to queue
[2025-11-18T23:24:12.825+0000] {logging_mixin.py:188} INFO - [2025-11-18T23:24:12.825+0000] {dagbag.py:545} INFO - Filling up the DagBag from /opt/airflow/dags/pipeline_label_studio.py
[2025-11-18T23:24:12.830+0000] {processor.py:840} INFO - DAG(s) 'etl_label_studio' retrieved from /opt/airflow/dags/pipeline_label_studio.py
[2025-11-18T23:24:12.844+0000] {logging_mixin.py:188} INFO - [2025-11-18T23:24:12.844+0000] {dag.py:3089} INFO - Sync 1 DAGs
[2025-11-18T23:24:12.852+0000] {logging_mixin.py:188} INFO - [2025-11-18T23:24:12.852+0000] {dag.py:3947} INFO - Setting next_dagrun for etl_label_studio to 2025-11-18 03:00:00+00:00, run_after=2025-11-19 03:00:00+00:00
[2025-11-18T23:24:12.859+0000] {processor.py:183} INFO - Processing /opt/airflow/dags/pipeline_label_studio.py took 0.037 seconds
[2025-11-18T23:24:43.173+0000] {processor.py:161} INFO - Started process (PID=10211) to work on /opt/airflow/dags/pipeline_label_studio.py
[2025-11-18T23:24:43.173+0000] {processor.py:830} INFO - Processing file /opt/airflow/dags/pipeline_label_studio.py for tasks to queue
[2025-11-18T23:24:43.174+0000] {logging_mixin.py:188} INFO - [2025-11-18T23:24:43.174+0000] {dagbag.py:545} INFO - Filling up the DagBag from /opt/airflow/dags/pipeline_label_studio.py
[2025-11-18T23:24:43.178+0000] {processor.py:840} INFO - DAG(s) 'etl_label_studio' retrieved from /opt/airflow/dags/pipeline_label_studio.py
[2025-11-18T23:24:43.191+0000] {logging_mixin.py:188} INFO - [2025-11-18T23:24:43.191+0000] {dag.py:3089} INFO - Sync 1 DAGs
[2025-11-18T23:24:43.200+0000] {logging_mixin.py:188} INFO - [2025-11-18T23:24:43.200+0000] {dag.py:3947} INFO - Setting next_dagrun for etl_label_studio to 2025-11-18 03:00:00+00:00, run_after=2025-11-19 03:00:00+00:00
[2025-11-18T23:24:43.206+0000] {processor.py:183} INFO - Processing /opt/airflow/dags/pipeline_label_studio.py took 0.036 seconds
[2025-11-18T23:25:13.571+0000] {processor.py:161} INFO - Started process (PID=10226) to work on /opt/airflow/dags/pipeline_label_studio.py
[2025-11-18T23:25:13.571+0000] {processor.py:830} INFO - Processing file /opt/airflow/dags/pipeline_label_studio.py for tasks to queue
[2025-11-18T23:25:13.572+0000] {logging_mixin.py:188} INFO - [2025-11-18T23:25:13.572+0000] {dagbag.py:545} INFO - Filling up the DagBag from /opt/airflow/dags/pipeline_label_studio.py
[2025-11-18T23:25:13.578+0000] {processor.py:840} INFO - DAG(s) 'etl_label_studio' retrieved from /opt/airflow/dags/pipeline_label_studio.py
[2025-11-18T23:25:13.592+0000] {logging_mixin.py:188} INFO - [2025-11-18T23:25:13.592+0000] {dag.py:3089} INFO - Sync 1 DAGs
[2025-11-18T23:25:13.604+0000] {logging_mixin.py:188} INFO - [2025-11-18T23:25:13.604+0000] {dag.py:3947} INFO - Setting next_dagrun for etl_label_studio to 2025-11-18 03:00:00+00:00, run_after=2025-11-19 03:00:00+00:00
[2025-11-18T23:25:13.611+0000] {processor.py:183} INFO - Processing /opt/airflow/dags/pipeline_label_studio.py took 0.043 seconds
[2025-11-18T23:25:43.992+0000] {processor.py:161} INFO - Started process (PID=10241) to work on /opt/airflow/dags/pipeline_label_studio.py
[2025-11-18T23:25:43.992+0000] {processor.py:830} INFO - Processing file /opt/airflow/dags/pipeline_label_studio.py for tasks to queue
[2025-11-18T23:25:43.993+0000] {logging_mixin.py:188} INFO - [2025-11-18T23:25:43.993+0000] {dagbag.py:545} INFO - Filling up the DagBag from /opt/airflow/dags/pipeline_label_studio.py
[2025-11-18T23:25:43.997+0000] {processor.py:840} INFO - DAG(s) 'etl_label_studio' retrieved from /opt/airflow/dags/pipeline_label_studio.py
[2025-11-18T23:25:44.009+0000] {logging_mixin.py:188} INFO - [2025-11-18T23:25:44.009+0000] {dag.py:3089} INFO - Sync 1 DAGs
[2025-11-18T23:25:44.017+0000] {logging_mixin.py:188} INFO - [2025-11-18T23:25:44.017+0000] {dag.py:3947} INFO - Setting next_dagrun for etl_label_studio to 2025-11-18 03:00:00+00:00, run_after=2025-11-19 03:00:00+00:00
[2025-11-18T23:25:44.024+0000] {processor.py:183} INFO - Processing /opt/airflow/dags/pipeline_label_studio.py took 0.034 seconds
[2025-11-18T23:26:14.393+0000] {processor.py:161} INFO - Started process (PID=10256) to work on /opt/airflow/dags/pipeline_label_studio.py
[2025-11-18T23:26:14.394+0000] {processor.py:830} INFO - Processing file /opt/airflow/dags/pipeline_label_studio.py for tasks to queue
[2025-11-18T23:26:14.395+0000] {logging_mixin.py:188} INFO - [2025-11-18T23:26:14.395+0000] {dagbag.py:545} INFO - Filling up the DagBag from /opt/airflow/dags/pipeline_label_studio.py
[2025-11-18T23:26:14.400+0000] {processor.py:840} INFO - DAG(s) 'etl_label_studio' retrieved from /opt/airflow/dags/pipeline_label_studio.py
[2025-11-18T23:26:14.418+0000] {logging_mixin.py:188} INFO - [2025-11-18T23:26:14.418+0000] {dag.py:3089} INFO - Sync 1 DAGs
[2025-11-18T23:26:14.427+0000] {logging_mixin.py:188} INFO - [2025-11-18T23:26:14.427+0000] {dag.py:3947} INFO - Setting next_dagrun for etl_label_studio to 2025-11-18 03:00:00+00:00, run_after=2025-11-19 03:00:00+00:00
[2025-11-18T23:26:14.435+0000] {processor.py:183} INFO - Processing /opt/airflow/dags/pipeline_label_studio.py took 0.048 seconds
[2025-11-18T23:26:44.825+0000] {processor.py:161} INFO - Started process (PID=10283) to work on /opt/airflow/dags/pipeline_label_studio.py
[2025-11-18T23:26:44.826+0000] {processor.py:830} INFO - Processing file /opt/airflow/dags/pipeline_label_studio.py for tasks to queue
[2025-11-18T23:26:44.827+0000] {logging_mixin.py:188} INFO - [2025-11-18T23:26:44.827+0000] {dagbag.py:545} INFO - Filling up the DagBag from /opt/airflow/dags/pipeline_label_studio.py
[2025-11-18T23:26:44.832+0000] {processor.py:840} INFO - DAG(s) 'etl_label_studio' retrieved from /opt/airflow/dags/pipeline_label_studio.py
[2025-11-18T23:26:44.843+0000] {logging_mixin.py:188} INFO - [2025-11-18T23:26:44.843+0000] {dag.py:3089} INFO - Sync 1 DAGs
[2025-11-18T23:26:44.853+0000] {logging_mixin.py:188} INFO - [2025-11-18T23:26:44.853+0000] {dag.py:3947} INFO - Setting next_dagrun for etl_label_studio to 2025-11-18 03:00:00+00:00, run_after=2025-11-19 03:00:00+00:00
[2025-11-18T23:26:44.860+0000] {processor.py:183} INFO - Processing /opt/airflow/dags/pipeline_label_studio.py took 0.038 seconds
[2025-11-18T23:27:15.176+0000] {processor.py:161} INFO - Started process (PID=10298) to work on /opt/airflow/dags/pipeline_label_studio.py
[2025-11-18T23:27:15.177+0000] {processor.py:830} INFO - Processing file /opt/airflow/dags/pipeline_label_studio.py for tasks to queue
[2025-11-18T23:27:15.177+0000] {logging_mixin.py:188} INFO - [2025-11-18T23:27:15.177+0000] {dagbag.py:545} INFO - Filling up the DagBag from /opt/airflow/dags/pipeline_label_studio.py
[2025-11-18T23:27:15.183+0000] {processor.py:840} INFO - DAG(s) 'etl_label_studio' retrieved from /opt/airflow/dags/pipeline_label_studio.py
[2025-11-18T23:27:15.196+0000] {logging_mixin.py:188} INFO - [2025-11-18T23:27:15.196+0000] {dag.py:3089} INFO - Sync 1 DAGs
[2025-11-18T23:27:15.206+0000] {logging_mixin.py:188} INFO - [2025-11-18T23:27:15.205+0000] {dag.py:3947} INFO - Setting next_dagrun for etl_label_studio to 2025-11-18 03:00:00+00:00, run_after=2025-11-19 03:00:00+00:00
[2025-11-18T23:27:15.212+0000] {processor.py:183} INFO - Processing /opt/airflow/dags/pipeline_label_studio.py took 0.039 seconds
[2025-11-18T23:27:45.613+0000] {processor.py:161} INFO - Started process (PID=10313) to work on /opt/airflow/dags/pipeline_label_studio.py
[2025-11-18T23:27:45.614+0000] {processor.py:830} INFO - Processing file /opt/airflow/dags/pipeline_label_studio.py for tasks to queue
[2025-11-18T23:27:45.614+0000] {logging_mixin.py:188} INFO - [2025-11-18T23:27:45.614+0000] {dagbag.py:545} INFO - Filling up the DagBag from /opt/airflow/dags/pipeline_label_studio.py
[2025-11-18T23:27:45.619+0000] {processor.py:840} INFO - DAG(s) 'etl_label_studio' retrieved from /opt/airflow/dags/pipeline_label_studio.py
[2025-11-18T23:27:45.632+0000] {logging_mixin.py:188} INFO - [2025-11-18T23:27:45.632+0000] {dag.py:3089} INFO - Sync 1 DAGs
[2025-11-18T23:27:45.642+0000] {logging_mixin.py:188} INFO - [2025-11-18T23:27:45.642+0000] {dag.py:3947} INFO - Setting next_dagrun for etl_label_studio to 2025-11-18 03:00:00+00:00, run_after=2025-11-19 03:00:00+00:00
[2025-11-18T23:27:45.649+0000] {processor.py:183} INFO - Processing /opt/airflow/dags/pipeline_label_studio.py took 0.040 seconds
[2025-11-18T23:28:15.966+0000] {processor.py:161} INFO - Started process (PID=10328) to work on /opt/airflow/dags/pipeline_label_studio.py
[2025-11-18T23:28:15.967+0000] {processor.py:830} INFO - Processing file /opt/airflow/dags/pipeline_label_studio.py for tasks to queue
[2025-11-18T23:28:15.967+0000] {logging_mixin.py:188} INFO - [2025-11-18T23:28:15.967+0000] {dagbag.py:545} INFO - Filling up the DagBag from /opt/airflow/dags/pipeline_label_studio.py
[2025-11-18T23:28:15.972+0000] {processor.py:840} INFO - DAG(s) 'etl_label_studio' retrieved from /opt/airflow/dags/pipeline_label_studio.py
[2025-11-18T23:28:15.984+0000] {logging_mixin.py:188} INFO - [2025-11-18T23:28:15.984+0000] {dag.py:3089} INFO - Sync 1 DAGs
[2025-11-18T23:28:15.993+0000] {logging_mixin.py:188} INFO - [2025-11-18T23:28:15.993+0000] {dag.py:3947} INFO - Setting next_dagrun for etl_label_studio to 2025-11-18 03:00:00+00:00, run_after=2025-11-19 03:00:00+00:00
[2025-11-18T23:28:15.999+0000] {processor.py:183} INFO - Processing /opt/airflow/dags/pipeline_label_studio.py took 0.035 seconds
[2025-11-18T23:28:46.322+0000] {processor.py:161} INFO - Started process (PID=10343) to work on /opt/airflow/dags/pipeline_label_studio.py
[2025-11-18T23:28:46.322+0000] {processor.py:830} INFO - Processing file /opt/airflow/dags/pipeline_label_studio.py for tasks to queue
[2025-11-18T23:28:46.323+0000] {logging_mixin.py:188} INFO - [2025-11-18T23:28:46.323+0000] {dagbag.py:545} INFO - Filling up the DagBag from /opt/airflow/dags/pipeline_label_studio.py
[2025-11-18T23:28:46.328+0000] {processor.py:840} INFO - DAG(s) 'etl_label_studio' retrieved from /opt/airflow/dags/pipeline_label_studio.py
[2025-11-18T23:28:46.349+0000] {logging_mixin.py:188} INFO - [2025-11-18T23:28:46.349+0000] {dag.py:3089} INFO - Sync 1 DAGs
[2025-11-18T23:28:46.372+0000] {logging_mixin.py:188} INFO - [2025-11-18T23:28:46.372+0000] {dag.py:3947} INFO - Setting next_dagrun for etl_label_studio to 2025-11-18 03:00:00+00:00, run_after=2025-11-19 03:00:00+00:00
[2025-11-18T23:28:46.384+0000] {processor.py:183} INFO - Processing /opt/airflow/dags/pipeline_label_studio.py took 0.065 seconds
[2025-11-18T23:29:16.675+0000] {processor.py:161} INFO - Started process (PID=10358) to work on /opt/airflow/dags/pipeline_label_studio.py
[2025-11-18T23:29:16.676+0000] {processor.py:830} INFO - Processing file /opt/airflow/dags/pipeline_label_studio.py for tasks to queue
[2025-11-18T23:29:16.676+0000] {logging_mixin.py:188} INFO - [2025-11-18T23:29:16.676+0000] {dagbag.py:545} INFO - Filling up the DagBag from /opt/airflow/dags/pipeline_label_studio.py
[2025-11-18T23:29:16.681+0000] {processor.py:840} INFO - DAG(s) 'etl_label_studio' retrieved from /opt/airflow/dags/pipeline_label_studio.py
[2025-11-18T23:29:16.692+0000] {logging_mixin.py:188} INFO - [2025-11-18T23:29:16.692+0000] {dag.py:3089} INFO - Sync 1 DAGs
[2025-11-18T23:29:16.700+0000] {logging_mixin.py:188} INFO - [2025-11-18T23:29:16.700+0000] {dag.py:3947} INFO - Setting next_dagrun for etl_label_studio to 2025-11-18 03:00:00+00:00, run_after=2025-11-19 03:00:00+00:00
[2025-11-18T23:29:16.706+0000] {processor.py:183} INFO - Processing /opt/airflow/dags/pipeline_label_studio.py took 0.033 seconds
[2025-11-18T23:29:47.076+0000] {processor.py:161} INFO - Started process (PID=10373) to work on /opt/airflow/dags/pipeline_label_studio.py
[2025-11-18T23:29:47.076+0000] {processor.py:830} INFO - Processing file /opt/airflow/dags/pipeline_label_studio.py for tasks to queue
[2025-11-18T23:29:47.076+0000] {logging_mixin.py:188} INFO - [2025-11-18T23:29:47.076+0000] {dagbag.py:545} INFO - Filling up the DagBag from /opt/airflow/dags/pipeline_label_studio.py
[2025-11-18T23:29:47.081+0000] {processor.py:840} INFO - DAG(s) 'etl_label_studio' retrieved from /opt/airflow/dags/pipeline_label_studio.py
[2025-11-18T23:29:47.092+0000] {logging_mixin.py:188} INFO - [2025-11-18T23:29:47.091+0000] {dag.py:3089} INFO - Sync 1 DAGs
[2025-11-18T23:29:47.100+0000] {logging_mixin.py:188} INFO - [2025-11-18T23:29:47.100+0000] {dag.py:3947} INFO - Setting next_dagrun for etl_label_studio to 2025-11-18 03:00:00+00:00, run_after=2025-11-19 03:00:00+00:00
[2025-11-18T23:29:47.105+0000] {processor.py:183} INFO - Processing /opt/airflow/dags/pipeline_label_studio.py took 0.032 seconds
[2025-11-18T23:30:17.478+0000] {processor.py:161} INFO - Started process (PID=10388) to work on /opt/airflow/dags/pipeline_label_studio.py
[2025-11-18T23:30:17.478+0000] {processor.py:830} INFO - Processing file /opt/airflow/dags/pipeline_label_studio.py for tasks to queue
[2025-11-18T23:30:17.479+0000] {logging_mixin.py:188} INFO - [2025-11-18T23:30:17.479+0000] {dagbag.py:545} INFO - Filling up the DagBag from /opt/airflow/dags/pipeline_label_studio.py
[2025-11-18T23:30:17.483+0000] {processor.py:840} INFO - DAG(s) 'etl_label_studio' retrieved from /opt/airflow/dags/pipeline_label_studio.py
[2025-11-18T23:30:17.494+0000] {logging_mixin.py:188} INFO - [2025-11-18T23:30:17.494+0000] {dag.py:3089} INFO - Sync 1 DAGs
[2025-11-18T23:30:17.502+0000] {logging_mixin.py:188} INFO - [2025-11-18T23:30:17.502+0000] {dag.py:3947} INFO - Setting next_dagrun for etl_label_studio to 2025-11-18 03:00:00+00:00, run_after=2025-11-19 03:00:00+00:00
[2025-11-18T23:30:17.508+0000] {processor.py:183} INFO - Processing /opt/airflow/dags/pipeline_label_studio.py took 0.033 seconds
[2025-11-18T23:30:47.859+0000] {processor.py:161} INFO - Started process (PID=10403) to work on /opt/airflow/dags/pipeline_label_studio.py
[2025-11-18T23:30:47.859+0000] {processor.py:830} INFO - Processing file /opt/airflow/dags/pipeline_label_studio.py for tasks to queue
[2025-11-18T23:30:47.860+0000] {logging_mixin.py:188} INFO - [2025-11-18T23:30:47.860+0000] {dagbag.py:545} INFO - Filling up the DagBag from /opt/airflow/dags/pipeline_label_studio.py
[2025-11-18T23:30:47.864+0000] {processor.py:840} INFO - DAG(s) 'etl_label_studio' retrieved from /opt/airflow/dags/pipeline_label_studio.py
[2025-11-18T23:30:47.877+0000] {logging_mixin.py:188} INFO - [2025-11-18T23:30:47.876+0000] {dag.py:3089} INFO - Sync 1 DAGs
[2025-11-18T23:30:47.884+0000] {logging_mixin.py:188} INFO - [2025-11-18T23:30:47.884+0000] {dag.py:3947} INFO - Setting next_dagrun for etl_label_studio to 2025-11-18 03:00:00+00:00, run_after=2025-11-19 03:00:00+00:00
[2025-11-18T23:30:47.890+0000] {processor.py:183} INFO - Processing /opt/airflow/dags/pipeline_label_studio.py took 0.033 seconds
[2025-11-18T23:31:18.200+0000] {processor.py:161} INFO - Started process (PID=10418) to work on /opt/airflow/dags/pipeline_label_studio.py
[2025-11-18T23:31:18.201+0000] {processor.py:830} INFO - Processing file /opt/airflow/dags/pipeline_label_studio.py for tasks to queue
[2025-11-18T23:31:18.201+0000] {logging_mixin.py:188} INFO - [2025-11-18T23:31:18.201+0000] {dagbag.py:545} INFO - Filling up the DagBag from /opt/airflow/dags/pipeline_label_studio.py
[2025-11-18T23:31:18.206+0000] {processor.py:840} INFO - DAG(s) 'etl_label_studio' retrieved from /opt/airflow/dags/pipeline_label_studio.py
[2025-11-18T23:31:18.219+0000] {logging_mixin.py:188} INFO - [2025-11-18T23:31:18.219+0000] {dag.py:3089} INFO - Sync 1 DAGs
[2025-11-18T23:31:18.227+0000] {logging_mixin.py:188} INFO - [2025-11-18T23:31:18.226+0000] {dag.py:3947} INFO - Setting next_dagrun for etl_label_studio to 2025-11-18 03:00:00+00:00, run_after=2025-11-19 03:00:00+00:00
[2025-11-18T23:31:18.232+0000] {processor.py:183} INFO - Processing /opt/airflow/dags/pipeline_label_studio.py took 0.034 seconds
[2025-11-18T23:31:48.560+0000] {processor.py:161} INFO - Started process (PID=10433) to work on /opt/airflow/dags/pipeline_label_studio.py
[2025-11-18T23:31:48.561+0000] {processor.py:830} INFO - Processing file /opt/airflow/dags/pipeline_label_studio.py for tasks to queue
[2025-11-18T23:31:48.561+0000] {logging_mixin.py:188} INFO - [2025-11-18T23:31:48.561+0000] {dagbag.py:545} INFO - Filling up the DagBag from /opt/airflow/dags/pipeline_label_studio.py
[2025-11-18T23:31:48.566+0000] {processor.py:840} INFO - DAG(s) 'etl_label_studio' retrieved from /opt/airflow/dags/pipeline_label_studio.py
[2025-11-18T23:31:48.578+0000] {logging_mixin.py:188} INFO - [2025-11-18T23:31:48.577+0000] {dag.py:3089} INFO - Sync 1 DAGs
[2025-11-18T23:31:48.585+0000] {logging_mixin.py:188} INFO - [2025-11-18T23:31:48.585+0000] {dag.py:3947} INFO - Setting next_dagrun for etl_label_studio to 2025-11-18 03:00:00+00:00, run_after=2025-11-19 03:00:00+00:00
[2025-11-18T23:31:48.591+0000] {processor.py:183} INFO - Processing /opt/airflow/dags/pipeline_label_studio.py took 0.033 seconds
[2025-11-18T23:32:18.889+0000] {processor.py:161} INFO - Started process (PID=10448) to work on /opt/airflow/dags/pipeline_label_studio.py
[2025-11-18T23:32:18.890+0000] {processor.py:830} INFO - Processing file /opt/airflow/dags/pipeline_label_studio.py for tasks to queue
[2025-11-18T23:32:18.891+0000] {logging_mixin.py:188} INFO - [2025-11-18T23:32:18.890+0000] {dagbag.py:545} INFO - Filling up the DagBag from /opt/airflow/dags/pipeline_label_studio.py
[2025-11-18T23:32:18.895+0000] {processor.py:840} INFO - DAG(s) 'etl_label_studio' retrieved from /opt/airflow/dags/pipeline_label_studio.py
[2025-11-18T23:32:18.907+0000] {logging_mixin.py:188} INFO - [2025-11-18T23:32:18.907+0000] {dag.py:3089} INFO - Sync 1 DAGs
[2025-11-18T23:32:18.915+0000] {logging_mixin.py:188} INFO - [2025-11-18T23:32:18.915+0000] {dag.py:3947} INFO - Setting next_dagrun for etl_label_studio to 2025-11-18 03:00:00+00:00, run_after=2025-11-19 03:00:00+00:00
[2025-11-18T23:32:18.921+0000] {processor.py:183} INFO - Processing /opt/airflow/dags/pipeline_label_studio.py took 0.034 seconds
[2025-11-18T23:32:49.226+0000] {processor.py:161} INFO - Started process (PID=10463) to work on /opt/airflow/dags/pipeline_label_studio.py
[2025-11-18T23:32:49.226+0000] {processor.py:830} INFO - Processing file /opt/airflow/dags/pipeline_label_studio.py for tasks to queue
[2025-11-18T23:32:49.227+0000] {logging_mixin.py:188} INFO - [2025-11-18T23:32:49.227+0000] {dagbag.py:545} INFO - Filling up the DagBag from /opt/airflow/dags/pipeline_label_studio.py
[2025-11-18T23:32:49.231+0000] {processor.py:840} INFO - DAG(s) 'etl_label_studio' retrieved from /opt/airflow/dags/pipeline_label_studio.py
[2025-11-18T23:32:49.242+0000] {logging_mixin.py:188} INFO - [2025-11-18T23:32:49.241+0000] {dag.py:3089} INFO - Sync 1 DAGs
[2025-11-18T23:32:49.250+0000] {logging_mixin.py:188} INFO - [2025-11-18T23:32:49.250+0000] {dag.py:3947} INFO - Setting next_dagrun for etl_label_studio to 2025-11-18 03:00:00+00:00, run_after=2025-11-19 03:00:00+00:00
[2025-11-18T23:32:49.256+0000] {processor.py:183} INFO - Processing /opt/airflow/dags/pipeline_label_studio.py took 0.031 seconds
[2025-11-18T23:33:19.602+0000] {processor.py:161} INFO - Started process (PID=10478) to work on /opt/airflow/dags/pipeline_label_studio.py
[2025-11-18T23:33:19.602+0000] {processor.py:830} INFO - Processing file /opt/airflow/dags/pipeline_label_studio.py for tasks to queue
[2025-11-18T23:33:19.603+0000] {logging_mixin.py:188} INFO - [2025-11-18T23:33:19.603+0000] {dagbag.py:545} INFO - Filling up the DagBag from /opt/airflow/dags/pipeline_label_studio.py
[2025-11-18T23:33:19.608+0000] {processor.py:840} INFO - DAG(s) 'etl_label_studio' retrieved from /opt/airflow/dags/pipeline_label_studio.py
[2025-11-18T23:33:19.618+0000] {logging_mixin.py:188} INFO - [2025-11-18T23:33:19.618+0000] {dag.py:3089} INFO - Sync 1 DAGs
[2025-11-18T23:33:19.626+0000] {logging_mixin.py:188} INFO - [2025-11-18T23:33:19.626+0000] {dag.py:3947} INFO - Setting next_dagrun for etl_label_studio to 2025-11-18 03:00:00+00:00, run_after=2025-11-19 03:00:00+00:00
[2025-11-18T23:33:19.632+0000] {processor.py:183} INFO - Processing /opt/airflow/dags/pipeline_label_studio.py took 0.032 seconds
[2025-11-18T23:33:49.946+0000] {processor.py:161} INFO - Started process (PID=10493) to work on /opt/airflow/dags/pipeline_label_studio.py
[2025-11-18T23:33:49.946+0000] {processor.py:830} INFO - Processing file /opt/airflow/dags/pipeline_label_studio.py for tasks to queue
[2025-11-18T23:33:49.947+0000] {logging_mixin.py:188} INFO - [2025-11-18T23:33:49.947+0000] {dagbag.py:545} INFO - Filling up the DagBag from /opt/airflow/dags/pipeline_label_studio.py
[2025-11-18T23:33:49.951+0000] {processor.py:840} INFO - DAG(s) 'etl_label_studio' retrieved from /opt/airflow/dags/pipeline_label_studio.py
[2025-11-18T23:33:49.961+0000] {logging_mixin.py:188} INFO - [2025-11-18T23:33:49.961+0000] {dag.py:3089} INFO - Sync 1 DAGs
[2025-11-18T23:33:49.969+0000] {logging_mixin.py:188} INFO - [2025-11-18T23:33:49.969+0000] {dag.py:3947} INFO - Setting next_dagrun for etl_label_studio to 2025-11-18 03:00:00+00:00, run_after=2025-11-19 03:00:00+00:00
[2025-11-18T23:33:49.975+0000] {processor.py:183} INFO - Processing /opt/airflow/dags/pipeline_label_studio.py took 0.031 seconds
[2025-11-18T23:34:20.278+0000] {processor.py:161} INFO - Started process (PID=10508) to work on /opt/airflow/dags/pipeline_label_studio.py
[2025-11-18T23:34:20.278+0000] {processor.py:830} INFO - Processing file /opt/airflow/dags/pipeline_label_studio.py for tasks to queue
[2025-11-18T23:34:20.279+0000] {logging_mixin.py:188} INFO - [2025-11-18T23:34:20.279+0000] {dagbag.py:545} INFO - Filling up the DagBag from /opt/airflow/dags/pipeline_label_studio.py
[2025-11-18T23:34:20.283+0000] {processor.py:840} INFO - DAG(s) 'etl_label_studio' retrieved from /opt/airflow/dags/pipeline_label_studio.py
[2025-11-18T23:34:20.294+0000] {logging_mixin.py:188} INFO - [2025-11-18T23:34:20.294+0000] {dag.py:3089} INFO - Sync 1 DAGs
[2025-11-18T23:34:20.302+0000] {logging_mixin.py:188} INFO - [2025-11-18T23:34:20.302+0000] {dag.py:3947} INFO - Setting next_dagrun for etl_label_studio to 2025-11-18 03:00:00+00:00, run_after=2025-11-19 03:00:00+00:00
[2025-11-18T23:34:20.308+0000] {processor.py:183} INFO - Processing /opt/airflow/dags/pipeline_label_studio.py took 0.033 seconds
[2025-11-18T23:34:50.636+0000] {processor.py:161} INFO - Started process (PID=10523) to work on /opt/airflow/dags/pipeline_label_studio.py
[2025-11-18T23:34:50.636+0000] {processor.py:830} INFO - Processing file /opt/airflow/dags/pipeline_label_studio.py for tasks to queue
[2025-11-18T23:34:50.637+0000] {logging_mixin.py:188} INFO - [2025-11-18T23:34:50.637+0000] {dagbag.py:545} INFO - Filling up the DagBag from /opt/airflow/dags/pipeline_label_studio.py
[2025-11-18T23:34:50.642+0000] {processor.py:840} INFO - DAG(s) 'etl_label_studio' retrieved from /opt/airflow/dags/pipeline_label_studio.py
[2025-11-18T23:34:50.648+0000] {logging_mixin.py:188} INFO - [2025-11-18T23:34:50.647+0000] {dag.py:3089} INFO - Sync 1 DAGs
[2025-11-18T23:34:50.656+0000] {logging_mixin.py:188} INFO - [2025-11-18T23:34:50.656+0000] {dag.py:3947} INFO - Setting next_dagrun for etl_label_studio to 2025-11-18 03:00:00+00:00, run_after=2025-11-19 03:00:00+00:00
[2025-11-18T23:34:50.662+0000] {processor.py:183} INFO - Processing /opt/airflow/dags/pipeline_label_studio.py took 0.029 seconds
[2025-11-18T23:35:21.091+0000] {processor.py:161} INFO - Started process (PID=10563) to work on /opt/airflow/dags/pipeline_label_studio.py
[2025-11-18T23:35:21.092+0000] {processor.py:830} INFO - Processing file /opt/airflow/dags/pipeline_label_studio.py for tasks to queue
[2025-11-18T23:35:21.093+0000] {logging_mixin.py:188} INFO - [2025-11-18T23:35:21.093+0000] {dagbag.py:545} INFO - Filling up the DagBag from /opt/airflow/dags/pipeline_label_studio.py
[2025-11-18T23:35:21.097+0000] {processor.py:840} INFO - DAG(s) 'etl_label_studio' retrieved from /opt/airflow/dags/pipeline_label_studio.py
[2025-11-18T23:35:21.135+0000] {logging_mixin.py:188} INFO - [2025-11-18T23:35:21.135+0000] {dag.py:3089} INFO - Sync 1 DAGs
[2025-11-18T23:35:21.142+0000] {logging_mixin.py:188} INFO - [2025-11-18T23:35:21.142+0000] {dag.py:3947} INFO - Setting next_dagrun for etl_label_studio to 2025-11-18 03:00:00+00:00, run_after=2025-11-19 03:00:00+00:00
[2025-11-18T23:35:21.148+0000] {processor.py:183} INFO - Processing /opt/airflow/dags/pipeline_label_studio.py took 0.059 seconds
[2025-11-18T23:35:51.509+0000] {processor.py:161} INFO - Started process (PID=10590) to work on /opt/airflow/dags/pipeline_label_studio.py
[2025-11-18T23:35:51.510+0000] {processor.py:830} INFO - Processing file /opt/airflow/dags/pipeline_label_studio.py for tasks to queue
[2025-11-18T23:35:51.511+0000] {logging_mixin.py:188} INFO - [2025-11-18T23:35:51.510+0000] {dagbag.py:545} INFO - Filling up the DagBag from /opt/airflow/dags/pipeline_label_studio.py
[2025-11-18T23:35:51.516+0000] {processor.py:840} INFO - DAG(s) 'etl_label_studio' retrieved from /opt/airflow/dags/pipeline_label_studio.py
[2025-11-18T23:35:51.527+0000] {logging_mixin.py:188} INFO - [2025-11-18T23:35:51.527+0000] {dag.py:3089} INFO - Sync 1 DAGs
[2025-11-18T23:35:51.536+0000] {logging_mixin.py:188} INFO - [2025-11-18T23:35:51.536+0000] {dag.py:3947} INFO - Setting next_dagrun for etl_label_studio to 2025-11-18 03:00:00+00:00, run_after=2025-11-19 03:00:00+00:00
[2025-11-18T23:35:51.543+0000] {processor.py:183} INFO - Processing /opt/airflow/dags/pipeline_label_studio.py took 0.036 seconds
[2025-11-18T23:36:21.828+0000] {processor.py:161} INFO - Started process (PID=10605) to work on /opt/airflow/dags/pipeline_label_studio.py
[2025-11-18T23:36:21.828+0000] {processor.py:830} INFO - Processing file /opt/airflow/dags/pipeline_label_studio.py for tasks to queue
[2025-11-18T23:36:21.829+0000] {logging_mixin.py:188} INFO - [2025-11-18T23:36:21.829+0000] {dagbag.py:545} INFO - Filling up the DagBag from /opt/airflow/dags/pipeline_label_studio.py
[2025-11-18T23:36:21.834+0000] {processor.py:840} INFO - DAG(s) 'etl_label_studio' retrieved from /opt/airflow/dags/pipeline_label_studio.py
[2025-11-18T23:36:21.849+0000] {logging_mixin.py:188} INFO - [2025-11-18T23:36:21.849+0000] {dag.py:3089} INFO - Sync 1 DAGs
[2025-11-18T23:36:21.858+0000] {logging_mixin.py:188} INFO - [2025-11-18T23:36:21.858+0000] {dag.py:3947} INFO - Setting next_dagrun for etl_label_studio to 2025-11-18 03:00:00+00:00, run_after=2025-11-19 03:00:00+00:00
[2025-11-18T23:36:21.864+0000] {processor.py:183} INFO - Processing /opt/airflow/dags/pipeline_label_studio.py took 0.039 seconds
[2025-11-18T23:36:52.140+0000] {processor.py:161} INFO - Started process (PID=10620) to work on /opt/airflow/dags/pipeline_label_studio.py
[2025-11-18T23:36:52.140+0000] {processor.py:830} INFO - Processing file /opt/airflow/dags/pipeline_label_studio.py for tasks to queue
[2025-11-18T23:36:52.141+0000] {logging_mixin.py:188} INFO - [2025-11-18T23:36:52.141+0000] {dagbag.py:545} INFO - Filling up the DagBag from /opt/airflow/dags/pipeline_label_studio.py
[2025-11-18T23:36:52.145+0000] {processor.py:840} INFO - DAG(s) 'etl_label_studio' retrieved from /opt/airflow/dags/pipeline_label_studio.py
[2025-11-18T23:36:52.156+0000] {logging_mixin.py:188} INFO - [2025-11-18T23:36:52.156+0000] {dag.py:3089} INFO - Sync 1 DAGs
[2025-11-18T23:36:52.163+0000] {logging_mixin.py:188} INFO - [2025-11-18T23:36:52.163+0000] {dag.py:3947} INFO - Setting next_dagrun for etl_label_studio to 2025-11-18 03:00:00+00:00, run_after=2025-11-19 03:00:00+00:00
[2025-11-18T23:36:52.169+0000] {processor.py:183} INFO - Processing /opt/airflow/dags/pipeline_label_studio.py took 0.031 seconds
[2025-11-18T23:37:22.454+0000] {processor.py:161} INFO - Started process (PID=10635) to work on /opt/airflow/dags/pipeline_label_studio.py
[2025-11-18T23:37:22.455+0000] {processor.py:830} INFO - Processing file /opt/airflow/dags/pipeline_label_studio.py for tasks to queue
[2025-11-18T23:37:22.455+0000] {logging_mixin.py:188} INFO - [2025-11-18T23:37:22.455+0000] {dagbag.py:545} INFO - Filling up the DagBag from /opt/airflow/dags/pipeline_label_studio.py
[2025-11-18T23:37:22.460+0000] {processor.py:840} INFO - DAG(s) 'etl_label_studio' retrieved from /opt/airflow/dags/pipeline_label_studio.py
[2025-11-18T23:37:22.474+0000] {logging_mixin.py:188} INFO - [2025-11-18T23:37:22.474+0000] {dag.py:3089} INFO - Sync 1 DAGs
[2025-11-18T23:37:22.483+0000] {logging_mixin.py:188} INFO - [2025-11-18T23:37:22.483+0000] {dag.py:3947} INFO - Setting next_dagrun for etl_label_studio to 2025-11-18 03:00:00+00:00, run_after=2025-11-19 03:00:00+00:00
[2025-11-18T23:37:22.489+0000] {processor.py:183} INFO - Processing /opt/airflow/dags/pipeline_label_studio.py took 0.037 seconds
[2025-11-18T23:37:52.912+0000] {processor.py:161} INFO - Started process (PID=10650) to work on /opt/airflow/dags/pipeline_label_studio.py
[2025-11-18T23:37:52.912+0000] {processor.py:830} INFO - Processing file /opt/airflow/dags/pipeline_label_studio.py for tasks to queue
[2025-11-18T23:37:52.913+0000] {logging_mixin.py:188} INFO - [2025-11-18T23:37:52.913+0000] {dagbag.py:545} INFO - Filling up the DagBag from /opt/airflow/dags/pipeline_label_studio.py
[2025-11-18T23:37:52.918+0000] {processor.py:840} INFO - DAG(s) 'etl_label_studio' retrieved from /opt/airflow/dags/pipeline_label_studio.py
[2025-11-18T23:37:52.931+0000] {logging_mixin.py:188} INFO - [2025-11-18T23:37:52.931+0000] {dag.py:3089} INFO - Sync 1 DAGs
[2025-11-18T23:37:52.939+0000] {logging_mixin.py:188} INFO - [2025-11-18T23:37:52.939+0000] {dag.py:3947} INFO - Setting next_dagrun for etl_label_studio to 2025-11-18 03:00:00+00:00, run_after=2025-11-19 03:00:00+00:00
[2025-11-18T23:37:52.945+0000] {processor.py:183} INFO - Processing /opt/airflow/dags/pipeline_label_studio.py took 0.036 seconds
[2025-11-18T23:43:49.002+0000] {processor.py:161} INFO - Started process (PID=10668) to work on /opt/airflow/dags/pipeline_label_studio.py
[2025-11-18T23:43:49.003+0000] {processor.py:830} INFO - Processing file /opt/airflow/dags/pipeline_label_studio.py for tasks to queue
[2025-11-18T23:43:49.005+0000] {logging_mixin.py:188} INFO - [2025-11-18T23:43:49.004+0000] {dagbag.py:545} INFO - Filling up the DagBag from /opt/airflow/dags/pipeline_label_studio.py
[2025-11-18T23:43:49.015+0000] {processor.py:840} INFO - DAG(s) 'etl_label_studio' retrieved from /opt/airflow/dags/pipeline_label_studio.py
[2025-11-18T23:43:49.053+0000] {logging_mixin.py:188} INFO - [2025-11-18T23:43:49.053+0000] {dag.py:3089} INFO - Sync 1 DAGs
[2025-11-18T23:43:49.079+0000] {logging_mixin.py:188} INFO - [2025-11-18T23:43:49.079+0000] {dag.py:3947} INFO - Setting next_dagrun for etl_label_studio to 2025-11-18 03:00:00+00:00, run_after=2025-11-19 03:00:00+00:00
[2025-11-18T23:43:49.093+0000] {processor.py:183} INFO - Processing /opt/airflow/dags/pipeline_label_studio.py took 0.096 seconds
[2025-11-18T23:44:19.424+0000] {processor.py:161} INFO - Started process (PID=10692) to work on /opt/airflow/dags/pipeline_label_studio.py
[2025-11-18T23:44:19.425+0000] {processor.py:830} INFO - Processing file /opt/airflow/dags/pipeline_label_studio.py for tasks to queue
[2025-11-18T23:44:19.425+0000] {logging_mixin.py:188} INFO - [2025-11-18T23:44:19.425+0000] {dagbag.py:545} INFO - Filling up the DagBag from /opt/airflow/dags/pipeline_label_studio.py
[2025-11-18T23:44:19.432+0000] {processor.py:840} INFO - DAG(s) 'etl_label_studio' retrieved from /opt/airflow/dags/pipeline_label_studio.py
[2025-11-18T23:44:19.448+0000] {logging_mixin.py:188} INFO - [2025-11-18T23:44:19.448+0000] {dag.py:3089} INFO - Sync 1 DAGs
[2025-11-18T23:44:19.466+0000] {logging_mixin.py:188} INFO - [2025-11-18T23:44:19.466+0000] {dag.py:3947} INFO - Setting next_dagrun for etl_label_studio to 2025-11-18 03:00:00+00:00, run_after=2025-11-19 03:00:00+00:00
[2025-11-18T23:44:19.480+0000] {processor.py:183} INFO - Processing /opt/airflow/dags/pipeline_label_studio.py took 0.058 seconds
[2025-11-18T23:57:17.433+0000] {processor.py:161} INFO - Started process (PID=10707) to work on /opt/airflow/dags/pipeline_label_studio.py
[2025-11-18T23:57:17.434+0000] {processor.py:830} INFO - Processing file /opt/airflow/dags/pipeline_label_studio.py for tasks to queue
[2025-11-18T23:57:17.435+0000] {logging_mixin.py:188} INFO - [2025-11-18T23:57:17.435+0000] {dagbag.py:545} INFO - Filling up the DagBag from /opt/airflow/dags/pipeline_label_studio.py
[2025-11-18T23:57:17.440+0000] {processor.py:840} INFO - DAG(s) 'etl_label_studio' retrieved from /opt/airflow/dags/pipeline_label_studio.py
[2025-11-18T23:57:17.454+0000] {logging_mixin.py:188} INFO - [2025-11-18T23:57:17.454+0000] {dag.py:3089} INFO - Sync 1 DAGs
[2025-11-18T23:57:17.465+0000] {logging_mixin.py:188} INFO - [2025-11-18T23:57:17.465+0000] {dag.py:3947} INFO - Setting next_dagrun for etl_label_studio to 2025-11-18 03:00:00+00:00, run_after=2025-11-19 03:00:00+00:00
[2025-11-18T23:57:17.472+0000] {processor.py:183} INFO - Processing /opt/airflow/dags/pipeline_label_studio.py took 0.042 seconds
[2025-11-18T23:57:47.801+0000] {processor.py:161} INFO - Started process (PID=10722) to work on /opt/airflow/dags/pipeline_label_studio.py
[2025-11-18T23:57:47.801+0000] {processor.py:830} INFO - Processing file /opt/airflow/dags/pipeline_label_studio.py for tasks to queue
[2025-11-18T23:57:47.802+0000] {logging_mixin.py:188} INFO - [2025-11-18T23:57:47.802+0000] {dagbag.py:545} INFO - Filling up the DagBag from /opt/airflow/dags/pipeline_label_studio.py
[2025-11-18T23:57:47.807+0000] {processor.py:840} INFO - DAG(s) 'etl_label_studio' retrieved from /opt/airflow/dags/pipeline_label_studio.py
[2025-11-18T23:57:47.822+0000] {logging_mixin.py:188} INFO - [2025-11-18T23:57:47.822+0000] {dag.py:3089} INFO - Sync 1 DAGs
[2025-11-18T23:57:47.839+0000] {logging_mixin.py:188} INFO - [2025-11-18T23:57:47.839+0000] {dag.py:3947} INFO - Setting next_dagrun for etl_label_studio to 2025-11-18 03:00:00+00:00, run_after=2025-11-19 03:00:00+00:00
[2025-11-18T23:57:47.855+0000] {processor.py:183} INFO - Processing /opt/airflow/dags/pipeline_label_studio.py took 0.057 seconds
[2025-11-18T23:58:18.143+0000] {processor.py:161} INFO - Started process (PID=10735) to work on /opt/airflow/dags/pipeline_label_studio.py
[2025-11-18T23:58:18.144+0000] {processor.py:830} INFO - Processing file /opt/airflow/dags/pipeline_label_studio.py for tasks to queue
[2025-11-18T23:58:18.144+0000] {logging_mixin.py:188} INFO - [2025-11-18T23:58:18.144+0000] {dagbag.py:545} INFO - Filling up the DagBag from /opt/airflow/dags/pipeline_label_studio.py
[2025-11-18T23:58:18.148+0000] {processor.py:840} INFO - DAG(s) 'etl_label_studio' retrieved from /opt/airflow/dags/pipeline_label_studio.py
[2025-11-18T23:58:18.159+0000] {logging_mixin.py:188} INFO - [2025-11-18T23:58:18.159+0000] {dag.py:3089} INFO - Sync 1 DAGs
[2025-11-18T23:58:18.167+0000] {logging_mixin.py:188} INFO - [2025-11-18T23:58:18.167+0000] {dag.py:3947} INFO - Setting next_dagrun for etl_label_studio to 2025-11-18 03:00:00+00:00, run_after=2025-11-19 03:00:00+00:00
[2025-11-18T23:58:18.173+0000] {processor.py:183} INFO - Processing /opt/airflow/dags/pipeline_label_studio.py took 0.033 seconds
[2025-11-18T23:58:48.437+0000] {processor.py:161} INFO - Started process (PID=10752) to work on /opt/airflow/dags/pipeline_label_studio.py
[2025-11-18T23:58:48.438+0000] {processor.py:830} INFO - Processing file /opt/airflow/dags/pipeline_label_studio.py for tasks to queue
[2025-11-18T23:58:48.438+0000] {logging_mixin.py:188} INFO - [2025-11-18T23:58:48.438+0000] {dagbag.py:545} INFO - Filling up the DagBag from /opt/airflow/dags/pipeline_label_studio.py
[2025-11-18T23:58:48.443+0000] {processor.py:840} INFO - DAG(s) 'etl_label_studio' retrieved from /opt/airflow/dags/pipeline_label_studio.py
[2025-11-18T23:58:48.454+0000] {logging_mixin.py:188} INFO - [2025-11-18T23:58:48.454+0000] {dag.py:3089} INFO - Sync 1 DAGs
[2025-11-18T23:58:48.464+0000] {logging_mixin.py:188} INFO - [2025-11-18T23:58:48.463+0000] {dag.py:3947} INFO - Setting next_dagrun for etl_label_studio to 2025-11-18 03:00:00+00:00, run_after=2025-11-19 03:00:00+00:00
[2025-11-18T23:58:48.470+0000] {processor.py:183} INFO - Processing /opt/airflow/dags/pipeline_label_studio.py took 0.035 seconds
[2025-11-18T23:59:18.756+0000] {processor.py:161} INFO - Started process (PID=10767) to work on /opt/airflow/dags/pipeline_label_studio.py
[2025-11-18T23:59:18.756+0000] {processor.py:830} INFO - Processing file /opt/airflow/dags/pipeline_label_studio.py for tasks to queue
[2025-11-18T23:59:18.757+0000] {logging_mixin.py:188} INFO - [2025-11-18T23:59:18.757+0000] {dagbag.py:545} INFO - Filling up the DagBag from /opt/airflow/dags/pipeline_label_studio.py
[2025-11-18T23:59:18.763+0000] {processor.py:840} INFO - DAG(s) 'etl_label_studio' retrieved from /opt/airflow/dags/pipeline_label_studio.py
[2025-11-18T23:59:18.776+0000] {logging_mixin.py:188} INFO - [2025-11-18T23:59:18.776+0000] {dag.py:3089} INFO - Sync 1 DAGs
[2025-11-18T23:59:18.786+0000] {logging_mixin.py:188} INFO - [2025-11-18T23:59:18.785+0000] {dag.py:3947} INFO - Setting next_dagrun for etl_label_studio to 2025-11-18 03:00:00+00:00, run_after=2025-11-19 03:00:00+00:00
[2025-11-18T23:59:18.793+0000] {processor.py:183} INFO - Processing /opt/airflow/dags/pipeline_label_studio.py took 0.049 seconds
[2025-11-18T23:59:49.087+0000] {processor.py:161} INFO - Started process (PID=10780) to work on /opt/airflow/dags/pipeline_label_studio.py
[2025-11-18T23:59:49.087+0000] {processor.py:830} INFO - Processing file /opt/airflow/dags/pipeline_label_studio.py for tasks to queue
[2025-11-18T23:59:49.088+0000] {logging_mixin.py:188} INFO - [2025-11-18T23:59:49.088+0000] {dagbag.py:545} INFO - Filling up the DagBag from /opt/airflow/dags/pipeline_label_studio.py
[2025-11-18T23:59:49.092+0000] {processor.py:840} INFO - DAG(s) 'etl_label_studio' retrieved from /opt/airflow/dags/pipeline_label_studio.py
[2025-11-18T23:59:49.101+0000] {logging_mixin.py:188} INFO - [2025-11-18T23:59:49.101+0000] {dag.py:3089} INFO - Sync 1 DAGs
[2025-11-18T23:59:49.109+0000] {logging_mixin.py:188} INFO - [2025-11-18T23:59:49.109+0000] {dag.py:3947} INFO - Setting next_dagrun for etl_label_studio to 2025-11-18 03:00:00+00:00, run_after=2025-11-19 03:00:00+00:00
[2025-11-18T23:59:49.115+0000] {processor.py:183} INFO - Processing /opt/airflow/dags/pipeline_label_studio.py took 0.030 seconds
