[2025-11-19T00:00:19.333+0000] {processor.py:161} INFO - Started process (PID=10787) to work on /opt/airflow/dags/pipeline_strava_user.py
[2025-11-19T00:00:19.334+0000] {processor.py:830} INFO - Processing file /opt/airflow/dags/pipeline_strava_user.py for tasks to queue
[2025-11-19T00:00:19.336+0000] {logging_mixin.py:188} INFO - [2025-11-19T00:00:19.336+0000] {dagbag.py:545} INFO - Filling up the DagBag from /opt/airflow/dags/pipeline_strava_user.py
[2025-11-19T00:00:19.347+0000] {processor.py:840} INFO - DAG(s) 'etl_strava_user_profile' retrieved from /opt/airflow/dags/pipeline_strava_user.py
[2025-11-19T00:00:19.375+0000] {logging_mixin.py:188} INFO - [2025-11-19T00:00:19.374+0000] {dag.py:3089} INFO - Sync 1 DAGs
[2025-11-19T00:00:19.401+0000] {logging_mixin.py:188} INFO - [2025-11-19T00:00:19.401+0000] {dag.py:3947} INFO - Setting next_dagrun for etl_strava_user_profile to 2025-11-18 03:00:00+00:00, run_after=2025-11-19 03:00:00+00:00
[2025-11-19T00:00:19.420+0000] {processor.py:183} INFO - Processing /opt/airflow/dags/pipeline_strava_user.py took 0.094 seconds
[2025-11-19T00:00:49.724+0000] {processor.py:161} INFO - Started process (PID=10802) to work on /opt/airflow/dags/pipeline_strava_user.py
[2025-11-19T00:00:49.725+0000] {processor.py:830} INFO - Processing file /opt/airflow/dags/pipeline_strava_user.py for tasks to queue
[2025-11-19T00:00:49.726+0000] {logging_mixin.py:188} INFO - [2025-11-19T00:00:49.726+0000] {dagbag.py:545} INFO - Filling up the DagBag from /opt/airflow/dags/pipeline_strava_user.py
[2025-11-19T00:00:49.738+0000] {processor.py:840} INFO - DAG(s) 'etl_strava_user_profile' retrieved from /opt/airflow/dags/pipeline_strava_user.py
[2025-11-19T00:00:49.765+0000] {logging_mixin.py:188} INFO - [2025-11-19T00:00:49.764+0000] {dag.py:3089} INFO - Sync 1 DAGs
[2025-11-19T00:00:49.777+0000] {logging_mixin.py:188} INFO - [2025-11-19T00:00:49.777+0000] {dag.py:3947} INFO - Setting next_dagrun for etl_strava_user_profile to 2025-11-18 03:00:00+00:00, run_after=2025-11-19 03:00:00+00:00
[2025-11-19T00:00:49.785+0000] {processor.py:183} INFO - Processing /opt/airflow/dags/pipeline_strava_user.py took 0.068 seconds
[2025-11-19T00:01:20.084+0000] {processor.py:161} INFO - Started process (PID=10817) to work on /opt/airflow/dags/pipeline_strava_user.py
[2025-11-19T00:01:20.086+0000] {processor.py:830} INFO - Processing file /opt/airflow/dags/pipeline_strava_user.py for tasks to queue
[2025-11-19T00:01:20.089+0000] {logging_mixin.py:188} INFO - [2025-11-19T00:01:20.088+0000] {dagbag.py:545} INFO - Filling up the DagBag from /opt/airflow/dags/pipeline_strava_user.py
[2025-11-19T00:01:20.104+0000] {processor.py:840} INFO - DAG(s) 'etl_strava_user_profile' retrieved from /opt/airflow/dags/pipeline_strava_user.py
[2025-11-19T00:01:20.131+0000] {logging_mixin.py:188} INFO - [2025-11-19T00:01:20.131+0000] {dag.py:3089} INFO - Sync 1 DAGs
[2025-11-19T00:01:20.145+0000] {logging_mixin.py:188} INFO - [2025-11-19T00:01:20.145+0000] {dag.py:3947} INFO - Setting next_dagrun for etl_strava_user_profile to 2025-11-18 03:00:00+00:00, run_after=2025-11-19 03:00:00+00:00
[2025-11-19T00:01:20.153+0000] {processor.py:183} INFO - Processing /opt/airflow/dags/pipeline_strava_user.py took 0.078 seconds
[2025-11-19T00:01:50.457+0000] {processor.py:161} INFO - Started process (PID=10832) to work on /opt/airflow/dags/pipeline_strava_user.py
[2025-11-19T00:01:50.458+0000] {processor.py:830} INFO - Processing file /opt/airflow/dags/pipeline_strava_user.py for tasks to queue
[2025-11-19T00:01:50.460+0000] {logging_mixin.py:188} INFO - [2025-11-19T00:01:50.460+0000] {dagbag.py:545} INFO - Filling up the DagBag from /opt/airflow/dags/pipeline_strava_user.py
[2025-11-19T00:01:50.471+0000] {processor.py:840} INFO - DAG(s) 'etl_strava_user_profile' retrieved from /opt/airflow/dags/pipeline_strava_user.py
[2025-11-19T00:01:50.493+0000] {logging_mixin.py:188} INFO - [2025-11-19T00:01:50.493+0000] {dag.py:3089} INFO - Sync 1 DAGs
[2025-11-19T00:01:50.507+0000] {logging_mixin.py:188} INFO - [2025-11-19T00:01:50.506+0000] {dag.py:3947} INFO - Setting next_dagrun for etl_strava_user_profile to 2025-11-18 03:00:00+00:00, run_after=2025-11-19 03:00:00+00:00
[2025-11-19T00:01:50.540+0000] {processor.py:183} INFO - Processing /opt/airflow/dags/pipeline_strava_user.py took 0.089 seconds
[2025-11-19T00:02:20.860+0000] {processor.py:161} INFO - Started process (PID=10847) to work on /opt/airflow/dags/pipeline_strava_user.py
[2025-11-19T00:02:20.861+0000] {processor.py:830} INFO - Processing file /opt/airflow/dags/pipeline_strava_user.py for tasks to queue
[2025-11-19T00:02:20.862+0000] {logging_mixin.py:188} INFO - [2025-11-19T00:02:20.862+0000] {dagbag.py:545} INFO - Filling up the DagBag from /opt/airflow/dags/pipeline_strava_user.py
[2025-11-19T00:02:20.872+0000] {processor.py:840} INFO - DAG(s) 'etl_strava_user_profile' retrieved from /opt/airflow/dags/pipeline_strava_user.py
[2025-11-19T00:02:20.894+0000] {logging_mixin.py:188} INFO - [2025-11-19T00:02:20.894+0000] {dag.py:3089} INFO - Sync 1 DAGs
[2025-11-19T00:02:20.909+0000] {logging_mixin.py:188} INFO - [2025-11-19T00:02:20.909+0000] {dag.py:3947} INFO - Setting next_dagrun for etl_strava_user_profile to 2025-11-18 03:00:00+00:00, run_after=2025-11-19 03:00:00+00:00
[2025-11-19T00:02:20.918+0000] {processor.py:183} INFO - Processing /opt/airflow/dags/pipeline_strava_user.py took 0.062 seconds
[2025-11-19T00:02:51.185+0000] {processor.py:161} INFO - Started process (PID=10862) to work on /opt/airflow/dags/pipeline_strava_user.py
[2025-11-19T00:02:51.186+0000] {processor.py:830} INFO - Processing file /opt/airflow/dags/pipeline_strava_user.py for tasks to queue
[2025-11-19T00:02:51.188+0000] {logging_mixin.py:188} INFO - [2025-11-19T00:02:51.187+0000] {dagbag.py:545} INFO - Filling up the DagBag from /opt/airflow/dags/pipeline_strava_user.py
[2025-11-19T00:02:51.199+0000] {processor.py:840} INFO - DAG(s) 'etl_strava_user_profile' retrieved from /opt/airflow/dags/pipeline_strava_user.py
[2025-11-19T00:02:51.220+0000] {logging_mixin.py:188} INFO - [2025-11-19T00:02:51.220+0000] {dag.py:3089} INFO - Sync 1 DAGs
[2025-11-19T00:02:51.233+0000] {logging_mixin.py:188} INFO - [2025-11-19T00:02:51.233+0000] {dag.py:3947} INFO - Setting next_dagrun for etl_strava_user_profile to 2025-11-18 03:00:00+00:00, run_after=2025-11-19 03:00:00+00:00
[2025-11-19T00:02:51.242+0000] {processor.py:183} INFO - Processing /opt/airflow/dags/pipeline_strava_user.py took 0.062 seconds
[2025-11-19T00:03:21.496+0000] {processor.py:161} INFO - Started process (PID=10877) to work on /opt/airflow/dags/pipeline_strava_user.py
[2025-11-19T00:03:21.496+0000] {processor.py:830} INFO - Processing file /opt/airflow/dags/pipeline_strava_user.py for tasks to queue
[2025-11-19T00:03:21.498+0000] {logging_mixin.py:188} INFO - [2025-11-19T00:03:21.497+0000] {dagbag.py:545} INFO - Filling up the DagBag from /opt/airflow/dags/pipeline_strava_user.py
[2025-11-19T00:03:21.510+0000] {processor.py:840} INFO - DAG(s) 'etl_strava_user_profile' retrieved from /opt/airflow/dags/pipeline_strava_user.py
[2025-11-19T00:03:21.556+0000] {logging_mixin.py:188} INFO - [2025-11-19T00:03:21.556+0000] {dag.py:3089} INFO - Sync 1 DAGs
[2025-11-19T00:03:21.574+0000] {logging_mixin.py:188} INFO - [2025-11-19T00:03:21.574+0000] {dag.py:3947} INFO - Setting next_dagrun for etl_strava_user_profile to 2025-11-18 03:00:00+00:00, run_after=2025-11-19 03:00:00+00:00
[2025-11-19T00:03:21.584+0000] {processor.py:183} INFO - Processing /opt/airflow/dags/pipeline_strava_user.py took 0.092 seconds
[2025-11-19T00:03:51.825+0000] {processor.py:161} INFO - Started process (PID=10892) to work on /opt/airflow/dags/pipeline_strava_user.py
[2025-11-19T00:03:51.827+0000] {processor.py:830} INFO - Processing file /opt/airflow/dags/pipeline_strava_user.py for tasks to queue
[2025-11-19T00:03:51.829+0000] {logging_mixin.py:188} INFO - [2025-11-19T00:03:51.828+0000] {dagbag.py:545} INFO - Filling up the DagBag from /opt/airflow/dags/pipeline_strava_user.py
[2025-11-19T00:03:51.850+0000] {processor.py:840} INFO - DAG(s) 'etl_strava_user_profile' retrieved from /opt/airflow/dags/pipeline_strava_user.py
[2025-11-19T00:03:51.886+0000] {logging_mixin.py:188} INFO - [2025-11-19T00:03:51.886+0000] {dag.py:3089} INFO - Sync 1 DAGs
[2025-11-19T00:03:51.903+0000] {logging_mixin.py:188} INFO - [2025-11-19T00:03:51.903+0000] {dag.py:3947} INFO - Setting next_dagrun for etl_strava_user_profile to 2025-11-18 03:00:00+00:00, run_after=2025-11-19 03:00:00+00:00
[2025-11-19T00:03:51.912+0000] {processor.py:183} INFO - Processing /opt/airflow/dags/pipeline_strava_user.py took 0.093 seconds
[2025-11-19T00:04:22.161+0000] {processor.py:161} INFO - Started process (PID=10907) to work on /opt/airflow/dags/pipeline_strava_user.py
[2025-11-19T00:04:22.161+0000] {processor.py:830} INFO - Processing file /opt/airflow/dags/pipeline_strava_user.py for tasks to queue
[2025-11-19T00:04:22.163+0000] {logging_mixin.py:188} INFO - [2025-11-19T00:04:22.163+0000] {dagbag.py:545} INFO - Filling up the DagBag from /opt/airflow/dags/pipeline_strava_user.py
[2025-11-19T00:04:22.174+0000] {processor.py:840} INFO - DAG(s) 'etl_strava_user_profile' retrieved from /opt/airflow/dags/pipeline_strava_user.py
[2025-11-19T00:04:22.194+0000] {logging_mixin.py:188} INFO - [2025-11-19T00:04:22.194+0000] {dag.py:3089} INFO - Sync 1 DAGs
[2025-11-19T00:04:22.207+0000] {logging_mixin.py:188} INFO - [2025-11-19T00:04:22.207+0000] {dag.py:3947} INFO - Setting next_dagrun for etl_strava_user_profile to 2025-11-18 03:00:00+00:00, run_after=2025-11-19 03:00:00+00:00
[2025-11-19T00:04:22.215+0000] {processor.py:183} INFO - Processing /opt/airflow/dags/pipeline_strava_user.py took 0.060 seconds
[2025-11-19T00:04:52.470+0000] {processor.py:161} INFO - Started process (PID=10922) to work on /opt/airflow/dags/pipeline_strava_user.py
[2025-11-19T00:04:52.471+0000] {processor.py:830} INFO - Processing file /opt/airflow/dags/pipeline_strava_user.py for tasks to queue
[2025-11-19T00:04:52.473+0000] {logging_mixin.py:188} INFO - [2025-11-19T00:04:52.473+0000] {dagbag.py:545} INFO - Filling up the DagBag from /opt/airflow/dags/pipeline_strava_user.py
[2025-11-19T00:04:52.486+0000] {processor.py:840} INFO - DAG(s) 'etl_strava_user_profile' retrieved from /opt/airflow/dags/pipeline_strava_user.py
[2025-11-19T00:04:52.504+0000] {logging_mixin.py:188} INFO - [2025-11-19T00:04:52.504+0000] {dag.py:3089} INFO - Sync 1 DAGs
[2025-11-19T00:04:52.515+0000] {logging_mixin.py:188} INFO - [2025-11-19T00:04:52.515+0000] {dag.py:3947} INFO - Setting next_dagrun for etl_strava_user_profile to 2025-11-18 03:00:00+00:00, run_after=2025-11-19 03:00:00+00:00
[2025-11-19T00:04:52.523+0000] {processor.py:183} INFO - Processing /opt/airflow/dags/pipeline_strava_user.py took 0.060 seconds
[2025-11-19T00:05:22.838+0000] {processor.py:161} INFO - Started process (PID=10937) to work on /opt/airflow/dags/pipeline_strava_user.py
[2025-11-19T00:05:22.839+0000] {processor.py:830} INFO - Processing file /opt/airflow/dags/pipeline_strava_user.py for tasks to queue
[2025-11-19T00:05:22.842+0000] {logging_mixin.py:188} INFO - [2025-11-19T00:05:22.842+0000] {dagbag.py:545} INFO - Filling up the DagBag from /opt/airflow/dags/pipeline_strava_user.py
[2025-11-19T00:05:22.869+0000] {processor.py:840} INFO - DAG(s) 'etl_strava_user_profile' retrieved from /opt/airflow/dags/pipeline_strava_user.py
[2025-11-19T00:05:22.898+0000] {logging_mixin.py:188} INFO - [2025-11-19T00:05:22.898+0000] {dag.py:3089} INFO - Sync 1 DAGs
[2025-11-19T00:05:22.916+0000] {logging_mixin.py:188} INFO - [2025-11-19T00:05:22.915+0000] {dag.py:3947} INFO - Setting next_dagrun for etl_strava_user_profile to 2025-11-18 03:00:00+00:00, run_after=2025-11-19 03:00:00+00:00
[2025-11-19T00:05:22.931+0000] {processor.py:183} INFO - Processing /opt/airflow/dags/pipeline_strava_user.py took 0.114 seconds
[2025-11-19T00:05:53.229+0000] {processor.py:161} INFO - Started process (PID=10952) to work on /opt/airflow/dags/pipeline_strava_user.py
[2025-11-19T00:05:53.230+0000] {processor.py:830} INFO - Processing file /opt/airflow/dags/pipeline_strava_user.py for tasks to queue
[2025-11-19T00:05:53.232+0000] {logging_mixin.py:188} INFO - [2025-11-19T00:05:53.232+0000] {dagbag.py:545} INFO - Filling up the DagBag from /opt/airflow/dags/pipeline_strava_user.py
[2025-11-19T00:05:53.256+0000] {processor.py:840} INFO - DAG(s) 'etl_strava_user_profile' retrieved from /opt/airflow/dags/pipeline_strava_user.py
[2025-11-19T00:05:53.295+0000] {logging_mixin.py:188} INFO - [2025-11-19T00:05:53.295+0000] {dag.py:3089} INFO - Sync 1 DAGs
[2025-11-19T00:05:53.312+0000] {logging_mixin.py:188} INFO - [2025-11-19T00:05:53.312+0000] {dag.py:3947} INFO - Setting next_dagrun for etl_strava_user_profile to 2025-11-18 03:00:00+00:00, run_after=2025-11-19 03:00:00+00:00
[2025-11-19T00:05:53.321+0000] {processor.py:183} INFO - Processing /opt/airflow/dags/pipeline_strava_user.py took 0.099 seconds
[2025-11-19T00:06:23.594+0000] {processor.py:161} INFO - Started process (PID=10967) to work on /opt/airflow/dags/pipeline_strava_user.py
[2025-11-19T00:06:23.594+0000] {processor.py:830} INFO - Processing file /opt/airflow/dags/pipeline_strava_user.py for tasks to queue
[2025-11-19T00:06:23.596+0000] {logging_mixin.py:188} INFO - [2025-11-19T00:06:23.596+0000] {dagbag.py:545} INFO - Filling up the DagBag from /opt/airflow/dags/pipeline_strava_user.py
[2025-11-19T00:06:23.611+0000] {processor.py:840} INFO - DAG(s) 'etl_strava_user_profile' retrieved from /opt/airflow/dags/pipeline_strava_user.py
[2025-11-19T00:06:23.633+0000] {logging_mixin.py:188} INFO - [2025-11-19T00:06:23.633+0000] {dag.py:3089} INFO - Sync 1 DAGs
[2025-11-19T00:06:23.646+0000] {logging_mixin.py:188} INFO - [2025-11-19T00:06:23.646+0000] {dag.py:3947} INFO - Setting next_dagrun for etl_strava_user_profile to 2025-11-18 03:00:00+00:00, run_after=2025-11-19 03:00:00+00:00
[2025-11-19T00:06:23.654+0000] {processor.py:183} INFO - Processing /opt/airflow/dags/pipeline_strava_user.py took 0.066 seconds
[2025-11-19T00:06:53.879+0000] {processor.py:161} INFO - Started process (PID=10982) to work on /opt/airflow/dags/pipeline_strava_user.py
[2025-11-19T00:06:53.880+0000] {processor.py:830} INFO - Processing file /opt/airflow/dags/pipeline_strava_user.py for tasks to queue
[2025-11-19T00:06:53.884+0000] {logging_mixin.py:188} INFO - [2025-11-19T00:06:53.883+0000] {dagbag.py:545} INFO - Filling up the DagBag from /opt/airflow/dags/pipeline_strava_user.py
[2025-11-19T00:06:53.895+0000] {processor.py:840} INFO - DAG(s) 'etl_strava_user_profile' retrieved from /opt/airflow/dags/pipeline_strava_user.py
[2025-11-19T00:06:53.914+0000] {logging_mixin.py:188} INFO - [2025-11-19T00:06:53.914+0000] {dag.py:3089} INFO - Sync 1 DAGs
[2025-11-19T00:06:53.926+0000] {logging_mixin.py:188} INFO - [2025-11-19T00:06:53.926+0000] {dag.py:3947} INFO - Setting next_dagrun for etl_strava_user_profile to 2025-11-18 03:00:00+00:00, run_after=2025-11-19 03:00:00+00:00
[2025-11-19T00:06:53.933+0000] {processor.py:183} INFO - Processing /opt/airflow/dags/pipeline_strava_user.py took 0.063 seconds
[2025-11-19T00:07:24.244+0000] {processor.py:161} INFO - Started process (PID=10997) to work on /opt/airflow/dags/pipeline_strava_user.py
[2025-11-19T00:07:24.245+0000] {processor.py:830} INFO - Processing file /opt/airflow/dags/pipeline_strava_user.py for tasks to queue
[2025-11-19T00:07:24.247+0000] {logging_mixin.py:188} INFO - [2025-11-19T00:07:24.246+0000] {dagbag.py:545} INFO - Filling up the DagBag from /opt/airflow/dags/pipeline_strava_user.py
[2025-11-19T00:07:24.257+0000] {processor.py:840} INFO - DAG(s) 'etl_strava_user_profile' retrieved from /opt/airflow/dags/pipeline_strava_user.py
[2025-11-19T00:07:24.279+0000] {logging_mixin.py:188} INFO - [2025-11-19T00:07:24.278+0000] {dag.py:3089} INFO - Sync 1 DAGs
[2025-11-19T00:07:24.292+0000] {logging_mixin.py:188} INFO - [2025-11-19T00:07:24.292+0000] {dag.py:3947} INFO - Setting next_dagrun for etl_strava_user_profile to 2025-11-18 03:00:00+00:00, run_after=2025-11-19 03:00:00+00:00
[2025-11-19T00:07:24.300+0000] {processor.py:183} INFO - Processing /opt/airflow/dags/pipeline_strava_user.py took 0.061 seconds
[2025-11-19T00:07:54.540+0000] {processor.py:161} INFO - Started process (PID=11012) to work on /opt/airflow/dags/pipeline_strava_user.py
[2025-11-19T00:07:54.541+0000] {processor.py:830} INFO - Processing file /opt/airflow/dags/pipeline_strava_user.py for tasks to queue
[2025-11-19T00:07:54.542+0000] {logging_mixin.py:188} INFO - [2025-11-19T00:07:54.542+0000] {dagbag.py:545} INFO - Filling up the DagBag from /opt/airflow/dags/pipeline_strava_user.py
[2025-11-19T00:07:54.554+0000] {processor.py:840} INFO - DAG(s) 'etl_strava_user_profile' retrieved from /opt/airflow/dags/pipeline_strava_user.py
[2025-11-19T00:07:54.572+0000] {logging_mixin.py:188} INFO - [2025-11-19T00:07:54.572+0000] {dag.py:3089} INFO - Sync 1 DAGs
[2025-11-19T00:07:54.584+0000] {logging_mixin.py:188} INFO - [2025-11-19T00:07:54.584+0000] {dag.py:3947} INFO - Setting next_dagrun for etl_strava_user_profile to 2025-11-18 03:00:00+00:00, run_after=2025-11-19 03:00:00+00:00
[2025-11-19T00:07:54.593+0000] {processor.py:183} INFO - Processing /opt/airflow/dags/pipeline_strava_user.py took 0.057 seconds
[2025-11-19T00:08:24.843+0000] {processor.py:161} INFO - Started process (PID=11027) to work on /opt/airflow/dags/pipeline_strava_user.py
[2025-11-19T00:08:24.844+0000] {processor.py:830} INFO - Processing file /opt/airflow/dags/pipeline_strava_user.py for tasks to queue
[2025-11-19T00:08:24.845+0000] {logging_mixin.py:188} INFO - [2025-11-19T00:08:24.845+0000] {dagbag.py:545} INFO - Filling up the DagBag from /opt/airflow/dags/pipeline_strava_user.py
[2025-11-19T00:08:24.853+0000] {processor.py:840} INFO - DAG(s) 'etl_strava_user_profile' retrieved from /opt/airflow/dags/pipeline_strava_user.py
[2025-11-19T00:08:24.874+0000] {logging_mixin.py:188} INFO - [2025-11-19T00:08:24.874+0000] {dag.py:3089} INFO - Sync 1 DAGs
[2025-11-19T00:08:24.889+0000] {logging_mixin.py:188} INFO - [2025-11-19T00:08:24.889+0000] {dag.py:3947} INFO - Setting next_dagrun for etl_strava_user_profile to 2025-11-18 03:00:00+00:00, run_after=2025-11-19 03:00:00+00:00
[2025-11-19T00:08:24.898+0000] {processor.py:183} INFO - Processing /opt/airflow/dags/pipeline_strava_user.py took 0.059 seconds
[2025-11-19T00:08:55.169+0000] {processor.py:161} INFO - Started process (PID=11042) to work on /opt/airflow/dags/pipeline_strava_user.py
[2025-11-19T00:08:55.170+0000] {processor.py:830} INFO - Processing file /opt/airflow/dags/pipeline_strava_user.py for tasks to queue
[2025-11-19T00:08:55.172+0000] {logging_mixin.py:188} INFO - [2025-11-19T00:08:55.171+0000] {dagbag.py:545} INFO - Filling up the DagBag from /opt/airflow/dags/pipeline_strava_user.py
[2025-11-19T00:08:55.185+0000] {processor.py:840} INFO - DAG(s) 'etl_strava_user_profile' retrieved from /opt/airflow/dags/pipeline_strava_user.py
[2025-11-19T00:08:55.212+0000] {logging_mixin.py:188} INFO - [2025-11-19T00:08:55.212+0000] {dag.py:3089} INFO - Sync 1 DAGs
[2025-11-19T00:08:55.231+0000] {logging_mixin.py:188} INFO - [2025-11-19T00:08:55.231+0000] {dag.py:3947} INFO - Setting next_dagrun for etl_strava_user_profile to 2025-11-18 03:00:00+00:00, run_after=2025-11-19 03:00:00+00:00
[2025-11-19T00:08:55.239+0000] {processor.py:183} INFO - Processing /opt/airflow/dags/pipeline_strava_user.py took 0.078 seconds
[2025-11-19T00:09:25.503+0000] {processor.py:161} INFO - Started process (PID=11057) to work on /opt/airflow/dags/pipeline_strava_user.py
[2025-11-19T00:09:25.504+0000] {processor.py:830} INFO - Processing file /opt/airflow/dags/pipeline_strava_user.py for tasks to queue
[2025-11-19T00:09:25.507+0000] {logging_mixin.py:188} INFO - [2025-11-19T00:09:25.506+0000] {dagbag.py:545} INFO - Filling up the DagBag from /opt/airflow/dags/pipeline_strava_user.py
[2025-11-19T00:09:25.520+0000] {processor.py:840} INFO - DAG(s) 'etl_strava_user_profile' retrieved from /opt/airflow/dags/pipeline_strava_user.py
[2025-11-19T00:09:25.551+0000] {logging_mixin.py:188} INFO - [2025-11-19T00:09:25.550+0000] {dag.py:3089} INFO - Sync 1 DAGs
[2025-11-19T00:09:25.566+0000] {logging_mixin.py:188} INFO - [2025-11-19T00:09:25.566+0000] {dag.py:3947} INFO - Setting next_dagrun for etl_strava_user_profile to 2025-11-18 03:00:00+00:00, run_after=2025-11-19 03:00:00+00:00
[2025-11-19T00:09:25.575+0000] {processor.py:183} INFO - Processing /opt/airflow/dags/pipeline_strava_user.py took 0.077 seconds
[2025-11-19T00:09:55.836+0000] {processor.py:161} INFO - Started process (PID=11072) to work on /opt/airflow/dags/pipeline_strava_user.py
[2025-11-19T00:09:55.838+0000] {processor.py:830} INFO - Processing file /opt/airflow/dags/pipeline_strava_user.py for tasks to queue
[2025-11-19T00:09:55.840+0000] {logging_mixin.py:188} INFO - [2025-11-19T00:09:55.840+0000] {dagbag.py:545} INFO - Filling up the DagBag from /opt/airflow/dags/pipeline_strava_user.py
[2025-11-19T00:09:55.856+0000] {processor.py:840} INFO - DAG(s) 'etl_strava_user_profile' retrieved from /opt/airflow/dags/pipeline_strava_user.py
[2025-11-19T00:09:55.879+0000] {logging_mixin.py:188} INFO - [2025-11-19T00:09:55.879+0000] {dag.py:3089} INFO - Sync 1 DAGs
[2025-11-19T00:09:55.893+0000] {logging_mixin.py:188} INFO - [2025-11-19T00:09:55.893+0000] {dag.py:3947} INFO - Setting next_dagrun for etl_strava_user_profile to 2025-11-18 03:00:00+00:00, run_after=2025-11-19 03:00:00+00:00
[2025-11-19T00:09:55.901+0000] {processor.py:183} INFO - Processing /opt/airflow/dags/pipeline_strava_user.py took 0.073 seconds
[2025-11-19T00:10:26.163+0000] {processor.py:161} INFO - Started process (PID=11087) to work on /opt/airflow/dags/pipeline_strava_user.py
[2025-11-19T00:10:26.164+0000] {processor.py:830} INFO - Processing file /opt/airflow/dags/pipeline_strava_user.py for tasks to queue
[2025-11-19T00:10:26.166+0000] {logging_mixin.py:188} INFO - [2025-11-19T00:10:26.165+0000] {dagbag.py:545} INFO - Filling up the DagBag from /opt/airflow/dags/pipeline_strava_user.py
[2025-11-19T00:10:26.178+0000] {processor.py:840} INFO - DAG(s) 'etl_strava_user_profile' retrieved from /opt/airflow/dags/pipeline_strava_user.py
[2025-11-19T00:10:26.198+0000] {logging_mixin.py:188} INFO - [2025-11-19T00:10:26.198+0000] {dag.py:3089} INFO - Sync 1 DAGs
[2025-11-19T00:10:26.209+0000] {logging_mixin.py:188} INFO - [2025-11-19T00:10:26.209+0000] {dag.py:3947} INFO - Setting next_dagrun for etl_strava_user_profile to 2025-11-18 03:00:00+00:00, run_after=2025-11-19 03:00:00+00:00
[2025-11-19T00:10:26.217+0000] {processor.py:183} INFO - Processing /opt/airflow/dags/pipeline_strava_user.py took 0.059 seconds
[2025-11-19T00:10:56.487+0000] {processor.py:161} INFO - Started process (PID=11102) to work on /opt/airflow/dags/pipeline_strava_user.py
[2025-11-19T00:10:56.488+0000] {processor.py:830} INFO - Processing file /opt/airflow/dags/pipeline_strava_user.py for tasks to queue
[2025-11-19T00:10:56.490+0000] {logging_mixin.py:188} INFO - [2025-11-19T00:10:56.490+0000] {dagbag.py:545} INFO - Filling up the DagBag from /opt/airflow/dags/pipeline_strava_user.py
[2025-11-19T00:10:56.503+0000] {processor.py:840} INFO - DAG(s) 'etl_strava_user_profile' retrieved from /opt/airflow/dags/pipeline_strava_user.py
[2025-11-19T00:10:56.523+0000] {logging_mixin.py:188} INFO - [2025-11-19T00:10:56.523+0000] {dag.py:3089} INFO - Sync 1 DAGs
[2025-11-19T00:10:56.539+0000] {logging_mixin.py:188} INFO - [2025-11-19T00:10:56.539+0000] {dag.py:3947} INFO - Setting next_dagrun for etl_strava_user_profile to 2025-11-18 03:00:00+00:00, run_after=2025-11-19 03:00:00+00:00
[2025-11-19T00:10:56.548+0000] {processor.py:183} INFO - Processing /opt/airflow/dags/pipeline_strava_user.py took 0.070 seconds
[2025-11-19T00:11:26.810+0000] {processor.py:161} INFO - Started process (PID=11117) to work on /opt/airflow/dags/pipeline_strava_user.py
[2025-11-19T00:11:26.811+0000] {processor.py:830} INFO - Processing file /opt/airflow/dags/pipeline_strava_user.py for tasks to queue
[2025-11-19T00:11:26.812+0000] {logging_mixin.py:188} INFO - [2025-11-19T00:11:26.812+0000] {dagbag.py:545} INFO - Filling up the DagBag from /opt/airflow/dags/pipeline_strava_user.py
[2025-11-19T00:11:26.823+0000] {processor.py:840} INFO - DAG(s) 'etl_strava_user_profile' retrieved from /opt/airflow/dags/pipeline_strava_user.py
[2025-11-19T00:11:26.844+0000] {logging_mixin.py:188} INFO - [2025-11-19T00:11:26.844+0000] {dag.py:3089} INFO - Sync 1 DAGs
[2025-11-19T00:11:26.856+0000] {logging_mixin.py:188} INFO - [2025-11-19T00:11:26.856+0000] {dag.py:3947} INFO - Setting next_dagrun for etl_strava_user_profile to 2025-11-18 03:00:00+00:00, run_after=2025-11-19 03:00:00+00:00
[2025-11-19T00:11:26.865+0000] {processor.py:183} INFO - Processing /opt/airflow/dags/pipeline_strava_user.py took 0.059 seconds
[2025-11-19T00:11:57.158+0000] {processor.py:161} INFO - Started process (PID=11132) to work on /opt/airflow/dags/pipeline_strava_user.py
[2025-11-19T00:11:57.159+0000] {processor.py:830} INFO - Processing file /opt/airflow/dags/pipeline_strava_user.py for tasks to queue
[2025-11-19T00:11:57.160+0000] {logging_mixin.py:188} INFO - [2025-11-19T00:11:57.160+0000] {dagbag.py:545} INFO - Filling up the DagBag from /opt/airflow/dags/pipeline_strava_user.py
[2025-11-19T00:11:57.172+0000] {processor.py:840} INFO - DAG(s) 'etl_strava_user_profile' retrieved from /opt/airflow/dags/pipeline_strava_user.py
[2025-11-19T00:11:57.189+0000] {logging_mixin.py:188} INFO - [2025-11-19T00:11:57.189+0000] {dag.py:3089} INFO - Sync 1 DAGs
[2025-11-19T00:11:57.204+0000] {logging_mixin.py:188} INFO - [2025-11-19T00:11:57.203+0000] {dag.py:3947} INFO - Setting next_dagrun for etl_strava_user_profile to 2025-11-18 03:00:00+00:00, run_after=2025-11-19 03:00:00+00:00
[2025-11-19T00:11:57.212+0000] {processor.py:183} INFO - Processing /opt/airflow/dags/pipeline_strava_user.py took 0.060 seconds
[2025-11-19T00:12:27.479+0000] {processor.py:161} INFO - Started process (PID=11147) to work on /opt/airflow/dags/pipeline_strava_user.py
[2025-11-19T00:12:27.480+0000] {processor.py:830} INFO - Processing file /opt/airflow/dags/pipeline_strava_user.py for tasks to queue
[2025-11-19T00:12:27.482+0000] {logging_mixin.py:188} INFO - [2025-11-19T00:12:27.482+0000] {dagbag.py:545} INFO - Filling up the DagBag from /opt/airflow/dags/pipeline_strava_user.py
[2025-11-19T00:12:27.502+0000] {processor.py:840} INFO - DAG(s) 'etl_strava_user_profile' retrieved from /opt/airflow/dags/pipeline_strava_user.py
[2025-11-19T00:12:27.510+0000] {logging_mixin.py:188} INFO - [2025-11-19T00:12:27.510+0000] {dag.py:3089} INFO - Sync 1 DAGs
[2025-11-19T00:12:27.523+0000] {logging_mixin.py:188} INFO - [2025-11-19T00:12:27.522+0000] {dag.py:3947} INFO - Setting next_dagrun for etl_strava_user_profile to 2025-11-18 03:00:00+00:00, run_after=2025-11-19 03:00:00+00:00
[2025-11-19T00:12:27.531+0000] {processor.py:183} INFO - Processing /opt/airflow/dags/pipeline_strava_user.py took 0.059 seconds
[2025-11-19T00:12:57.764+0000] {processor.py:161} INFO - Started process (PID=11162) to work on /opt/airflow/dags/pipeline_strava_user.py
[2025-11-19T00:12:57.765+0000] {processor.py:830} INFO - Processing file /opt/airflow/dags/pipeline_strava_user.py for tasks to queue
[2025-11-19T00:12:57.767+0000] {logging_mixin.py:188} INFO - [2025-11-19T00:12:57.766+0000] {dagbag.py:545} INFO - Filling up the DagBag from /opt/airflow/dags/pipeline_strava_user.py
[2025-11-19T00:12:57.785+0000] {processor.py:840} INFO - DAG(s) 'etl_strava_user_profile' retrieved from /opt/airflow/dags/pipeline_strava_user.py
[2025-11-19T00:12:57.906+0000] {logging_mixin.py:188} INFO - [2025-11-19T00:12:57.905+0000] {dag.py:3089} INFO - Sync 1 DAGs
[2025-11-19T00:12:57.920+0000] {logging_mixin.py:188} INFO - [2025-11-19T00:12:57.920+0000] {dag.py:3947} INFO - Setting next_dagrun for etl_strava_user_profile to 2025-11-18 03:00:00+00:00, run_after=2025-11-19 03:00:00+00:00
[2025-11-19T00:12:57.931+0000] {processor.py:183} INFO - Processing /opt/airflow/dags/pipeline_strava_user.py took 0.173 seconds
[2025-11-19T00:13:28.202+0000] {processor.py:161} INFO - Started process (PID=11177) to work on /opt/airflow/dags/pipeline_strava_user.py
[2025-11-19T00:13:28.204+0000] {processor.py:830} INFO - Processing file /opt/airflow/dags/pipeline_strava_user.py for tasks to queue
[2025-11-19T00:13:28.206+0000] {logging_mixin.py:188} INFO - [2025-11-19T00:13:28.206+0000] {dagbag.py:545} INFO - Filling up the DagBag from /opt/airflow/dags/pipeline_strava_user.py
[2025-11-19T00:13:28.228+0000] {processor.py:840} INFO - DAG(s) 'etl_strava_user_profile' retrieved from /opt/airflow/dags/pipeline_strava_user.py
[2025-11-19T00:13:28.279+0000] {logging_mixin.py:188} INFO - [2025-11-19T00:13:28.278+0000] {dag.py:3089} INFO - Sync 1 DAGs
[2025-11-19T00:13:28.312+0000] {logging_mixin.py:188} INFO - [2025-11-19T00:13:28.312+0000] {dag.py:3947} INFO - Setting next_dagrun for etl_strava_user_profile to 2025-11-18 03:00:00+00:00, run_after=2025-11-19 03:00:00+00:00
[2025-11-19T00:13:28.328+0000] {processor.py:183} INFO - Processing /opt/airflow/dags/pipeline_strava_user.py took 0.134 seconds
[2025-11-19T00:13:58.572+0000] {processor.py:161} INFO - Started process (PID=11192) to work on /opt/airflow/dags/pipeline_strava_user.py
[2025-11-19T00:13:58.573+0000] {processor.py:830} INFO - Processing file /opt/airflow/dags/pipeline_strava_user.py for tasks to queue
[2025-11-19T00:13:58.577+0000] {logging_mixin.py:188} INFO - [2025-11-19T00:13:58.577+0000] {dagbag.py:545} INFO - Filling up the DagBag from /opt/airflow/dags/pipeline_strava_user.py
[2025-11-19T00:13:58.595+0000] {processor.py:840} INFO - DAG(s) 'etl_strava_user_profile' retrieved from /opt/airflow/dags/pipeline_strava_user.py
[2025-11-19T00:13:58.629+0000] {logging_mixin.py:188} INFO - [2025-11-19T00:13:58.629+0000] {dag.py:3089} INFO - Sync 1 DAGs
[2025-11-19T00:13:58.646+0000] {logging_mixin.py:188} INFO - [2025-11-19T00:13:58.646+0000] {dag.py:3947} INFO - Setting next_dagrun for etl_strava_user_profile to 2025-11-18 03:00:00+00:00, run_after=2025-11-19 03:00:00+00:00
[2025-11-19T00:13:58.657+0000] {processor.py:183} INFO - Processing /opt/airflow/dags/pipeline_strava_user.py took 0.093 seconds
[2025-11-19T00:14:28.947+0000] {processor.py:161} INFO - Started process (PID=11207) to work on /opt/airflow/dags/pipeline_strava_user.py
[2025-11-19T00:14:28.948+0000] {processor.py:830} INFO - Processing file /opt/airflow/dags/pipeline_strava_user.py for tasks to queue
[2025-11-19T00:14:28.950+0000] {logging_mixin.py:188} INFO - [2025-11-19T00:14:28.950+0000] {dagbag.py:545} INFO - Filling up the DagBag from /opt/airflow/dags/pipeline_strava_user.py
[2025-11-19T00:14:28.962+0000] {processor.py:840} INFO - DAG(s) 'etl_strava_user_profile' retrieved from /opt/airflow/dags/pipeline_strava_user.py
[2025-11-19T00:14:28.986+0000] {logging_mixin.py:188} INFO - [2025-11-19T00:14:28.986+0000] {dag.py:3089} INFO - Sync 1 DAGs
[2025-11-19T00:14:28.999+0000] {logging_mixin.py:188} INFO - [2025-11-19T00:14:28.999+0000] {dag.py:3947} INFO - Setting next_dagrun for etl_strava_user_profile to 2025-11-18 03:00:00+00:00, run_after=2025-11-19 03:00:00+00:00
[2025-11-19T00:14:29.008+0000] {processor.py:183} INFO - Processing /opt/airflow/dags/pipeline_strava_user.py took 0.067 seconds
[2025-11-19T00:14:59.261+0000] {processor.py:161} INFO - Started process (PID=11222) to work on /opt/airflow/dags/pipeline_strava_user.py
[2025-11-19T00:14:59.262+0000] {processor.py:830} INFO - Processing file /opt/airflow/dags/pipeline_strava_user.py for tasks to queue
[2025-11-19T00:14:59.264+0000] {logging_mixin.py:188} INFO - [2025-11-19T00:14:59.264+0000] {dagbag.py:545} INFO - Filling up the DagBag from /opt/airflow/dags/pipeline_strava_user.py
[2025-11-19T00:14:59.278+0000] {processor.py:840} INFO - DAG(s) 'etl_strava_user_profile' retrieved from /opt/airflow/dags/pipeline_strava_user.py
[2025-11-19T00:14:59.304+0000] {logging_mixin.py:188} INFO - [2025-11-19T00:14:59.304+0000] {dag.py:3089} INFO - Sync 1 DAGs
[2025-11-19T00:14:59.319+0000] {logging_mixin.py:188} INFO - [2025-11-19T00:14:59.319+0000] {dag.py:3947} INFO - Setting next_dagrun for etl_strava_user_profile to 2025-11-18 03:00:00+00:00, run_after=2025-11-19 03:00:00+00:00
[2025-11-19T00:14:59.328+0000] {processor.py:183} INFO - Processing /opt/airflow/dags/pipeline_strava_user.py took 0.075 seconds
[2025-11-19T00:15:29.608+0000] {processor.py:161} INFO - Started process (PID=11237) to work on /opt/airflow/dags/pipeline_strava_user.py
[2025-11-19T00:15:29.608+0000] {processor.py:830} INFO - Processing file /opt/airflow/dags/pipeline_strava_user.py for tasks to queue
[2025-11-19T00:15:29.610+0000] {logging_mixin.py:188} INFO - [2025-11-19T00:15:29.610+0000] {dagbag.py:545} INFO - Filling up the DagBag from /opt/airflow/dags/pipeline_strava_user.py
[2025-11-19T00:15:29.622+0000] {processor.py:840} INFO - DAG(s) 'etl_strava_user_profile' retrieved from /opt/airflow/dags/pipeline_strava_user.py
[2025-11-19T00:15:29.642+0000] {logging_mixin.py:188} INFO - [2025-11-19T00:15:29.642+0000] {dag.py:3089} INFO - Sync 1 DAGs
[2025-11-19T00:15:29.654+0000] {logging_mixin.py:188} INFO - [2025-11-19T00:15:29.653+0000] {dag.py:3947} INFO - Setting next_dagrun for etl_strava_user_profile to 2025-11-18 03:00:00+00:00, run_after=2025-11-19 03:00:00+00:00
[2025-11-19T00:15:29.661+0000] {processor.py:183} INFO - Processing /opt/airflow/dags/pipeline_strava_user.py took 0.070 seconds
[2025-11-19T00:15:59.934+0000] {processor.py:161} INFO - Started process (PID=11252) to work on /opt/airflow/dags/pipeline_strava_user.py
[2025-11-19T00:15:59.935+0000] {processor.py:830} INFO - Processing file /opt/airflow/dags/pipeline_strava_user.py for tasks to queue
[2025-11-19T00:15:59.936+0000] {logging_mixin.py:188} INFO - [2025-11-19T00:15:59.936+0000] {dagbag.py:545} INFO - Filling up the DagBag from /opt/airflow/dags/pipeline_strava_user.py
[2025-11-19T00:15:59.948+0000] {processor.py:840} INFO - DAG(s) 'etl_strava_user_profile' retrieved from /opt/airflow/dags/pipeline_strava_user.py
[2025-11-19T00:15:59.972+0000] {logging_mixin.py:188} INFO - [2025-11-19T00:15:59.972+0000] {dag.py:3089} INFO - Sync 1 DAGs
[2025-11-19T00:15:59.986+0000] {logging_mixin.py:188} INFO - [2025-11-19T00:15:59.986+0000] {dag.py:3947} INFO - Setting next_dagrun for etl_strava_user_profile to 2025-11-18 03:00:00+00:00, run_after=2025-11-19 03:00:00+00:00
[2025-11-19T00:15:59.994+0000] {processor.py:183} INFO - Processing /opt/airflow/dags/pipeline_strava_user.py took 0.068 seconds
[2025-11-19T00:16:30.277+0000] {processor.py:161} INFO - Started process (PID=11267) to work on /opt/airflow/dags/pipeline_strava_user.py
[2025-11-19T00:16:30.277+0000] {processor.py:830} INFO - Processing file /opt/airflow/dags/pipeline_strava_user.py for tasks to queue
[2025-11-19T00:16:30.279+0000] {logging_mixin.py:188} INFO - [2025-11-19T00:16:30.278+0000] {dagbag.py:545} INFO - Filling up the DagBag from /opt/airflow/dags/pipeline_strava_user.py
[2025-11-19T00:16:30.295+0000] {processor.py:840} INFO - DAG(s) 'etl_strava_user_profile' retrieved from /opt/airflow/dags/pipeline_strava_user.py
[2025-11-19T00:16:30.324+0000] {logging_mixin.py:188} INFO - [2025-11-19T00:16:30.323+0000] {dag.py:3089} INFO - Sync 1 DAGs
[2025-11-19T00:16:30.343+0000] {logging_mixin.py:188} INFO - [2025-11-19T00:16:30.343+0000] {dag.py:3947} INFO - Setting next_dagrun for etl_strava_user_profile to 2025-11-18 03:00:00+00:00, run_after=2025-11-19 03:00:00+00:00
[2025-11-19T00:16:30.353+0000] {processor.py:183} INFO - Processing /opt/airflow/dags/pipeline_strava_user.py took 0.080 seconds
[2025-11-19T00:17:00.620+0000] {processor.py:161} INFO - Started process (PID=11282) to work on /opt/airflow/dags/pipeline_strava_user.py
[2025-11-19T00:17:00.621+0000] {processor.py:830} INFO - Processing file /opt/airflow/dags/pipeline_strava_user.py for tasks to queue
[2025-11-19T00:17:00.623+0000] {logging_mixin.py:188} INFO - [2025-11-19T00:17:00.623+0000] {dagbag.py:545} INFO - Filling up the DagBag from /opt/airflow/dags/pipeline_strava_user.py
[2025-11-19T00:17:00.638+0000] {processor.py:840} INFO - DAG(s) 'etl_strava_user_profile' retrieved from /opt/airflow/dags/pipeline_strava_user.py
[2025-11-19T00:17:00.660+0000] {logging_mixin.py:188} INFO - [2025-11-19T00:17:00.660+0000] {dag.py:3089} INFO - Sync 1 DAGs
[2025-11-19T00:17:00.676+0000] {logging_mixin.py:188} INFO - [2025-11-19T00:17:00.676+0000] {dag.py:3947} INFO - Setting next_dagrun for etl_strava_user_profile to 2025-11-18 03:00:00+00:00, run_after=2025-11-19 03:00:00+00:00
[2025-11-19T00:17:00.685+0000] {processor.py:183} INFO - Processing /opt/airflow/dags/pipeline_strava_user.py took 0.074 seconds
[2025-11-19T00:17:30.946+0000] {processor.py:161} INFO - Started process (PID=11297) to work on /opt/airflow/dags/pipeline_strava_user.py
[2025-11-19T00:17:30.947+0000] {processor.py:830} INFO - Processing file /opt/airflow/dags/pipeline_strava_user.py for tasks to queue
[2025-11-19T00:17:30.948+0000] {logging_mixin.py:188} INFO - [2025-11-19T00:17:30.948+0000] {dagbag.py:545} INFO - Filling up the DagBag from /opt/airflow/dags/pipeline_strava_user.py
[2025-11-19T00:17:30.958+0000] {processor.py:840} INFO - DAG(s) 'etl_strava_user_profile' retrieved from /opt/airflow/dags/pipeline_strava_user.py
[2025-11-19T00:17:30.979+0000] {logging_mixin.py:188} INFO - [2025-11-19T00:17:30.979+0000] {dag.py:3089} INFO - Sync 1 DAGs
[2025-11-19T00:17:30.995+0000] {logging_mixin.py:188} INFO - [2025-11-19T00:17:30.995+0000] {dag.py:3947} INFO - Setting next_dagrun for etl_strava_user_profile to 2025-11-18 03:00:00+00:00, run_after=2025-11-19 03:00:00+00:00
[2025-11-19T00:17:31.004+0000] {processor.py:183} INFO - Processing /opt/airflow/dags/pipeline_strava_user.py took 0.062 seconds
[2025-11-19T00:18:01.261+0000] {processor.py:161} INFO - Started process (PID=11312) to work on /opt/airflow/dags/pipeline_strava_user.py
[2025-11-19T00:18:01.262+0000] {processor.py:830} INFO - Processing file /opt/airflow/dags/pipeline_strava_user.py for tasks to queue
[2025-11-19T00:18:01.264+0000] {logging_mixin.py:188} INFO - [2025-11-19T00:18:01.264+0000] {dagbag.py:545} INFO - Filling up the DagBag from /opt/airflow/dags/pipeline_strava_user.py
[2025-11-19T00:18:01.281+0000] {processor.py:840} INFO - DAG(s) 'etl_strava_user_profile' retrieved from /opt/airflow/dags/pipeline_strava_user.py
[2025-11-19T00:18:01.313+0000] {logging_mixin.py:188} INFO - [2025-11-19T00:18:01.313+0000] {dag.py:3089} INFO - Sync 1 DAGs
[2025-11-19T00:18:01.332+0000] {logging_mixin.py:188} INFO - [2025-11-19T00:18:01.331+0000] {dag.py:3947} INFO - Setting next_dagrun for etl_strava_user_profile to 2025-11-18 03:00:00+00:00, run_after=2025-11-19 03:00:00+00:00
[2025-11-19T00:18:01.342+0000] {processor.py:183} INFO - Processing /opt/airflow/dags/pipeline_strava_user.py took 0.089 seconds
[2025-11-19T00:18:31.575+0000] {processor.py:161} INFO - Started process (PID=11327) to work on /opt/airflow/dags/pipeline_strava_user.py
[2025-11-19T00:18:31.576+0000] {processor.py:830} INFO - Processing file /opt/airflow/dags/pipeline_strava_user.py for tasks to queue
[2025-11-19T00:18:31.578+0000] {logging_mixin.py:188} INFO - [2025-11-19T00:18:31.578+0000] {dagbag.py:545} INFO - Filling up the DagBag from /opt/airflow/dags/pipeline_strava_user.py
[2025-11-19T00:18:31.589+0000] {processor.py:840} INFO - DAG(s) 'etl_strava_user_profile' retrieved from /opt/airflow/dags/pipeline_strava_user.py
[2025-11-19T00:18:31.608+0000] {logging_mixin.py:188} INFO - [2025-11-19T00:18:31.608+0000] {dag.py:3089} INFO - Sync 1 DAGs
[2025-11-19T00:18:31.620+0000] {logging_mixin.py:188} INFO - [2025-11-19T00:18:31.620+0000] {dag.py:3947} INFO - Setting next_dagrun for etl_strava_user_profile to 2025-11-18 03:00:00+00:00, run_after=2025-11-19 03:00:00+00:00
[2025-11-19T00:18:31.628+0000] {processor.py:183} INFO - Processing /opt/airflow/dags/pipeline_strava_user.py took 0.058 seconds
[2025-11-19T00:19:01.864+0000] {processor.py:161} INFO - Started process (PID=11342) to work on /opt/airflow/dags/pipeline_strava_user.py
[2025-11-19T00:19:01.865+0000] {processor.py:830} INFO - Processing file /opt/airflow/dags/pipeline_strava_user.py for tasks to queue
[2025-11-19T00:19:01.868+0000] {logging_mixin.py:188} INFO - [2025-11-19T00:19:01.867+0000] {dagbag.py:545} INFO - Filling up the DagBag from /opt/airflow/dags/pipeline_strava_user.py
[2025-11-19T00:19:01.879+0000] {processor.py:840} INFO - DAG(s) 'etl_strava_user_profile' retrieved from /opt/airflow/dags/pipeline_strava_user.py
[2025-11-19T00:19:01.903+0000] {logging_mixin.py:188} INFO - [2025-11-19T00:19:01.903+0000] {dag.py:3089} INFO - Sync 1 DAGs
[2025-11-19T00:19:01.917+0000] {logging_mixin.py:188} INFO - [2025-11-19T00:19:01.917+0000] {dag.py:3947} INFO - Setting next_dagrun for etl_strava_user_profile to 2025-11-18 03:00:00+00:00, run_after=2025-11-19 03:00:00+00:00
[2025-11-19T00:19:01.926+0000] {processor.py:183} INFO - Processing /opt/airflow/dags/pipeline_strava_user.py took 0.071 seconds
[2025-11-19T00:19:32.194+0000] {processor.py:161} INFO - Started process (PID=11357) to work on /opt/airflow/dags/pipeline_strava_user.py
[2025-11-19T00:19:32.195+0000] {processor.py:830} INFO - Processing file /opt/airflow/dags/pipeline_strava_user.py for tasks to queue
[2025-11-19T00:19:32.197+0000] {logging_mixin.py:188} INFO - [2025-11-19T00:19:32.197+0000] {dagbag.py:545} INFO - Filling up the DagBag from /opt/airflow/dags/pipeline_strava_user.py
[2025-11-19T00:19:32.207+0000] {processor.py:840} INFO - DAG(s) 'etl_strava_user_profile' retrieved from /opt/airflow/dags/pipeline_strava_user.py
[2025-11-19T00:19:32.223+0000] {logging_mixin.py:188} INFO - [2025-11-19T00:19:32.223+0000] {dag.py:3089} INFO - Sync 1 DAGs
[2025-11-19T00:19:32.234+0000] {logging_mixin.py:188} INFO - [2025-11-19T00:19:32.234+0000] {dag.py:3947} INFO - Setting next_dagrun for etl_strava_user_profile to 2025-11-18 03:00:00+00:00, run_after=2025-11-19 03:00:00+00:00
[2025-11-19T00:19:32.241+0000] {processor.py:183} INFO - Processing /opt/airflow/dags/pipeline_strava_user.py took 0.055 seconds
[2025-11-19T00:20:02.513+0000] {processor.py:161} INFO - Started process (PID=11372) to work on /opt/airflow/dags/pipeline_strava_user.py
[2025-11-19T00:20:02.514+0000] {processor.py:830} INFO - Processing file /opt/airflow/dags/pipeline_strava_user.py for tasks to queue
[2025-11-19T00:20:02.516+0000] {logging_mixin.py:188} INFO - [2025-11-19T00:20:02.516+0000] {dagbag.py:545} INFO - Filling up the DagBag from /opt/airflow/dags/pipeline_strava_user.py
[2025-11-19T00:20:02.529+0000] {processor.py:840} INFO - DAG(s) 'etl_strava_user_profile' retrieved from /opt/airflow/dags/pipeline_strava_user.py
[2025-11-19T00:20:02.563+0000] {logging_mixin.py:188} INFO - [2025-11-19T00:20:02.562+0000] {dag.py:3089} INFO - Sync 1 DAGs
[2025-11-19T00:20:02.580+0000] {logging_mixin.py:188} INFO - [2025-11-19T00:20:02.580+0000] {dag.py:3947} INFO - Setting next_dagrun for etl_strava_user_profile to 2025-11-18 03:00:00+00:00, run_after=2025-11-19 03:00:00+00:00
[2025-11-19T00:20:02.588+0000] {processor.py:183} INFO - Processing /opt/airflow/dags/pipeline_strava_user.py took 0.090 seconds
[2025-11-19T00:20:32.839+0000] {processor.py:161} INFO - Started process (PID=11387) to work on /opt/airflow/dags/pipeline_strava_user.py
[2025-11-19T00:20:32.839+0000] {processor.py:830} INFO - Processing file /opt/airflow/dags/pipeline_strava_user.py for tasks to queue
[2025-11-19T00:20:32.841+0000] {logging_mixin.py:188} INFO - [2025-11-19T00:20:32.841+0000] {dagbag.py:545} INFO - Filling up the DagBag from /opt/airflow/dags/pipeline_strava_user.py
[2025-11-19T00:20:32.853+0000] {processor.py:840} INFO - DAG(s) 'etl_strava_user_profile' retrieved from /opt/airflow/dags/pipeline_strava_user.py
[2025-11-19T00:20:32.880+0000] {logging_mixin.py:188} INFO - [2025-11-19T00:20:32.880+0000] {dag.py:3089} INFO - Sync 1 DAGs
[2025-11-19T00:20:32.894+0000] {logging_mixin.py:188} INFO - [2025-11-19T00:20:32.894+0000] {dag.py:3947} INFO - Setting next_dagrun for etl_strava_user_profile to 2025-11-18 03:00:00+00:00, run_after=2025-11-19 03:00:00+00:00
[2025-11-19T00:20:32.903+0000] {processor.py:183} INFO - Processing /opt/airflow/dags/pipeline_strava_user.py took 0.070 seconds
[2025-11-19T00:21:03.175+0000] {processor.py:161} INFO - Started process (PID=11402) to work on /opt/airflow/dags/pipeline_strava_user.py
[2025-11-19T00:21:03.175+0000] {processor.py:830} INFO - Processing file /opt/airflow/dags/pipeline_strava_user.py for tasks to queue
[2025-11-19T00:21:03.177+0000] {logging_mixin.py:188} INFO - [2025-11-19T00:21:03.176+0000] {dagbag.py:545} INFO - Filling up the DagBag from /opt/airflow/dags/pipeline_strava_user.py
[2025-11-19T00:21:03.188+0000] {processor.py:840} INFO - DAG(s) 'etl_strava_user_profile' retrieved from /opt/airflow/dags/pipeline_strava_user.py
[2025-11-19T00:21:03.216+0000] {logging_mixin.py:188} INFO - [2025-11-19T00:21:03.216+0000] {dag.py:3089} INFO - Sync 1 DAGs
[2025-11-19T00:21:03.231+0000] {logging_mixin.py:188} INFO - [2025-11-19T00:21:03.231+0000] {dag.py:3947} INFO - Setting next_dagrun for etl_strava_user_profile to 2025-11-18 03:00:00+00:00, run_after=2025-11-19 03:00:00+00:00
[2025-11-19T00:21:03.241+0000] {processor.py:183} INFO - Processing /opt/airflow/dags/pipeline_strava_user.py took 0.072 seconds
[2025-11-19T00:21:33.487+0000] {processor.py:161} INFO - Started process (PID=11417) to work on /opt/airflow/dags/pipeline_strava_user.py
[2025-11-19T00:21:33.487+0000] {processor.py:830} INFO - Processing file /opt/airflow/dags/pipeline_strava_user.py for tasks to queue
[2025-11-19T00:21:33.489+0000] {logging_mixin.py:188} INFO - [2025-11-19T00:21:33.488+0000] {dagbag.py:545} INFO - Filling up the DagBag from /opt/airflow/dags/pipeline_strava_user.py
[2025-11-19T00:21:33.499+0000] {processor.py:840} INFO - DAG(s) 'etl_strava_user_profile' retrieved from /opt/airflow/dags/pipeline_strava_user.py
[2025-11-19T00:21:33.521+0000] {logging_mixin.py:188} INFO - [2025-11-19T00:21:33.521+0000] {dag.py:3089} INFO - Sync 1 DAGs
[2025-11-19T00:21:33.534+0000] {logging_mixin.py:188} INFO - [2025-11-19T00:21:33.534+0000] {dag.py:3947} INFO - Setting next_dagrun for etl_strava_user_profile to 2025-11-18 03:00:00+00:00, run_after=2025-11-19 03:00:00+00:00
[2025-11-19T00:21:33.542+0000] {processor.py:183} INFO - Processing /opt/airflow/dags/pipeline_strava_user.py took 0.059 seconds
[2025-11-19T00:22:03.835+0000] {processor.py:161} INFO - Started process (PID=11432) to work on /opt/airflow/dags/pipeline_strava_user.py
[2025-11-19T00:22:03.836+0000] {processor.py:830} INFO - Processing file /opt/airflow/dags/pipeline_strava_user.py for tasks to queue
[2025-11-19T00:22:03.839+0000] {logging_mixin.py:188} INFO - [2025-11-19T00:22:03.838+0000] {dagbag.py:545} INFO - Filling up the DagBag from /opt/airflow/dags/pipeline_strava_user.py
[2025-11-19T00:22:03.853+0000] {processor.py:840} INFO - DAG(s) 'etl_strava_user_profile' retrieved from /opt/airflow/dags/pipeline_strava_user.py
[2025-11-19T00:22:03.881+0000] {logging_mixin.py:188} INFO - [2025-11-19T00:22:03.881+0000] {dag.py:3089} INFO - Sync 1 DAGs
[2025-11-19T00:22:03.896+0000] {logging_mixin.py:188} INFO - [2025-11-19T00:22:03.896+0000] {dag.py:3947} INFO - Setting next_dagrun for etl_strava_user_profile to 2025-11-18 03:00:00+00:00, run_after=2025-11-19 03:00:00+00:00
[2025-11-19T00:22:03.909+0000] {processor.py:183} INFO - Processing /opt/airflow/dags/pipeline_strava_user.py took 0.088 seconds
[2025-11-19T00:22:34.189+0000] {processor.py:161} INFO - Started process (PID=11447) to work on /opt/airflow/dags/pipeline_strava_user.py
[2025-11-19T00:22:34.191+0000] {processor.py:830} INFO - Processing file /opt/airflow/dags/pipeline_strava_user.py for tasks to queue
[2025-11-19T00:22:34.201+0000] {logging_mixin.py:188} INFO - [2025-11-19T00:22:34.200+0000] {dagbag.py:545} INFO - Filling up the DagBag from /opt/airflow/dags/pipeline_strava_user.py
[2025-11-19T00:22:34.214+0000] {processor.py:840} INFO - DAG(s) 'etl_strava_user_profile' retrieved from /opt/airflow/dags/pipeline_strava_user.py
[2025-11-19T00:22:34.244+0000] {logging_mixin.py:188} INFO - [2025-11-19T00:22:34.244+0000] {dag.py:3089} INFO - Sync 1 DAGs
[2025-11-19T00:22:34.259+0000] {logging_mixin.py:188} INFO - [2025-11-19T00:22:34.259+0000] {dag.py:3947} INFO - Setting next_dagrun for etl_strava_user_profile to 2025-11-18 03:00:00+00:00, run_after=2025-11-19 03:00:00+00:00
[2025-11-19T00:22:34.268+0000] {processor.py:183} INFO - Processing /opt/airflow/dags/pipeline_strava_user.py took 0.091 seconds
[2025-11-19T00:23:04.531+0000] {processor.py:161} INFO - Started process (PID=11462) to work on /opt/airflow/dags/pipeline_strava_user.py
[2025-11-19T00:23:04.532+0000] {processor.py:830} INFO - Processing file /opt/airflow/dags/pipeline_strava_user.py for tasks to queue
[2025-11-19T00:23:04.534+0000] {logging_mixin.py:188} INFO - [2025-11-19T00:23:04.534+0000] {dagbag.py:545} INFO - Filling up the DagBag from /opt/airflow/dags/pipeline_strava_user.py
[2025-11-19T00:23:04.547+0000] {processor.py:840} INFO - DAG(s) 'etl_strava_user_profile' retrieved from /opt/airflow/dags/pipeline_strava_user.py
[2025-11-19T00:23:04.577+0000] {logging_mixin.py:188} INFO - [2025-11-19T00:23:04.577+0000] {dag.py:3089} INFO - Sync 1 DAGs
[2025-11-19T00:23:04.592+0000] {logging_mixin.py:188} INFO - [2025-11-19T00:23:04.591+0000] {dag.py:3947} INFO - Setting next_dagrun for etl_strava_user_profile to 2025-11-18 03:00:00+00:00, run_after=2025-11-19 03:00:00+00:00
[2025-11-19T00:23:04.601+0000] {processor.py:183} INFO - Processing /opt/airflow/dags/pipeline_strava_user.py took 0.076 seconds
[2025-11-19T00:23:34.843+0000] {processor.py:161} INFO - Started process (PID=11477) to work on /opt/airflow/dags/pipeline_strava_user.py
[2025-11-19T00:23:34.844+0000] {processor.py:830} INFO - Processing file /opt/airflow/dags/pipeline_strava_user.py for tasks to queue
[2025-11-19T00:23:34.846+0000] {logging_mixin.py:188} INFO - [2025-11-19T00:23:34.846+0000] {dagbag.py:545} INFO - Filling up the DagBag from /opt/airflow/dags/pipeline_strava_user.py
[2025-11-19T00:23:34.859+0000] {processor.py:840} INFO - DAG(s) 'etl_strava_user_profile' retrieved from /opt/airflow/dags/pipeline_strava_user.py
[2025-11-19T00:23:34.881+0000] {logging_mixin.py:188} INFO - [2025-11-19T00:23:34.881+0000] {dag.py:3089} INFO - Sync 1 DAGs
[2025-11-19T00:23:34.896+0000] {logging_mixin.py:188} INFO - [2025-11-19T00:23:34.896+0000] {dag.py:3947} INFO - Setting next_dagrun for etl_strava_user_profile to 2025-11-18 03:00:00+00:00, run_after=2025-11-19 03:00:00+00:00
[2025-11-19T00:23:34.905+0000] {processor.py:183} INFO - Processing /opt/airflow/dags/pipeline_strava_user.py took 0.069 seconds
[2025-11-19T00:24:05.187+0000] {processor.py:161} INFO - Started process (PID=11492) to work on /opt/airflow/dags/pipeline_strava_user.py
[2025-11-19T00:24:05.188+0000] {processor.py:830} INFO - Processing file /opt/airflow/dags/pipeline_strava_user.py for tasks to queue
[2025-11-19T00:24:05.191+0000] {logging_mixin.py:188} INFO - [2025-11-19T00:24:05.190+0000] {dagbag.py:545} INFO - Filling up the DagBag from /opt/airflow/dags/pipeline_strava_user.py
[2025-11-19T00:24:05.206+0000] {processor.py:840} INFO - DAG(s) 'etl_strava_user_profile' retrieved from /opt/airflow/dags/pipeline_strava_user.py
[2025-11-19T00:24:05.238+0000] {logging_mixin.py:188} INFO - [2025-11-19T00:24:05.237+0000] {dag.py:3089} INFO - Sync 1 DAGs
[2025-11-19T00:24:05.251+0000] {logging_mixin.py:188} INFO - [2025-11-19T00:24:05.251+0000] {dag.py:3947} INFO - Setting next_dagrun for etl_strava_user_profile to 2025-11-18 03:00:00+00:00, run_after=2025-11-19 03:00:00+00:00
[2025-11-19T00:24:05.259+0000] {processor.py:183} INFO - Processing /opt/airflow/dags/pipeline_strava_user.py took 0.097 seconds
[2025-11-19T00:24:35.503+0000] {processor.py:161} INFO - Started process (PID=11507) to work on /opt/airflow/dags/pipeline_strava_user.py
[2025-11-19T00:24:35.504+0000] {processor.py:830} INFO - Processing file /opt/airflow/dags/pipeline_strava_user.py for tasks to queue
[2025-11-19T00:24:35.506+0000] {logging_mixin.py:188} INFO - [2025-11-19T00:24:35.505+0000] {dagbag.py:545} INFO - Filling up the DagBag from /opt/airflow/dags/pipeline_strava_user.py
[2025-11-19T00:24:35.516+0000] {processor.py:840} INFO - DAG(s) 'etl_strava_user_profile' retrieved from /opt/airflow/dags/pipeline_strava_user.py
[2025-11-19T00:24:35.535+0000] {logging_mixin.py:188} INFO - [2025-11-19T00:24:35.535+0000] {dag.py:3089} INFO - Sync 1 DAGs
[2025-11-19T00:24:35.546+0000] {logging_mixin.py:188} INFO - [2025-11-19T00:24:35.546+0000] {dag.py:3947} INFO - Setting next_dagrun for etl_strava_user_profile to 2025-11-18 03:00:00+00:00, run_after=2025-11-19 03:00:00+00:00
[2025-11-19T00:24:35.553+0000] {processor.py:183} INFO - Processing /opt/airflow/dags/pipeline_strava_user.py took 0.056 seconds
[2025-11-19T00:25:05.859+0000] {processor.py:161} INFO - Started process (PID=11522) to work on /opt/airflow/dags/pipeline_strava_user.py
[2025-11-19T00:25:05.861+0000] {processor.py:830} INFO - Processing file /opt/airflow/dags/pipeline_strava_user.py for tasks to queue
[2025-11-19T00:25:05.869+0000] {logging_mixin.py:188} INFO - [2025-11-19T00:25:05.868+0000] {dagbag.py:545} INFO - Filling up the DagBag from /opt/airflow/dags/pipeline_strava_user.py
[2025-11-19T00:25:05.881+0000] {processor.py:840} INFO - DAG(s) 'etl_strava_user_profile' retrieved from /opt/airflow/dags/pipeline_strava_user.py
[2025-11-19T00:25:05.908+0000] {logging_mixin.py:188} INFO - [2025-11-19T00:25:05.908+0000] {dag.py:3089} INFO - Sync 1 DAGs
[2025-11-19T00:25:05.922+0000] {logging_mixin.py:188} INFO - [2025-11-19T00:25:05.922+0000] {dag.py:3947} INFO - Setting next_dagrun for etl_strava_user_profile to 2025-11-18 03:00:00+00:00, run_after=2025-11-19 03:00:00+00:00
[2025-11-19T00:25:05.930+0000] {processor.py:183} INFO - Processing /opt/airflow/dags/pipeline_strava_user.py took 0.094 seconds
[2025-11-19T00:25:36.229+0000] {processor.py:161} INFO - Started process (PID=11537) to work on /opt/airflow/dags/pipeline_strava_user.py
[2025-11-19T00:25:36.230+0000] {processor.py:830} INFO - Processing file /opt/airflow/dags/pipeline_strava_user.py for tasks to queue
[2025-11-19T00:25:36.232+0000] {logging_mixin.py:188} INFO - [2025-11-19T00:25:36.232+0000] {dagbag.py:545} INFO - Filling up the DagBag from /opt/airflow/dags/pipeline_strava_user.py
[2025-11-19T00:25:36.249+0000] {processor.py:840} INFO - DAG(s) 'etl_strava_user_profile' retrieved from /opt/airflow/dags/pipeline_strava_user.py
[2025-11-19T00:25:36.274+0000] {logging_mixin.py:188} INFO - [2025-11-19T00:25:36.274+0000] {dag.py:3089} INFO - Sync 1 DAGs
[2025-11-19T00:25:36.292+0000] {logging_mixin.py:188} INFO - [2025-11-19T00:25:36.292+0000] {dag.py:3947} INFO - Setting next_dagrun for etl_strava_user_profile to 2025-11-18 03:00:00+00:00, run_after=2025-11-19 03:00:00+00:00
[2025-11-19T00:25:36.300+0000] {processor.py:183} INFO - Processing /opt/airflow/dags/pipeline_strava_user.py took 0.085 seconds
[2025-11-19T00:26:06.570+0000] {processor.py:161} INFO - Started process (PID=11552) to work on /opt/airflow/dags/pipeline_strava_user.py
[2025-11-19T00:26:06.570+0000] {processor.py:830} INFO - Processing file /opt/airflow/dags/pipeline_strava_user.py for tasks to queue
[2025-11-19T00:26:06.572+0000] {logging_mixin.py:188} INFO - [2025-11-19T00:26:06.572+0000] {dagbag.py:545} INFO - Filling up the DagBag from /opt/airflow/dags/pipeline_strava_user.py
[2025-11-19T00:26:06.581+0000] {processor.py:840} INFO - DAG(s) 'etl_strava_user_profile' retrieved from /opt/airflow/dags/pipeline_strava_user.py
[2025-11-19T00:26:06.599+0000] {logging_mixin.py:188} INFO - [2025-11-19T00:26:06.599+0000] {dag.py:3089} INFO - Sync 1 DAGs
[2025-11-19T00:26:06.612+0000] {logging_mixin.py:188} INFO - [2025-11-19T00:26:06.612+0000] {dag.py:3947} INFO - Setting next_dagrun for etl_strava_user_profile to 2025-11-18 03:00:00+00:00, run_after=2025-11-19 03:00:00+00:00
[2025-11-19T00:26:06.620+0000] {processor.py:183} INFO - Processing /opt/airflow/dags/pipeline_strava_user.py took 0.055 seconds
[2025-11-19T00:26:36.918+0000] {processor.py:161} INFO - Started process (PID=11567) to work on /opt/airflow/dags/pipeline_strava_user.py
[2025-11-19T00:26:36.920+0000] {processor.py:830} INFO - Processing file /opt/airflow/dags/pipeline_strava_user.py for tasks to queue
[2025-11-19T00:26:36.922+0000] {logging_mixin.py:188} INFO - [2025-11-19T00:26:36.921+0000] {dagbag.py:545} INFO - Filling up the DagBag from /opt/airflow/dags/pipeline_strava_user.py
[2025-11-19T00:26:36.935+0000] {processor.py:840} INFO - DAG(s) 'etl_strava_user_profile' retrieved from /opt/airflow/dags/pipeline_strava_user.py
[2025-11-19T00:26:36.958+0000] {logging_mixin.py:188} INFO - [2025-11-19T00:26:36.958+0000] {dag.py:3089} INFO - Sync 1 DAGs
[2025-11-19T00:26:36.971+0000] {logging_mixin.py:188} INFO - [2025-11-19T00:26:36.971+0000] {dag.py:3947} INFO - Setting next_dagrun for etl_strava_user_profile to 2025-11-18 03:00:00+00:00, run_after=2025-11-19 03:00:00+00:00
[2025-11-19T00:26:36.980+0000] {processor.py:183} INFO - Processing /opt/airflow/dags/pipeline_strava_user.py took 0.072 seconds
[2025-11-19T00:27:07.359+0000] {processor.py:161} INFO - Started process (PID=11582) to work on /opt/airflow/dags/pipeline_strava_user.py
[2025-11-19T00:27:07.360+0000] {processor.py:830} INFO - Processing file /opt/airflow/dags/pipeline_strava_user.py for tasks to queue
[2025-11-19T00:27:07.362+0000] {logging_mixin.py:188} INFO - [2025-11-19T00:27:07.362+0000] {dagbag.py:545} INFO - Filling up the DagBag from /opt/airflow/dags/pipeline_strava_user.py
[2025-11-19T00:27:07.374+0000] {processor.py:840} INFO - DAG(s) 'etl_strava_user_profile' retrieved from /opt/airflow/dags/pipeline_strava_user.py
[2025-11-19T00:27:07.393+0000] {logging_mixin.py:188} INFO - [2025-11-19T00:27:07.393+0000] {dag.py:3089} INFO - Sync 1 DAGs
[2025-11-19T00:27:07.406+0000] {logging_mixin.py:188} INFO - [2025-11-19T00:27:07.405+0000] {dag.py:3947} INFO - Setting next_dagrun for etl_strava_user_profile to 2025-11-18 03:00:00+00:00, run_after=2025-11-19 03:00:00+00:00
[2025-11-19T00:27:07.413+0000] {processor.py:183} INFO - Processing /opt/airflow/dags/pipeline_strava_user.py took 0.064 seconds
[2025-11-19T00:27:37.689+0000] {processor.py:161} INFO - Started process (PID=11597) to work on /opt/airflow/dags/pipeline_strava_user.py
[2025-11-19T00:27:37.690+0000] {processor.py:830} INFO - Processing file /opt/airflow/dags/pipeline_strava_user.py for tasks to queue
[2025-11-19T00:27:37.693+0000] {logging_mixin.py:188} INFO - [2025-11-19T00:27:37.693+0000] {dagbag.py:545} INFO - Filling up the DagBag from /opt/airflow/dags/pipeline_strava_user.py
[2025-11-19T00:27:37.707+0000] {processor.py:840} INFO - DAG(s) 'etl_strava_user_profile' retrieved from /opt/airflow/dags/pipeline_strava_user.py
[2025-11-19T00:27:37.728+0000] {logging_mixin.py:188} INFO - [2025-11-19T00:27:37.728+0000] {dag.py:3089} INFO - Sync 1 DAGs
[2025-11-19T00:27:37.743+0000] {logging_mixin.py:188} INFO - [2025-11-19T00:27:37.743+0000] {dag.py:3947} INFO - Setting next_dagrun for etl_strava_user_profile to 2025-11-18 03:00:00+00:00, run_after=2025-11-19 03:00:00+00:00
[2025-11-19T00:27:37.753+0000] {processor.py:183} INFO - Processing /opt/airflow/dags/pipeline_strava_user.py took 0.072 seconds
[2025-11-19T00:28:08.020+0000] {processor.py:161} INFO - Started process (PID=11612) to work on /opt/airflow/dags/pipeline_strava_user.py
[2025-11-19T00:28:08.020+0000] {processor.py:830} INFO - Processing file /opt/airflow/dags/pipeline_strava_user.py for tasks to queue
[2025-11-19T00:28:08.023+0000] {logging_mixin.py:188} INFO - [2025-11-19T00:28:08.023+0000] {dagbag.py:545} INFO - Filling up the DagBag from /opt/airflow/dags/pipeline_strava_user.py
[2025-11-19T00:28:08.037+0000] {processor.py:840} INFO - DAG(s) 'etl_strava_user_profile' retrieved from /opt/airflow/dags/pipeline_strava_user.py
[2025-11-19T00:28:08.061+0000] {logging_mixin.py:188} INFO - [2025-11-19T00:28:08.060+0000] {dag.py:3089} INFO - Sync 1 DAGs
[2025-11-19T00:28:08.076+0000] {logging_mixin.py:188} INFO - [2025-11-19T00:28:08.076+0000] {dag.py:3947} INFO - Setting next_dagrun for etl_strava_user_profile to 2025-11-18 03:00:00+00:00, run_after=2025-11-19 03:00:00+00:00
[2025-11-19T00:28:08.087+0000] {processor.py:183} INFO - Processing /opt/airflow/dags/pipeline_strava_user.py took 0.075 seconds
[2025-11-19T00:28:38.502+0000] {processor.py:161} INFO - Started process (PID=11627) to work on /opt/airflow/dags/pipeline_strava_user.py
[2025-11-19T00:28:38.503+0000] {processor.py:830} INFO - Processing file /opt/airflow/dags/pipeline_strava_user.py for tasks to queue
[2025-11-19T00:28:38.506+0000] {logging_mixin.py:188} INFO - [2025-11-19T00:28:38.506+0000] {dagbag.py:545} INFO - Filling up the DagBag from /opt/airflow/dags/pipeline_strava_user.py
[2025-11-19T00:28:38.519+0000] {processor.py:840} INFO - DAG(s) 'etl_strava_user_profile' retrieved from /opt/airflow/dags/pipeline_strava_user.py
[2025-11-19T00:28:38.540+0000] {logging_mixin.py:188} INFO - [2025-11-19T00:28:38.540+0000] {dag.py:3089} INFO - Sync 1 DAGs
[2025-11-19T00:28:38.554+0000] {logging_mixin.py:188} INFO - [2025-11-19T00:28:38.553+0000] {dag.py:3947} INFO - Setting next_dagrun for etl_strava_user_profile to 2025-11-18 03:00:00+00:00, run_after=2025-11-19 03:00:00+00:00
[2025-11-19T00:28:38.563+0000] {processor.py:183} INFO - Processing /opt/airflow/dags/pipeline_strava_user.py took 0.068 seconds
[2025-11-19T00:29:08.798+0000] {processor.py:161} INFO - Started process (PID=11642) to work on /opt/airflow/dags/pipeline_strava_user.py
[2025-11-19T00:29:08.799+0000] {processor.py:830} INFO - Processing file /opt/airflow/dags/pipeline_strava_user.py for tasks to queue
[2025-11-19T00:29:08.800+0000] {logging_mixin.py:188} INFO - [2025-11-19T00:29:08.800+0000] {dagbag.py:545} INFO - Filling up the DagBag from /opt/airflow/dags/pipeline_strava_user.py
[2025-11-19T00:29:08.814+0000] {processor.py:840} INFO - DAG(s) 'etl_strava_user_profile' retrieved from /opt/airflow/dags/pipeline_strava_user.py
[2025-11-19T00:29:08.837+0000] {logging_mixin.py:188} INFO - [2025-11-19T00:29:08.837+0000] {dag.py:3089} INFO - Sync 1 DAGs
[2025-11-19T00:29:08.852+0000] {logging_mixin.py:188} INFO - [2025-11-19T00:29:08.852+0000] {dag.py:3947} INFO - Setting next_dagrun for etl_strava_user_profile to 2025-11-18 03:00:00+00:00, run_after=2025-11-19 03:00:00+00:00
[2025-11-19T00:29:08.865+0000] {processor.py:183} INFO - Processing /opt/airflow/dags/pipeline_strava_user.py took 0.071 seconds
[2025-11-19T00:29:39.120+0000] {processor.py:161} INFO - Started process (PID=11657) to work on /opt/airflow/dags/pipeline_strava_user.py
[2025-11-19T00:29:39.121+0000] {processor.py:830} INFO - Processing file /opt/airflow/dags/pipeline_strava_user.py for tasks to queue
[2025-11-19T00:29:39.123+0000] {logging_mixin.py:188} INFO - [2025-11-19T00:29:39.123+0000] {dagbag.py:545} INFO - Filling up the DagBag from /opt/airflow/dags/pipeline_strava_user.py
[2025-11-19T00:29:39.137+0000] {processor.py:840} INFO - DAG(s) 'etl_strava_user_profile' retrieved from /opt/airflow/dags/pipeline_strava_user.py
[2025-11-19T00:29:39.154+0000] {logging_mixin.py:188} INFO - [2025-11-19T00:29:39.154+0000] {dag.py:3089} INFO - Sync 1 DAGs
[2025-11-19T00:29:39.165+0000] {logging_mixin.py:188} INFO - [2025-11-19T00:29:39.165+0000] {dag.py:3947} INFO - Setting next_dagrun for etl_strava_user_profile to 2025-11-18 03:00:00+00:00, run_after=2025-11-19 03:00:00+00:00
[2025-11-19T00:29:39.174+0000] {processor.py:183} INFO - Processing /opt/airflow/dags/pipeline_strava_user.py took 0.060 seconds
[2025-11-19T00:30:09.478+0000] {processor.py:161} INFO - Started process (PID=11672) to work on /opt/airflow/dags/pipeline_strava_user.py
[2025-11-19T00:30:09.478+0000] {processor.py:830} INFO - Processing file /opt/airflow/dags/pipeline_strava_user.py for tasks to queue
[2025-11-19T00:30:09.483+0000] {logging_mixin.py:188} INFO - [2025-11-19T00:30:09.482+0000] {dagbag.py:545} INFO - Filling up the DagBag from /opt/airflow/dags/pipeline_strava_user.py
[2025-11-19T00:30:09.498+0000] {processor.py:840} INFO - DAG(s) 'etl_strava_user_profile' retrieved from /opt/airflow/dags/pipeline_strava_user.py
[2025-11-19T00:30:09.522+0000] {logging_mixin.py:188} INFO - [2025-11-19T00:30:09.522+0000] {dag.py:3089} INFO - Sync 1 DAGs
[2025-11-19T00:30:09.535+0000] {logging_mixin.py:188} INFO - [2025-11-19T00:30:09.535+0000] {dag.py:3947} INFO - Setting next_dagrun for etl_strava_user_profile to 2025-11-18 03:00:00+00:00, run_after=2025-11-19 03:00:00+00:00
[2025-11-19T00:30:09.547+0000] {processor.py:183} INFO - Processing /opt/airflow/dags/pipeline_strava_user.py took 0.077 seconds
[2025-11-19T00:30:39.812+0000] {processor.py:161} INFO - Started process (PID=11687) to work on /opt/airflow/dags/pipeline_strava_user.py
[2025-11-19T00:30:39.813+0000] {processor.py:830} INFO - Processing file /opt/airflow/dags/pipeline_strava_user.py for tasks to queue
[2025-11-19T00:30:39.814+0000] {logging_mixin.py:188} INFO - [2025-11-19T00:30:39.814+0000] {dagbag.py:545} INFO - Filling up the DagBag from /opt/airflow/dags/pipeline_strava_user.py
[2025-11-19T00:30:39.824+0000] {processor.py:840} INFO - DAG(s) 'etl_strava_user_profile' retrieved from /opt/airflow/dags/pipeline_strava_user.py
[2025-11-19T00:30:39.841+0000] {logging_mixin.py:188} INFO - [2025-11-19T00:30:39.841+0000] {dag.py:3089} INFO - Sync 1 DAGs
[2025-11-19T00:30:39.853+0000] {logging_mixin.py:188} INFO - [2025-11-19T00:30:39.853+0000] {dag.py:3947} INFO - Setting next_dagrun for etl_strava_user_profile to 2025-11-18 03:00:00+00:00, run_after=2025-11-19 03:00:00+00:00
[2025-11-19T00:30:39.860+0000] {processor.py:183} INFO - Processing /opt/airflow/dags/pipeline_strava_user.py took 0.054 seconds
[2025-11-19T00:31:10.138+0000] {processor.py:161} INFO - Started process (PID=11714) to work on /opt/airflow/dags/pipeline_strava_user.py
[2025-11-19T00:31:10.139+0000] {processor.py:830} INFO - Processing file /opt/airflow/dags/pipeline_strava_user.py for tasks to queue
[2025-11-19T00:31:10.142+0000] {logging_mixin.py:188} INFO - [2025-11-19T00:31:10.141+0000] {dagbag.py:545} INFO - Filling up the DagBag from /opt/airflow/dags/pipeline_strava_user.py
[2025-11-19T00:31:10.155+0000] {processor.py:840} INFO - DAG(s) 'etl_strava_user_profile' retrieved from /opt/airflow/dags/pipeline_strava_user.py
[2025-11-19T00:31:10.188+0000] {logging_mixin.py:188} INFO - [2025-11-19T00:31:10.188+0000] {dag.py:3089} INFO - Sync 1 DAGs
[2025-11-19T00:31:10.244+0000] {logging_mixin.py:188} INFO - [2025-11-19T00:31:10.243+0000] {dag.py:3947} INFO - Setting next_dagrun for etl_strava_user_profile to 2025-11-18 03:00:00+00:00, run_after=2025-11-19 03:00:00+00:00
[2025-11-19T00:31:10.271+0000] {processor.py:183} INFO - Processing /opt/airflow/dags/pipeline_strava_user.py took 0.138 seconds
[2025-11-19T00:31:40.533+0000] {processor.py:161} INFO - Started process (PID=11729) to work on /opt/airflow/dags/pipeline_strava_user.py
[2025-11-19T00:31:40.533+0000] {processor.py:830} INFO - Processing file /opt/airflow/dags/pipeline_strava_user.py for tasks to queue
[2025-11-19T00:31:40.535+0000] {logging_mixin.py:188} INFO - [2025-11-19T00:31:40.535+0000] {dagbag.py:545} INFO - Filling up the DagBag from /opt/airflow/dags/pipeline_strava_user.py
[2025-11-19T00:31:40.557+0000] {processor.py:840} INFO - DAG(s) 'etl_strava_user_profile' retrieved from /opt/airflow/dags/pipeline_strava_user.py
[2025-11-19T00:31:40.585+0000] {logging_mixin.py:188} INFO - [2025-11-19T00:31:40.585+0000] {dag.py:3089} INFO - Sync 1 DAGs
[2025-11-19T00:31:40.606+0000] {logging_mixin.py:188} INFO - [2025-11-19T00:31:40.605+0000] {dag.py:3947} INFO - Setting next_dagrun for etl_strava_user_profile to 2025-11-18 03:00:00+00:00, run_after=2025-11-19 03:00:00+00:00
[2025-11-19T00:31:40.621+0000] {processor.py:183} INFO - Processing /opt/airflow/dags/pipeline_strava_user.py took 0.096 seconds
[2025-11-19T00:32:10.964+0000] {processor.py:161} INFO - Started process (PID=11744) to work on /opt/airflow/dags/pipeline_strava_user.py
[2025-11-19T00:32:10.965+0000] {processor.py:830} INFO - Processing file /opt/airflow/dags/pipeline_strava_user.py for tasks to queue
[2025-11-19T00:32:10.968+0000] {logging_mixin.py:188} INFO - [2025-11-19T00:32:10.967+0000] {dagbag.py:545} INFO - Filling up the DagBag from /opt/airflow/dags/pipeline_strava_user.py
[2025-11-19T00:32:10.982+0000] {processor.py:840} INFO - DAG(s) 'etl_strava_user_profile' retrieved from /opt/airflow/dags/pipeline_strava_user.py
[2025-11-19T00:32:11.002+0000] {logging_mixin.py:188} INFO - [2025-11-19T00:32:11.002+0000] {dag.py:3089} INFO - Sync 1 DAGs
[2025-11-19T00:32:11.015+0000] {logging_mixin.py:188} INFO - [2025-11-19T00:32:11.015+0000] {dag.py:3947} INFO - Setting next_dagrun for etl_strava_user_profile to 2025-11-18 03:00:00+00:00, run_after=2025-11-19 03:00:00+00:00
[2025-11-19T00:32:11.026+0000] {processor.py:183} INFO - Processing /opt/airflow/dags/pipeline_strava_user.py took 0.070 seconds
[2025-11-19T00:32:41.297+0000] {processor.py:161} INFO - Started process (PID=11759) to work on /opt/airflow/dags/pipeline_strava_user.py
[2025-11-19T00:32:41.298+0000] {processor.py:830} INFO - Processing file /opt/airflow/dags/pipeline_strava_user.py for tasks to queue
[2025-11-19T00:32:41.301+0000] {logging_mixin.py:188} INFO - [2025-11-19T00:32:41.300+0000] {dagbag.py:545} INFO - Filling up the DagBag from /opt/airflow/dags/pipeline_strava_user.py
[2025-11-19T00:32:41.312+0000] {processor.py:840} INFO - DAG(s) 'etl_strava_user_profile' retrieved from /opt/airflow/dags/pipeline_strava_user.py
[2025-11-19T00:32:41.324+0000] {logging_mixin.py:188} INFO - [2025-11-19T00:32:41.323+0000] {dag.py:3089} INFO - Sync 1 DAGs
[2025-11-19T00:32:41.340+0000] {logging_mixin.py:188} INFO - [2025-11-19T00:32:41.340+0000] {dag.py:3947} INFO - Setting next_dagrun for etl_strava_user_profile to 2025-11-18 03:00:00+00:00, run_after=2025-11-19 03:00:00+00:00
[2025-11-19T00:32:41.350+0000] {processor.py:183} INFO - Processing /opt/airflow/dags/pipeline_strava_user.py took 0.059 seconds
[2025-11-19T00:33:11.577+0000] {processor.py:161} INFO - Started process (PID=11786) to work on /opt/airflow/dags/pipeline_strava_user.py
[2025-11-19T00:33:11.578+0000] {processor.py:830} INFO - Processing file /opt/airflow/dags/pipeline_strava_user.py for tasks to queue
[2025-11-19T00:33:11.578+0000] {logging_mixin.py:188} INFO - [2025-11-19T00:33:11.578+0000] {dagbag.py:545} INFO - Filling up the DagBag from /opt/airflow/dags/pipeline_strava_user.py
[2025-11-19T00:33:11.584+0000] {processor.py:840} INFO - DAG(s) 'etl_strava_user_profile' retrieved from /opt/airflow/dags/pipeline_strava_user.py
[2025-11-19T00:33:11.638+0000] {logging_mixin.py:188} INFO - [2025-11-19T00:33:11.638+0000] {dag.py:3089} INFO - Sync 1 DAGs
[2025-11-19T00:33:11.647+0000] {logging_mixin.py:188} INFO - [2025-11-19T00:33:11.647+0000] {dag.py:3947} INFO - Setting next_dagrun for etl_strava_user_profile to 2025-11-18 03:00:00+00:00, run_after=2025-11-19 03:00:00+00:00
[2025-11-19T00:33:11.655+0000] {processor.py:183} INFO - Processing /opt/airflow/dags/pipeline_strava_user.py took 0.083 seconds
[2025-11-19T00:33:41.912+0000] {processor.py:161} INFO - Started process (PID=11801) to work on /opt/airflow/dags/pipeline_strava_user.py
[2025-11-19T00:33:41.913+0000] {processor.py:830} INFO - Processing file /opt/airflow/dags/pipeline_strava_user.py for tasks to queue
[2025-11-19T00:33:41.915+0000] {logging_mixin.py:188} INFO - [2025-11-19T00:33:41.915+0000] {dagbag.py:545} INFO - Filling up the DagBag from /opt/airflow/dags/pipeline_strava_user.py
[2025-11-19T00:33:41.928+0000] {processor.py:840} INFO - DAG(s) 'etl_strava_user_profile' retrieved from /opt/airflow/dags/pipeline_strava_user.py
[2025-11-19T00:33:41.949+0000] {logging_mixin.py:188} INFO - [2025-11-19T00:33:41.949+0000] {dag.py:3089} INFO - Sync 1 DAGs
[2025-11-19T00:33:41.962+0000] {logging_mixin.py:188} INFO - [2025-11-19T00:33:41.962+0000] {dag.py:3947} INFO - Setting next_dagrun for etl_strava_user_profile to 2025-11-18 03:00:00+00:00, run_after=2025-11-19 03:00:00+00:00
[2025-11-19T00:33:41.971+0000] {processor.py:183} INFO - Processing /opt/airflow/dags/pipeline_strava_user.py took 0.069 seconds
[2025-11-19T00:34:12.205+0000] {processor.py:161} INFO - Started process (PID=11816) to work on /opt/airflow/dags/pipeline_strava_user.py
[2025-11-19T00:34:12.206+0000] {processor.py:830} INFO - Processing file /opt/airflow/dags/pipeline_strava_user.py for tasks to queue
[2025-11-19T00:34:12.208+0000] {logging_mixin.py:188} INFO - [2025-11-19T00:34:12.208+0000] {dagbag.py:545} INFO - Filling up the DagBag from /opt/airflow/dags/pipeline_strava_user.py
[2025-11-19T00:34:12.217+0000] {processor.py:840} INFO - DAG(s) 'etl_strava_user_profile' retrieved from /opt/airflow/dags/pipeline_strava_user.py
[2025-11-19T00:34:12.236+0000] {logging_mixin.py:188} INFO - [2025-11-19T00:34:12.236+0000] {dag.py:3089} INFO - Sync 1 DAGs
[2025-11-19T00:34:12.250+0000] {logging_mixin.py:188} INFO - [2025-11-19T00:34:12.249+0000] {dag.py:3947} INFO - Setting next_dagrun for etl_strava_user_profile to 2025-11-18 03:00:00+00:00, run_after=2025-11-19 03:00:00+00:00
[2025-11-19T00:34:12.260+0000] {processor.py:183} INFO - Processing /opt/airflow/dags/pipeline_strava_user.py took 0.059 seconds
[2025-11-19T00:35:00.285+0000] {processor.py:161} INFO - Started process (PID=164) to work on /opt/airflow/dags/pipeline_strava_user.py
[2025-11-19T00:35:00.286+0000] {processor.py:830} INFO - Processing file /opt/airflow/dags/pipeline_strava_user.py for tasks to queue
[2025-11-19T00:35:00.290+0000] {logging_mixin.py:188} INFO - [2025-11-19T00:35:00.290+0000] {dagbag.py:545} INFO - Filling up the DagBag from /opt/airflow/dags/pipeline_strava_user.py
[2025-11-19T00:35:00.315+0000] {processor.py:840} INFO - DAG(s) 'etl_strava_user_profile' retrieved from /opt/airflow/dags/pipeline_strava_user.py
[2025-11-19T00:35:00.371+0000] {logging_mixin.py:188} INFO - [2025-11-19T00:35:00.371+0000] {dag.py:3089} INFO - Sync 1 DAGs
[2025-11-19T00:35:00.403+0000] {logging_mixin.py:188} INFO - [2025-11-19T00:35:00.403+0000] {dag.py:3947} INFO - Setting next_dagrun for etl_strava_user_profile to 2025-11-18 03:00:00+00:00, run_after=2025-11-19 03:00:00+00:00
[2025-11-19T00:35:00.416+0000] {processor.py:183} INFO - Processing /opt/airflow/dags/pipeline_strava_user.py took 0.139 seconds
[2025-11-19T00:35:30.627+0000] {processor.py:161} INFO - Started process (PID=192) to work on /opt/airflow/dags/pipeline_strava_user.py
[2025-11-19T00:35:30.628+0000] {processor.py:830} INFO - Processing file /opt/airflow/dags/pipeline_strava_user.py for tasks to queue
[2025-11-19T00:35:30.636+0000] {logging_mixin.py:188} INFO - [2025-11-19T00:35:30.636+0000] {dagbag.py:545} INFO - Filling up the DagBag from /opt/airflow/dags/pipeline_strava_user.py
[2025-11-19T00:35:30.651+0000] {processor.py:840} INFO - DAG(s) 'etl_strava_user_profile' retrieved from /opt/airflow/dags/pipeline_strava_user.py
[2025-11-19T00:35:30.951+0000] {logging_mixin.py:188} INFO - [2025-11-19T00:35:30.951+0000] {dag.py:3089} INFO - Sync 1 DAGs
[2025-11-19T00:35:30.982+0000] {logging_mixin.py:188} INFO - [2025-11-19T00:35:30.982+0000] {dag.py:3947} INFO - Setting next_dagrun for etl_strava_user_profile to 2025-11-18 03:00:00+00:00, run_after=2025-11-19 03:00:00+00:00
[2025-11-19T00:35:31.000+0000] {processor.py:183} INFO - Processing /opt/airflow/dags/pipeline_strava_user.py took 0.386 seconds
[2025-11-19T00:36:01.271+0000] {processor.py:161} INFO - Started process (PID=207) to work on /opt/airflow/dags/pipeline_strava_user.py
[2025-11-19T00:36:01.272+0000] {processor.py:830} INFO - Processing file /opt/airflow/dags/pipeline_strava_user.py for tasks to queue
[2025-11-19T00:36:01.274+0000] {logging_mixin.py:188} INFO - [2025-11-19T00:36:01.273+0000] {dagbag.py:545} INFO - Filling up the DagBag from /opt/airflow/dags/pipeline_strava_user.py
[2025-11-19T00:36:01.294+0000] {processor.py:840} INFO - DAG(s) 'etl_strava_user_profile' retrieved from /opt/airflow/dags/pipeline_strava_user.py
[2025-11-19T00:36:01.354+0000] {logging_mixin.py:188} INFO - [2025-11-19T00:36:01.353+0000] {dag.py:3089} INFO - Sync 1 DAGs
[2025-11-19T00:36:01.380+0000] {logging_mixin.py:188} INFO - [2025-11-19T00:36:01.380+0000] {dag.py:3947} INFO - Setting next_dagrun for etl_strava_user_profile to 2025-11-18 03:00:00+00:00, run_after=2025-11-19 03:00:00+00:00
[2025-11-19T00:36:01.400+0000] {processor.py:183} INFO - Processing /opt/airflow/dags/pipeline_strava_user.py took 0.136 seconds
[2025-11-19T00:36:31.694+0000] {processor.py:161} INFO - Started process (PID=234) to work on /opt/airflow/dags/pipeline_strava_user.py
[2025-11-19T00:36:31.695+0000] {processor.py:830} INFO - Processing file /opt/airflow/dags/pipeline_strava_user.py for tasks to queue
[2025-11-19T00:36:31.697+0000] {logging_mixin.py:188} INFO - [2025-11-19T00:36:31.697+0000] {dagbag.py:545} INFO - Filling up the DagBag from /opt/airflow/dags/pipeline_strava_user.py
[2025-11-19T00:36:31.715+0000] {processor.py:840} INFO - DAG(s) 'etl_strava_user_profile' retrieved from /opt/airflow/dags/pipeline_strava_user.py
[2025-11-19T00:36:31.751+0000] {logging_mixin.py:188} INFO - [2025-11-19T00:36:31.751+0000] {dag.py:3089} INFO - Sync 1 DAGs
[2025-11-19T00:36:31.768+0000] {logging_mixin.py:188} INFO - [2025-11-19T00:36:31.768+0000] {dag.py:3947} INFO - Setting next_dagrun for etl_strava_user_profile to 2025-11-18 03:00:00+00:00, run_after=2025-11-19 03:00:00+00:00
[2025-11-19T00:36:31.778+0000] {processor.py:183} INFO - Processing /opt/airflow/dags/pipeline_strava_user.py took 0.093 seconds
[2025-11-19T00:37:02.048+0000] {processor.py:161} INFO - Started process (PID=249) to work on /opt/airflow/dags/pipeline_strava_user.py
[2025-11-19T00:37:02.050+0000] {processor.py:830} INFO - Processing file /opt/airflow/dags/pipeline_strava_user.py for tasks to queue
[2025-11-19T00:37:02.052+0000] {logging_mixin.py:188} INFO - [2025-11-19T00:37:02.052+0000] {dagbag.py:545} INFO - Filling up the DagBag from /opt/airflow/dags/pipeline_strava_user.py
[2025-11-19T00:37:02.066+0000] {processor.py:840} INFO - DAG(s) 'etl_strava_user_profile' retrieved from /opt/airflow/dags/pipeline_strava_user.py
[2025-11-19T00:37:02.091+0000] {logging_mixin.py:188} INFO - [2025-11-19T00:37:02.091+0000] {dag.py:3089} INFO - Sync 1 DAGs
[2025-11-19T00:37:02.106+0000] {logging_mixin.py:188} INFO - [2025-11-19T00:37:02.106+0000] {dag.py:3947} INFO - Setting next_dagrun for etl_strava_user_profile to 2025-11-18 03:00:00+00:00, run_after=2025-11-19 03:00:00+00:00
[2025-11-19T00:37:02.115+0000] {processor.py:183} INFO - Processing /opt/airflow/dags/pipeline_strava_user.py took 0.076 seconds
[2025-11-19T00:37:32.367+0000] {processor.py:161} INFO - Started process (PID=264) to work on /opt/airflow/dags/pipeline_strava_user.py
[2025-11-19T00:37:32.367+0000] {processor.py:830} INFO - Processing file /opt/airflow/dags/pipeline_strava_user.py for tasks to queue
[2025-11-19T00:37:32.369+0000] {logging_mixin.py:188} INFO - [2025-11-19T00:37:32.369+0000] {dagbag.py:545} INFO - Filling up the DagBag from /opt/airflow/dags/pipeline_strava_user.py
[2025-11-19T00:37:32.382+0000] {processor.py:840} INFO - DAG(s) 'etl_strava_user_profile' retrieved from /opt/airflow/dags/pipeline_strava_user.py
[2025-11-19T00:37:32.404+0000] {logging_mixin.py:188} INFO - [2025-11-19T00:37:32.404+0000] {dag.py:3089} INFO - Sync 1 DAGs
[2025-11-19T00:37:32.418+0000] {logging_mixin.py:188} INFO - [2025-11-19T00:37:32.418+0000] {dag.py:3947} INFO - Setting next_dagrun for etl_strava_user_profile to 2025-11-18 03:00:00+00:00, run_after=2025-11-19 03:00:00+00:00
[2025-11-19T00:37:32.427+0000] {processor.py:183} INFO - Processing /opt/airflow/dags/pipeline_strava_user.py took 0.069 seconds
[2025-11-19T00:38:02.687+0000] {processor.py:161} INFO - Started process (PID=291) to work on /opt/airflow/dags/pipeline_strava_user.py
[2025-11-19T00:38:02.688+0000] {processor.py:830} INFO - Processing file /opt/airflow/dags/pipeline_strava_user.py for tasks to queue
[2025-11-19T00:38:02.689+0000] {logging_mixin.py:188} INFO - [2025-11-19T00:38:02.689+0000] {dagbag.py:545} INFO - Filling up the DagBag from /opt/airflow/dags/pipeline_strava_user.py
[2025-11-19T00:38:02.699+0000] {processor.py:840} INFO - DAG(s) 'etl_strava_user_profile' retrieved from /opt/airflow/dags/pipeline_strava_user.py
[2025-11-19T00:38:02.720+0000] {logging_mixin.py:188} INFO - [2025-11-19T00:38:02.720+0000] {dag.py:3089} INFO - Sync 1 DAGs
[2025-11-19T00:38:02.739+0000] {logging_mixin.py:188} INFO - [2025-11-19T00:38:02.739+0000] {dag.py:3947} INFO - Setting next_dagrun for etl_strava_user_profile to 2025-11-18 03:00:00+00:00, run_after=2025-11-19 03:00:00+00:00
[2025-11-19T00:38:02.748+0000] {processor.py:183} INFO - Processing /opt/airflow/dags/pipeline_strava_user.py took 0.066 seconds
[2025-11-19T00:38:33.002+0000] {processor.py:161} INFO - Started process (PID=306) to work on /opt/airflow/dags/pipeline_strava_user.py
[2025-11-19T00:38:33.003+0000] {processor.py:830} INFO - Processing file /opt/airflow/dags/pipeline_strava_user.py for tasks to queue
[2025-11-19T00:38:33.006+0000] {logging_mixin.py:188} INFO - [2025-11-19T00:38:33.005+0000] {dagbag.py:545} INFO - Filling up the DagBag from /opt/airflow/dags/pipeline_strava_user.py
[2025-11-19T00:38:33.019+0000] {processor.py:840} INFO - DAG(s) 'etl_strava_user_profile' retrieved from /opt/airflow/dags/pipeline_strava_user.py
[2025-11-19T00:38:33.037+0000] {logging_mixin.py:188} INFO - [2025-11-19T00:38:33.037+0000] {dag.py:3089} INFO - Sync 1 DAGs
[2025-11-19T00:38:33.052+0000] {logging_mixin.py:188} INFO - [2025-11-19T00:38:33.052+0000] {dag.py:3947} INFO - Setting next_dagrun for etl_strava_user_profile to 2025-11-18 03:00:00+00:00, run_after=2025-11-19 03:00:00+00:00
[2025-11-19T00:38:33.061+0000] {processor.py:183} INFO - Processing /opt/airflow/dags/pipeline_strava_user.py took 0.066 seconds
[2025-11-19T00:39:03.319+0000] {processor.py:161} INFO - Started process (PID=321) to work on /opt/airflow/dags/pipeline_strava_user.py
[2025-11-19T00:39:03.320+0000] {processor.py:830} INFO - Processing file /opt/airflow/dags/pipeline_strava_user.py for tasks to queue
[2025-11-19T00:39:03.321+0000] {logging_mixin.py:188} INFO - [2025-11-19T00:39:03.321+0000] {dagbag.py:545} INFO - Filling up the DagBag from /opt/airflow/dags/pipeline_strava_user.py
[2025-11-19T00:39:03.340+0000] {processor.py:840} INFO - DAG(s) 'etl_strava_user_profile' retrieved from /opt/airflow/dags/pipeline_strava_user.py
[2025-11-19T00:39:03.370+0000] {logging_mixin.py:188} INFO - [2025-11-19T00:39:03.369+0000] {dag.py:3089} INFO - Sync 1 DAGs
[2025-11-19T00:39:03.386+0000] {logging_mixin.py:188} INFO - [2025-11-19T00:39:03.386+0000] {dag.py:3947} INFO - Setting next_dagrun for etl_strava_user_profile to 2025-11-18 03:00:00+00:00, run_after=2025-11-19 03:00:00+00:00
[2025-11-19T00:39:03.400+0000] {processor.py:183} INFO - Processing /opt/airflow/dags/pipeline_strava_user.py took 0.087 seconds
[2025-11-19T00:39:33.661+0000] {processor.py:161} INFO - Started process (PID=336) to work on /opt/airflow/dags/pipeline_strava_user.py
[2025-11-19T00:39:33.662+0000] {processor.py:830} INFO - Processing file /opt/airflow/dags/pipeline_strava_user.py for tasks to queue
[2025-11-19T00:39:33.663+0000] {logging_mixin.py:188} INFO - [2025-11-19T00:39:33.662+0000] {dagbag.py:545} INFO - Filling up the DagBag from /opt/airflow/dags/pipeline_strava_user.py
[2025-11-19T00:39:33.671+0000] {processor.py:840} INFO - DAG(s) 'etl_strava_user_profile' retrieved from /opt/airflow/dags/pipeline_strava_user.py
[2025-11-19T00:39:33.689+0000] {logging_mixin.py:188} INFO - [2025-11-19T00:39:33.689+0000] {dag.py:3089} INFO - Sync 1 DAGs
[2025-11-19T00:39:33.700+0000] {logging_mixin.py:188} INFO - [2025-11-19T00:39:33.700+0000] {dag.py:3947} INFO - Setting next_dagrun for etl_strava_user_profile to 2025-11-18 03:00:00+00:00, run_after=2025-11-19 03:00:00+00:00
[2025-11-19T00:39:33.709+0000] {processor.py:183} INFO - Processing /opt/airflow/dags/pipeline_strava_user.py took 0.054 seconds
[2025-11-19T00:40:04.051+0000] {processor.py:161} INFO - Started process (PID=351) to work on /opt/airflow/dags/pipeline_strava_user.py
[2025-11-19T00:40:04.055+0000] {processor.py:830} INFO - Processing file /opt/airflow/dags/pipeline_strava_user.py for tasks to queue
[2025-11-19T00:40:04.060+0000] {logging_mixin.py:188} INFO - [2025-11-19T00:40:04.059+0000] {dagbag.py:545} INFO - Filling up the DagBag from /opt/airflow/dags/pipeline_strava_user.py
[2025-11-19T00:40:04.080+0000] {processor.py:840} INFO - DAG(s) 'etl_strava_user_profile' retrieved from /opt/airflow/dags/pipeline_strava_user.py
[2025-11-19T00:40:04.110+0000] {logging_mixin.py:188} INFO - [2025-11-19T00:40:04.110+0000] {dag.py:3089} INFO - Sync 1 DAGs
[2025-11-19T00:40:04.130+0000] {logging_mixin.py:188} INFO - [2025-11-19T00:40:04.129+0000] {dag.py:3947} INFO - Setting next_dagrun for etl_strava_user_profile to 2025-11-18 03:00:00+00:00, run_after=2025-11-19 03:00:00+00:00
[2025-11-19T00:40:04.142+0000] {processor.py:183} INFO - Processing /opt/airflow/dags/pipeline_strava_user.py took 0.100 seconds
[2025-11-19T00:40:34.384+0000] {processor.py:161} INFO - Started process (PID=378) to work on /opt/airflow/dags/pipeline_strava_user.py
[2025-11-19T00:40:34.385+0000] {processor.py:830} INFO - Processing file /opt/airflow/dags/pipeline_strava_user.py for tasks to queue
[2025-11-19T00:40:34.387+0000] {logging_mixin.py:188} INFO - [2025-11-19T00:40:34.387+0000] {dagbag.py:545} INFO - Filling up the DagBag from /opt/airflow/dags/pipeline_strava_user.py
[2025-11-19T00:40:34.395+0000] {processor.py:840} INFO - DAG(s) 'etl_strava_user_profile' retrieved from /opt/airflow/dags/pipeline_strava_user.py
[2025-11-19T00:40:34.414+0000] {logging_mixin.py:188} INFO - [2025-11-19T00:40:34.414+0000] {dag.py:3089} INFO - Sync 1 DAGs
[2025-11-19T00:40:34.425+0000] {logging_mixin.py:188} INFO - [2025-11-19T00:40:34.425+0000] {dag.py:3947} INFO - Setting next_dagrun for etl_strava_user_profile to 2025-11-18 03:00:00+00:00, run_after=2025-11-19 03:00:00+00:00
[2025-11-19T00:40:34.432+0000] {processor.py:183} INFO - Processing /opt/airflow/dags/pipeline_strava_user.py took 0.054 seconds
[2025-11-19T00:41:04.712+0000] {processor.py:161} INFO - Started process (PID=393) to work on /opt/airflow/dags/pipeline_strava_user.py
[2025-11-19T00:41:04.713+0000] {processor.py:830} INFO - Processing file /opt/airflow/dags/pipeline_strava_user.py for tasks to queue
[2025-11-19T00:41:04.717+0000] {logging_mixin.py:188} INFO - [2025-11-19T00:41:04.716+0000] {dagbag.py:545} INFO - Filling up the DagBag from /opt/airflow/dags/pipeline_strava_user.py
[2025-11-19T00:41:04.736+0000] {processor.py:840} INFO - DAG(s) 'etl_strava_user_profile' retrieved from /opt/airflow/dags/pipeline_strava_user.py
[2025-11-19T00:41:04.759+0000] {logging_mixin.py:188} INFO - [2025-11-19T00:41:04.759+0000] {dag.py:3089} INFO - Sync 1 DAGs
[2025-11-19T00:41:04.774+0000] {logging_mixin.py:188} INFO - [2025-11-19T00:41:04.774+0000] {dag.py:3947} INFO - Setting next_dagrun for etl_strava_user_profile to 2025-11-18 03:00:00+00:00, run_after=2025-11-19 03:00:00+00:00
[2025-11-19T00:41:04.782+0000] {processor.py:183} INFO - Processing /opt/airflow/dags/pipeline_strava_user.py took 0.081 seconds
[2025-11-19T00:41:35.004+0000] {processor.py:161} INFO - Started process (PID=408) to work on /opt/airflow/dags/pipeline_strava_user.py
[2025-11-19T00:41:35.005+0000] {processor.py:830} INFO - Processing file /opt/airflow/dags/pipeline_strava_user.py for tasks to queue
[2025-11-19T00:41:35.007+0000] {logging_mixin.py:188} INFO - [2025-11-19T00:41:35.007+0000] {dagbag.py:545} INFO - Filling up the DagBag from /opt/airflow/dags/pipeline_strava_user.py
[2025-11-19T00:41:35.016+0000] {processor.py:840} INFO - DAG(s) 'etl_strava_user_profile' retrieved from /opt/airflow/dags/pipeline_strava_user.py
[2025-11-19T00:41:35.036+0000] {logging_mixin.py:188} INFO - [2025-11-19T00:41:35.036+0000] {dag.py:3089} INFO - Sync 1 DAGs
[2025-11-19T00:41:35.053+0000] {logging_mixin.py:188} INFO - [2025-11-19T00:41:35.053+0000] {dag.py:3947} INFO - Setting next_dagrun for etl_strava_user_profile to 2025-11-18 03:00:00+00:00, run_after=2025-11-19 03:00:00+00:00
[2025-11-19T00:41:35.062+0000] {processor.py:183} INFO - Processing /opt/airflow/dags/pipeline_strava_user.py took 0.063 seconds
[2025-11-19T00:42:05.287+0000] {processor.py:161} INFO - Started process (PID=423) to work on /opt/airflow/dags/pipeline_strava_user.py
[2025-11-19T00:42:05.290+0000] {processor.py:830} INFO - Processing file /opt/airflow/dags/pipeline_strava_user.py for tasks to queue
[2025-11-19T00:42:05.294+0000] {logging_mixin.py:188} INFO - [2025-11-19T00:42:05.294+0000] {dagbag.py:545} INFO - Filling up the DagBag from /opt/airflow/dags/pipeline_strava_user.py
[2025-11-19T00:42:05.309+0000] {processor.py:840} INFO - DAG(s) 'etl_strava_user_profile' retrieved from /opt/airflow/dags/pipeline_strava_user.py
[2025-11-19T00:42:05.345+0000] {logging_mixin.py:188} INFO - [2025-11-19T00:42:05.344+0000] {dag.py:3089} INFO - Sync 1 DAGs
[2025-11-19T00:42:05.361+0000] {logging_mixin.py:188} INFO - [2025-11-19T00:42:05.361+0000] {dag.py:3947} INFO - Setting next_dagrun for etl_strava_user_profile to 2025-11-18 03:00:00+00:00, run_after=2025-11-19 03:00:00+00:00
[2025-11-19T00:42:05.370+0000] {processor.py:183} INFO - Processing /opt/airflow/dags/pipeline_strava_user.py took 0.091 seconds
[2025-11-19T00:42:35.645+0000] {processor.py:161} INFO - Started process (PID=438) to work on /opt/airflow/dags/pipeline_strava_user.py
[2025-11-19T00:42:35.646+0000] {processor.py:830} INFO - Processing file /opt/airflow/dags/pipeline_strava_user.py for tasks to queue
[2025-11-19T00:42:35.649+0000] {logging_mixin.py:188} INFO - [2025-11-19T00:42:35.649+0000] {dagbag.py:545} INFO - Filling up the DagBag from /opt/airflow/dags/pipeline_strava_user.py
[2025-11-19T00:42:35.660+0000] {processor.py:840} INFO - DAG(s) 'etl_strava_user_profile' retrieved from /opt/airflow/dags/pipeline_strava_user.py
[2025-11-19T00:42:35.681+0000] {logging_mixin.py:188} INFO - [2025-11-19T00:42:35.681+0000] {dag.py:3089} INFO - Sync 1 DAGs
[2025-11-19T00:42:35.696+0000] {logging_mixin.py:188} INFO - [2025-11-19T00:42:35.696+0000] {dag.py:3947} INFO - Setting next_dagrun for etl_strava_user_profile to 2025-11-18 03:00:00+00:00, run_after=2025-11-19 03:00:00+00:00
[2025-11-19T00:42:35.705+0000] {processor.py:183} INFO - Processing /opt/airflow/dags/pipeline_strava_user.py took 0.068 seconds
[2025-11-19T00:43:06.002+0000] {processor.py:161} INFO - Started process (PID=453) to work on /opt/airflow/dags/pipeline_strava_user.py
[2025-11-19T00:43:06.003+0000] {processor.py:830} INFO - Processing file /opt/airflow/dags/pipeline_strava_user.py for tasks to queue
[2025-11-19T00:43:06.005+0000] {logging_mixin.py:188} INFO - [2025-11-19T00:43:06.005+0000] {dagbag.py:545} INFO - Filling up the DagBag from /opt/airflow/dags/pipeline_strava_user.py
[2025-11-19T00:43:06.018+0000] {processor.py:840} INFO - DAG(s) 'etl_strava_user_profile' retrieved from /opt/airflow/dags/pipeline_strava_user.py
[2025-11-19T00:43:06.048+0000] {logging_mixin.py:188} INFO - [2025-11-19T00:43:06.048+0000] {dag.py:3089} INFO - Sync 1 DAGs
[2025-11-19T00:43:06.064+0000] {logging_mixin.py:188} INFO - [2025-11-19T00:43:06.064+0000] {dag.py:3947} INFO - Setting next_dagrun for etl_strava_user_profile to 2025-11-18 03:00:00+00:00, run_after=2025-11-19 03:00:00+00:00
[2025-11-19T00:43:06.080+0000] {processor.py:183} INFO - Processing /opt/airflow/dags/pipeline_strava_user.py took 0.085 seconds
[2025-11-19T00:43:36.292+0000] {processor.py:161} INFO - Started process (PID=468) to work on /opt/airflow/dags/pipeline_strava_user.py
[2025-11-19T00:43:36.292+0000] {processor.py:830} INFO - Processing file /opt/airflow/dags/pipeline_strava_user.py for tasks to queue
[2025-11-19T00:43:36.294+0000] {logging_mixin.py:188} INFO - [2025-11-19T00:43:36.294+0000] {dagbag.py:545} INFO - Filling up the DagBag from /opt/airflow/dags/pipeline_strava_user.py
[2025-11-19T00:43:36.304+0000] {processor.py:840} INFO - DAG(s) 'etl_strava_user_profile' retrieved from /opt/airflow/dags/pipeline_strava_user.py
[2025-11-19T00:43:36.327+0000] {logging_mixin.py:188} INFO - [2025-11-19T00:43:36.327+0000] {dag.py:3089} INFO - Sync 1 DAGs
[2025-11-19T00:43:36.341+0000] {logging_mixin.py:188} INFO - [2025-11-19T00:43:36.341+0000] {dag.py:3947} INFO - Setting next_dagrun for etl_strava_user_profile to 2025-11-18 03:00:00+00:00, run_after=2025-11-19 03:00:00+00:00
[2025-11-19T00:43:36.349+0000] {processor.py:183} INFO - Processing /opt/airflow/dags/pipeline_strava_user.py took 0.063 seconds
[2025-11-19T00:44:06.608+0000] {processor.py:161} INFO - Started process (PID=483) to work on /opt/airflow/dags/pipeline_strava_user.py
[2025-11-19T00:44:06.609+0000] {processor.py:830} INFO - Processing file /opt/airflow/dags/pipeline_strava_user.py for tasks to queue
[2025-11-19T00:44:06.610+0000] {logging_mixin.py:188} INFO - [2025-11-19T00:44:06.610+0000] {dagbag.py:545} INFO - Filling up the DagBag from /opt/airflow/dags/pipeline_strava_user.py
[2025-11-19T00:44:06.620+0000] {processor.py:840} INFO - DAG(s) 'etl_strava_user_profile' retrieved from /opt/airflow/dags/pipeline_strava_user.py
[2025-11-19T00:44:06.644+0000] {logging_mixin.py:188} INFO - [2025-11-19T00:44:06.644+0000] {dag.py:3089} INFO - Sync 1 DAGs
[2025-11-19T00:44:06.659+0000] {logging_mixin.py:188} INFO - [2025-11-19T00:44:06.658+0000] {dag.py:3947} INFO - Setting next_dagrun for etl_strava_user_profile to 2025-11-18 03:00:00+00:00, run_after=2025-11-19 03:00:00+00:00
[2025-11-19T00:44:06.670+0000] {processor.py:183} INFO - Processing /opt/airflow/dags/pipeline_strava_user.py took 0.066 seconds
[2025-11-19T00:44:36.899+0000] {processor.py:161} INFO - Started process (PID=498) to work on /opt/airflow/dags/pipeline_strava_user.py
[2025-11-19T00:44:36.899+0000] {processor.py:830} INFO - Processing file /opt/airflow/dags/pipeline_strava_user.py for tasks to queue
[2025-11-19T00:44:36.901+0000] {logging_mixin.py:188} INFO - [2025-11-19T00:44:36.901+0000] {dagbag.py:545} INFO - Filling up the DagBag from /opt/airflow/dags/pipeline_strava_user.py
[2025-11-19T00:44:36.920+0000] {processor.py:840} INFO - DAG(s) 'etl_strava_user_profile' retrieved from /opt/airflow/dags/pipeline_strava_user.py
[2025-11-19T00:44:36.957+0000] {logging_mixin.py:188} INFO - [2025-11-19T00:44:36.956+0000] {dag.py:3089} INFO - Sync 1 DAGs
[2025-11-19T00:44:36.976+0000] {logging_mixin.py:188} INFO - [2025-11-19T00:44:36.976+0000] {dag.py:3947} INFO - Setting next_dagrun for etl_strava_user_profile to 2025-11-18 03:00:00+00:00, run_after=2025-11-19 03:00:00+00:00
[2025-11-19T00:44:36.986+0000] {processor.py:183} INFO - Processing /opt/airflow/dags/pipeline_strava_user.py took 0.093 seconds
[2025-11-19T00:45:07.255+0000] {processor.py:161} INFO - Started process (PID=513) to work on /opt/airflow/dags/pipeline_strava_user.py
[2025-11-19T00:45:07.257+0000] {processor.py:830} INFO - Processing file /opt/airflow/dags/pipeline_strava_user.py for tasks to queue
[2025-11-19T00:45:07.259+0000] {logging_mixin.py:188} INFO - [2025-11-19T00:45:07.258+0000] {dagbag.py:545} INFO - Filling up the DagBag from /opt/airflow/dags/pipeline_strava_user.py
[2025-11-19T00:45:07.274+0000] {processor.py:840} INFO - DAG(s) 'etl_strava_user_profile' retrieved from /opt/airflow/dags/pipeline_strava_user.py
[2025-11-19T00:45:07.304+0000] {logging_mixin.py:188} INFO - [2025-11-19T00:45:07.304+0000] {dag.py:3089} INFO - Sync 1 DAGs
[2025-11-19T00:45:07.332+0000] {logging_mixin.py:188} INFO - [2025-11-19T00:45:07.332+0000] {dag.py:3947} INFO - Setting next_dagrun for etl_strava_user_profile to 2025-11-18 03:00:00+00:00, run_after=2025-11-19 03:00:00+00:00
[2025-11-19T00:45:07.353+0000] {processor.py:183} INFO - Processing /opt/airflow/dags/pipeline_strava_user.py took 0.106 seconds
[2025-11-19T00:45:37.605+0000] {processor.py:161} INFO - Started process (PID=528) to work on /opt/airflow/dags/pipeline_strava_user.py
[2025-11-19T00:45:37.605+0000] {processor.py:830} INFO - Processing file /opt/airflow/dags/pipeline_strava_user.py for tasks to queue
[2025-11-19T00:45:37.607+0000] {logging_mixin.py:188} INFO - [2025-11-19T00:45:37.607+0000] {dagbag.py:545} INFO - Filling up the DagBag from /opt/airflow/dags/pipeline_strava_user.py
[2025-11-19T00:45:37.618+0000] {processor.py:840} INFO - DAG(s) 'etl_strava_user_profile' retrieved from /opt/airflow/dags/pipeline_strava_user.py
[2025-11-19T00:45:37.642+0000] {logging_mixin.py:188} INFO - [2025-11-19T00:45:37.642+0000] {dag.py:3089} INFO - Sync 1 DAGs
[2025-11-19T00:45:37.658+0000] {logging_mixin.py:188} INFO - [2025-11-19T00:45:37.658+0000] {dag.py:3947} INFO - Setting next_dagrun for etl_strava_user_profile to 2025-11-18 03:00:00+00:00, run_after=2025-11-19 03:00:00+00:00
[2025-11-19T00:45:37.668+0000] {processor.py:183} INFO - Processing /opt/airflow/dags/pipeline_strava_user.py took 0.069 seconds
[2025-11-19T00:46:07.916+0000] {processor.py:161} INFO - Started process (PID=543) to work on /opt/airflow/dags/pipeline_strava_user.py
[2025-11-19T00:46:07.916+0000] {processor.py:830} INFO - Processing file /opt/airflow/dags/pipeline_strava_user.py for tasks to queue
[2025-11-19T00:46:07.918+0000] {logging_mixin.py:188} INFO - [2025-11-19T00:46:07.918+0000] {dagbag.py:545} INFO - Filling up the DagBag from /opt/airflow/dags/pipeline_strava_user.py
[2025-11-19T00:46:07.936+0000] {processor.py:840} INFO - DAG(s) 'etl_strava_user_profile' retrieved from /opt/airflow/dags/pipeline_strava_user.py
[2025-11-19T00:46:07.969+0000] {logging_mixin.py:188} INFO - [2025-11-19T00:46:07.969+0000] {dag.py:3089} INFO - Sync 1 DAGs
[2025-11-19T00:46:07.990+0000] {logging_mixin.py:188} INFO - [2025-11-19T00:46:07.990+0000] {dag.py:3947} INFO - Setting next_dagrun for etl_strava_user_profile to 2025-11-18 03:00:00+00:00, run_after=2025-11-19 03:00:00+00:00
[2025-11-19T00:46:08.000+0000] {processor.py:183} INFO - Processing /opt/airflow/dags/pipeline_strava_user.py took 0.091 seconds
[2025-11-19T00:46:38.280+0000] {processor.py:161} INFO - Started process (PID=558) to work on /opt/airflow/dags/pipeline_strava_user.py
[2025-11-19T00:46:38.281+0000] {processor.py:830} INFO - Processing file /opt/airflow/dags/pipeline_strava_user.py for tasks to queue
[2025-11-19T00:46:38.282+0000] {logging_mixin.py:188} INFO - [2025-11-19T00:46:38.282+0000] {dagbag.py:545} INFO - Filling up the DagBag from /opt/airflow/dags/pipeline_strava_user.py
[2025-11-19T00:46:38.293+0000] {processor.py:840} INFO - DAG(s) 'etl_strava_user_profile' retrieved from /opt/airflow/dags/pipeline_strava_user.py
[2025-11-19T00:46:38.312+0000] {logging_mixin.py:188} INFO - [2025-11-19T00:46:38.312+0000] {dag.py:3089} INFO - Sync 1 DAGs
[2025-11-19T00:46:38.330+0000] {logging_mixin.py:188} INFO - [2025-11-19T00:46:38.330+0000] {dag.py:3947} INFO - Setting next_dagrun for etl_strava_user_profile to 2025-11-18 03:00:00+00:00, run_after=2025-11-19 03:00:00+00:00
[2025-11-19T00:46:38.339+0000] {processor.py:183} INFO - Processing /opt/airflow/dags/pipeline_strava_user.py took 0.064 seconds
[2025-11-19T00:47:08.597+0000] {processor.py:161} INFO - Started process (PID=573) to work on /opt/airflow/dags/pipeline_strava_user.py
[2025-11-19T00:47:08.599+0000] {processor.py:830} INFO - Processing file /opt/airflow/dags/pipeline_strava_user.py for tasks to queue
[2025-11-19T00:47:08.604+0000] {logging_mixin.py:188} INFO - [2025-11-19T00:47:08.604+0000] {dagbag.py:545} INFO - Filling up the DagBag from /opt/airflow/dags/pipeline_strava_user.py
[2025-11-19T00:47:08.624+0000] {processor.py:840} INFO - DAG(s) 'etl_strava_user_profile' retrieved from /opt/airflow/dags/pipeline_strava_user.py
[2025-11-19T00:47:08.656+0000] {logging_mixin.py:188} INFO - [2025-11-19T00:47:08.656+0000] {dag.py:3089} INFO - Sync 1 DAGs
[2025-11-19T00:47:08.670+0000] {logging_mixin.py:188} INFO - [2025-11-19T00:47:08.670+0000] {dag.py:3947} INFO - Setting next_dagrun for etl_strava_user_profile to 2025-11-18 03:00:00+00:00, run_after=2025-11-19 03:00:00+00:00
[2025-11-19T00:47:08.679+0000] {processor.py:183} INFO - Processing /opt/airflow/dags/pipeline_strava_user.py took 0.087 seconds
[2025-11-19T00:47:38.963+0000] {processor.py:161} INFO - Started process (PID=588) to work on /opt/airflow/dags/pipeline_strava_user.py
[2025-11-19T00:47:38.964+0000] {processor.py:830} INFO - Processing file /opt/airflow/dags/pipeline_strava_user.py for tasks to queue
[2025-11-19T00:47:38.970+0000] {logging_mixin.py:188} INFO - [2025-11-19T00:47:38.969+0000] {dagbag.py:545} INFO - Filling up the DagBag from /opt/airflow/dags/pipeline_strava_user.py
[2025-11-19T00:47:38.989+0000] {processor.py:840} INFO - DAG(s) 'etl_strava_user_profile' retrieved from /opt/airflow/dags/pipeline_strava_user.py
[2025-11-19T00:47:39.019+0000] {logging_mixin.py:188} INFO - [2025-11-19T00:47:39.019+0000] {dag.py:3089} INFO - Sync 1 DAGs
[2025-11-19T00:47:39.032+0000] {logging_mixin.py:188} INFO - [2025-11-19T00:47:39.032+0000] {dag.py:3947} INFO - Setting next_dagrun for etl_strava_user_profile to 2025-11-18 03:00:00+00:00, run_after=2025-11-19 03:00:00+00:00
[2025-11-19T00:47:39.041+0000] {processor.py:183} INFO - Processing /opt/airflow/dags/pipeline_strava_user.py took 0.090 seconds
[2025-11-19T00:48:09.328+0000] {processor.py:161} INFO - Started process (PID=603) to work on /opt/airflow/dags/pipeline_strava_user.py
[2025-11-19T00:48:09.329+0000] {processor.py:830} INFO - Processing file /opt/airflow/dags/pipeline_strava_user.py for tasks to queue
[2025-11-19T00:48:09.331+0000] {logging_mixin.py:188} INFO - [2025-11-19T00:48:09.330+0000] {dagbag.py:545} INFO - Filling up the DagBag from /opt/airflow/dags/pipeline_strava_user.py
[2025-11-19T00:48:09.340+0000] {processor.py:840} INFO - DAG(s) 'etl_strava_user_profile' retrieved from /opt/airflow/dags/pipeline_strava_user.py
[2025-11-19T00:48:09.358+0000] {logging_mixin.py:188} INFO - [2025-11-19T00:48:09.358+0000] {dag.py:3089} INFO - Sync 1 DAGs
[2025-11-19T00:48:09.372+0000] {logging_mixin.py:188} INFO - [2025-11-19T00:48:09.372+0000] {dag.py:3947} INFO - Setting next_dagrun for etl_strava_user_profile to 2025-11-18 03:00:00+00:00, run_after=2025-11-19 03:00:00+00:00
[2025-11-19T00:48:09.379+0000] {processor.py:183} INFO - Processing /opt/airflow/dags/pipeline_strava_user.py took 0.055 seconds
[2025-11-19T00:48:39.655+0000] {processor.py:161} INFO - Started process (PID=618) to work on /opt/airflow/dags/pipeline_strava_user.py
[2025-11-19T00:48:39.656+0000] {processor.py:830} INFO - Processing file /opt/airflow/dags/pipeline_strava_user.py for tasks to queue
[2025-11-19T00:48:39.658+0000] {logging_mixin.py:188} INFO - [2025-11-19T00:48:39.657+0000] {dagbag.py:545} INFO - Filling up the DagBag from /opt/airflow/dags/pipeline_strava_user.py
[2025-11-19T00:48:39.668+0000] {processor.py:840} INFO - DAG(s) 'etl_strava_user_profile' retrieved from /opt/airflow/dags/pipeline_strava_user.py
[2025-11-19T00:48:39.687+0000] {logging_mixin.py:188} INFO - [2025-11-19T00:48:39.687+0000] {dag.py:3089} INFO - Sync 1 DAGs
[2025-11-19T00:48:39.699+0000] {logging_mixin.py:188} INFO - [2025-11-19T00:48:39.699+0000] {dag.py:3947} INFO - Setting next_dagrun for etl_strava_user_profile to 2025-11-18 03:00:00+00:00, run_after=2025-11-19 03:00:00+00:00
[2025-11-19T00:48:39.709+0000] {processor.py:183} INFO - Processing /opt/airflow/dags/pipeline_strava_user.py took 0.058 seconds
[2025-11-19T00:49:10.003+0000] {processor.py:161} INFO - Started process (PID=633) to work on /opt/airflow/dags/pipeline_strava_user.py
[2025-11-19T00:49:10.004+0000] {processor.py:830} INFO - Processing file /opt/airflow/dags/pipeline_strava_user.py for tasks to queue
[2025-11-19T00:49:10.005+0000] {logging_mixin.py:188} INFO - [2025-11-19T00:49:10.005+0000] {dagbag.py:545} INFO - Filling up the DagBag from /opt/airflow/dags/pipeline_strava_user.py
[2025-11-19T00:49:10.013+0000] {processor.py:840} INFO - DAG(s) 'etl_strava_user_profile' retrieved from /opt/airflow/dags/pipeline_strava_user.py
[2025-11-19T00:49:10.032+0000] {logging_mixin.py:188} INFO - [2025-11-19T00:49:10.032+0000] {dag.py:3089} INFO - Sync 1 DAGs
[2025-11-19T00:49:10.044+0000] {logging_mixin.py:188} INFO - [2025-11-19T00:49:10.044+0000] {dag.py:3947} INFO - Setting next_dagrun for etl_strava_user_profile to 2025-11-18 03:00:00+00:00, run_after=2025-11-19 03:00:00+00:00
[2025-11-19T00:49:10.054+0000] {processor.py:183} INFO - Processing /opt/airflow/dags/pipeline_strava_user.py took 0.062 seconds
[2025-11-19T00:49:40.270+0000] {processor.py:161} INFO - Started process (PID=648) to work on /opt/airflow/dags/pipeline_strava_user.py
[2025-11-19T00:49:40.271+0000] {processor.py:830} INFO - Processing file /opt/airflow/dags/pipeline_strava_user.py for tasks to queue
[2025-11-19T00:49:40.273+0000] {logging_mixin.py:188} INFO - [2025-11-19T00:49:40.272+0000] {dagbag.py:545} INFO - Filling up the DagBag from /opt/airflow/dags/pipeline_strava_user.py
[2025-11-19T00:49:40.283+0000] {processor.py:840} INFO - DAG(s) 'etl_strava_user_profile' retrieved from /opt/airflow/dags/pipeline_strava_user.py
[2025-11-19T00:49:40.325+0000] {logging_mixin.py:188} INFO - [2025-11-19T00:49:40.325+0000] {dag.py:3089} INFO - Sync 1 DAGs
[2025-11-19T00:49:40.344+0000] {logging_mixin.py:188} INFO - [2025-11-19T00:49:40.344+0000] {dag.py:3947} INFO - Setting next_dagrun for etl_strava_user_profile to 2025-11-18 03:00:00+00:00, run_after=2025-11-19 03:00:00+00:00
[2025-11-19T00:49:40.355+0000] {processor.py:183} INFO - Processing /opt/airflow/dags/pipeline_strava_user.py took 0.092 seconds
[2025-11-19T00:50:10.642+0000] {processor.py:161} INFO - Started process (PID=663) to work on /opt/airflow/dags/pipeline_strava_user.py
[2025-11-19T00:50:10.642+0000] {processor.py:830} INFO - Processing file /opt/airflow/dags/pipeline_strava_user.py for tasks to queue
[2025-11-19T00:50:10.646+0000] {logging_mixin.py:188} INFO - [2025-11-19T00:50:10.646+0000] {dagbag.py:545} INFO - Filling up the DagBag from /opt/airflow/dags/pipeline_strava_user.py
[2025-11-19T00:50:10.662+0000] {processor.py:840} INFO - DAG(s) 'etl_strava_user_profile' retrieved from /opt/airflow/dags/pipeline_strava_user.py
[2025-11-19T00:50:10.695+0000] {logging_mixin.py:188} INFO - [2025-11-19T00:50:10.695+0000] {dag.py:3089} INFO - Sync 1 DAGs
[2025-11-19T00:50:10.716+0000] {logging_mixin.py:188} INFO - [2025-11-19T00:50:10.716+0000] {dag.py:3947} INFO - Setting next_dagrun for etl_strava_user_profile to 2025-11-18 03:00:00+00:00, run_after=2025-11-19 03:00:00+00:00
[2025-11-19T00:50:10.730+0000] {processor.py:183} INFO - Processing /opt/airflow/dags/pipeline_strava_user.py took 0.098 seconds
[2025-11-19T00:50:40.975+0000] {processor.py:161} INFO - Started process (PID=678) to work on /opt/airflow/dags/pipeline_strava_user.py
[2025-11-19T00:50:40.976+0000] {processor.py:830} INFO - Processing file /opt/airflow/dags/pipeline_strava_user.py for tasks to queue
[2025-11-19T00:50:40.977+0000] {logging_mixin.py:188} INFO - [2025-11-19T00:50:40.977+0000] {dagbag.py:545} INFO - Filling up the DagBag from /opt/airflow/dags/pipeline_strava_user.py
[2025-11-19T00:50:40.986+0000] {processor.py:840} INFO - DAG(s) 'etl_strava_user_profile' retrieved from /opt/airflow/dags/pipeline_strava_user.py
[2025-11-19T00:50:41.009+0000] {logging_mixin.py:188} INFO - [2025-11-19T00:50:41.009+0000] {dag.py:3089} INFO - Sync 1 DAGs
[2025-11-19T00:50:41.024+0000] {logging_mixin.py:188} INFO - [2025-11-19T00:50:41.024+0000] {dag.py:3947} INFO - Setting next_dagrun for etl_strava_user_profile to 2025-11-18 03:00:00+00:00, run_after=2025-11-19 03:00:00+00:00
[2025-11-19T00:50:41.034+0000] {processor.py:183} INFO - Processing /opt/airflow/dags/pipeline_strava_user.py took 0.064 seconds
[2025-11-19T00:51:11.333+0000] {processor.py:161} INFO - Started process (PID=693) to work on /opt/airflow/dags/pipeline_strava_user.py
[2025-11-19T00:51:11.334+0000] {processor.py:830} INFO - Processing file /opt/airflow/dags/pipeline_strava_user.py for tasks to queue
[2025-11-19T00:51:11.335+0000] {logging_mixin.py:188} INFO - [2025-11-19T00:51:11.335+0000] {dagbag.py:545} INFO - Filling up the DagBag from /opt/airflow/dags/pipeline_strava_user.py
[2025-11-19T00:51:11.348+0000] {processor.py:840} INFO - DAG(s) 'etl_strava_user_profile' retrieved from /opt/airflow/dags/pipeline_strava_user.py
[2025-11-19T00:51:11.380+0000] {logging_mixin.py:188} INFO - [2025-11-19T00:51:11.379+0000] {dag.py:3089} INFO - Sync 1 DAGs
[2025-11-19T00:51:11.402+0000] {logging_mixin.py:188} INFO - [2025-11-19T00:51:11.402+0000] {dag.py:3947} INFO - Setting next_dagrun for etl_strava_user_profile to 2025-11-18 03:00:00+00:00, run_after=2025-11-19 03:00:00+00:00
[2025-11-19T00:51:11.412+0000] {processor.py:183} INFO - Processing /opt/airflow/dags/pipeline_strava_user.py took 0.083 seconds
[2025-11-19T00:51:41.654+0000] {processor.py:161} INFO - Started process (PID=708) to work on /opt/airflow/dags/pipeline_strava_user.py
[2025-11-19T00:51:41.655+0000] {processor.py:830} INFO - Processing file /opt/airflow/dags/pipeline_strava_user.py for tasks to queue
[2025-11-19T00:51:41.657+0000] {logging_mixin.py:188} INFO - [2025-11-19T00:51:41.657+0000] {dagbag.py:545} INFO - Filling up the DagBag from /opt/airflow/dags/pipeline_strava_user.py
[2025-11-19T00:51:41.705+0000] {processor.py:840} INFO - DAG(s) 'etl_strava_user_profile' retrieved from /opt/airflow/dags/pipeline_strava_user.py
[2025-11-19T00:51:41.738+0000] {logging_mixin.py:188} INFO - [2025-11-19T00:51:41.738+0000] {dag.py:3089} INFO - Sync 1 DAGs
[2025-11-19T00:51:41.754+0000] {logging_mixin.py:188} INFO - [2025-11-19T00:51:41.754+0000] {dag.py:3947} INFO - Setting next_dagrun for etl_strava_user_profile to 2025-11-18 03:00:00+00:00, run_after=2025-11-19 03:00:00+00:00
[2025-11-19T00:51:41.770+0000] {processor.py:183} INFO - Processing /opt/airflow/dags/pipeline_strava_user.py took 0.130 seconds
[2025-11-19T00:52:12.056+0000] {processor.py:161} INFO - Started process (PID=723) to work on /opt/airflow/dags/pipeline_strava_user.py
[2025-11-19T00:52:12.058+0000] {processor.py:830} INFO - Processing file /opt/airflow/dags/pipeline_strava_user.py for tasks to queue
[2025-11-19T00:52:12.060+0000] {logging_mixin.py:188} INFO - [2025-11-19T00:52:12.060+0000] {dagbag.py:545} INFO - Filling up the DagBag from /opt/airflow/dags/pipeline_strava_user.py
[2025-11-19T00:52:12.079+0000] {processor.py:840} INFO - DAG(s) 'etl_strava_user_profile' retrieved from /opt/airflow/dags/pipeline_strava_user.py
[2025-11-19T00:52:12.102+0000] {logging_mixin.py:188} INFO - [2025-11-19T00:52:12.101+0000] {dag.py:3089} INFO - Sync 1 DAGs
[2025-11-19T00:52:12.121+0000] {logging_mixin.py:188} INFO - [2025-11-19T00:52:12.121+0000] {dag.py:3947} INFO - Setting next_dagrun for etl_strava_user_profile to 2025-11-18 03:00:00+00:00, run_after=2025-11-19 03:00:00+00:00
[2025-11-19T00:52:12.131+0000] {processor.py:183} INFO - Processing /opt/airflow/dags/pipeline_strava_user.py took 0.084 seconds
[2025-11-19T00:52:42.394+0000] {processor.py:161} INFO - Started process (PID=738) to work on /opt/airflow/dags/pipeline_strava_user.py
[2025-11-19T00:52:42.395+0000] {processor.py:830} INFO - Processing file /opt/airflow/dags/pipeline_strava_user.py for tasks to queue
[2025-11-19T00:52:42.398+0000] {logging_mixin.py:188} INFO - [2025-11-19T00:52:42.398+0000] {dagbag.py:545} INFO - Filling up the DagBag from /opt/airflow/dags/pipeline_strava_user.py
[2025-11-19T00:52:42.410+0000] {processor.py:840} INFO - DAG(s) 'etl_strava_user_profile' retrieved from /opt/airflow/dags/pipeline_strava_user.py
[2025-11-19T00:52:42.439+0000] {logging_mixin.py:188} INFO - [2025-11-19T00:52:42.438+0000] {dag.py:3089} INFO - Sync 1 DAGs
[2025-11-19T00:52:42.454+0000] {logging_mixin.py:188} INFO - [2025-11-19T00:52:42.454+0000] {dag.py:3947} INFO - Setting next_dagrun for etl_strava_user_profile to 2025-11-18 03:00:00+00:00, run_after=2025-11-19 03:00:00+00:00
[2025-11-19T00:52:42.463+0000] {processor.py:183} INFO - Processing /opt/airflow/dags/pipeline_strava_user.py took 0.082 seconds
[2025-11-19T00:53:12.726+0000] {processor.py:161} INFO - Started process (PID=753) to work on /opt/airflow/dags/pipeline_strava_user.py
[2025-11-19T00:53:12.727+0000] {processor.py:830} INFO - Processing file /opt/airflow/dags/pipeline_strava_user.py for tasks to queue
[2025-11-19T00:53:12.729+0000] {logging_mixin.py:188} INFO - [2025-11-19T00:53:12.728+0000] {dagbag.py:545} INFO - Filling up the DagBag from /opt/airflow/dags/pipeline_strava_user.py
[2025-11-19T00:53:12.754+0000] {processor.py:840} INFO - DAG(s) 'etl_strava_user_profile' retrieved from /opt/airflow/dags/pipeline_strava_user.py
[2025-11-19T00:53:12.796+0000] {logging_mixin.py:188} INFO - [2025-11-19T00:53:12.795+0000] {dag.py:3089} INFO - Sync 1 DAGs
[2025-11-19T00:53:12.825+0000] {logging_mixin.py:188} INFO - [2025-11-19T00:53:12.824+0000] {dag.py:3947} INFO - Setting next_dagrun for etl_strava_user_profile to 2025-11-18 03:00:00+00:00, run_after=2025-11-19 03:00:00+00:00
[2025-11-19T00:53:12.844+0000] {processor.py:183} INFO - Processing /opt/airflow/dags/pipeline_strava_user.py took 0.132 seconds
[2025-11-19T00:53:43.085+0000] {processor.py:161} INFO - Started process (PID=768) to work on /opt/airflow/dags/pipeline_strava_user.py
[2025-11-19T00:53:43.087+0000] {processor.py:830} INFO - Processing file /opt/airflow/dags/pipeline_strava_user.py for tasks to queue
[2025-11-19T00:53:43.089+0000] {logging_mixin.py:188} INFO - [2025-11-19T00:53:43.089+0000] {dagbag.py:545} INFO - Filling up the DagBag from /opt/airflow/dags/pipeline_strava_user.py
[2025-11-19T00:53:43.108+0000] {processor.py:840} INFO - DAG(s) 'etl_strava_user_profile' retrieved from /opt/airflow/dags/pipeline_strava_user.py
[2025-11-19T00:53:43.142+0000] {logging_mixin.py:188} INFO - [2025-11-19T00:53:43.142+0000] {dag.py:3089} INFO - Sync 1 DAGs
[2025-11-19T00:53:43.170+0000] {logging_mixin.py:188} INFO - [2025-11-19T00:53:43.170+0000] {dag.py:3947} INFO - Setting next_dagrun for etl_strava_user_profile to 2025-11-18 03:00:00+00:00, run_after=2025-11-19 03:00:00+00:00
[2025-11-19T00:53:43.181+0000] {processor.py:183} INFO - Processing /opt/airflow/dags/pipeline_strava_user.py took 0.103 seconds
[2025-11-19T00:54:13.439+0000] {processor.py:161} INFO - Started process (PID=783) to work on /opt/airflow/dags/pipeline_strava_user.py
[2025-11-19T00:54:13.439+0000] {processor.py:830} INFO - Processing file /opt/airflow/dags/pipeline_strava_user.py for tasks to queue
[2025-11-19T00:54:13.441+0000] {logging_mixin.py:188} INFO - [2025-11-19T00:54:13.441+0000] {dagbag.py:545} INFO - Filling up the DagBag from /opt/airflow/dags/pipeline_strava_user.py
[2025-11-19T00:54:13.459+0000] {processor.py:840} INFO - DAG(s) 'etl_strava_user_profile' retrieved from /opt/airflow/dags/pipeline_strava_user.py
[2025-11-19T00:54:13.496+0000] {logging_mixin.py:188} INFO - [2025-11-19T00:54:13.496+0000] {dag.py:3089} INFO - Sync 1 DAGs
[2025-11-19T00:54:13.513+0000] {logging_mixin.py:188} INFO - [2025-11-19T00:54:13.513+0000] {dag.py:3947} INFO - Setting next_dagrun for etl_strava_user_profile to 2025-11-18 03:00:00+00:00, run_after=2025-11-19 03:00:00+00:00
[2025-11-19T00:54:13.524+0000] {processor.py:183} INFO - Processing /opt/airflow/dags/pipeline_strava_user.py took 0.092 seconds
[2025-11-19T00:54:43.804+0000] {processor.py:161} INFO - Started process (PID=798) to work on /opt/airflow/dags/pipeline_strava_user.py
[2025-11-19T00:54:43.805+0000] {processor.py:830} INFO - Processing file /opt/airflow/dags/pipeline_strava_user.py for tasks to queue
[2025-11-19T00:54:43.807+0000] {logging_mixin.py:188} INFO - [2025-11-19T00:54:43.807+0000] {dagbag.py:545} INFO - Filling up the DagBag from /opt/airflow/dags/pipeline_strava_user.py
[2025-11-19T00:54:43.824+0000] {processor.py:840} INFO - DAG(s) 'etl_strava_user_profile' retrieved from /opt/airflow/dags/pipeline_strava_user.py
[2025-11-19T00:54:43.859+0000] {logging_mixin.py:188} INFO - [2025-11-19T00:54:43.859+0000] {dag.py:3089} INFO - Sync 1 DAGs
[2025-11-19T00:54:43.881+0000] {logging_mixin.py:188} INFO - [2025-11-19T00:54:43.880+0000] {dag.py:3947} INFO - Setting next_dagrun for etl_strava_user_profile to 2025-11-18 03:00:00+00:00, run_after=2025-11-19 03:00:00+00:00
[2025-11-19T00:54:43.903+0000] {processor.py:183} INFO - Processing /opt/airflow/dags/pipeline_strava_user.py took 0.108 seconds
[2025-11-19T00:55:14.196+0000] {processor.py:161} INFO - Started process (PID=813) to work on /opt/airflow/dags/pipeline_strava_user.py
[2025-11-19T00:55:14.197+0000] {processor.py:830} INFO - Processing file /opt/airflow/dags/pipeline_strava_user.py for tasks to queue
[2025-11-19T00:55:14.201+0000] {logging_mixin.py:188} INFO - [2025-11-19T00:55:14.200+0000] {dagbag.py:545} INFO - Filling up the DagBag from /opt/airflow/dags/pipeline_strava_user.py
[2025-11-19T00:55:14.216+0000] {processor.py:840} INFO - DAG(s) 'etl_strava_user_profile' retrieved from /opt/airflow/dags/pipeline_strava_user.py
[2025-11-19T00:55:14.251+0000] {logging_mixin.py:188} INFO - [2025-11-19T00:55:14.251+0000] {dag.py:3089} INFO - Sync 1 DAGs
[2025-11-19T00:55:14.269+0000] {logging_mixin.py:188} INFO - [2025-11-19T00:55:14.268+0000] {dag.py:3947} INFO - Setting next_dagrun for etl_strava_user_profile to 2025-11-18 03:00:00+00:00, run_after=2025-11-19 03:00:00+00:00
[2025-11-19T00:55:14.279+0000] {processor.py:183} INFO - Processing /opt/airflow/dags/pipeline_strava_user.py took 0.092 seconds
[2025-11-19T00:55:44.549+0000] {processor.py:161} INFO - Started process (PID=828) to work on /opt/airflow/dags/pipeline_strava_user.py
[2025-11-19T00:55:44.550+0000] {processor.py:830} INFO - Processing file /opt/airflow/dags/pipeline_strava_user.py for tasks to queue
[2025-11-19T00:55:44.552+0000] {logging_mixin.py:188} INFO - [2025-11-19T00:55:44.552+0000] {dagbag.py:545} INFO - Filling up the DagBag from /opt/airflow/dags/pipeline_strava_user.py
[2025-11-19T00:55:44.568+0000] {processor.py:840} INFO - DAG(s) 'etl_strava_user_profile' retrieved from /opt/airflow/dags/pipeline_strava_user.py
[2025-11-19T00:55:44.594+0000] {logging_mixin.py:188} INFO - [2025-11-19T00:55:44.594+0000] {dag.py:3089} INFO - Sync 1 DAGs
[2025-11-19T00:55:44.619+0000] {logging_mixin.py:188} INFO - [2025-11-19T00:55:44.619+0000] {dag.py:3947} INFO - Setting next_dagrun for etl_strava_user_profile to 2025-11-18 03:00:00+00:00, run_after=2025-11-19 03:00:00+00:00
[2025-11-19T00:55:44.631+0000] {processor.py:183} INFO - Processing /opt/airflow/dags/pipeline_strava_user.py took 0.092 seconds
[2025-11-19T00:56:14.920+0000] {processor.py:161} INFO - Started process (PID=843) to work on /opt/airflow/dags/pipeline_strava_user.py
[2025-11-19T00:56:14.921+0000] {processor.py:830} INFO - Processing file /opt/airflow/dags/pipeline_strava_user.py for tasks to queue
[2025-11-19T00:56:14.923+0000] {logging_mixin.py:188} INFO - [2025-11-19T00:56:14.922+0000] {dagbag.py:545} INFO - Filling up the DagBag from /opt/airflow/dags/pipeline_strava_user.py
[2025-11-19T00:56:14.935+0000] {processor.py:840} INFO - DAG(s) 'etl_strava_user_profile' retrieved from /opt/airflow/dags/pipeline_strava_user.py
[2025-11-19T00:56:14.954+0000] {logging_mixin.py:188} INFO - [2025-11-19T00:56:14.954+0000] {dag.py:3089} INFO - Sync 1 DAGs
[2025-11-19T00:56:14.967+0000] {logging_mixin.py:188} INFO - [2025-11-19T00:56:14.967+0000] {dag.py:3947} INFO - Setting next_dagrun for etl_strava_user_profile to 2025-11-18 03:00:00+00:00, run_after=2025-11-19 03:00:00+00:00
[2025-11-19T00:56:14.977+0000] {processor.py:183} INFO - Processing /opt/airflow/dags/pipeline_strava_user.py took 0.063 seconds
[2025-11-19T00:56:45.237+0000] {processor.py:161} INFO - Started process (PID=858) to work on /opt/airflow/dags/pipeline_strava_user.py
[2025-11-19T00:56:45.238+0000] {processor.py:830} INFO - Processing file /opt/airflow/dags/pipeline_strava_user.py for tasks to queue
[2025-11-19T00:56:45.240+0000] {logging_mixin.py:188} INFO - [2025-11-19T00:56:45.239+0000] {dagbag.py:545} INFO - Filling up the DagBag from /opt/airflow/dags/pipeline_strava_user.py
[2025-11-19T00:56:45.250+0000] {processor.py:840} INFO - DAG(s) 'etl_strava_user_profile' retrieved from /opt/airflow/dags/pipeline_strava_user.py
[2025-11-19T00:56:45.270+0000] {logging_mixin.py:188} INFO - [2025-11-19T00:56:45.270+0000] {dag.py:3089} INFO - Sync 1 DAGs
[2025-11-19T00:56:45.283+0000] {logging_mixin.py:188} INFO - [2025-11-19T00:56:45.283+0000] {dag.py:3947} INFO - Setting next_dagrun for etl_strava_user_profile to 2025-11-18 03:00:00+00:00, run_after=2025-11-19 03:00:00+00:00
[2025-11-19T00:56:45.291+0000] {processor.py:183} INFO - Processing /opt/airflow/dags/pipeline_strava_user.py took 0.061 seconds
[2025-11-19T00:57:15.564+0000] {processor.py:161} INFO - Started process (PID=873) to work on /opt/airflow/dags/pipeline_strava_user.py
[2025-11-19T00:57:15.564+0000] {processor.py:830} INFO - Processing file /opt/airflow/dags/pipeline_strava_user.py for tasks to queue
[2025-11-19T00:57:15.567+0000] {logging_mixin.py:188} INFO - [2025-11-19T00:57:15.566+0000] {dagbag.py:545} INFO - Filling up the DagBag from /opt/airflow/dags/pipeline_strava_user.py
[2025-11-19T00:57:15.582+0000] {processor.py:840} INFO - DAG(s) 'etl_strava_user_profile' retrieved from /opt/airflow/dags/pipeline_strava_user.py
[2025-11-19T00:57:15.616+0000] {logging_mixin.py:188} INFO - [2025-11-19T00:57:15.616+0000] {dag.py:3089} INFO - Sync 1 DAGs
[2025-11-19T00:57:15.635+0000] {logging_mixin.py:188} INFO - [2025-11-19T00:57:15.635+0000] {dag.py:3947} INFO - Setting next_dagrun for etl_strava_user_profile to 2025-11-18 03:00:00+00:00, run_after=2025-11-19 03:00:00+00:00
[2025-11-19T00:57:15.644+0000] {processor.py:183} INFO - Processing /opt/airflow/dags/pipeline_strava_user.py took 0.087 seconds
[2025-11-19T00:57:45.858+0000] {processor.py:161} INFO - Started process (PID=888) to work on /opt/airflow/dags/pipeline_strava_user.py
[2025-11-19T00:57:45.859+0000] {processor.py:830} INFO - Processing file /opt/airflow/dags/pipeline_strava_user.py for tasks to queue
[2025-11-19T00:57:45.863+0000] {logging_mixin.py:188} INFO - [2025-11-19T00:57:45.862+0000] {dagbag.py:545} INFO - Filling up the DagBag from /opt/airflow/dags/pipeline_strava_user.py
[2025-11-19T00:57:45.879+0000] {processor.py:840} INFO - DAG(s) 'etl_strava_user_profile' retrieved from /opt/airflow/dags/pipeline_strava_user.py
[2025-11-19T00:57:45.940+0000] {logging_mixin.py:188} INFO - [2025-11-19T00:57:45.940+0000] {dag.py:3089} INFO - Sync 1 DAGs
[2025-11-19T00:57:45.955+0000] {logging_mixin.py:188} INFO - [2025-11-19T00:57:45.955+0000] {dag.py:3947} INFO - Setting next_dagrun for etl_strava_user_profile to 2025-11-18 03:00:00+00:00, run_after=2025-11-19 03:00:00+00:00
[2025-11-19T00:57:45.965+0000] {processor.py:183} INFO - Processing /opt/airflow/dags/pipeline_strava_user.py took 0.113 seconds
[2025-11-19T00:58:16.232+0000] {processor.py:161} INFO - Started process (PID=903) to work on /opt/airflow/dags/pipeline_strava_user.py
[2025-11-19T00:58:16.233+0000] {processor.py:830} INFO - Processing file /opt/airflow/dags/pipeline_strava_user.py for tasks to queue
[2025-11-19T00:58:16.235+0000] {logging_mixin.py:188} INFO - [2025-11-19T00:58:16.235+0000] {dagbag.py:545} INFO - Filling up the DagBag from /opt/airflow/dags/pipeline_strava_user.py
[2025-11-19T00:58:16.247+0000] {processor.py:840} INFO - DAG(s) 'etl_strava_user_profile' retrieved from /opt/airflow/dags/pipeline_strava_user.py
[2025-11-19T00:58:16.271+0000] {logging_mixin.py:188} INFO - [2025-11-19T00:58:16.271+0000] {dag.py:3089} INFO - Sync 1 DAGs
[2025-11-19T00:58:16.286+0000] {logging_mixin.py:188} INFO - [2025-11-19T00:58:16.286+0000] {dag.py:3947} INFO - Setting next_dagrun for etl_strava_user_profile to 2025-11-18 03:00:00+00:00, run_after=2025-11-19 03:00:00+00:00
[2025-11-19T00:58:16.296+0000] {processor.py:183} INFO - Processing /opt/airflow/dags/pipeline_strava_user.py took 0.069 seconds
[2025-11-19T00:58:46.550+0000] {processor.py:161} INFO - Started process (PID=918) to work on /opt/airflow/dags/pipeline_strava_user.py
[2025-11-19T00:58:46.550+0000] {processor.py:830} INFO - Processing file /opt/airflow/dags/pipeline_strava_user.py for tasks to queue
[2025-11-19T00:58:46.552+0000] {logging_mixin.py:188} INFO - [2025-11-19T00:58:46.551+0000] {dagbag.py:545} INFO - Filling up the DagBag from /opt/airflow/dags/pipeline_strava_user.py
[2025-11-19T00:58:46.566+0000] {processor.py:840} INFO - DAG(s) 'etl_strava_user_profile' retrieved from /opt/airflow/dags/pipeline_strava_user.py
[2025-11-19T00:58:46.596+0000] {logging_mixin.py:188} INFO - [2025-11-19T00:58:46.596+0000] {dag.py:3089} INFO - Sync 1 DAGs
[2025-11-19T00:58:46.617+0000] {logging_mixin.py:188} INFO - [2025-11-19T00:58:46.617+0000] {dag.py:3947} INFO - Setting next_dagrun for etl_strava_user_profile to 2025-11-18 03:00:00+00:00, run_after=2025-11-19 03:00:00+00:00
[2025-11-19T00:58:46.629+0000] {processor.py:183} INFO - Processing /opt/airflow/dags/pipeline_strava_user.py took 0.086 seconds
[2025-11-19T00:59:16.865+0000] {processor.py:161} INFO - Started process (PID=1392) to work on /opt/airflow/dags/pipeline_strava_user.py
[2025-11-19T00:59:16.867+0000] {processor.py:830} INFO - Processing file /opt/airflow/dags/pipeline_strava_user.py for tasks to queue
[2025-11-19T00:59:16.869+0000] {logging_mixin.py:188} INFO - [2025-11-19T00:59:16.869+0000] {dagbag.py:545} INFO - Filling up the DagBag from /opt/airflow/dags/pipeline_strava_user.py
[2025-11-19T00:59:16.883+0000] {processor.py:840} INFO - DAG(s) 'etl_strava_user_profile' retrieved from /opt/airflow/dags/pipeline_strava_user.py
[2025-11-19T00:59:16.911+0000] {logging_mixin.py:188} INFO - [2025-11-19T00:59:16.911+0000] {dag.py:3089} INFO - Sync 1 DAGs
[2025-11-19T00:59:16.928+0000] {logging_mixin.py:188} INFO - [2025-11-19T00:59:16.928+0000] {dag.py:3947} INFO - Setting next_dagrun for etl_strava_user_profile to 2025-11-18 03:00:00+00:00, run_after=2025-11-19 03:00:00+00:00
[2025-11-19T00:59:16.938+0000] {processor.py:183} INFO - Processing /opt/airflow/dags/pipeline_strava_user.py took 0.084 seconds
[2025-11-19T00:59:47.190+0000] {processor.py:161} INFO - Started process (PID=1852) to work on /opt/airflow/dags/pipeline_strava_user.py
[2025-11-19T00:59:47.191+0000] {processor.py:830} INFO - Processing file /opt/airflow/dags/pipeline_strava_user.py for tasks to queue
[2025-11-19T00:59:47.193+0000] {logging_mixin.py:188} INFO - [2025-11-19T00:59:47.192+0000] {dagbag.py:545} INFO - Filling up the DagBag from /opt/airflow/dags/pipeline_strava_user.py
[2025-11-19T00:59:47.206+0000] {processor.py:840} INFO - DAG(s) 'etl_strava_user_profile' retrieved from /opt/airflow/dags/pipeline_strava_user.py
[2025-11-19T00:59:47.231+0000] {logging_mixin.py:188} INFO - [2025-11-19T00:59:47.231+0000] {dag.py:3089} INFO - Sync 1 DAGs
[2025-11-19T00:59:47.252+0000] {logging_mixin.py:188} INFO - [2025-11-19T00:59:47.252+0000] {dag.py:3947} INFO - Setting next_dagrun for etl_strava_user_profile to 2025-11-18 03:00:00+00:00, run_after=2025-11-19 03:00:00+00:00
[2025-11-19T00:59:47.264+0000] {processor.py:183} INFO - Processing /opt/airflow/dags/pipeline_strava_user.py took 0.081 seconds
[2025-11-19T01:00:17.520+0000] {processor.py:161} INFO - Started process (PID=1867) to work on /opt/airflow/dags/pipeline_strava_user.py
[2025-11-19T01:00:17.521+0000] {processor.py:830} INFO - Processing file /opt/airflow/dags/pipeline_strava_user.py for tasks to queue
[2025-11-19T01:00:17.523+0000] {logging_mixin.py:188} INFO - [2025-11-19T01:00:17.523+0000] {dagbag.py:545} INFO - Filling up the DagBag from /opt/airflow/dags/pipeline_strava_user.py
[2025-11-19T01:00:17.536+0000] {processor.py:840} INFO - DAG(s) 'etl_strava_user_profile' retrieved from /opt/airflow/dags/pipeline_strava_user.py
[2025-11-19T01:00:17.553+0000] {logging_mixin.py:188} INFO - [2025-11-19T01:00:17.553+0000] {dag.py:3089} INFO - Sync 1 DAGs
[2025-11-19T01:00:17.564+0000] {logging_mixin.py:188} INFO - [2025-11-19T01:00:17.564+0000] {dag.py:3947} INFO - Setting next_dagrun for etl_strava_user_profile to 2025-11-18 03:00:00+00:00, run_after=2025-11-19 03:00:00+00:00
[2025-11-19T01:00:17.572+0000] {processor.py:183} INFO - Processing /opt/airflow/dags/pipeline_strava_user.py took 0.058 seconds
[2025-11-19T01:00:47.816+0000] {processor.py:161} INFO - Started process (PID=1882) to work on /opt/airflow/dags/pipeline_strava_user.py
[2025-11-19T01:00:47.816+0000] {processor.py:830} INFO - Processing file /opt/airflow/dags/pipeline_strava_user.py for tasks to queue
[2025-11-19T01:00:47.818+0000] {logging_mixin.py:188} INFO - [2025-11-19T01:00:47.818+0000] {dagbag.py:545} INFO - Filling up the DagBag from /opt/airflow/dags/pipeline_strava_user.py
[2025-11-19T01:00:47.830+0000] {processor.py:840} INFO - DAG(s) 'etl_strava_user_profile' retrieved from /opt/airflow/dags/pipeline_strava_user.py
[2025-11-19T01:00:47.858+0000] {logging_mixin.py:188} INFO - [2025-11-19T01:00:47.858+0000] {dag.py:3089} INFO - Sync 1 DAGs
[2025-11-19T01:00:47.875+0000] {logging_mixin.py:188} INFO - [2025-11-19T01:00:47.875+0000] {dag.py:3947} INFO - Setting next_dagrun for etl_strava_user_profile to 2025-11-18 03:00:00+00:00, run_after=2025-11-19 03:00:00+00:00
[2025-11-19T01:00:47.885+0000] {processor.py:183} INFO - Processing /opt/airflow/dags/pipeline_strava_user.py took 0.076 seconds
[2025-11-19T01:01:18.167+0000] {processor.py:161} INFO - Started process (PID=1897) to work on /opt/airflow/dags/pipeline_strava_user.py
[2025-11-19T01:01:18.168+0000] {processor.py:830} INFO - Processing file /opt/airflow/dags/pipeline_strava_user.py for tasks to queue
[2025-11-19T01:01:18.170+0000] {logging_mixin.py:188} INFO - [2025-11-19T01:01:18.169+0000] {dagbag.py:545} INFO - Filling up the DagBag from /opt/airflow/dags/pipeline_strava_user.py
[2025-11-19T01:01:18.184+0000] {processor.py:840} INFO - DAG(s) 'etl_strava_user_profile' retrieved from /opt/airflow/dags/pipeline_strava_user.py
[2025-11-19T01:01:18.207+0000] {logging_mixin.py:188} INFO - [2025-11-19T01:01:18.207+0000] {dag.py:3089} INFO - Sync 1 DAGs
[2025-11-19T01:01:18.220+0000] {logging_mixin.py:188} INFO - [2025-11-19T01:01:18.219+0000] {dag.py:3947} INFO - Setting next_dagrun for etl_strava_user_profile to 2025-11-18 03:00:00+00:00, run_after=2025-11-19 03:00:00+00:00
[2025-11-19T01:01:18.228+0000] {processor.py:183} INFO - Processing /opt/airflow/dags/pipeline_strava_user.py took 0.067 seconds
[2025-11-19T01:01:48.450+0000] {processor.py:161} INFO - Started process (PID=1912) to work on /opt/airflow/dags/pipeline_strava_user.py
[2025-11-19T01:01:48.451+0000] {processor.py:830} INFO - Processing file /opt/airflow/dags/pipeline_strava_user.py for tasks to queue
[2025-11-19T01:01:48.452+0000] {logging_mixin.py:188} INFO - [2025-11-19T01:01:48.452+0000] {dagbag.py:545} INFO - Filling up the DagBag from /opt/airflow/dags/pipeline_strava_user.py
[2025-11-19T01:01:48.463+0000] {processor.py:840} INFO - DAG(s) 'etl_strava_user_profile' retrieved from /opt/airflow/dags/pipeline_strava_user.py
[2025-11-19T01:01:48.482+0000] {logging_mixin.py:188} INFO - [2025-11-19T01:01:48.481+0000] {dag.py:3089} INFO - Sync 1 DAGs
[2025-11-19T01:01:48.497+0000] {logging_mixin.py:188} INFO - [2025-11-19T01:01:48.497+0000] {dag.py:3947} INFO - Setting next_dagrun for etl_strava_user_profile to 2025-11-18 03:00:00+00:00, run_after=2025-11-19 03:00:00+00:00
[2025-11-19T01:01:48.509+0000] {processor.py:183} INFO - Processing /opt/airflow/dags/pipeline_strava_user.py took 0.065 seconds
[2025-11-19T01:02:18.756+0000] {processor.py:161} INFO - Started process (PID=1927) to work on /opt/airflow/dags/pipeline_strava_user.py
[2025-11-19T01:02:18.757+0000] {processor.py:830} INFO - Processing file /opt/airflow/dags/pipeline_strava_user.py for tasks to queue
[2025-11-19T01:02:18.759+0000] {logging_mixin.py:188} INFO - [2025-11-19T01:02:18.758+0000] {dagbag.py:545} INFO - Filling up the DagBag from /opt/airflow/dags/pipeline_strava_user.py
[2025-11-19T01:02:18.777+0000] {processor.py:840} INFO - DAG(s) 'etl_strava_user_profile' retrieved from /opt/airflow/dags/pipeline_strava_user.py
[2025-11-19T01:02:18.801+0000] {logging_mixin.py:188} INFO - [2025-11-19T01:02:18.801+0000] {dag.py:3089} INFO - Sync 1 DAGs
[2025-11-19T01:02:18.816+0000] {logging_mixin.py:188} INFO - [2025-11-19T01:02:18.816+0000] {dag.py:3947} INFO - Setting next_dagrun for etl_strava_user_profile to 2025-11-18 03:00:00+00:00, run_after=2025-11-19 03:00:00+00:00
[2025-11-19T01:02:18.830+0000] {processor.py:183} INFO - Processing /opt/airflow/dags/pipeline_strava_user.py took 0.079 seconds
[2025-11-19T01:02:49.091+0000] {processor.py:161} INFO - Started process (PID=1942) to work on /opt/airflow/dags/pipeline_strava_user.py
[2025-11-19T01:02:49.091+0000] {processor.py:830} INFO - Processing file /opt/airflow/dags/pipeline_strava_user.py for tasks to queue
[2025-11-19T01:02:49.093+0000] {logging_mixin.py:188} INFO - [2025-11-19T01:02:49.092+0000] {dagbag.py:545} INFO - Filling up the DagBag from /opt/airflow/dags/pipeline_strava_user.py
[2025-11-19T01:02:49.109+0000] {processor.py:840} INFO - DAG(s) 'etl_strava_user_profile' retrieved from /opt/airflow/dags/pipeline_strava_user.py
[2025-11-19T01:02:49.134+0000] {logging_mixin.py:188} INFO - [2025-11-19T01:02:49.134+0000] {dag.py:3089} INFO - Sync 1 DAGs
[2025-11-19T01:02:49.153+0000] {logging_mixin.py:188} INFO - [2025-11-19T01:02:49.153+0000] {dag.py:3947} INFO - Setting next_dagrun for etl_strava_user_profile to 2025-11-18 03:00:00+00:00, run_after=2025-11-19 03:00:00+00:00
[2025-11-19T01:02:49.167+0000] {processor.py:183} INFO - Processing /opt/airflow/dags/pipeline_strava_user.py took 0.084 seconds
[2025-11-19T01:03:19.440+0000] {processor.py:161} INFO - Started process (PID=1957) to work on /opt/airflow/dags/pipeline_strava_user.py
[2025-11-19T01:03:19.441+0000] {processor.py:830} INFO - Processing file /opt/airflow/dags/pipeline_strava_user.py for tasks to queue
[2025-11-19T01:03:19.443+0000] {logging_mixin.py:188} INFO - [2025-11-19T01:03:19.442+0000] {dagbag.py:545} INFO - Filling up the DagBag from /opt/airflow/dags/pipeline_strava_user.py
[2025-11-19T01:03:19.453+0000] {processor.py:840} INFO - DAG(s) 'etl_strava_user_profile' retrieved from /opt/airflow/dags/pipeline_strava_user.py
[2025-11-19T01:03:19.474+0000] {logging_mixin.py:188} INFO - [2025-11-19T01:03:19.474+0000] {dag.py:3089} INFO - Sync 1 DAGs
[2025-11-19T01:03:19.489+0000] {logging_mixin.py:188} INFO - [2025-11-19T01:03:19.489+0000] {dag.py:3947} INFO - Setting next_dagrun for etl_strava_user_profile to 2025-11-18 03:00:00+00:00, run_after=2025-11-19 03:00:00+00:00
[2025-11-19T01:03:19.497+0000] {processor.py:183} INFO - Processing /opt/airflow/dags/pipeline_strava_user.py took 0.062 seconds
[2025-11-19T01:03:49.741+0000] {processor.py:161} INFO - Started process (PID=1972) to work on /opt/airflow/dags/pipeline_strava_user.py
[2025-11-19T01:03:49.742+0000] {processor.py:830} INFO - Processing file /opt/airflow/dags/pipeline_strava_user.py for tasks to queue
[2025-11-19T01:03:49.743+0000] {logging_mixin.py:188} INFO - [2025-11-19T01:03:49.743+0000] {dagbag.py:545} INFO - Filling up the DagBag from /opt/airflow/dags/pipeline_strava_user.py
[2025-11-19T01:03:49.751+0000] {processor.py:840} INFO - DAG(s) 'etl_strava_user_profile' retrieved from /opt/airflow/dags/pipeline_strava_user.py
[2025-11-19T01:03:49.767+0000] {logging_mixin.py:188} INFO - [2025-11-19T01:03:49.767+0000] {dag.py:3089} INFO - Sync 1 DAGs
[2025-11-19T01:03:49.779+0000] {logging_mixin.py:188} INFO - [2025-11-19T01:03:49.778+0000] {dag.py:3947} INFO - Setting next_dagrun for etl_strava_user_profile to 2025-11-18 03:00:00+00:00, run_after=2025-11-19 03:00:00+00:00
[2025-11-19T01:03:49.787+0000] {processor.py:183} INFO - Processing /opt/airflow/dags/pipeline_strava_user.py took 0.050 seconds
[2025-11-19T01:04:20.093+0000] {processor.py:161} INFO - Started process (PID=1987) to work on /opt/airflow/dags/pipeline_strava_user.py
[2025-11-19T01:04:20.094+0000] {processor.py:830} INFO - Processing file /opt/airflow/dags/pipeline_strava_user.py for tasks to queue
[2025-11-19T01:04:20.098+0000] {logging_mixin.py:188} INFO - [2025-11-19T01:04:20.097+0000] {dagbag.py:545} INFO - Filling up the DagBag from /opt/airflow/dags/pipeline_strava_user.py
[2025-11-19T01:04:20.116+0000] {processor.py:840} INFO - DAG(s) 'etl_strava_user_profile' retrieved from /opt/airflow/dags/pipeline_strava_user.py
[2025-11-19T01:04:20.144+0000] {logging_mixin.py:188} INFO - [2025-11-19T01:04:20.144+0000] {dag.py:3089} INFO - Sync 1 DAGs
[2025-11-19T01:04:20.161+0000] {logging_mixin.py:188} INFO - [2025-11-19T01:04:20.161+0000] {dag.py:3947} INFO - Setting next_dagrun for etl_strava_user_profile to 2025-11-18 03:00:00+00:00, run_after=2025-11-19 03:00:00+00:00
[2025-11-19T01:04:20.169+0000] {processor.py:183} INFO - Processing /opt/airflow/dags/pipeline_strava_user.py took 0.083 seconds
[2025-11-19T01:04:50.389+0000] {processor.py:161} INFO - Started process (PID=2002) to work on /opt/airflow/dags/pipeline_strava_user.py
[2025-11-19T01:04:50.390+0000] {processor.py:830} INFO - Processing file /opt/airflow/dags/pipeline_strava_user.py for tasks to queue
[2025-11-19T01:04:50.393+0000] {logging_mixin.py:188} INFO - [2025-11-19T01:04:50.393+0000] {dagbag.py:545} INFO - Filling up the DagBag from /opt/airflow/dags/pipeline_strava_user.py
[2025-11-19T01:04:50.407+0000] {processor.py:840} INFO - DAG(s) 'etl_strava_user_profile' retrieved from /opt/airflow/dags/pipeline_strava_user.py
[2025-11-19T01:04:50.431+0000] {logging_mixin.py:188} INFO - [2025-11-19T01:04:50.431+0000] {dag.py:3089} INFO - Sync 1 DAGs
[2025-11-19T01:04:50.446+0000] {logging_mixin.py:188} INFO - [2025-11-19T01:04:50.446+0000] {dag.py:3947} INFO - Setting next_dagrun for etl_strava_user_profile to 2025-11-18 03:00:00+00:00, run_after=2025-11-19 03:00:00+00:00
[2025-11-19T01:04:50.457+0000] {processor.py:183} INFO - Processing /opt/airflow/dags/pipeline_strava_user.py took 0.074 seconds
[2025-11-19T01:05:20.759+0000] {processor.py:161} INFO - Started process (PID=2017) to work on /opt/airflow/dags/pipeline_strava_user.py
[2025-11-19T01:05:20.761+0000] {processor.py:830} INFO - Processing file /opt/airflow/dags/pipeline_strava_user.py for tasks to queue
[2025-11-19T01:05:20.764+0000] {logging_mixin.py:188} INFO - [2025-11-19T01:05:20.764+0000] {dagbag.py:545} INFO - Filling up the DagBag from /opt/airflow/dags/pipeline_strava_user.py
[2025-11-19T01:05:20.789+0000] {processor.py:840} INFO - DAG(s) 'etl_strava_user_profile' retrieved from /opt/airflow/dags/pipeline_strava_user.py
[2025-11-19T01:05:20.822+0000] {logging_mixin.py:188} INFO - [2025-11-19T01:05:20.822+0000] {dag.py:3089} INFO - Sync 1 DAGs
[2025-11-19T01:05:20.846+0000] {logging_mixin.py:188} INFO - [2025-11-19T01:05:20.845+0000] {dag.py:3947} INFO - Setting next_dagrun for etl_strava_user_profile to 2025-11-18 03:00:00+00:00, run_after=2025-11-19 03:00:00+00:00
[2025-11-19T01:05:20.866+0000] {processor.py:183} INFO - Processing /opt/airflow/dags/pipeline_strava_user.py took 0.115 seconds
[2025-11-19T01:05:51.149+0000] {processor.py:161} INFO - Started process (PID=2032) to work on /opt/airflow/dags/pipeline_strava_user.py
[2025-11-19T01:05:51.150+0000] {processor.py:830} INFO - Processing file /opt/airflow/dags/pipeline_strava_user.py for tasks to queue
[2025-11-19T01:05:51.152+0000] {logging_mixin.py:188} INFO - [2025-11-19T01:05:51.151+0000] {dagbag.py:545} INFO - Filling up the DagBag from /opt/airflow/dags/pipeline_strava_user.py
[2025-11-19T01:05:51.163+0000] {processor.py:840} INFO - DAG(s) 'etl_strava_user_profile' retrieved from /opt/airflow/dags/pipeline_strava_user.py
[2025-11-19T01:05:51.186+0000] {logging_mixin.py:188} INFO - [2025-11-19T01:05:51.186+0000] {dag.py:3089} INFO - Sync 1 DAGs
[2025-11-19T01:05:51.200+0000] {logging_mixin.py:188} INFO - [2025-11-19T01:05:51.200+0000] {dag.py:3947} INFO - Setting next_dagrun for etl_strava_user_profile to 2025-11-18 03:00:00+00:00, run_after=2025-11-19 03:00:00+00:00
[2025-11-19T01:05:51.208+0000] {processor.py:183} INFO - Processing /opt/airflow/dags/pipeline_strava_user.py took 0.068 seconds
[2025-11-19T01:06:21.489+0000] {processor.py:161} INFO - Started process (PID=2047) to work on /opt/airflow/dags/pipeline_strava_user.py
[2025-11-19T01:06:21.490+0000] {processor.py:830} INFO - Processing file /opt/airflow/dags/pipeline_strava_user.py for tasks to queue
[2025-11-19T01:06:21.491+0000] {logging_mixin.py:188} INFO - [2025-11-19T01:06:21.491+0000] {dagbag.py:545} INFO - Filling up the DagBag from /opt/airflow/dags/pipeline_strava_user.py
[2025-11-19T01:06:21.503+0000] {processor.py:840} INFO - DAG(s) 'etl_strava_user_profile' retrieved from /opt/airflow/dags/pipeline_strava_user.py
[2025-11-19T01:06:21.524+0000] {logging_mixin.py:188} INFO - [2025-11-19T01:06:21.524+0000] {dag.py:3089} INFO - Sync 1 DAGs
[2025-11-19T01:06:21.537+0000] {logging_mixin.py:188} INFO - [2025-11-19T01:06:21.537+0000] {dag.py:3947} INFO - Setting next_dagrun for etl_strava_user_profile to 2025-11-18 03:00:00+00:00, run_after=2025-11-19 03:00:00+00:00
[2025-11-19T01:06:21.546+0000] {processor.py:183} INFO - Processing /opt/airflow/dags/pipeline_strava_user.py took 0.062 seconds
[2025-11-19T01:06:51.760+0000] {processor.py:161} INFO - Started process (PID=2062) to work on /opt/airflow/dags/pipeline_strava_user.py
[2025-11-19T01:06:51.761+0000] {processor.py:830} INFO - Processing file /opt/airflow/dags/pipeline_strava_user.py for tasks to queue
[2025-11-19T01:06:51.764+0000] {logging_mixin.py:188} INFO - [2025-11-19T01:06:51.763+0000] {dagbag.py:545} INFO - Filling up the DagBag from /opt/airflow/dags/pipeline_strava_user.py
[2025-11-19T01:06:51.780+0000] {processor.py:840} INFO - DAG(s) 'etl_strava_user_profile' retrieved from /opt/airflow/dags/pipeline_strava_user.py
[2025-11-19T01:06:51.806+0000] {logging_mixin.py:188} INFO - [2025-11-19T01:06:51.806+0000] {dag.py:3089} INFO - Sync 1 DAGs
[2025-11-19T01:06:51.823+0000] {logging_mixin.py:188} INFO - [2025-11-19T01:06:51.823+0000] {dag.py:3947} INFO - Setting next_dagrun for etl_strava_user_profile to 2025-11-18 03:00:00+00:00, run_after=2025-11-19 03:00:00+00:00
[2025-11-19T01:06:51.833+0000] {processor.py:183} INFO - Processing /opt/airflow/dags/pipeline_strava_user.py took 0.082 seconds
[2025-11-19T01:07:37.252+0000] {processor.py:161} INFO - Started process (PID=165) to work on /opt/airflow/dags/pipeline_strava_user.py
[2025-11-19T01:07:37.252+0000] {processor.py:830} INFO - Processing file /opt/airflow/dags/pipeline_strava_user.py for tasks to queue
[2025-11-19T01:07:37.253+0000] {logging_mixin.py:188} INFO - [2025-11-19T01:07:37.253+0000] {dagbag.py:545} INFO - Filling up the DagBag from /opt/airflow/dags/pipeline_strava_user.py
[2025-11-19T01:07:37.262+0000] {processor.py:840} INFO - DAG(s) 'etl_strava_user_profile' retrieved from /opt/airflow/dags/pipeline_strava_user.py
[2025-11-19T01:07:37.283+0000] {logging_mixin.py:188} INFO - [2025-11-19T01:07:37.283+0000] {dag.py:3089} INFO - Sync 1 DAGs
[2025-11-19T01:07:37.295+0000] {logging_mixin.py:188} INFO - [2025-11-19T01:07:37.295+0000] {dag.py:3947} INFO - Setting next_dagrun for etl_strava_user_profile to 2025-11-18 03:00:00+00:00, run_after=2025-11-19 03:00:00+00:00
[2025-11-19T01:07:37.307+0000] {processor.py:183} INFO - Processing /opt/airflow/dags/pipeline_strava_user.py took 0.058 seconds
[2025-11-19T01:08:07.574+0000] {processor.py:161} INFO - Started process (PID=181) to work on /opt/airflow/dags/pipeline_strava_user.py
[2025-11-19T01:08:07.575+0000] {processor.py:830} INFO - Processing file /opt/airflow/dags/pipeline_strava_user.py for tasks to queue
[2025-11-19T01:08:07.578+0000] {logging_mixin.py:188} INFO - [2025-11-19T01:08:07.578+0000] {dagbag.py:545} INFO - Filling up the DagBag from /opt/airflow/dags/pipeline_strava_user.py
[2025-11-19T01:08:07.609+0000] {processor.py:840} INFO - DAG(s) 'etl_strava_user_profile' retrieved from /opt/airflow/dags/pipeline_strava_user.py
[2025-11-19T01:08:07.703+0000] {logging_mixin.py:188} INFO - [2025-11-19T01:08:07.703+0000] {dag.py:3089} INFO - Sync 1 DAGs
[2025-11-19T01:08:07.723+0000] {logging_mixin.py:188} INFO - [2025-11-19T01:08:07.722+0000] {dag.py:3947} INFO - Setting next_dagrun for etl_strava_user_profile to 2025-11-18 03:00:00+00:00, run_after=2025-11-19 03:00:00+00:00
[2025-11-19T01:08:07.735+0000] {processor.py:183} INFO - Processing /opt/airflow/dags/pipeline_strava_user.py took 0.166 seconds
[2025-11-19T01:08:37.973+0000] {processor.py:161} INFO - Started process (PID=196) to work on /opt/airflow/dags/pipeline_strava_user.py
[2025-11-19T01:08:37.973+0000] {processor.py:830} INFO - Processing file /opt/airflow/dags/pipeline_strava_user.py for tasks to queue
[2025-11-19T01:08:37.974+0000] {logging_mixin.py:188} INFO - [2025-11-19T01:08:37.974+0000] {dagbag.py:545} INFO - Filling up the DagBag from /opt/airflow/dags/pipeline_strava_user.py
[2025-11-19T01:08:37.980+0000] {processor.py:840} INFO - DAG(s) 'etl_strava_user_profile' retrieved from /opt/airflow/dags/pipeline_strava_user.py
[2025-11-19T01:08:37.998+0000] {logging_mixin.py:188} INFO - [2025-11-19T01:08:37.998+0000] {dag.py:3089} INFO - Sync 1 DAGs
[2025-11-19T01:08:38.010+0000] {logging_mixin.py:188} INFO - [2025-11-19T01:08:38.010+0000] {dag.py:3947} INFO - Setting next_dagrun for etl_strava_user_profile to 2025-11-18 03:00:00+00:00, run_after=2025-11-19 03:00:00+00:00
[2025-11-19T01:08:38.020+0000] {processor.py:183} INFO - Processing /opt/airflow/dags/pipeline_strava_user.py took 0.053 seconds
[2025-11-19T01:09:08.295+0000] {processor.py:161} INFO - Started process (PID=211) to work on /opt/airflow/dags/pipeline_strava_user.py
[2025-11-19T01:09:08.296+0000] {processor.py:830} INFO - Processing file /opt/airflow/dags/pipeline_strava_user.py for tasks to queue
[2025-11-19T01:09:08.298+0000] {logging_mixin.py:188} INFO - [2025-11-19T01:09:08.297+0000] {dagbag.py:545} INFO - Filling up the DagBag from /opt/airflow/dags/pipeline_strava_user.py
[2025-11-19T01:09:08.309+0000] {processor.py:840} INFO - DAG(s) 'etl_strava_user_profile' retrieved from /opt/airflow/dags/pipeline_strava_user.py
[2025-11-19T01:09:08.396+0000] {logging_mixin.py:188} INFO - [2025-11-19T01:09:08.396+0000] {dag.py:3089} INFO - Sync 1 DAGs
[2025-11-19T01:09:08.414+0000] {logging_mixin.py:188} INFO - [2025-11-19T01:09:08.413+0000] {dag.py:3947} INFO - Setting next_dagrun for etl_strava_user_profile to 2025-11-18 03:00:00+00:00, run_after=2025-11-19 03:00:00+00:00
[2025-11-19T01:09:08.425+0000] {processor.py:183} INFO - Processing /opt/airflow/dags/pipeline_strava_user.py took 0.135 seconds
[2025-11-19T01:09:38.703+0000] {processor.py:161} INFO - Started process (PID=226) to work on /opt/airflow/dags/pipeline_strava_user.py
[2025-11-19T01:09:38.704+0000] {processor.py:830} INFO - Processing file /opt/airflow/dags/pipeline_strava_user.py for tasks to queue
[2025-11-19T01:09:38.706+0000] {logging_mixin.py:188} INFO - [2025-11-19T01:09:38.705+0000] {dagbag.py:545} INFO - Filling up the DagBag from /opt/airflow/dags/pipeline_strava_user.py
[2025-11-19T01:09:38.716+0000] {processor.py:840} INFO - DAG(s) 'etl_strava_user_profile' retrieved from /opt/airflow/dags/pipeline_strava_user.py
[2025-11-19T01:09:38.736+0000] {logging_mixin.py:188} INFO - [2025-11-19T01:09:38.736+0000] {dag.py:3089} INFO - Sync 1 DAGs
[2025-11-19T01:09:38.749+0000] {logging_mixin.py:188} INFO - [2025-11-19T01:09:38.749+0000] {dag.py:3947} INFO - Setting next_dagrun for etl_strava_user_profile to 2025-11-18 03:00:00+00:00, run_after=2025-11-19 03:00:00+00:00
[2025-11-19T01:09:38.758+0000] {processor.py:183} INFO - Processing /opt/airflow/dags/pipeline_strava_user.py took 0.063 seconds
[2025-11-19T01:10:53.850+0000] {processor.py:161} INFO - Started process (PID=166) to work on /opt/airflow/dags/pipeline_strava_user.py
[2025-11-19T01:10:53.851+0000] {processor.py:830} INFO - Processing file /opt/airflow/dags/pipeline_strava_user.py for tasks to queue
[2025-11-19T01:10:53.853+0000] {logging_mixin.py:188} INFO - [2025-11-19T01:10:53.852+0000] {dagbag.py:545} INFO - Filling up the DagBag from /opt/airflow/dags/pipeline_strava_user.py
[2025-11-19T01:10:53.874+0000] {processor.py:840} INFO - DAG(s) 'etl_strava_user_profile' retrieved from /opt/airflow/dags/pipeline_strava_user.py
[2025-11-19T01:10:53.899+0000] {logging_mixin.py:188} INFO - [2025-11-19T01:10:53.898+0000] {dag.py:3089} INFO - Sync 1 DAGs
[2025-11-19T01:10:53.914+0000] {logging_mixin.py:188} INFO - [2025-11-19T01:10:53.914+0000] {dag.py:3947} INFO - Setting next_dagrun for etl_strava_user_profile to 2025-11-18 03:00:00+00:00, run_after=2025-11-19 03:00:00+00:00
[2025-11-19T01:10:53.926+0000] {processor.py:183} INFO - Processing /opt/airflow/dags/pipeline_strava_user.py took 0.080 seconds
[2025-11-19T01:11:24.171+0000] {processor.py:161} INFO - Started process (PID=181) to work on /opt/airflow/dags/pipeline_strava_user.py
[2025-11-19T01:11:24.172+0000] {processor.py:830} INFO - Processing file /opt/airflow/dags/pipeline_strava_user.py for tasks to queue
[2025-11-19T01:11:24.173+0000] {logging_mixin.py:188} INFO - [2025-11-19T01:11:24.173+0000] {dagbag.py:545} INFO - Filling up the DagBag from /opt/airflow/dags/pipeline_strava_user.py
[2025-11-19T01:11:24.181+0000] {processor.py:840} INFO - DAG(s) 'etl_strava_user_profile' retrieved from /opt/airflow/dags/pipeline_strava_user.py
[2025-11-19T01:11:24.304+0000] {logging_mixin.py:188} INFO - [2025-11-19T01:11:24.304+0000] {dag.py:3089} INFO - Sync 1 DAGs
[2025-11-19T01:11:24.317+0000] {logging_mixin.py:188} INFO - [2025-11-19T01:11:24.317+0000] {dag.py:3947} INFO - Setting next_dagrun for etl_strava_user_profile to 2025-11-18 03:00:00+00:00, run_after=2025-11-19 03:00:00+00:00
[2025-11-19T01:11:24.326+0000] {processor.py:183} INFO - Processing /opt/airflow/dags/pipeline_strava_user.py took 0.159 seconds
[2025-11-19T01:11:54.584+0000] {processor.py:161} INFO - Started process (PID=196) to work on /opt/airflow/dags/pipeline_strava_user.py
[2025-11-19T01:11:54.585+0000] {processor.py:830} INFO - Processing file /opt/airflow/dags/pipeline_strava_user.py for tasks to queue
[2025-11-19T01:11:54.586+0000] {logging_mixin.py:188} INFO - [2025-11-19T01:11:54.586+0000] {dagbag.py:545} INFO - Filling up the DagBag from /opt/airflow/dags/pipeline_strava_user.py
[2025-11-19T01:11:54.595+0000] {processor.py:840} INFO - DAG(s) 'etl_strava_user_profile' retrieved from /opt/airflow/dags/pipeline_strava_user.py
[2025-11-19T01:11:54.614+0000] {logging_mixin.py:188} INFO - [2025-11-19T01:11:54.614+0000] {dag.py:3089} INFO - Sync 1 DAGs
[2025-11-19T01:11:54.635+0000] {logging_mixin.py:188} INFO - [2025-11-19T01:11:54.635+0000] {dag.py:3947} INFO - Setting next_dagrun for etl_strava_user_profile to 2025-11-18 03:00:00+00:00, run_after=2025-11-19 03:00:00+00:00
[2025-11-19T01:11:54.649+0000] {processor.py:183} INFO - Processing /opt/airflow/dags/pipeline_strava_user.py took 0.069 seconds
[2025-11-19T01:12:24.880+0000] {processor.py:161} INFO - Started process (PID=223) to work on /opt/airflow/dags/pipeline_strava_user.py
[2025-11-19T01:12:24.881+0000] {processor.py:830} INFO - Processing file /opt/airflow/dags/pipeline_strava_user.py for tasks to queue
[2025-11-19T01:12:24.882+0000] {logging_mixin.py:188} INFO - [2025-11-19T01:12:24.882+0000] {dagbag.py:545} INFO - Filling up the DagBag from /opt/airflow/dags/pipeline_strava_user.py
[2025-11-19T01:12:24.889+0000] {processor.py:840} INFO - DAG(s) 'etl_strava_user_profile' retrieved from /opt/airflow/dags/pipeline_strava_user.py
[2025-11-19T01:12:24.908+0000] {logging_mixin.py:188} INFO - [2025-11-19T01:12:24.908+0000] {dag.py:3089} INFO - Sync 1 DAGs
[2025-11-19T01:12:24.920+0000] {logging_mixin.py:188} INFO - [2025-11-19T01:12:24.920+0000] {dag.py:3947} INFO - Setting next_dagrun for etl_strava_user_profile to 2025-11-18 03:00:00+00:00, run_after=2025-11-19 03:00:00+00:00
[2025-11-19T01:12:24.929+0000] {processor.py:183} INFO - Processing /opt/airflow/dags/pipeline_strava_user.py took 0.060 seconds
[2025-11-19T01:12:55.150+0000] {processor.py:161} INFO - Started process (PID=1117) to work on /opt/airflow/dags/pipeline_strava_user.py
[2025-11-19T01:12:55.151+0000] {processor.py:830} INFO - Processing file /opt/airflow/dags/pipeline_strava_user.py for tasks to queue
[2025-11-19T01:12:55.152+0000] {logging_mixin.py:188} INFO - [2025-11-19T01:12:55.152+0000] {dagbag.py:545} INFO - Filling up the DagBag from /opt/airflow/dags/pipeline_strava_user.py
[2025-11-19T01:12:55.161+0000] {processor.py:840} INFO - DAG(s) 'etl_strava_user_profile' retrieved from /opt/airflow/dags/pipeline_strava_user.py
[2025-11-19T01:12:55.181+0000] {logging_mixin.py:188} INFO - [2025-11-19T01:12:55.181+0000] {dag.py:3089} INFO - Sync 1 DAGs
[2025-11-19T01:12:55.196+0000] {logging_mixin.py:188} INFO - [2025-11-19T01:12:55.195+0000] {dag.py:3947} INFO - Setting next_dagrun for etl_strava_user_profile to 2025-11-18 03:00:00+00:00, run_after=2025-11-19 03:00:00+00:00
[2025-11-19T01:12:55.206+0000] {processor.py:183} INFO - Processing /opt/airflow/dags/pipeline_strava_user.py took 0.061 seconds
[2025-11-19T01:13:25.471+0000] {processor.py:161} INFO - Started process (PID=1132) to work on /opt/airflow/dags/pipeline_strava_user.py
[2025-11-19T01:13:25.471+0000] {processor.py:830} INFO - Processing file /opt/airflow/dags/pipeline_strava_user.py for tasks to queue
[2025-11-19T01:13:25.473+0000] {logging_mixin.py:188} INFO - [2025-11-19T01:13:25.472+0000] {dagbag.py:545} INFO - Filling up the DagBag from /opt/airflow/dags/pipeline_strava_user.py
[2025-11-19T01:13:25.490+0000] {processor.py:840} INFO - DAG(s) 'etl_strava_user_profile' retrieved from /opt/airflow/dags/pipeline_strava_user.py
[2025-11-19T01:13:25.520+0000] {logging_mixin.py:188} INFO - [2025-11-19T01:13:25.519+0000] {dag.py:3089} INFO - Sync 1 DAGs
[2025-11-19T01:13:25.540+0000] {logging_mixin.py:188} INFO - [2025-11-19T01:13:25.540+0000] {dag.py:3947} INFO - Setting next_dagrun for etl_strava_user_profile to 2025-11-18 03:00:00+00:00, run_after=2025-11-19 03:00:00+00:00
[2025-11-19T01:13:25.552+0000] {processor.py:183} INFO - Processing /opt/airflow/dags/pipeline_strava_user.py took 0.086 seconds
[2025-11-19T01:13:55.826+0000] {processor.py:161} INFO - Started process (PID=1147) to work on /opt/airflow/dags/pipeline_strava_user.py
[2025-11-19T01:13:55.827+0000] {processor.py:830} INFO - Processing file /opt/airflow/dags/pipeline_strava_user.py for tasks to queue
[2025-11-19T01:13:55.830+0000] {logging_mixin.py:188} INFO - [2025-11-19T01:13:55.829+0000] {dagbag.py:545} INFO - Filling up the DagBag from /opt/airflow/dags/pipeline_strava_user.py
[2025-11-19T01:13:55.843+0000] {processor.py:840} INFO - DAG(s) 'etl_strava_user_profile' retrieved from /opt/airflow/dags/pipeline_strava_user.py
[2025-11-19T01:13:55.868+0000] {logging_mixin.py:188} INFO - [2025-11-19T01:13:55.868+0000] {dag.py:3089} INFO - Sync 1 DAGs
[2025-11-19T01:13:55.882+0000] {logging_mixin.py:188} INFO - [2025-11-19T01:13:55.882+0000] {dag.py:3947} INFO - Setting next_dagrun for etl_strava_user_profile to 2025-11-18 03:00:00+00:00, run_after=2025-11-19 03:00:00+00:00
[2025-11-19T01:13:55.893+0000] {processor.py:183} INFO - Processing /opt/airflow/dags/pipeline_strava_user.py took 0.073 seconds
[2025-11-19T01:14:26.192+0000] {processor.py:161} INFO - Started process (PID=1162) to work on /opt/airflow/dags/pipeline_strava_user.py
[2025-11-19T01:14:26.193+0000] {processor.py:830} INFO - Processing file /opt/airflow/dags/pipeline_strava_user.py for tasks to queue
[2025-11-19T01:14:26.194+0000] {logging_mixin.py:188} INFO - [2025-11-19T01:14:26.194+0000] {dagbag.py:545} INFO - Filling up the DagBag from /opt/airflow/dags/pipeline_strava_user.py
[2025-11-19T01:14:26.204+0000] {processor.py:840} INFO - DAG(s) 'etl_strava_user_profile' retrieved from /opt/airflow/dags/pipeline_strava_user.py
[2025-11-19T01:14:26.227+0000] {logging_mixin.py:188} INFO - [2025-11-19T01:14:26.227+0000] {dag.py:3089} INFO - Sync 1 DAGs
[2025-11-19T01:14:26.245+0000] {logging_mixin.py:188} INFO - [2025-11-19T01:14:26.245+0000] {dag.py:3947} INFO - Setting next_dagrun for etl_strava_user_profile to 2025-11-18 03:00:00+00:00, run_after=2025-11-19 03:00:00+00:00
[2025-11-19T01:14:26.254+0000] {processor.py:183} INFO - Processing /opt/airflow/dags/pipeline_strava_user.py took 0.066 seconds
[2025-11-19T01:14:56.502+0000] {processor.py:161} INFO - Started process (PID=1207) to work on /opt/airflow/dags/pipeline_strava_user.py
[2025-11-19T01:14:56.502+0000] {processor.py:830} INFO - Processing file /opt/airflow/dags/pipeline_strava_user.py for tasks to queue
[2025-11-19T01:14:56.503+0000] {logging_mixin.py:188} INFO - [2025-11-19T01:14:56.503+0000] {dagbag.py:545} INFO - Filling up the DagBag from /opt/airflow/dags/pipeline_strava_user.py
[2025-11-19T01:14:56.514+0000] {processor.py:840} INFO - DAG(s) 'etl_strava_user_profile' retrieved from /opt/airflow/dags/pipeline_strava_user.py
[2025-11-19T01:14:56.532+0000] {logging_mixin.py:188} INFO - [2025-11-19T01:14:56.532+0000] {dag.py:3089} INFO - Sync 1 DAGs
[2025-11-19T01:14:56.547+0000] {logging_mixin.py:188} INFO - [2025-11-19T01:14:56.546+0000] {dag.py:3947} INFO - Setting next_dagrun for etl_strava_user_profile to 2025-11-18 03:00:00+00:00, run_after=2025-11-19 03:00:00+00:00
[2025-11-19T01:14:56.563+0000] {processor.py:183} INFO - Processing /opt/airflow/dags/pipeline_strava_user.py took 0.065 seconds
[2025-11-19T01:15:26.813+0000] {processor.py:161} INFO - Started process (PID=1922) to work on /opt/airflow/dags/pipeline_strava_user.py
[2025-11-19T01:15:26.814+0000] {processor.py:830} INFO - Processing file /opt/airflow/dags/pipeline_strava_user.py for tasks to queue
[2025-11-19T01:15:26.816+0000] {logging_mixin.py:188} INFO - [2025-11-19T01:15:26.815+0000] {dagbag.py:545} INFO - Filling up the DagBag from /opt/airflow/dags/pipeline_strava_user.py
[2025-11-19T01:15:26.825+0000] {processor.py:840} INFO - DAG(s) 'etl_strava_user_profile' retrieved from /opt/airflow/dags/pipeline_strava_user.py
[2025-11-19T01:15:26.842+0000] {logging_mixin.py:188} INFO - [2025-11-19T01:15:26.842+0000] {dag.py:3089} INFO - Sync 1 DAGs
[2025-11-19T01:15:26.855+0000] {logging_mixin.py:188} INFO - [2025-11-19T01:15:26.855+0000] {dag.py:3947} INFO - Setting next_dagrun for etl_strava_user_profile to 2025-11-18 03:00:00+00:00, run_after=2025-11-19 03:00:00+00:00
[2025-11-19T01:15:26.863+0000] {processor.py:183} INFO - Processing /opt/airflow/dags/pipeline_strava_user.py took 0.054 seconds
[2025-11-19T01:15:57.097+0000] {processor.py:161} INFO - Started process (PID=1937) to work on /opt/airflow/dags/pipeline_strava_user.py
[2025-11-19T01:15:57.098+0000] {processor.py:830} INFO - Processing file /opt/airflow/dags/pipeline_strava_user.py for tasks to queue
[2025-11-19T01:15:57.099+0000] {logging_mixin.py:188} INFO - [2025-11-19T01:15:57.099+0000] {dagbag.py:545} INFO - Filling up the DagBag from /opt/airflow/dags/pipeline_strava_user.py
[2025-11-19T01:15:57.109+0000] {processor.py:840} INFO - DAG(s) 'etl_strava_user_profile' retrieved from /opt/airflow/dags/pipeline_strava_user.py
[2025-11-19T01:15:57.145+0000] {logging_mixin.py:188} INFO - [2025-11-19T01:15:57.144+0000] {dag.py:3089} INFO - Sync 1 DAGs
[2025-11-19T01:15:57.163+0000] {logging_mixin.py:188} INFO - [2025-11-19T01:15:57.163+0000] {dag.py:3947} INFO - Setting next_dagrun for etl_strava_user_profile to 2025-11-18 03:00:00+00:00, run_after=2025-11-19 03:00:00+00:00
[2025-11-19T01:15:57.175+0000] {processor.py:183} INFO - Processing /opt/airflow/dags/pipeline_strava_user.py took 0.083 seconds
[2025-11-19T01:16:27.354+0000] {processor.py:161} INFO - Started process (PID=1952) to work on /opt/airflow/dags/pipeline_strava_user.py
[2025-11-19T01:16:27.355+0000] {processor.py:830} INFO - Processing file /opt/airflow/dags/pipeline_strava_user.py for tasks to queue
[2025-11-19T01:16:27.356+0000] {logging_mixin.py:188} INFO - [2025-11-19T01:16:27.356+0000] {dagbag.py:545} INFO - Filling up the DagBag from /opt/airflow/dags/pipeline_strava_user.py
[2025-11-19T01:16:27.365+0000] {processor.py:840} INFO - DAG(s) 'etl_strava_user_profile' retrieved from /opt/airflow/dags/pipeline_strava_user.py
[2025-11-19T01:16:27.383+0000] {logging_mixin.py:188} INFO - [2025-11-19T01:16:27.383+0000] {dag.py:3089} INFO - Sync 1 DAGs
[2025-11-19T01:16:27.396+0000] {logging_mixin.py:188} INFO - [2025-11-19T01:16:27.396+0000] {dag.py:3947} INFO - Setting next_dagrun for etl_strava_user_profile to 2025-11-18 03:00:00+00:00, run_after=2025-11-19 03:00:00+00:00
[2025-11-19T01:16:27.404+0000] {processor.py:183} INFO - Processing /opt/airflow/dags/pipeline_strava_user.py took 0.054 seconds
[2025-11-19T01:16:57.627+0000] {processor.py:161} INFO - Started process (PID=1967) to work on /opt/airflow/dags/pipeline_strava_user.py
[2025-11-19T01:16:57.628+0000] {processor.py:830} INFO - Processing file /opt/airflow/dags/pipeline_strava_user.py for tasks to queue
[2025-11-19T01:16:57.630+0000] {logging_mixin.py:188} INFO - [2025-11-19T01:16:57.629+0000] {dagbag.py:545} INFO - Filling up the DagBag from /opt/airflow/dags/pipeline_strava_user.py
[2025-11-19T01:16:57.642+0000] {processor.py:840} INFO - DAG(s) 'etl_strava_user_profile' retrieved from /opt/airflow/dags/pipeline_strava_user.py
[2025-11-19T01:16:57.663+0000] {logging_mixin.py:188} INFO - [2025-11-19T01:16:57.663+0000] {dag.py:3089} INFO - Sync 1 DAGs
[2025-11-19T01:16:57.677+0000] {logging_mixin.py:188} INFO - [2025-11-19T01:16:57.677+0000] {dag.py:3947} INFO - Setting next_dagrun for etl_strava_user_profile to 2025-11-18 03:00:00+00:00, run_after=2025-11-19 03:00:00+00:00
[2025-11-19T01:16:57.686+0000] {processor.py:183} INFO - Processing /opt/airflow/dags/pipeline_strava_user.py took 0.064 seconds
[2025-11-19T01:17:27.929+0000] {processor.py:161} INFO - Started process (PID=1982) to work on /opt/airflow/dags/pipeline_strava_user.py
[2025-11-19T01:17:27.930+0000] {processor.py:830} INFO - Processing file /opt/airflow/dags/pipeline_strava_user.py for tasks to queue
[2025-11-19T01:17:27.931+0000] {logging_mixin.py:188} INFO - [2025-11-19T01:17:27.931+0000] {dagbag.py:545} INFO - Filling up the DagBag from /opt/airflow/dags/pipeline_strava_user.py
[2025-11-19T01:17:27.938+0000] {processor.py:840} INFO - DAG(s) 'etl_strava_user_profile' retrieved from /opt/airflow/dags/pipeline_strava_user.py
[2025-11-19T01:17:27.955+0000] {logging_mixin.py:188} INFO - [2025-11-19T01:17:27.954+0000] {dag.py:3089} INFO - Sync 1 DAGs
[2025-11-19T01:17:27.968+0000] {logging_mixin.py:188} INFO - [2025-11-19T01:17:27.968+0000] {dag.py:3947} INFO - Setting next_dagrun for etl_strava_user_profile to 2025-11-18 03:00:00+00:00, run_after=2025-11-19 03:00:00+00:00
[2025-11-19T01:17:27.976+0000] {processor.py:183} INFO - Processing /opt/airflow/dags/pipeline_strava_user.py took 0.051 seconds
[2025-11-19T01:17:58.196+0000] {processor.py:161} INFO - Started process (PID=1997) to work on /opt/airflow/dags/pipeline_strava_user.py
[2025-11-19T01:17:58.196+0000] {processor.py:830} INFO - Processing file /opt/airflow/dags/pipeline_strava_user.py for tasks to queue
[2025-11-19T01:17:58.199+0000] {logging_mixin.py:188} INFO - [2025-11-19T01:17:58.199+0000] {dagbag.py:545} INFO - Filling up the DagBag from /opt/airflow/dags/pipeline_strava_user.py
[2025-11-19T01:17:58.210+0000] {processor.py:840} INFO - DAG(s) 'etl_strava_user_profile' retrieved from /opt/airflow/dags/pipeline_strava_user.py
[2025-11-19T01:17:58.246+0000] {logging_mixin.py:188} INFO - [2025-11-19T01:17:58.246+0000] {dag.py:3089} INFO - Sync 1 DAGs
[2025-11-19T01:17:58.265+0000] {logging_mixin.py:188} INFO - [2025-11-19T01:17:58.265+0000] {dag.py:3947} INFO - Setting next_dagrun for etl_strava_user_profile to 2025-11-18 03:00:00+00:00, run_after=2025-11-19 03:00:00+00:00
[2025-11-19T01:17:58.281+0000] {processor.py:183} INFO - Processing /opt/airflow/dags/pipeline_strava_user.py took 0.090 seconds
[2025-11-19T01:18:28.507+0000] {processor.py:161} INFO - Started process (PID=2012) to work on /opt/airflow/dags/pipeline_strava_user.py
[2025-11-19T01:18:28.507+0000] {processor.py:830} INFO - Processing file /opt/airflow/dags/pipeline_strava_user.py for tasks to queue
[2025-11-19T01:18:28.509+0000] {logging_mixin.py:188} INFO - [2025-11-19T01:18:28.509+0000] {dagbag.py:545} INFO - Filling up the DagBag from /opt/airflow/dags/pipeline_strava_user.py
[2025-11-19T01:18:28.516+0000] {processor.py:840} INFO - DAG(s) 'etl_strava_user_profile' retrieved from /opt/airflow/dags/pipeline_strava_user.py
[2025-11-19T01:18:28.531+0000] {logging_mixin.py:188} INFO - [2025-11-19T01:18:28.531+0000] {dag.py:3089} INFO - Sync 1 DAGs
[2025-11-19T01:18:28.542+0000] {logging_mixin.py:188} INFO - [2025-11-19T01:18:28.542+0000] {dag.py:3947} INFO - Setting next_dagrun for etl_strava_user_profile to 2025-11-18 03:00:00+00:00, run_after=2025-11-19 03:00:00+00:00
[2025-11-19T01:18:28.549+0000] {processor.py:183} INFO - Processing /opt/airflow/dags/pipeline_strava_user.py took 0.047 seconds
[2025-11-19T01:18:58.801+0000] {processor.py:161} INFO - Started process (PID=2027) to work on /opt/airflow/dags/pipeline_strava_user.py
[2025-11-19T01:18:58.802+0000] {processor.py:830} INFO - Processing file /opt/airflow/dags/pipeline_strava_user.py for tasks to queue
[2025-11-19T01:18:58.803+0000] {logging_mixin.py:188} INFO - [2025-11-19T01:18:58.803+0000] {dagbag.py:545} INFO - Filling up the DagBag from /opt/airflow/dags/pipeline_strava_user.py
[2025-11-19T01:18:58.812+0000] {processor.py:840} INFO - DAG(s) 'etl_strava_user_profile' retrieved from /opt/airflow/dags/pipeline_strava_user.py
[2025-11-19T01:18:58.835+0000] {logging_mixin.py:188} INFO - [2025-11-19T01:18:58.835+0000] {dag.py:3089} INFO - Sync 1 DAGs
[2025-11-19T01:18:58.850+0000] {logging_mixin.py:188} INFO - [2025-11-19T01:18:58.850+0000] {dag.py:3947} INFO - Setting next_dagrun for etl_strava_user_profile to 2025-11-18 03:00:00+00:00, run_after=2025-11-19 03:00:00+00:00
[2025-11-19T01:18:58.861+0000] {processor.py:183} INFO - Processing /opt/airflow/dags/pipeline_strava_user.py took 0.067 seconds
[2025-11-19T01:19:29.145+0000] {processor.py:161} INFO - Started process (PID=2042) to work on /opt/airflow/dags/pipeline_strava_user.py
[2025-11-19T01:19:29.147+0000] {processor.py:830} INFO - Processing file /opt/airflow/dags/pipeline_strava_user.py for tasks to queue
[2025-11-19T01:19:29.148+0000] {logging_mixin.py:188} INFO - [2025-11-19T01:19:29.148+0000] {dagbag.py:545} INFO - Filling up the DagBag from /opt/airflow/dags/pipeline_strava_user.py
[2025-11-19T01:19:29.158+0000] {processor.py:840} INFO - DAG(s) 'etl_strava_user_profile' retrieved from /opt/airflow/dags/pipeline_strava_user.py
[2025-11-19T01:19:29.178+0000] {logging_mixin.py:188} INFO - [2025-11-19T01:19:29.178+0000] {dag.py:3089} INFO - Sync 1 DAGs
[2025-11-19T01:19:29.193+0000] {logging_mixin.py:188} INFO - [2025-11-19T01:19:29.193+0000] {dag.py:3947} INFO - Setting next_dagrun for etl_strava_user_profile to 2025-11-18 03:00:00+00:00, run_after=2025-11-19 03:00:00+00:00
[2025-11-19T01:19:29.203+0000] {processor.py:183} INFO - Processing /opt/airflow/dags/pipeline_strava_user.py took 0.062 seconds
[2025-11-19T01:19:59.457+0000] {processor.py:161} INFO - Started process (PID=2057) to work on /opt/airflow/dags/pipeline_strava_user.py
[2025-11-19T01:19:59.457+0000] {processor.py:830} INFO - Processing file /opt/airflow/dags/pipeline_strava_user.py for tasks to queue
[2025-11-19T01:19:59.460+0000] {logging_mixin.py:188} INFO - [2025-11-19T01:19:59.459+0000] {dagbag.py:545} INFO - Filling up the DagBag from /opt/airflow/dags/pipeline_strava_user.py
[2025-11-19T01:19:59.474+0000] {processor.py:840} INFO - DAG(s) 'etl_strava_user_profile' retrieved from /opt/airflow/dags/pipeline_strava_user.py
[2025-11-19T01:19:59.509+0000] {logging_mixin.py:188} INFO - [2025-11-19T01:19:59.508+0000] {dag.py:3089} INFO - Sync 1 DAGs
[2025-11-19T01:19:59.527+0000] {logging_mixin.py:188} INFO - [2025-11-19T01:19:59.527+0000] {dag.py:3947} INFO - Setting next_dagrun for etl_strava_user_profile to 2025-11-18 03:00:00+00:00, run_after=2025-11-19 03:00:00+00:00
[2025-11-19T01:19:59.536+0000] {processor.py:183} INFO - Processing /opt/airflow/dags/pipeline_strava_user.py took 0.085 seconds
[2025-11-19T01:20:29.778+0000] {processor.py:161} INFO - Started process (PID=2072) to work on /opt/airflow/dags/pipeline_strava_user.py
[2025-11-19T01:20:29.779+0000] {processor.py:830} INFO - Processing file /opt/airflow/dags/pipeline_strava_user.py for tasks to queue
[2025-11-19T01:20:29.782+0000] {logging_mixin.py:188} INFO - [2025-11-19T01:20:29.781+0000] {dagbag.py:545} INFO - Filling up the DagBag from /opt/airflow/dags/pipeline_strava_user.py
[2025-11-19T01:20:29.799+0000] {processor.py:840} INFO - DAG(s) 'etl_strava_user_profile' retrieved from /opt/airflow/dags/pipeline_strava_user.py
[2025-11-19T01:20:29.825+0000] {logging_mixin.py:188} INFO - [2025-11-19T01:20:29.824+0000] {dag.py:3089} INFO - Sync 1 DAGs
[2025-11-19T01:20:29.841+0000] {logging_mixin.py:188} INFO - [2025-11-19T01:20:29.841+0000] {dag.py:3947} INFO - Setting next_dagrun for etl_strava_user_profile to 2025-11-18 03:00:00+00:00, run_after=2025-11-19 03:00:00+00:00
[2025-11-19T01:20:29.852+0000] {processor.py:183} INFO - Processing /opt/airflow/dags/pipeline_strava_user.py took 0.079 seconds
[2025-11-19T01:21:00.062+0000] {processor.py:161} INFO - Started process (PID=2087) to work on /opt/airflow/dags/pipeline_strava_user.py
[2025-11-19T01:21:00.063+0000] {processor.py:830} INFO - Processing file /opt/airflow/dags/pipeline_strava_user.py for tasks to queue
[2025-11-19T01:21:00.064+0000] {logging_mixin.py:188} INFO - [2025-11-19T01:21:00.064+0000] {dagbag.py:545} INFO - Filling up the DagBag from /opt/airflow/dags/pipeline_strava_user.py
[2025-11-19T01:21:00.074+0000] {processor.py:840} INFO - DAG(s) 'etl_strava_user_profile' retrieved from /opt/airflow/dags/pipeline_strava_user.py
[2025-11-19T01:21:00.105+0000] {logging_mixin.py:188} INFO - [2025-11-19T01:21:00.104+0000] {dag.py:3089} INFO - Sync 1 DAGs
[2025-11-19T01:21:00.129+0000] {logging_mixin.py:188} INFO - [2025-11-19T01:21:00.129+0000] {dag.py:3947} INFO - Setting next_dagrun for etl_strava_user_profile to 2025-11-18 03:00:00+00:00, run_after=2025-11-19 03:00:00+00:00
[2025-11-19T01:21:00.144+0000] {processor.py:183} INFO - Processing /opt/airflow/dags/pipeline_strava_user.py took 0.086 seconds
[2025-11-19T01:21:30.403+0000] {processor.py:161} INFO - Started process (PID=2102) to work on /opt/airflow/dags/pipeline_strava_user.py
[2025-11-19T01:21:30.404+0000] {processor.py:830} INFO - Processing file /opt/airflow/dags/pipeline_strava_user.py for tasks to queue
[2025-11-19T01:21:30.406+0000] {logging_mixin.py:188} INFO - [2025-11-19T01:21:30.405+0000] {dagbag.py:545} INFO - Filling up the DagBag from /opt/airflow/dags/pipeline_strava_user.py
[2025-11-19T01:21:30.418+0000] {processor.py:840} INFO - DAG(s) 'etl_strava_user_profile' retrieved from /opt/airflow/dags/pipeline_strava_user.py
[2025-11-19T01:21:30.455+0000] {logging_mixin.py:188} INFO - [2025-11-19T01:21:30.454+0000] {dag.py:3089} INFO - Sync 1 DAGs
[2025-11-19T01:21:30.474+0000] {logging_mixin.py:188} INFO - [2025-11-19T01:21:30.473+0000] {dag.py:3947} INFO - Setting next_dagrun for etl_strava_user_profile to 2025-11-18 03:00:00+00:00, run_after=2025-11-19 03:00:00+00:00
[2025-11-19T01:21:30.483+0000] {processor.py:183} INFO - Processing /opt/airflow/dags/pipeline_strava_user.py took 0.087 seconds
[2025-11-19T01:22:00.741+0000] {processor.py:161} INFO - Started process (PID=2117) to work on /opt/airflow/dags/pipeline_strava_user.py
[2025-11-19T01:22:00.742+0000] {processor.py:830} INFO - Processing file /opt/airflow/dags/pipeline_strava_user.py for tasks to queue
[2025-11-19T01:22:00.745+0000] {logging_mixin.py:188} INFO - [2025-11-19T01:22:00.745+0000] {dagbag.py:545} INFO - Filling up the DagBag from /opt/airflow/dags/pipeline_strava_user.py
[2025-11-19T01:22:00.760+0000] {processor.py:840} INFO - DAG(s) 'etl_strava_user_profile' retrieved from /opt/airflow/dags/pipeline_strava_user.py
[2025-11-19T01:22:00.793+0000] {logging_mixin.py:188} INFO - [2025-11-19T01:22:00.793+0000] {dag.py:3089} INFO - Sync 1 DAGs
[2025-11-19T01:22:00.807+0000] {logging_mixin.py:188} INFO - [2025-11-19T01:22:00.807+0000] {dag.py:3947} INFO - Setting next_dagrun for etl_strava_user_profile to 2025-11-18 03:00:00+00:00, run_after=2025-11-19 03:00:00+00:00
[2025-11-19T01:22:00.822+0000] {processor.py:183} INFO - Processing /opt/airflow/dags/pipeline_strava_user.py took 0.091 seconds
[2025-11-19T01:22:31.066+0000] {processor.py:161} INFO - Started process (PID=2132) to work on /opt/airflow/dags/pipeline_strava_user.py
[2025-11-19T01:22:31.066+0000] {processor.py:830} INFO - Processing file /opt/airflow/dags/pipeline_strava_user.py for tasks to queue
[2025-11-19T01:22:31.067+0000] {logging_mixin.py:188} INFO - [2025-11-19T01:22:31.067+0000] {dagbag.py:545} INFO - Filling up the DagBag from /opt/airflow/dags/pipeline_strava_user.py
[2025-11-19T01:22:31.073+0000] {processor.py:840} INFO - DAG(s) 'etl_strava_user_profile' retrieved from /opt/airflow/dags/pipeline_strava_user.py
[2025-11-19T01:22:31.086+0000] {logging_mixin.py:188} INFO - [2025-11-19T01:22:31.086+0000] {dag.py:3089} INFO - Sync 1 DAGs
[2025-11-19T01:22:31.096+0000] {logging_mixin.py:188} INFO - [2025-11-19T01:22:31.096+0000] {dag.py:3947} INFO - Setting next_dagrun for etl_strava_user_profile to 2025-11-18 03:00:00+00:00, run_after=2025-11-19 03:00:00+00:00
[2025-11-19T01:22:31.103+0000] {processor.py:183} INFO - Processing /opt/airflow/dags/pipeline_strava_user.py took 0.043 seconds
[2025-11-19T01:23:01.399+0000] {processor.py:161} INFO - Started process (PID=2147) to work on /opt/airflow/dags/pipeline_strava_user.py
[2025-11-19T01:23:01.400+0000] {processor.py:830} INFO - Processing file /opt/airflow/dags/pipeline_strava_user.py for tasks to queue
[2025-11-19T01:23:01.402+0000] {logging_mixin.py:188} INFO - [2025-11-19T01:23:01.402+0000] {dagbag.py:545} INFO - Filling up the DagBag from /opt/airflow/dags/pipeline_strava_user.py
[2025-11-19T01:23:01.413+0000] {processor.py:840} INFO - DAG(s) 'etl_strava_user_profile' retrieved from /opt/airflow/dags/pipeline_strava_user.py
[2025-11-19T01:23:01.437+0000] {logging_mixin.py:188} INFO - [2025-11-19T01:23:01.437+0000] {dag.py:3089} INFO - Sync 1 DAGs
[2025-11-19T01:23:01.459+0000] {logging_mixin.py:188} INFO - [2025-11-19T01:23:01.459+0000] {dag.py:3947} INFO - Setting next_dagrun for etl_strava_user_profile to 2025-11-18 03:00:00+00:00, run_after=2025-11-19 03:00:00+00:00
[2025-11-19T01:23:01.470+0000] {processor.py:183} INFO - Processing /opt/airflow/dags/pipeline_strava_user.py took 0.077 seconds
[2025-11-19T01:23:31.635+0000] {processor.py:161} INFO - Started process (PID=2162) to work on /opt/airflow/dags/pipeline_strava_user.py
[2025-11-19T01:23:31.635+0000] {processor.py:830} INFO - Processing file /opt/airflow/dags/pipeline_strava_user.py for tasks to queue
[2025-11-19T01:23:31.637+0000] {logging_mixin.py:188} INFO - [2025-11-19T01:23:31.637+0000] {dagbag.py:545} INFO - Filling up the DagBag from /opt/airflow/dags/pipeline_strava_user.py
[2025-11-19T01:23:31.647+0000] {processor.py:840} INFO - DAG(s) 'etl_strava_user_profile' retrieved from /opt/airflow/dags/pipeline_strava_user.py
[2025-11-19T01:23:31.673+0000] {logging_mixin.py:188} INFO - [2025-11-19T01:23:31.673+0000] {dag.py:3089} INFO - Sync 1 DAGs
[2025-11-19T01:23:31.688+0000] {logging_mixin.py:188} INFO - [2025-11-19T01:23:31.688+0000] {dag.py:3947} INFO - Setting next_dagrun for etl_strava_user_profile to 2025-11-18 03:00:00+00:00, run_after=2025-11-19 03:00:00+00:00
[2025-11-19T01:23:31.698+0000] {processor.py:183} INFO - Processing /opt/airflow/dags/pipeline_strava_user.py took 0.068 seconds
[2025-11-19T01:24:01.940+0000] {processor.py:161} INFO - Started process (PID=2177) to work on /opt/airflow/dags/pipeline_strava_user.py
[2025-11-19T01:24:01.940+0000] {processor.py:830} INFO - Processing file /opt/airflow/dags/pipeline_strava_user.py for tasks to queue
[2025-11-19T01:24:01.942+0000] {logging_mixin.py:188} INFO - [2025-11-19T01:24:01.941+0000] {dagbag.py:545} INFO - Filling up the DagBag from /opt/airflow/dags/pipeline_strava_user.py
[2025-11-19T01:24:01.954+0000] {processor.py:840} INFO - DAG(s) 'etl_strava_user_profile' retrieved from /opt/airflow/dags/pipeline_strava_user.py
[2025-11-19T01:24:01.979+0000] {logging_mixin.py:188} INFO - [2025-11-19T01:24:01.979+0000] {dag.py:3089} INFO - Sync 1 DAGs
[2025-11-19T01:24:01.992+0000] {logging_mixin.py:188} INFO - [2025-11-19T01:24:01.992+0000] {dag.py:3947} INFO - Setting next_dagrun for etl_strava_user_profile to 2025-11-18 03:00:00+00:00, run_after=2025-11-19 03:00:00+00:00
[2025-11-19T01:24:02.001+0000] {processor.py:183} INFO - Processing /opt/airflow/dags/pipeline_strava_user.py took 0.068 seconds
[2025-11-19T01:24:32.237+0000] {processor.py:161} INFO - Started process (PID=2192) to work on /opt/airflow/dags/pipeline_strava_user.py
[2025-11-19T01:24:32.237+0000] {processor.py:830} INFO - Processing file /opt/airflow/dags/pipeline_strava_user.py for tasks to queue
[2025-11-19T01:24:32.238+0000] {logging_mixin.py:188} INFO - [2025-11-19T01:24:32.238+0000] {dagbag.py:545} INFO - Filling up the DagBag from /opt/airflow/dags/pipeline_strava_user.py
[2025-11-19T01:24:32.243+0000] {processor.py:840} INFO - DAG(s) 'etl_strava_user_profile' retrieved from /opt/airflow/dags/pipeline_strava_user.py
[2025-11-19T01:24:32.259+0000] {logging_mixin.py:188} INFO - [2025-11-19T01:24:32.259+0000] {dag.py:3089} INFO - Sync 1 DAGs
[2025-11-19T01:24:32.272+0000] {logging_mixin.py:188} INFO - [2025-11-19T01:24:32.272+0000] {dag.py:3947} INFO - Setting next_dagrun for etl_strava_user_profile to 2025-11-18 03:00:00+00:00, run_after=2025-11-19 03:00:00+00:00
[2025-11-19T01:24:32.280+0000] {processor.py:183} INFO - Processing /opt/airflow/dags/pipeline_strava_user.py took 0.048 seconds
[2025-11-19T01:25:02.577+0000] {processor.py:161} INFO - Started process (PID=2207) to work on /opt/airflow/dags/pipeline_strava_user.py
[2025-11-19T01:25:02.579+0000] {processor.py:830} INFO - Processing file /opt/airflow/dags/pipeline_strava_user.py for tasks to queue
[2025-11-19T01:25:02.583+0000] {logging_mixin.py:188} INFO - [2025-11-19T01:25:02.582+0000] {dagbag.py:545} INFO - Filling up the DagBag from /opt/airflow/dags/pipeline_strava_user.py
[2025-11-19T01:25:02.604+0000] {processor.py:840} INFO - DAG(s) 'etl_strava_user_profile' retrieved from /opt/airflow/dags/pipeline_strava_user.py
[2025-11-19T01:25:02.637+0000] {logging_mixin.py:188} INFO - [2025-11-19T01:25:02.637+0000] {dag.py:3089} INFO - Sync 1 DAGs
[2025-11-19T01:25:02.660+0000] {logging_mixin.py:188} INFO - [2025-11-19T01:25:02.660+0000] {dag.py:3947} INFO - Setting next_dagrun for etl_strava_user_profile to 2025-11-18 03:00:00+00:00, run_after=2025-11-19 03:00:00+00:00
[2025-11-19T01:25:02.670+0000] {processor.py:183} INFO - Processing /opt/airflow/dags/pipeline_strava_user.py took 0.103 seconds
[2025-11-19T01:25:32.915+0000] {processor.py:161} INFO - Started process (PID=2222) to work on /opt/airflow/dags/pipeline_strava_user.py
[2025-11-19T01:25:32.916+0000] {processor.py:830} INFO - Processing file /opt/airflow/dags/pipeline_strava_user.py for tasks to queue
[2025-11-19T01:25:32.917+0000] {logging_mixin.py:188} INFO - [2025-11-19T01:25:32.917+0000] {dagbag.py:545} INFO - Filling up the DagBag from /opt/airflow/dags/pipeline_strava_user.py
[2025-11-19T01:25:32.923+0000] {processor.py:840} INFO - DAG(s) 'etl_strava_user_profile' retrieved from /opt/airflow/dags/pipeline_strava_user.py
[2025-11-19T01:25:32.941+0000] {logging_mixin.py:188} INFO - [2025-11-19T01:25:32.941+0000] {dag.py:3089} INFO - Sync 1 DAGs
[2025-11-19T01:25:32.956+0000] {logging_mixin.py:188} INFO - [2025-11-19T01:25:32.956+0000] {dag.py:3947} INFO - Setting next_dagrun for etl_strava_user_profile to 2025-11-18 03:00:00+00:00, run_after=2025-11-19 03:00:00+00:00
[2025-11-19T01:25:32.968+0000] {processor.py:183} INFO - Processing /opt/airflow/dags/pipeline_strava_user.py took 0.061 seconds
[2025-11-19T01:26:03.238+0000] {processor.py:161} INFO - Started process (PID=2237) to work on /opt/airflow/dags/pipeline_strava_user.py
[2025-11-19T01:26:03.239+0000] {processor.py:830} INFO - Processing file /opt/airflow/dags/pipeline_strava_user.py for tasks to queue
[2025-11-19T01:26:03.249+0000] {logging_mixin.py:188} INFO - [2025-11-19T01:26:03.248+0000] {dagbag.py:545} INFO - Filling up the DagBag from /opt/airflow/dags/pipeline_strava_user.py
[2025-11-19T01:26:03.262+0000] {processor.py:840} INFO - DAG(s) 'etl_strava_user_profile' retrieved from /opt/airflow/dags/pipeline_strava_user.py
[2025-11-19T01:26:03.285+0000] {logging_mixin.py:188} INFO - [2025-11-19T01:26:03.285+0000] {dag.py:3089} INFO - Sync 1 DAGs
[2025-11-19T01:26:03.311+0000] {logging_mixin.py:188} INFO - [2025-11-19T01:26:03.310+0000] {dag.py:3947} INFO - Setting next_dagrun for etl_strava_user_profile to 2025-11-18 03:00:00+00:00, run_after=2025-11-19 03:00:00+00:00
[2025-11-19T01:26:03.321+0000] {processor.py:183} INFO - Processing /opt/airflow/dags/pipeline_strava_user.py took 0.089 seconds
[2025-11-19T01:26:33.564+0000] {processor.py:161} INFO - Started process (PID=2252) to work on /opt/airflow/dags/pipeline_strava_user.py
[2025-11-19T01:26:33.565+0000] {processor.py:830} INFO - Processing file /opt/airflow/dags/pipeline_strava_user.py for tasks to queue
[2025-11-19T01:26:33.566+0000] {logging_mixin.py:188} INFO - [2025-11-19T01:26:33.566+0000] {dagbag.py:545} INFO - Filling up the DagBag from /opt/airflow/dags/pipeline_strava_user.py
[2025-11-19T01:26:33.573+0000] {processor.py:840} INFO - DAG(s) 'etl_strava_user_profile' retrieved from /opt/airflow/dags/pipeline_strava_user.py
[2025-11-19T01:26:33.589+0000] {logging_mixin.py:188} INFO - [2025-11-19T01:26:33.589+0000] {dag.py:3089} INFO - Sync 1 DAGs
[2025-11-19T01:26:33.602+0000] {logging_mixin.py:188} INFO - [2025-11-19T01:26:33.602+0000] {dag.py:3947} INFO - Setting next_dagrun for etl_strava_user_profile to 2025-11-18 03:00:00+00:00, run_after=2025-11-19 03:00:00+00:00
[2025-11-19T01:26:33.610+0000] {processor.py:183} INFO - Processing /opt/airflow/dags/pipeline_strava_user.py took 0.051 seconds
[2025-11-19T01:27:03.914+0000] {processor.py:161} INFO - Started process (PID=2267) to work on /opt/airflow/dags/pipeline_strava_user.py
[2025-11-19T01:27:03.915+0000] {processor.py:830} INFO - Processing file /opt/airflow/dags/pipeline_strava_user.py for tasks to queue
[2025-11-19T01:27:03.916+0000] {logging_mixin.py:188} INFO - [2025-11-19T01:27:03.916+0000] {dagbag.py:545} INFO - Filling up the DagBag from /opt/airflow/dags/pipeline_strava_user.py
[2025-11-19T01:27:03.929+0000] {processor.py:840} INFO - DAG(s) 'etl_strava_user_profile' retrieved from /opt/airflow/dags/pipeline_strava_user.py
[2025-11-19T01:27:03.966+0000] {logging_mixin.py:188} INFO - [2025-11-19T01:27:03.966+0000] {dag.py:3089} INFO - Sync 1 DAGs
[2025-11-19T01:27:03.988+0000] {logging_mixin.py:188} INFO - [2025-11-19T01:27:03.988+0000] {dag.py:3947} INFO - Setting next_dagrun for etl_strava_user_profile to 2025-11-18 03:00:00+00:00, run_after=2025-11-19 03:00:00+00:00
[2025-11-19T01:27:03.998+0000] {processor.py:183} INFO - Processing /opt/airflow/dags/pipeline_strava_user.py took 0.093 seconds
[2025-11-19T01:27:34.214+0000] {processor.py:161} INFO - Started process (PID=2282) to work on /opt/airflow/dags/pipeline_strava_user.py
[2025-11-19T01:27:34.215+0000] {processor.py:830} INFO - Processing file /opt/airflow/dags/pipeline_strava_user.py for tasks to queue
[2025-11-19T01:27:34.217+0000] {logging_mixin.py:188} INFO - [2025-11-19T01:27:34.217+0000] {dagbag.py:545} INFO - Filling up the DagBag from /opt/airflow/dags/pipeline_strava_user.py
[2025-11-19T01:27:34.226+0000] {processor.py:840} INFO - DAG(s) 'etl_strava_user_profile' retrieved from /opt/airflow/dags/pipeline_strava_user.py
[2025-11-19T01:27:34.251+0000] {logging_mixin.py:188} INFO - [2025-11-19T01:27:34.251+0000] {dag.py:3089} INFO - Sync 1 DAGs
[2025-11-19T01:27:34.269+0000] {logging_mixin.py:188} INFO - [2025-11-19T01:27:34.269+0000] {dag.py:3947} INFO - Setting next_dagrun for etl_strava_user_profile to 2025-11-18 03:00:00+00:00, run_after=2025-11-19 03:00:00+00:00
[2025-11-19T01:27:34.280+0000] {processor.py:183} INFO - Processing /opt/airflow/dags/pipeline_strava_user.py took 0.072 seconds
[2025-11-19T01:28:04.497+0000] {processor.py:161} INFO - Started process (PID=2297) to work on /opt/airflow/dags/pipeline_strava_user.py
[2025-11-19T01:28:04.498+0000] {processor.py:830} INFO - Processing file /opt/airflow/dags/pipeline_strava_user.py for tasks to queue
[2025-11-19T01:28:04.500+0000] {logging_mixin.py:188} INFO - [2025-11-19T01:28:04.499+0000] {dagbag.py:545} INFO - Filling up the DagBag from /opt/airflow/dags/pipeline_strava_user.py
[2025-11-19T01:28:04.510+0000] {processor.py:840} INFO - DAG(s) 'etl_strava_user_profile' retrieved from /opt/airflow/dags/pipeline_strava_user.py
[2025-11-19T01:28:04.540+0000] {logging_mixin.py:188} INFO - [2025-11-19T01:28:04.540+0000] {dag.py:3089} INFO - Sync 1 DAGs
[2025-11-19T01:28:04.563+0000] {logging_mixin.py:188} INFO - [2025-11-19T01:28:04.562+0000] {dag.py:3947} INFO - Setting next_dagrun for etl_strava_user_profile to 2025-11-18 03:00:00+00:00, run_after=2025-11-19 03:00:00+00:00
[2025-11-19T01:28:04.572+0000] {processor.py:183} INFO - Processing /opt/airflow/dags/pipeline_strava_user.py took 0.080 seconds
[2025-11-19T01:28:34.846+0000] {processor.py:161} INFO - Started process (PID=2312) to work on /opt/airflow/dags/pipeline_strava_user.py
[2025-11-19T01:28:34.847+0000] {processor.py:830} INFO - Processing file /opt/airflow/dags/pipeline_strava_user.py for tasks to queue
[2025-11-19T01:28:34.850+0000] {logging_mixin.py:188} INFO - [2025-11-19T01:28:34.849+0000] {dagbag.py:545} INFO - Filling up the DagBag from /opt/airflow/dags/pipeline_strava_user.py
[2025-11-19T01:28:34.878+0000] {processor.py:840} INFO - DAG(s) 'etl_strava_user_profile' retrieved from /opt/airflow/dags/pipeline_strava_user.py
[2025-11-19T01:28:34.904+0000] {logging_mixin.py:188} INFO - [2025-11-19T01:28:34.904+0000] {dag.py:3089} INFO - Sync 1 DAGs
[2025-11-19T01:28:34.922+0000] {logging_mixin.py:188} INFO - [2025-11-19T01:28:34.922+0000] {dag.py:3947} INFO - Setting next_dagrun for etl_strava_user_profile to 2025-11-18 03:00:00+00:00, run_after=2025-11-19 03:00:00+00:00
[2025-11-19T01:28:34.936+0000] {processor.py:183} INFO - Processing /opt/airflow/dags/pipeline_strava_user.py took 0.097 seconds
[2025-11-19T01:29:05.101+0000] {processor.py:161} INFO - Started process (PID=2327) to work on /opt/airflow/dags/pipeline_strava_user.py
[2025-11-19T01:29:05.102+0000] {processor.py:830} INFO - Processing file /opt/airflow/dags/pipeline_strava_user.py for tasks to queue
[2025-11-19T01:29:05.104+0000] {logging_mixin.py:188} INFO - [2025-11-19T01:29:05.104+0000] {dagbag.py:545} INFO - Filling up the DagBag from /opt/airflow/dags/pipeline_strava_user.py
[2025-11-19T01:29:05.119+0000] {processor.py:840} INFO - DAG(s) 'etl_strava_user_profile' retrieved from /opt/airflow/dags/pipeline_strava_user.py
[2025-11-19T01:29:05.145+0000] {logging_mixin.py:188} INFO - [2025-11-19T01:29:05.145+0000] {dag.py:3089} INFO - Sync 1 DAGs
[2025-11-19T01:29:05.163+0000] {logging_mixin.py:188} INFO - [2025-11-19T01:29:05.163+0000] {dag.py:3947} INFO - Setting next_dagrun for etl_strava_user_profile to 2025-11-18 03:00:00+00:00, run_after=2025-11-19 03:00:00+00:00
[2025-11-19T01:29:05.176+0000] {processor.py:183} INFO - Processing /opt/airflow/dags/pipeline_strava_user.py took 0.079 seconds
[2025-11-19T01:29:35.395+0000] {processor.py:161} INFO - Started process (PID=2342) to work on /opt/airflow/dags/pipeline_strava_user.py
[2025-11-19T01:29:35.395+0000] {processor.py:830} INFO - Processing file /opt/airflow/dags/pipeline_strava_user.py for tasks to queue
[2025-11-19T01:29:35.397+0000] {logging_mixin.py:188} INFO - [2025-11-19T01:29:35.396+0000] {dagbag.py:545} INFO - Filling up the DagBag from /opt/airflow/dags/pipeline_strava_user.py
[2025-11-19T01:29:35.408+0000] {processor.py:840} INFO - DAG(s) 'etl_strava_user_profile' retrieved from /opt/airflow/dags/pipeline_strava_user.py
[2025-11-19T01:29:35.432+0000] {logging_mixin.py:188} INFO - [2025-11-19T01:29:35.431+0000] {dag.py:3089} INFO - Sync 1 DAGs
[2025-11-19T01:29:35.458+0000] {logging_mixin.py:188} INFO - [2025-11-19T01:29:35.458+0000] {dag.py:3947} INFO - Setting next_dagrun for etl_strava_user_profile to 2025-11-18 03:00:00+00:00, run_after=2025-11-19 03:00:00+00:00
[2025-11-19T01:29:35.476+0000] {processor.py:183} INFO - Processing /opt/airflow/dags/pipeline_strava_user.py took 0.086 seconds
[2025-11-19T01:30:05.737+0000] {processor.py:161} INFO - Started process (PID=2357) to work on /opt/airflow/dags/pipeline_strava_user.py
[2025-11-19T01:30:05.738+0000] {processor.py:830} INFO - Processing file /opt/airflow/dags/pipeline_strava_user.py for tasks to queue
[2025-11-19T01:30:05.740+0000] {logging_mixin.py:188} INFO - [2025-11-19T01:30:05.740+0000] {dagbag.py:545} INFO - Filling up the DagBag from /opt/airflow/dags/pipeline_strava_user.py
[2025-11-19T01:30:05.752+0000] {processor.py:840} INFO - DAG(s) 'etl_strava_user_profile' retrieved from /opt/airflow/dags/pipeline_strava_user.py
[2025-11-19T01:30:05.782+0000] {logging_mixin.py:188} INFO - [2025-11-19T01:30:05.782+0000] {dag.py:3089} INFO - Sync 1 DAGs
[2025-11-19T01:30:05.796+0000] {logging_mixin.py:188} INFO - [2025-11-19T01:30:05.796+0000] {dag.py:3947} INFO - Setting next_dagrun for etl_strava_user_profile to 2025-11-18 03:00:00+00:00, run_after=2025-11-19 03:00:00+00:00
[2025-11-19T01:30:05.806+0000] {processor.py:183} INFO - Processing /opt/airflow/dags/pipeline_strava_user.py took 0.083 seconds
[2025-11-19T01:30:36.023+0000] {processor.py:161} INFO - Started process (PID=2372) to work on /opt/airflow/dags/pipeline_strava_user.py
[2025-11-19T01:30:36.023+0000] {processor.py:830} INFO - Processing file /opt/airflow/dags/pipeline_strava_user.py for tasks to queue
[2025-11-19T01:30:36.024+0000] {logging_mixin.py:188} INFO - [2025-11-19T01:30:36.024+0000] {dagbag.py:545} INFO - Filling up the DagBag from /opt/airflow/dags/pipeline_strava_user.py
[2025-11-19T01:30:36.030+0000] {processor.py:840} INFO - DAG(s) 'etl_strava_user_profile' retrieved from /opt/airflow/dags/pipeline_strava_user.py
[2025-11-19T01:30:36.045+0000] {logging_mixin.py:188} INFO - [2025-11-19T01:30:36.045+0000] {dag.py:3089} INFO - Sync 1 DAGs
[2025-11-19T01:30:36.055+0000] {logging_mixin.py:188} INFO - [2025-11-19T01:30:36.055+0000] {dag.py:3947} INFO - Setting next_dagrun for etl_strava_user_profile to 2025-11-18 03:00:00+00:00, run_after=2025-11-19 03:00:00+00:00
[2025-11-19T01:30:36.062+0000] {processor.py:183} INFO - Processing /opt/airflow/dags/pipeline_strava_user.py took 0.045 seconds
[2025-11-19T01:31:06.324+0000] {processor.py:161} INFO - Started process (PID=2387) to work on /opt/airflow/dags/pipeline_strava_user.py
[2025-11-19T01:31:06.325+0000] {processor.py:830} INFO - Processing file /opt/airflow/dags/pipeline_strava_user.py for tasks to queue
[2025-11-19T01:31:06.328+0000] {logging_mixin.py:188} INFO - [2025-11-19T01:31:06.327+0000] {dagbag.py:545} INFO - Filling up the DagBag from /opt/airflow/dags/pipeline_strava_user.py
[2025-11-19T01:31:06.347+0000] {processor.py:840} INFO - DAG(s) 'etl_strava_user_profile' retrieved from /opt/airflow/dags/pipeline_strava_user.py
[2025-11-19T01:31:06.383+0000] {logging_mixin.py:188} INFO - [2025-11-19T01:31:06.383+0000] {dag.py:3089} INFO - Sync 1 DAGs
[2025-11-19T01:31:06.402+0000] {logging_mixin.py:188} INFO - [2025-11-19T01:31:06.402+0000] {dag.py:3947} INFO - Setting next_dagrun for etl_strava_user_profile to 2025-11-18 03:00:00+00:00, run_after=2025-11-19 03:00:00+00:00
[2025-11-19T01:31:06.416+0000] {processor.py:183} INFO - Processing /opt/airflow/dags/pipeline_strava_user.py took 0.099 seconds
[2025-11-19T01:31:36.658+0000] {processor.py:161} INFO - Started process (PID=2402) to work on /opt/airflow/dags/pipeline_strava_user.py
[2025-11-19T01:31:36.659+0000] {processor.py:830} INFO - Processing file /opt/airflow/dags/pipeline_strava_user.py for tasks to queue
[2025-11-19T01:31:36.660+0000] {logging_mixin.py:188} INFO - [2025-11-19T01:31:36.660+0000] {dagbag.py:545} INFO - Filling up the DagBag from /opt/airflow/dags/pipeline_strava_user.py
[2025-11-19T01:31:36.669+0000] {processor.py:840} INFO - DAG(s) 'etl_strava_user_profile' retrieved from /opt/airflow/dags/pipeline_strava_user.py
[2025-11-19T01:31:36.693+0000] {logging_mixin.py:188} INFO - [2025-11-19T01:31:36.693+0000] {dag.py:3089} INFO - Sync 1 DAGs
[2025-11-19T01:31:36.709+0000] {logging_mixin.py:188} INFO - [2025-11-19T01:31:36.709+0000] {dag.py:3947} INFO - Setting next_dagrun for etl_strava_user_profile to 2025-11-18 03:00:00+00:00, run_after=2025-11-19 03:00:00+00:00
[2025-11-19T01:31:36.719+0000] {processor.py:183} INFO - Processing /opt/airflow/dags/pipeline_strava_user.py took 0.065 seconds
[2025-11-19T01:32:06.892+0000] {processor.py:161} INFO - Started process (PID=2417) to work on /opt/airflow/dags/pipeline_strava_user.py
[2025-11-19T01:32:06.893+0000] {processor.py:830} INFO - Processing file /opt/airflow/dags/pipeline_strava_user.py for tasks to queue
[2025-11-19T01:32:06.895+0000] {logging_mixin.py:188} INFO - [2025-11-19T01:32:06.894+0000] {dagbag.py:545} INFO - Filling up the DagBag from /opt/airflow/dags/pipeline_strava_user.py
[2025-11-19T01:32:06.906+0000] {processor.py:840} INFO - DAG(s) 'etl_strava_user_profile' retrieved from /opt/airflow/dags/pipeline_strava_user.py
[2025-11-19T01:32:06.939+0000] {logging_mixin.py:188} INFO - [2025-11-19T01:32:06.939+0000] {dag.py:3089} INFO - Sync 1 DAGs
[2025-11-19T01:32:06.955+0000] {logging_mixin.py:188} INFO - [2025-11-19T01:32:06.954+0000] {dag.py:3947} INFO - Setting next_dagrun for etl_strava_user_profile to 2025-11-18 03:00:00+00:00, run_after=2025-11-19 03:00:00+00:00
[2025-11-19T01:32:06.978+0000] {processor.py:183} INFO - Processing /opt/airflow/dags/pipeline_strava_user.py took 0.090 seconds
[2025-11-19T01:32:37.149+0000] {processor.py:161} INFO - Started process (PID=2432) to work on /opt/airflow/dags/pipeline_strava_user.py
[2025-11-19T01:32:37.150+0000] {processor.py:830} INFO - Processing file /opt/airflow/dags/pipeline_strava_user.py for tasks to queue
[2025-11-19T01:32:37.151+0000] {logging_mixin.py:188} INFO - [2025-11-19T01:32:37.151+0000] {dagbag.py:545} INFO - Filling up the DagBag from /opt/airflow/dags/pipeline_strava_user.py
[2025-11-19T01:32:37.165+0000] {processor.py:840} INFO - DAG(s) 'etl_strava_user_profile' retrieved from /opt/airflow/dags/pipeline_strava_user.py
[2025-11-19T01:32:37.193+0000] {logging_mixin.py:188} INFO - [2025-11-19T01:32:37.193+0000] {dag.py:3089} INFO - Sync 1 DAGs
[2025-11-19T01:32:37.210+0000] {logging_mixin.py:188} INFO - [2025-11-19T01:32:37.209+0000] {dag.py:3947} INFO - Setting next_dagrun for etl_strava_user_profile to 2025-11-18 03:00:00+00:00, run_after=2025-11-19 03:00:00+00:00
[2025-11-19T01:32:37.224+0000] {processor.py:183} INFO - Processing /opt/airflow/dags/pipeline_strava_user.py took 0.080 seconds
[2025-11-19T01:33:07.448+0000] {processor.py:161} INFO - Started process (PID=2447) to work on /opt/airflow/dags/pipeline_strava_user.py
[2025-11-19T01:33:07.449+0000] {processor.py:830} INFO - Processing file /opt/airflow/dags/pipeline_strava_user.py for tasks to queue
[2025-11-19T01:33:07.451+0000] {logging_mixin.py:188} INFO - [2025-11-19T01:33:07.451+0000] {dagbag.py:545} INFO - Filling up the DagBag from /opt/airflow/dags/pipeline_strava_user.py
[2025-11-19T01:33:07.467+0000] {processor.py:840} INFO - DAG(s) 'etl_strava_user_profile' retrieved from /opt/airflow/dags/pipeline_strava_user.py
[2025-11-19T01:33:07.506+0000] {logging_mixin.py:188} INFO - [2025-11-19T01:33:07.506+0000] {dag.py:3089} INFO - Sync 1 DAGs
[2025-11-19T01:33:07.523+0000] {logging_mixin.py:188} INFO - [2025-11-19T01:33:07.523+0000] {dag.py:3947} INFO - Setting next_dagrun for etl_strava_user_profile to 2025-11-18 03:00:00+00:00, run_after=2025-11-19 03:00:00+00:00
[2025-11-19T01:33:07.533+0000] {processor.py:183} INFO - Processing /opt/airflow/dags/pipeline_strava_user.py took 0.097 seconds
[2025-11-19T01:33:37.689+0000] {processor.py:161} INFO - Started process (PID=2462) to work on /opt/airflow/dags/pipeline_strava_user.py
[2025-11-19T01:33:37.689+0000] {processor.py:830} INFO - Processing file /opt/airflow/dags/pipeline_strava_user.py for tasks to queue
[2025-11-19T01:33:37.691+0000] {logging_mixin.py:188} INFO - [2025-11-19T01:33:37.691+0000] {dagbag.py:545} INFO - Filling up the DagBag from /opt/airflow/dags/pipeline_strava_user.py
[2025-11-19T01:33:37.701+0000] {processor.py:840} INFO - DAG(s) 'etl_strava_user_profile' retrieved from /opt/airflow/dags/pipeline_strava_user.py
[2025-11-19T01:33:37.719+0000] {logging_mixin.py:188} INFO - [2025-11-19T01:33:37.718+0000] {dag.py:3089} INFO - Sync 1 DAGs
[2025-11-19T01:33:37.731+0000] {logging_mixin.py:188} INFO - [2025-11-19T01:33:37.731+0000] {dag.py:3947} INFO - Setting next_dagrun for etl_strava_user_profile to 2025-11-18 03:00:00+00:00, run_after=2025-11-19 03:00:00+00:00
[2025-11-19T01:33:37.740+0000] {processor.py:183} INFO - Processing /opt/airflow/dags/pipeline_strava_user.py took 0.055 seconds
[2025-11-19T01:34:08.006+0000] {processor.py:161} INFO - Started process (PID=2477) to work on /opt/airflow/dags/pipeline_strava_user.py
[2025-11-19T01:34:08.007+0000] {processor.py:830} INFO - Processing file /opt/airflow/dags/pipeline_strava_user.py for tasks to queue
[2025-11-19T01:34:08.011+0000] {logging_mixin.py:188} INFO - [2025-11-19T01:34:08.011+0000] {dagbag.py:545} INFO - Filling up the DagBag from /opt/airflow/dags/pipeline_strava_user.py
[2025-11-19T01:34:08.031+0000] {processor.py:840} INFO - DAG(s) 'etl_strava_user_profile' retrieved from /opt/airflow/dags/pipeline_strava_user.py
[2025-11-19T01:34:08.080+0000] {logging_mixin.py:188} INFO - [2025-11-19T01:34:08.080+0000] {dag.py:3089} INFO - Sync 1 DAGs
[2025-11-19T01:34:08.105+0000] {logging_mixin.py:188} INFO - [2025-11-19T01:34:08.104+0000] {dag.py:3947} INFO - Setting next_dagrun for etl_strava_user_profile to 2025-11-18 03:00:00+00:00, run_after=2025-11-19 03:00:00+00:00
[2025-11-19T01:34:08.118+0000] {processor.py:183} INFO - Processing /opt/airflow/dags/pipeline_strava_user.py took 0.121 seconds
[2025-11-19T01:34:38.248+0000] {processor.py:161} INFO - Started process (PID=2492) to work on /opt/airflow/dags/pipeline_strava_user.py
[2025-11-19T01:34:38.248+0000] {processor.py:830} INFO - Processing file /opt/airflow/dags/pipeline_strava_user.py for tasks to queue
[2025-11-19T01:34:38.250+0000] {logging_mixin.py:188} INFO - [2025-11-19T01:34:38.250+0000] {dagbag.py:545} INFO - Filling up the DagBag from /opt/airflow/dags/pipeline_strava_user.py
[2025-11-19T01:34:38.262+0000] {processor.py:840} INFO - DAG(s) 'etl_strava_user_profile' retrieved from /opt/airflow/dags/pipeline_strava_user.py
[2025-11-19T01:34:38.291+0000] {logging_mixin.py:188} INFO - [2025-11-19T01:34:38.291+0000] {dag.py:3089} INFO - Sync 1 DAGs
[2025-11-19T01:34:38.308+0000] {logging_mixin.py:188} INFO - [2025-11-19T01:34:38.308+0000] {dag.py:3947} INFO - Setting next_dagrun for etl_strava_user_profile to 2025-11-18 03:00:00+00:00, run_after=2025-11-19 03:00:00+00:00
[2025-11-19T01:34:38.326+0000] {processor.py:183} INFO - Processing /opt/airflow/dags/pipeline_strava_user.py took 0.084 seconds
[2025-11-19T01:35:08.496+0000] {processor.py:161} INFO - Started process (PID=2507) to work on /opt/airflow/dags/pipeline_strava_user.py
[2025-11-19T01:35:08.497+0000] {processor.py:830} INFO - Processing file /opt/airflow/dags/pipeline_strava_user.py for tasks to queue
[2025-11-19T01:35:08.498+0000] {logging_mixin.py:188} INFO - [2025-11-19T01:35:08.498+0000] {dagbag.py:545} INFO - Filling up the DagBag from /opt/airflow/dags/pipeline_strava_user.py
[2025-11-19T01:35:08.507+0000] {processor.py:840} INFO - DAG(s) 'etl_strava_user_profile' retrieved from /opt/airflow/dags/pipeline_strava_user.py
[2025-11-19T01:35:08.528+0000] {logging_mixin.py:188} INFO - [2025-11-19T01:35:08.528+0000] {dag.py:3089} INFO - Sync 1 DAGs
[2025-11-19T01:35:08.550+0000] {logging_mixin.py:188} INFO - [2025-11-19T01:35:08.550+0000] {dag.py:3947} INFO - Setting next_dagrun for etl_strava_user_profile to 2025-11-18 03:00:00+00:00, run_after=2025-11-19 03:00:00+00:00
[2025-11-19T01:35:08.561+0000] {processor.py:183} INFO - Processing /opt/airflow/dags/pipeline_strava_user.py took 0.068 seconds
[2025-11-19T01:35:38.803+0000] {processor.py:161} INFO - Started process (PID=2522) to work on /opt/airflow/dags/pipeline_strava_user.py
[2025-11-19T01:35:38.803+0000] {processor.py:830} INFO - Processing file /opt/airflow/dags/pipeline_strava_user.py for tasks to queue
[2025-11-19T01:35:38.805+0000] {logging_mixin.py:188} INFO - [2025-11-19T01:35:38.805+0000] {dagbag.py:545} INFO - Filling up the DagBag from /opt/airflow/dags/pipeline_strava_user.py
[2025-11-19T01:35:38.820+0000] {processor.py:840} INFO - DAG(s) 'etl_strava_user_profile' retrieved from /opt/airflow/dags/pipeline_strava_user.py
[2025-11-19T01:35:38.851+0000] {logging_mixin.py:188} INFO - [2025-11-19T01:35:38.851+0000] {dag.py:3089} INFO - Sync 1 DAGs
[2025-11-19T01:35:38.869+0000] {logging_mixin.py:188} INFO - [2025-11-19T01:35:38.869+0000] {dag.py:3947} INFO - Setting next_dagrun for etl_strava_user_profile to 2025-11-18 03:00:00+00:00, run_after=2025-11-19 03:00:00+00:00
[2025-11-19T01:35:38.882+0000] {processor.py:183} INFO - Processing /opt/airflow/dags/pipeline_strava_user.py took 0.083 seconds
[2025-11-19T01:36:09.110+0000] {processor.py:161} INFO - Started process (PID=2537) to work on /opt/airflow/dags/pipeline_strava_user.py
[2025-11-19T01:36:09.111+0000] {processor.py:830} INFO - Processing file /opt/airflow/dags/pipeline_strava_user.py for tasks to queue
[2025-11-19T01:36:09.114+0000] {logging_mixin.py:188} INFO - [2025-11-19T01:36:09.113+0000] {dagbag.py:545} INFO - Filling up the DagBag from /opt/airflow/dags/pipeline_strava_user.py
[2025-11-19T01:36:09.128+0000] {processor.py:840} INFO - DAG(s) 'etl_strava_user_profile' retrieved from /opt/airflow/dags/pipeline_strava_user.py
[2025-11-19T01:36:09.166+0000] {logging_mixin.py:188} INFO - [2025-11-19T01:36:09.166+0000] {dag.py:3089} INFO - Sync 1 DAGs
[2025-11-19T01:36:09.186+0000] {logging_mixin.py:188} INFO - [2025-11-19T01:36:09.186+0000] {dag.py:3947} INFO - Setting next_dagrun for etl_strava_user_profile to 2025-11-18 03:00:00+00:00, run_after=2025-11-19 03:00:00+00:00
[2025-11-19T01:36:09.197+0000] {processor.py:183} INFO - Processing /opt/airflow/dags/pipeline_strava_user.py took 0.094 seconds
[2025-11-19T01:36:39.316+0000] {processor.py:161} INFO - Started process (PID=2552) to work on /opt/airflow/dags/pipeline_strava_user.py
[2025-11-19T01:36:39.316+0000] {processor.py:830} INFO - Processing file /opt/airflow/dags/pipeline_strava_user.py for tasks to queue
[2025-11-19T01:36:39.318+0000] {logging_mixin.py:188} INFO - [2025-11-19T01:36:39.318+0000] {dagbag.py:545} INFO - Filling up the DagBag from /opt/airflow/dags/pipeline_strava_user.py
[2025-11-19T01:36:39.328+0000] {processor.py:840} INFO - DAG(s) 'etl_strava_user_profile' retrieved from /opt/airflow/dags/pipeline_strava_user.py
[2025-11-19T01:36:39.357+0000] {logging_mixin.py:188} INFO - [2025-11-19T01:36:39.356+0000] {dag.py:3089} INFO - Sync 1 DAGs
[2025-11-19T01:36:39.371+0000] {logging_mixin.py:188} INFO - [2025-11-19T01:36:39.371+0000] {dag.py:3947} INFO - Setting next_dagrun for etl_strava_user_profile to 2025-11-18 03:00:00+00:00, run_after=2025-11-19 03:00:00+00:00
[2025-11-19T01:36:39.381+0000] {processor.py:183} INFO - Processing /opt/airflow/dags/pipeline_strava_user.py took 0.069 seconds
[2025-11-19T01:37:09.615+0000] {processor.py:161} INFO - Started process (PID=2567) to work on /opt/airflow/dags/pipeline_strava_user.py
[2025-11-19T01:37:09.616+0000] {processor.py:830} INFO - Processing file /opt/airflow/dags/pipeline_strava_user.py for tasks to queue
[2025-11-19T01:37:09.618+0000] {logging_mixin.py:188} INFO - [2025-11-19T01:37:09.618+0000] {dagbag.py:545} INFO - Filling up the DagBag from /opt/airflow/dags/pipeline_strava_user.py
[2025-11-19T01:37:09.638+0000] {processor.py:840} INFO - DAG(s) 'etl_strava_user_profile' retrieved from /opt/airflow/dags/pipeline_strava_user.py
[2025-11-19T01:37:09.672+0000] {logging_mixin.py:188} INFO - [2025-11-19T01:37:09.672+0000] {dag.py:3089} INFO - Sync 1 DAGs
[2025-11-19T01:37:09.687+0000] {logging_mixin.py:188} INFO - [2025-11-19T01:37:09.687+0000] {dag.py:3947} INFO - Setting next_dagrun for etl_strava_user_profile to 2025-11-18 03:00:00+00:00, run_after=2025-11-19 03:00:00+00:00
[2025-11-19T01:37:09.698+0000] {processor.py:183} INFO - Processing /opt/airflow/dags/pipeline_strava_user.py took 0.090 seconds
[2025-11-19T01:37:39.911+0000] {processor.py:161} INFO - Started process (PID=2582) to work on /opt/airflow/dags/pipeline_strava_user.py
[2025-11-19T01:37:39.912+0000] {processor.py:830} INFO - Processing file /opt/airflow/dags/pipeline_strava_user.py for tasks to queue
[2025-11-19T01:37:39.914+0000] {logging_mixin.py:188} INFO - [2025-11-19T01:37:39.913+0000] {dagbag.py:545} INFO - Filling up the DagBag from /opt/airflow/dags/pipeline_strava_user.py
[2025-11-19T01:37:39.923+0000] {processor.py:840} INFO - DAG(s) 'etl_strava_user_profile' retrieved from /opt/airflow/dags/pipeline_strava_user.py
[2025-11-19T01:37:39.943+0000] {logging_mixin.py:188} INFO - [2025-11-19T01:37:39.943+0000] {dag.py:3089} INFO - Sync 1 DAGs
[2025-11-19T01:37:39.957+0000] {logging_mixin.py:188} INFO - [2025-11-19T01:37:39.957+0000] {dag.py:3947} INFO - Setting next_dagrun for etl_strava_user_profile to 2025-11-18 03:00:00+00:00, run_after=2025-11-19 03:00:00+00:00
[2025-11-19T01:37:39.967+0000] {processor.py:183} INFO - Processing /opt/airflow/dags/pipeline_strava_user.py took 0.060 seconds
[2025-11-19T01:38:10.201+0000] {processor.py:161} INFO - Started process (PID=2597) to work on /opt/airflow/dags/pipeline_strava_user.py
[2025-11-19T01:38:10.202+0000] {processor.py:830} INFO - Processing file /opt/airflow/dags/pipeline_strava_user.py for tasks to queue
[2025-11-19T01:38:10.203+0000] {logging_mixin.py:188} INFO - [2025-11-19T01:38:10.203+0000] {dagbag.py:545} INFO - Filling up the DagBag from /opt/airflow/dags/pipeline_strava_user.py
[2025-11-19T01:38:10.213+0000] {processor.py:840} INFO - DAG(s) 'etl_strava_user_profile' retrieved from /opt/airflow/dags/pipeline_strava_user.py
[2025-11-19T01:38:10.231+0000] {logging_mixin.py:188} INFO - [2025-11-19T01:38:10.231+0000] {dag.py:3089} INFO - Sync 1 DAGs
[2025-11-19T01:38:10.244+0000] {logging_mixin.py:188} INFO - [2025-11-19T01:38:10.244+0000] {dag.py:3947} INFO - Setting next_dagrun for etl_strava_user_profile to 2025-11-18 03:00:00+00:00, run_after=2025-11-19 03:00:00+00:00
[2025-11-19T01:38:10.253+0000] {processor.py:183} INFO - Processing /opt/airflow/dags/pipeline_strava_user.py took 0.057 seconds
[2025-11-19T01:38:40.481+0000] {processor.py:161} INFO - Started process (PID=2612) to work on /opt/airflow/dags/pipeline_strava_user.py
[2025-11-19T01:38:40.481+0000] {processor.py:830} INFO - Processing file /opt/airflow/dags/pipeline_strava_user.py for tasks to queue
[2025-11-19T01:38:40.484+0000] {logging_mixin.py:188} INFO - [2025-11-19T01:38:40.482+0000] {dagbag.py:545} INFO - Filling up the DagBag from /opt/airflow/dags/pipeline_strava_user.py
[2025-11-19T01:38:40.497+0000] {processor.py:840} INFO - DAG(s) 'etl_strava_user_profile' retrieved from /opt/airflow/dags/pipeline_strava_user.py
[2025-11-19T01:38:40.529+0000] {logging_mixin.py:188} INFO - [2025-11-19T01:38:40.529+0000] {dag.py:3089} INFO - Sync 1 DAGs
[2025-11-19T01:38:40.552+0000] {logging_mixin.py:188} INFO - [2025-11-19T01:38:40.552+0000] {dag.py:3947} INFO - Setting next_dagrun for etl_strava_user_profile to 2025-11-18 03:00:00+00:00, run_after=2025-11-19 03:00:00+00:00
[2025-11-19T01:38:40.566+0000] {processor.py:183} INFO - Processing /opt/airflow/dags/pipeline_strava_user.py took 0.091 seconds
[2025-11-19T01:39:10.781+0000] {processor.py:161} INFO - Started process (PID=2627) to work on /opt/airflow/dags/pipeline_strava_user.py
[2025-11-19T01:39:10.782+0000] {processor.py:830} INFO - Processing file /opt/airflow/dags/pipeline_strava_user.py for tasks to queue
[2025-11-19T01:39:10.788+0000] {logging_mixin.py:188} INFO - [2025-11-19T01:39:10.787+0000] {dagbag.py:545} INFO - Filling up the DagBag from /opt/airflow/dags/pipeline_strava_user.py
[2025-11-19T01:39:10.804+0000] {processor.py:840} INFO - DAG(s) 'etl_strava_user_profile' retrieved from /opt/airflow/dags/pipeline_strava_user.py
[2025-11-19T01:39:10.826+0000] {logging_mixin.py:188} INFO - [2025-11-19T01:39:10.825+0000] {dag.py:3089} INFO - Sync 1 DAGs
[2025-11-19T01:39:10.842+0000] {logging_mixin.py:188} INFO - [2025-11-19T01:39:10.842+0000] {dag.py:3947} INFO - Setting next_dagrun for etl_strava_user_profile to 2025-11-18 03:00:00+00:00, run_after=2025-11-19 03:00:00+00:00
[2025-11-19T01:39:10.852+0000] {processor.py:183} INFO - Processing /opt/airflow/dags/pipeline_strava_user.py took 0.077 seconds
[2025-11-19T01:39:41.060+0000] {processor.py:161} INFO - Started process (PID=2642) to work on /opt/airflow/dags/pipeline_strava_user.py
[2025-11-19T01:39:41.061+0000] {processor.py:830} INFO - Processing file /opt/airflow/dags/pipeline_strava_user.py for tasks to queue
[2025-11-19T01:39:41.062+0000] {logging_mixin.py:188} INFO - [2025-11-19T01:39:41.062+0000] {dagbag.py:545} INFO - Filling up the DagBag from /opt/airflow/dags/pipeline_strava_user.py
[2025-11-19T01:39:41.067+0000] {processor.py:840} INFO - DAG(s) 'etl_strava_user_profile' retrieved from /opt/airflow/dags/pipeline_strava_user.py
[2025-11-19T01:39:41.082+0000] {logging_mixin.py:188} INFO - [2025-11-19T01:39:41.082+0000] {dag.py:3089} INFO - Sync 1 DAGs
[2025-11-19T01:39:41.093+0000] {logging_mixin.py:188} INFO - [2025-11-19T01:39:41.093+0000] {dag.py:3947} INFO - Setting next_dagrun for etl_strava_user_profile to 2025-11-18 03:00:00+00:00, run_after=2025-11-19 03:00:00+00:00
[2025-11-19T01:39:41.101+0000] {processor.py:183} INFO - Processing /opt/airflow/dags/pipeline_strava_user.py took 0.046 seconds
[2025-11-19T01:40:11.320+0000] {processor.py:161} INFO - Started process (PID=2657) to work on /opt/airflow/dags/pipeline_strava_user.py
[2025-11-19T01:40:11.320+0000] {processor.py:830} INFO - Processing file /opt/airflow/dags/pipeline_strava_user.py for tasks to queue
[2025-11-19T01:40:11.322+0000] {logging_mixin.py:188} INFO - [2025-11-19T01:40:11.322+0000] {dagbag.py:545} INFO - Filling up the DagBag from /opt/airflow/dags/pipeline_strava_user.py
[2025-11-19T01:40:11.333+0000] {processor.py:840} INFO - DAG(s) 'etl_strava_user_profile' retrieved from /opt/airflow/dags/pipeline_strava_user.py
[2025-11-19T01:40:11.352+0000] {logging_mixin.py:188} INFO - [2025-11-19T01:40:11.352+0000] {dag.py:3089} INFO - Sync 1 DAGs
[2025-11-19T01:40:11.365+0000] {logging_mixin.py:188} INFO - [2025-11-19T01:40:11.365+0000] {dag.py:3947} INFO - Setting next_dagrun for etl_strava_user_profile to 2025-11-18 03:00:00+00:00, run_after=2025-11-19 03:00:00+00:00
[2025-11-19T01:40:11.375+0000] {processor.py:183} INFO - Processing /opt/airflow/dags/pipeline_strava_user.py took 0.061 seconds
[2025-11-19T01:40:41.561+0000] {processor.py:161} INFO - Started process (PID=2672) to work on /opt/airflow/dags/pipeline_strava_user.py
[2025-11-19T01:40:41.561+0000] {processor.py:830} INFO - Processing file /opt/airflow/dags/pipeline_strava_user.py for tasks to queue
[2025-11-19T01:40:41.563+0000] {logging_mixin.py:188} INFO - [2025-11-19T01:40:41.562+0000] {dagbag.py:545} INFO - Filling up the DagBag from /opt/airflow/dags/pipeline_strava_user.py
[2025-11-19T01:40:41.569+0000] {processor.py:840} INFO - DAG(s) 'etl_strava_user_profile' retrieved from /opt/airflow/dags/pipeline_strava_user.py
[2025-11-19T01:40:41.586+0000] {logging_mixin.py:188} INFO - [2025-11-19T01:40:41.586+0000] {dag.py:3089} INFO - Sync 1 DAGs
[2025-11-19T01:40:41.599+0000] {logging_mixin.py:188} INFO - [2025-11-19T01:40:41.599+0000] {dag.py:3947} INFO - Setting next_dagrun for etl_strava_user_profile to 2025-11-18 03:00:00+00:00, run_after=2025-11-19 03:00:00+00:00
[2025-11-19T01:40:41.608+0000] {processor.py:183} INFO - Processing /opt/airflow/dags/pipeline_strava_user.py took 0.051 seconds
[2025-11-19T01:41:11.833+0000] {processor.py:161} INFO - Started process (PID=2687) to work on /opt/airflow/dags/pipeline_strava_user.py
[2025-11-19T01:41:11.833+0000] {processor.py:830} INFO - Processing file /opt/airflow/dags/pipeline_strava_user.py for tasks to queue
[2025-11-19T01:41:11.834+0000] {logging_mixin.py:188} INFO - [2025-11-19T01:41:11.834+0000] {dagbag.py:545} INFO - Filling up the DagBag from /opt/airflow/dags/pipeline_strava_user.py
[2025-11-19T01:41:11.841+0000] {processor.py:840} INFO - DAG(s) 'etl_strava_user_profile' retrieved from /opt/airflow/dags/pipeline_strava_user.py
[2025-11-19T01:41:11.855+0000] {logging_mixin.py:188} INFO - [2025-11-19T01:41:11.855+0000] {dag.py:3089} INFO - Sync 1 DAGs
[2025-11-19T01:41:11.866+0000] {logging_mixin.py:188} INFO - [2025-11-19T01:41:11.866+0000] {dag.py:3947} INFO - Setting next_dagrun for etl_strava_user_profile to 2025-11-18 03:00:00+00:00, run_after=2025-11-19 03:00:00+00:00
[2025-11-19T01:41:11.873+0000] {processor.py:183} INFO - Processing /opt/airflow/dags/pipeline_strava_user.py took 0.044 seconds
[2025-11-19T01:41:42.109+0000] {processor.py:161} INFO - Started process (PID=2702) to work on /opt/airflow/dags/pipeline_strava_user.py
[2025-11-19T01:41:42.110+0000] {processor.py:830} INFO - Processing file /opt/airflow/dags/pipeline_strava_user.py for tasks to queue
[2025-11-19T01:41:42.111+0000] {logging_mixin.py:188} INFO - [2025-11-19T01:41:42.111+0000] {dagbag.py:545} INFO - Filling up the DagBag from /opt/airflow/dags/pipeline_strava_user.py
[2025-11-19T01:41:42.118+0000] {processor.py:840} INFO - DAG(s) 'etl_strava_user_profile' retrieved from /opt/airflow/dags/pipeline_strava_user.py
[2025-11-19T01:41:42.136+0000] {logging_mixin.py:188} INFO - [2025-11-19T01:41:42.136+0000] {dag.py:3089} INFO - Sync 1 DAGs
[2025-11-19T01:41:42.147+0000] {logging_mixin.py:188} INFO - [2025-11-19T01:41:42.147+0000] {dag.py:3947} INFO - Setting next_dagrun for etl_strava_user_profile to 2025-11-18 03:00:00+00:00, run_after=2025-11-19 03:00:00+00:00
[2025-11-19T01:41:42.154+0000] {processor.py:183} INFO - Processing /opt/airflow/dags/pipeline_strava_user.py took 0.047 seconds
[2025-11-19T01:42:12.385+0000] {processor.py:161} INFO - Started process (PID=2717) to work on /opt/airflow/dags/pipeline_strava_user.py
[2025-11-19T01:42:12.385+0000] {processor.py:830} INFO - Processing file /opt/airflow/dags/pipeline_strava_user.py for tasks to queue
[2025-11-19T01:42:12.387+0000] {logging_mixin.py:188} INFO - [2025-11-19T01:42:12.387+0000] {dagbag.py:545} INFO - Filling up the DagBag from /opt/airflow/dags/pipeline_strava_user.py
[2025-11-19T01:42:12.392+0000] {processor.py:840} INFO - DAG(s) 'etl_strava_user_profile' retrieved from /opt/airflow/dags/pipeline_strava_user.py
[2025-11-19T01:42:12.411+0000] {logging_mixin.py:188} INFO - [2025-11-19T01:42:12.411+0000] {dag.py:3089} INFO - Sync 1 DAGs
[2025-11-19T01:42:12.434+0000] {logging_mixin.py:188} INFO - [2025-11-19T01:42:12.434+0000] {dag.py:3947} INFO - Setting next_dagrun for etl_strava_user_profile to 2025-11-18 03:00:00+00:00, run_after=2025-11-19 03:00:00+00:00
[2025-11-19T01:42:12.453+0000] {processor.py:183} INFO - Processing /opt/airflow/dags/pipeline_strava_user.py took 0.073 seconds
[2025-11-19T01:42:42.717+0000] {processor.py:161} INFO - Started process (PID=2732) to work on /opt/airflow/dags/pipeline_strava_user.py
[2025-11-19T01:42:42.717+0000] {processor.py:830} INFO - Processing file /opt/airflow/dags/pipeline_strava_user.py for tasks to queue
[2025-11-19T01:42:42.719+0000] {logging_mixin.py:188} INFO - [2025-11-19T01:42:42.719+0000] {dagbag.py:545} INFO - Filling up the DagBag from /opt/airflow/dags/pipeline_strava_user.py
[2025-11-19T01:42:42.728+0000] {processor.py:840} INFO - DAG(s) 'etl_strava_user_profile' retrieved from /opt/airflow/dags/pipeline_strava_user.py
[2025-11-19T01:42:42.749+0000] {logging_mixin.py:188} INFO - [2025-11-19T01:42:42.749+0000] {dag.py:3089} INFO - Sync 1 DAGs
[2025-11-19T01:42:42.763+0000] {logging_mixin.py:188} INFO - [2025-11-19T01:42:42.763+0000] {dag.py:3947} INFO - Setting next_dagrun for etl_strava_user_profile to 2025-11-18 03:00:00+00:00, run_after=2025-11-19 03:00:00+00:00
[2025-11-19T01:42:42.772+0000] {processor.py:183} INFO - Processing /opt/airflow/dags/pipeline_strava_user.py took 0.061 seconds
[2025-11-19T01:43:12.977+0000] {processor.py:161} INFO - Started process (PID=2747) to work on /opt/airflow/dags/pipeline_strava_user.py
[2025-11-19T01:43:12.977+0000] {processor.py:830} INFO - Processing file /opt/airflow/dags/pipeline_strava_user.py for tasks to queue
[2025-11-19T01:43:12.978+0000] {logging_mixin.py:188} INFO - [2025-11-19T01:43:12.978+0000] {dagbag.py:545} INFO - Filling up the DagBag from /opt/airflow/dags/pipeline_strava_user.py
[2025-11-19T01:43:12.984+0000] {processor.py:840} INFO - DAG(s) 'etl_strava_user_profile' retrieved from /opt/airflow/dags/pipeline_strava_user.py
[2025-11-19T01:43:13.000+0000] {logging_mixin.py:188} INFO - [2025-11-19T01:43:13.000+0000] {dag.py:3089} INFO - Sync 1 DAGs
[2025-11-19T01:43:13.012+0000] {logging_mixin.py:188} INFO - [2025-11-19T01:43:13.012+0000] {dag.py:3947} INFO - Setting next_dagrun for etl_strava_user_profile to 2025-11-18 03:00:00+00:00, run_after=2025-11-19 03:00:00+00:00
[2025-11-19T01:43:13.020+0000] {processor.py:183} INFO - Processing /opt/airflow/dags/pipeline_strava_user.py took 0.046 seconds
[2025-11-19T01:43:43.226+0000] {processor.py:161} INFO - Started process (PID=2762) to work on /opt/airflow/dags/pipeline_strava_user.py
[2025-11-19T01:43:43.227+0000] {processor.py:830} INFO - Processing file /opt/airflow/dags/pipeline_strava_user.py for tasks to queue
[2025-11-19T01:43:43.228+0000] {logging_mixin.py:188} INFO - [2025-11-19T01:43:43.228+0000] {dagbag.py:545} INFO - Filling up the DagBag from /opt/airflow/dags/pipeline_strava_user.py
[2025-11-19T01:43:43.237+0000] {processor.py:840} INFO - DAG(s) 'etl_strava_user_profile' retrieved from /opt/airflow/dags/pipeline_strava_user.py
[2025-11-19T01:43:43.255+0000] {logging_mixin.py:188} INFO - [2025-11-19T01:43:43.255+0000] {dag.py:3089} INFO - Sync 1 DAGs
[2025-11-19T01:43:43.268+0000] {logging_mixin.py:188} INFO - [2025-11-19T01:43:43.268+0000] {dag.py:3947} INFO - Setting next_dagrun for etl_strava_user_profile to 2025-11-18 03:00:00+00:00, run_after=2025-11-19 03:00:00+00:00
[2025-11-19T01:43:43.277+0000] {processor.py:183} INFO - Processing /opt/airflow/dags/pipeline_strava_user.py took 0.058 seconds
[2025-11-19T01:44:13.489+0000] {processor.py:161} INFO - Started process (PID=2777) to work on /opt/airflow/dags/pipeline_strava_user.py
[2025-11-19T01:44:13.490+0000] {processor.py:830} INFO - Processing file /opt/airflow/dags/pipeline_strava_user.py for tasks to queue
[2025-11-19T01:44:13.491+0000] {logging_mixin.py:188} INFO - [2025-11-19T01:44:13.490+0000] {dagbag.py:545} INFO - Filling up the DagBag from /opt/airflow/dags/pipeline_strava_user.py
[2025-11-19T01:44:13.497+0000] {processor.py:840} INFO - DAG(s) 'etl_strava_user_profile' retrieved from /opt/airflow/dags/pipeline_strava_user.py
[2025-11-19T01:44:13.517+0000] {logging_mixin.py:188} INFO - [2025-11-19T01:44:13.517+0000] {dag.py:3089} INFO - Sync 1 DAGs
[2025-11-19T01:44:13.530+0000] {logging_mixin.py:188} INFO - [2025-11-19T01:44:13.530+0000] {dag.py:3947} INFO - Setting next_dagrun for etl_strava_user_profile to 2025-11-18 03:00:00+00:00, run_after=2025-11-19 03:00:00+00:00
[2025-11-19T01:44:13.539+0000] {processor.py:183} INFO - Processing /opt/airflow/dags/pipeline_strava_user.py took 0.055 seconds
[2025-11-19T01:44:43.713+0000] {processor.py:161} INFO - Started process (PID=2792) to work on /opt/airflow/dags/pipeline_strava_user.py
[2025-11-19T01:44:43.714+0000] {processor.py:830} INFO - Processing file /opt/airflow/dags/pipeline_strava_user.py for tasks to queue
[2025-11-19T01:44:43.715+0000] {logging_mixin.py:188} INFO - [2025-11-19T01:44:43.715+0000] {dagbag.py:545} INFO - Filling up the DagBag from /opt/airflow/dags/pipeline_strava_user.py
[2025-11-19T01:44:43.720+0000] {processor.py:840} INFO - DAG(s) 'etl_strava_user_profile' retrieved from /opt/airflow/dags/pipeline_strava_user.py
[2025-11-19T01:44:43.733+0000] {logging_mixin.py:188} INFO - [2025-11-19T01:44:43.733+0000] {dag.py:3089} INFO - Sync 1 DAGs
[2025-11-19T01:44:43.742+0000] {logging_mixin.py:188} INFO - [2025-11-19T01:44:43.742+0000] {dag.py:3947} INFO - Setting next_dagrun for etl_strava_user_profile to 2025-11-18 03:00:00+00:00, run_after=2025-11-19 03:00:00+00:00
[2025-11-19T01:44:43.749+0000] {processor.py:183} INFO - Processing /opt/airflow/dags/pipeline_strava_user.py took 0.040 seconds
[2025-11-19T01:45:13.949+0000] {processor.py:161} INFO - Started process (PID=2807) to work on /opt/airflow/dags/pipeline_strava_user.py
[2025-11-19T01:45:13.950+0000] {processor.py:830} INFO - Processing file /opt/airflow/dags/pipeline_strava_user.py for tasks to queue
[2025-11-19T01:45:13.951+0000] {logging_mixin.py:188} INFO - [2025-11-19T01:45:13.951+0000] {dagbag.py:545} INFO - Filling up the DagBag from /opt/airflow/dags/pipeline_strava_user.py
[2025-11-19T01:45:13.957+0000] {processor.py:840} INFO - DAG(s) 'etl_strava_user_profile' retrieved from /opt/airflow/dags/pipeline_strava_user.py
[2025-11-19T01:45:13.975+0000] {logging_mixin.py:188} INFO - [2025-11-19T01:45:13.975+0000] {dag.py:3089} INFO - Sync 1 DAGs
[2025-11-19T01:45:13.990+0000] {logging_mixin.py:188} INFO - [2025-11-19T01:45:13.990+0000] {dag.py:3947} INFO - Setting next_dagrun for etl_strava_user_profile to 2025-11-18 03:00:00+00:00, run_after=2025-11-19 03:00:00+00:00
[2025-11-19T01:45:14.001+0000] {processor.py:183} INFO - Processing /opt/airflow/dags/pipeline_strava_user.py took 0.057 seconds
[2025-11-19T01:45:44.222+0000] {processor.py:161} INFO - Started process (PID=2822) to work on /opt/airflow/dags/pipeline_strava_user.py
[2025-11-19T01:45:44.222+0000] {processor.py:830} INFO - Processing file /opt/airflow/dags/pipeline_strava_user.py for tasks to queue
[2025-11-19T01:45:44.223+0000] {logging_mixin.py:188} INFO - [2025-11-19T01:45:44.223+0000] {dagbag.py:545} INFO - Filling up the DagBag from /opt/airflow/dags/pipeline_strava_user.py
[2025-11-19T01:45:44.230+0000] {processor.py:840} INFO - DAG(s) 'etl_strava_user_profile' retrieved from /opt/airflow/dags/pipeline_strava_user.py
[2025-11-19T01:45:44.246+0000] {logging_mixin.py:188} INFO - [2025-11-19T01:45:44.246+0000] {dag.py:3089} INFO - Sync 1 DAGs
[2025-11-19T01:45:44.257+0000] {logging_mixin.py:188} INFO - [2025-11-19T01:45:44.257+0000] {dag.py:3947} INFO - Setting next_dagrun for etl_strava_user_profile to 2025-11-18 03:00:00+00:00, run_after=2025-11-19 03:00:00+00:00
[2025-11-19T01:45:44.265+0000] {processor.py:183} INFO - Processing /opt/airflow/dags/pipeline_strava_user.py took 0.047 seconds
[2025-11-19T01:46:32.751+0000] {processor.py:161} INFO - Started process (PID=168) to work on /opt/airflow/dags/pipeline_strava_user.py
[2025-11-19T01:46:32.752+0000] {processor.py:830} INFO - Processing file /opt/airflow/dags/pipeline_strava_user.py for tasks to queue
[2025-11-19T01:46:32.755+0000] {logging_mixin.py:188} INFO - [2025-11-19T01:46:32.754+0000] {dagbag.py:545} INFO - Filling up the DagBag from /opt/airflow/dags/pipeline_strava_user.py
[2025-11-19T01:46:32.781+0000] {processor.py:840} INFO - DAG(s) 'etl_strava_user_profile' retrieved from /opt/airflow/dags/pipeline_strava_user.py
[2025-11-19T01:46:32.816+0000] {logging_mixin.py:188} INFO - [2025-11-19T01:46:32.816+0000] {dag.py:3089} INFO - Sync 1 DAGs
[2025-11-19T01:46:32.832+0000] {logging_mixin.py:188} INFO - [2025-11-19T01:46:32.832+0000] {dag.py:3947} INFO - Setting next_dagrun for etl_strava_user_profile to 2025-11-18 03:00:00+00:00, run_after=2025-11-19 03:00:00+00:00
[2025-11-19T01:46:32.840+0000] {processor.py:183} INFO - Processing /opt/airflow/dags/pipeline_strava_user.py took 0.093 seconds
[2025-11-19T01:47:03.114+0000] {processor.py:161} INFO - Started process (PID=183) to work on /opt/airflow/dags/pipeline_strava_user.py
[2025-11-19T01:47:03.115+0000] {processor.py:830} INFO - Processing file /opt/airflow/dags/pipeline_strava_user.py for tasks to queue
[2025-11-19T01:47:03.117+0000] {logging_mixin.py:188} INFO - [2025-11-19T01:47:03.116+0000] {dagbag.py:545} INFO - Filling up the DagBag from /opt/airflow/dags/pipeline_strava_user.py
[2025-11-19T01:47:03.127+0000] {processor.py:840} INFO - DAG(s) 'etl_strava_user_profile' retrieved from /opt/airflow/dags/pipeline_strava_user.py
[2025-11-19T01:47:03.240+0000] {logging_mixin.py:188} INFO - [2025-11-19T01:47:03.240+0000] {dag.py:3089} INFO - Sync 1 DAGs
[2025-11-19T01:47:03.250+0000] {logging_mixin.py:188} INFO - [2025-11-19T01:47:03.250+0000] {dag.py:3947} INFO - Setting next_dagrun for etl_strava_user_profile to 2025-11-18 03:00:00+00:00, run_after=2025-11-19 03:00:00+00:00
[2025-11-19T01:47:03.257+0000] {processor.py:183} INFO - Processing /opt/airflow/dags/pipeline_strava_user.py took 0.148 seconds
