[2025-11-19T00:00:19.433+0000] {processor.py:161} INFO - Started process (PID=10795) to work on /opt/airflow/dags/pipeline_label_studio.py
[2025-11-19T00:00:19.433+0000] {processor.py:830} INFO - Processing file /opt/airflow/dags/pipeline_label_studio.py for tasks to queue
[2025-11-19T00:00:19.434+0000] {logging_mixin.py:188} INFO - [2025-11-19T00:00:19.434+0000] {dagbag.py:545} INFO - Filling up the DagBag from /opt/airflow/dags/pipeline_label_studio.py
[2025-11-19T00:00:19.439+0000] {processor.py:840} INFO - DAG(s) 'etl_label_studio' retrieved from /opt/airflow/dags/pipeline_label_studio.py
[2025-11-19T00:00:19.448+0000] {logging_mixin.py:188} INFO - [2025-11-19T00:00:19.448+0000] {dag.py:3089} INFO - Sync 1 DAGs
[2025-11-19T00:00:19.456+0000] {logging_mixin.py:188} INFO - [2025-11-19T00:00:19.456+0000] {dag.py:3947} INFO - Setting next_dagrun for etl_label_studio to 2025-11-18 03:00:00+00:00, run_after=2025-11-19 03:00:00+00:00
[2025-11-19T00:00:19.461+0000] {processor.py:183} INFO - Processing /opt/airflow/dags/pipeline_label_studio.py took 0.031 seconds
[2025-11-19T00:00:49.795+0000] {processor.py:161} INFO - Started process (PID=10812) to work on /opt/airflow/dags/pipeline_label_studio.py
[2025-11-19T00:00:49.796+0000] {processor.py:830} INFO - Processing file /opt/airflow/dags/pipeline_label_studio.py for tasks to queue
[2025-11-19T00:00:49.801+0000] {logging_mixin.py:188} INFO - [2025-11-19T00:00:49.801+0000] {dagbag.py:545} INFO - Filling up the DagBag from /opt/airflow/dags/pipeline_label_studio.py
[2025-11-19T00:00:49.829+0000] {processor.py:840} INFO - DAG(s) 'etl_label_studio' retrieved from /opt/airflow/dags/pipeline_label_studio.py
[2025-11-19T00:00:49.857+0000] {logging_mixin.py:188} INFO - [2025-11-19T00:00:49.857+0000] {dag.py:3089} INFO - Sync 1 DAGs
[2025-11-19T00:00:49.876+0000] {logging_mixin.py:188} INFO - [2025-11-19T00:00:49.876+0000] {dag.py:3947} INFO - Setting next_dagrun for etl_label_studio to 2025-11-18 03:00:00+00:00, run_after=2025-11-19 03:00:00+00:00
[2025-11-19T00:00:49.889+0000] {processor.py:183} INFO - Processing /opt/airflow/dags/pipeline_label_studio.py took 0.096 seconds
[2025-11-19T00:01:20.165+0000] {processor.py:161} INFO - Started process (PID=10827) to work on /opt/airflow/dags/pipeline_label_studio.py
[2025-11-19T00:01:20.165+0000] {processor.py:830} INFO - Processing file /opt/airflow/dags/pipeline_label_studio.py for tasks to queue
[2025-11-19T00:01:20.165+0000] {logging_mixin.py:188} INFO - [2025-11-19T00:01:20.165+0000] {dagbag.py:545} INFO - Filling up the DagBag from /opt/airflow/dags/pipeline_label_studio.py
[2025-11-19T00:01:20.171+0000] {processor.py:840} INFO - DAG(s) 'etl_label_studio' retrieved from /opt/airflow/dags/pipeline_label_studio.py
[2025-11-19T00:01:20.183+0000] {logging_mixin.py:188} INFO - [2025-11-19T00:01:20.183+0000] {dag.py:3089} INFO - Sync 1 DAGs
[2025-11-19T00:01:20.192+0000] {logging_mixin.py:188} INFO - [2025-11-19T00:01:20.191+0000] {dag.py:3947} INFO - Setting next_dagrun for etl_label_studio to 2025-11-18 03:00:00+00:00, run_after=2025-11-19 03:00:00+00:00
[2025-11-19T00:01:20.197+0000] {processor.py:183} INFO - Processing /opt/airflow/dags/pipeline_label_studio.py took 0.035 seconds
[2025-11-19T00:01:50.558+0000] {processor.py:161} INFO - Started process (PID=10840) to work on /opt/airflow/dags/pipeline_label_studio.py
[2025-11-19T00:01:50.559+0000] {processor.py:830} INFO - Processing file /opt/airflow/dags/pipeline_label_studio.py for tasks to queue
[2025-11-19T00:01:50.559+0000] {logging_mixin.py:188} INFO - [2025-11-19T00:01:50.559+0000] {dagbag.py:545} INFO - Filling up the DagBag from /opt/airflow/dags/pipeline_label_studio.py
[2025-11-19T00:01:50.564+0000] {processor.py:840} INFO - DAG(s) 'etl_label_studio' retrieved from /opt/airflow/dags/pipeline_label_studio.py
[2025-11-19T00:01:50.579+0000] {logging_mixin.py:188} INFO - [2025-11-19T00:01:50.579+0000] {dag.py:3089} INFO - Sync 1 DAGs
[2025-11-19T00:01:50.589+0000] {logging_mixin.py:188} INFO - [2025-11-19T00:01:50.589+0000] {dag.py:3947} INFO - Setting next_dagrun for etl_label_studio to 2025-11-18 03:00:00+00:00, run_after=2025-11-19 03:00:00+00:00
[2025-11-19T00:01:50.596+0000] {processor.py:183} INFO - Processing /opt/airflow/dags/pipeline_label_studio.py took 0.043 seconds
[2025-11-19T00:02:20.928+0000] {processor.py:161} INFO - Started process (PID=10857) to work on /opt/airflow/dags/pipeline_label_studio.py
[2025-11-19T00:02:20.928+0000] {processor.py:830} INFO - Processing file /opt/airflow/dags/pipeline_label_studio.py for tasks to queue
[2025-11-19T00:02:20.929+0000] {logging_mixin.py:188} INFO - [2025-11-19T00:02:20.929+0000] {dagbag.py:545} INFO - Filling up the DagBag from /opt/airflow/dags/pipeline_label_studio.py
[2025-11-19T00:02:20.933+0000] {processor.py:840} INFO - DAG(s) 'etl_label_studio' retrieved from /opt/airflow/dags/pipeline_label_studio.py
[2025-11-19T00:02:20.944+0000] {logging_mixin.py:188} INFO - [2025-11-19T00:02:20.944+0000] {dag.py:3089} INFO - Sync 1 DAGs
[2025-11-19T00:02:20.952+0000] {logging_mixin.py:188} INFO - [2025-11-19T00:02:20.952+0000] {dag.py:3947} INFO - Setting next_dagrun for etl_label_studio to 2025-11-18 03:00:00+00:00, run_after=2025-11-19 03:00:00+00:00
[2025-11-19T00:02:20.957+0000] {processor.py:183} INFO - Processing /opt/airflow/dags/pipeline_label_studio.py took 0.031 seconds
[2025-11-19T00:02:51.255+0000] {processor.py:161} INFO - Started process (PID=10872) to work on /opt/airflow/dags/pipeline_label_studio.py
[2025-11-19T00:02:51.256+0000] {processor.py:830} INFO - Processing file /opt/airflow/dags/pipeline_label_studio.py for tasks to queue
[2025-11-19T00:02:51.257+0000] {logging_mixin.py:188} INFO - [2025-11-19T00:02:51.256+0000] {dagbag.py:545} INFO - Filling up the DagBag from /opt/airflow/dags/pipeline_label_studio.py
[2025-11-19T00:02:51.261+0000] {processor.py:840} INFO - DAG(s) 'etl_label_studio' retrieved from /opt/airflow/dags/pipeline_label_studio.py
[2025-11-19T00:02:51.275+0000] {logging_mixin.py:188} INFO - [2025-11-19T00:02:51.275+0000] {dag.py:3089} INFO - Sync 1 DAGs
[2025-11-19T00:02:51.285+0000] {logging_mixin.py:188} INFO - [2025-11-19T00:02:51.285+0000] {dag.py:3947} INFO - Setting next_dagrun for etl_label_studio to 2025-11-18 03:00:00+00:00, run_after=2025-11-19 03:00:00+00:00
[2025-11-19T00:02:51.293+0000] {processor.py:183} INFO - Processing /opt/airflow/dags/pipeline_label_studio.py took 0.041 seconds
[2025-11-19T00:03:21.596+0000] {processor.py:161} INFO - Started process (PID=10887) to work on /opt/airflow/dags/pipeline_label_studio.py
[2025-11-19T00:03:21.597+0000] {processor.py:830} INFO - Processing file /opt/airflow/dags/pipeline_label_studio.py for tasks to queue
[2025-11-19T00:03:21.597+0000] {logging_mixin.py:188} INFO - [2025-11-19T00:03:21.597+0000] {dagbag.py:545} INFO - Filling up the DagBag from /opt/airflow/dags/pipeline_label_studio.py
[2025-11-19T00:03:21.603+0000] {processor.py:840} INFO - DAG(s) 'etl_label_studio' retrieved from /opt/airflow/dags/pipeline_label_studio.py
[2025-11-19T00:03:21.615+0000] {logging_mixin.py:188} INFO - [2025-11-19T00:03:21.615+0000] {dag.py:3089} INFO - Sync 1 DAGs
[2025-11-19T00:03:21.625+0000] {logging_mixin.py:188} INFO - [2025-11-19T00:03:21.625+0000] {dag.py:3947} INFO - Setting next_dagrun for etl_label_studio to 2025-11-18 03:00:00+00:00, run_after=2025-11-19 03:00:00+00:00
[2025-11-19T00:03:21.631+0000] {processor.py:183} INFO - Processing /opt/airflow/dags/pipeline_label_studio.py took 0.038 seconds
[2025-11-19T00:03:51.923+0000] {processor.py:161} INFO - Started process (PID=10902) to work on /opt/airflow/dags/pipeline_label_studio.py
[2025-11-19T00:03:51.924+0000] {processor.py:830} INFO - Processing file /opt/airflow/dags/pipeline_label_studio.py for tasks to queue
[2025-11-19T00:03:51.924+0000] {logging_mixin.py:188} INFO - [2025-11-19T00:03:51.924+0000] {dagbag.py:545} INFO - Filling up the DagBag from /opt/airflow/dags/pipeline_label_studio.py
[2025-11-19T00:03:51.929+0000] {processor.py:840} INFO - DAG(s) 'etl_label_studio' retrieved from /opt/airflow/dags/pipeline_label_studio.py
[2025-11-19T00:03:51.941+0000] {logging_mixin.py:188} INFO - [2025-11-19T00:03:51.941+0000] {dag.py:3089} INFO - Sync 1 DAGs
[2025-11-19T00:03:51.949+0000] {logging_mixin.py:188} INFO - [2025-11-19T00:03:51.949+0000] {dag.py:3947} INFO - Setting next_dagrun for etl_label_studio to 2025-11-18 03:00:00+00:00, run_after=2025-11-19 03:00:00+00:00
[2025-11-19T00:03:51.955+0000] {processor.py:183} INFO - Processing /opt/airflow/dags/pipeline_label_studio.py took 0.034 seconds
[2025-11-19T00:04:22.225+0000] {processor.py:161} INFO - Started process (PID=10917) to work on /opt/airflow/dags/pipeline_label_studio.py
[2025-11-19T00:04:22.225+0000] {processor.py:830} INFO - Processing file /opt/airflow/dags/pipeline_label_studio.py for tasks to queue
[2025-11-19T00:04:22.226+0000] {logging_mixin.py:188} INFO - [2025-11-19T00:04:22.226+0000] {dagbag.py:545} INFO - Filling up the DagBag from /opt/airflow/dags/pipeline_label_studio.py
[2025-11-19T00:04:22.230+0000] {processor.py:840} INFO - DAG(s) 'etl_label_studio' retrieved from /opt/airflow/dags/pipeline_label_studio.py
[2025-11-19T00:04:22.241+0000] {logging_mixin.py:188} INFO - [2025-11-19T00:04:22.241+0000] {dag.py:3089} INFO - Sync 1 DAGs
[2025-11-19T00:04:22.249+0000] {logging_mixin.py:188} INFO - [2025-11-19T00:04:22.249+0000] {dag.py:3947} INFO - Setting next_dagrun for etl_label_studio to 2025-11-18 03:00:00+00:00, run_after=2025-11-19 03:00:00+00:00
[2025-11-19T00:04:22.254+0000] {processor.py:183} INFO - Processing /opt/airflow/dags/pipeline_label_studio.py took 0.032 seconds
[2025-11-19T00:04:52.532+0000] {processor.py:161} INFO - Started process (PID=10932) to work on /opt/airflow/dags/pipeline_label_studio.py
[2025-11-19T00:04:52.533+0000] {processor.py:830} INFO - Processing file /opt/airflow/dags/pipeline_label_studio.py for tasks to queue
[2025-11-19T00:04:52.533+0000] {logging_mixin.py:188} INFO - [2025-11-19T00:04:52.533+0000] {dagbag.py:545} INFO - Filling up the DagBag from /opt/airflow/dags/pipeline_label_studio.py
[2025-11-19T00:04:52.538+0000] {processor.py:840} INFO - DAG(s) 'etl_label_studio' retrieved from /opt/airflow/dags/pipeline_label_studio.py
[2025-11-19T00:04:52.549+0000] {logging_mixin.py:188} INFO - [2025-11-19T00:04:52.549+0000] {dag.py:3089} INFO - Sync 1 DAGs
[2025-11-19T00:04:52.556+0000] {logging_mixin.py:188} INFO - [2025-11-19T00:04:52.556+0000] {dag.py:3947} INFO - Setting next_dagrun for etl_label_studio to 2025-11-18 03:00:00+00:00, run_after=2025-11-19 03:00:00+00:00
[2025-11-19T00:04:52.562+0000] {processor.py:183} INFO - Processing /opt/airflow/dags/pipeline_label_studio.py took 0.032 seconds
[2025-11-19T00:05:22.952+0000] {processor.py:161} INFO - Started process (PID=10947) to work on /opt/airflow/dags/pipeline_label_studio.py
[2025-11-19T00:05:22.953+0000] {processor.py:830} INFO - Processing file /opt/airflow/dags/pipeline_label_studio.py for tasks to queue
[2025-11-19T00:05:22.954+0000] {logging_mixin.py:188} INFO - [2025-11-19T00:05:22.953+0000] {dagbag.py:545} INFO - Filling up the DagBag from /opt/airflow/dags/pipeline_label_studio.py
[2025-11-19T00:05:22.959+0000] {processor.py:840} INFO - DAG(s) 'etl_label_studio' retrieved from /opt/airflow/dags/pipeline_label_studio.py
[2025-11-19T00:05:22.978+0000] {logging_mixin.py:188} INFO - [2025-11-19T00:05:22.977+0000] {dag.py:3089} INFO - Sync 1 DAGs
[2025-11-19T00:05:22.990+0000] {logging_mixin.py:188} INFO - [2025-11-19T00:05:22.990+0000] {dag.py:3947} INFO - Setting next_dagrun for etl_label_studio to 2025-11-18 03:00:00+00:00, run_after=2025-11-19 03:00:00+00:00
[2025-11-19T00:05:22.997+0000] {processor.py:183} INFO - Processing /opt/airflow/dags/pipeline_label_studio.py took 0.052 seconds
[2025-11-19T00:05:53.331+0000] {processor.py:161} INFO - Started process (PID=10962) to work on /opt/airflow/dags/pipeline_label_studio.py
[2025-11-19T00:05:53.332+0000] {processor.py:830} INFO - Processing file /opt/airflow/dags/pipeline_label_studio.py for tasks to queue
[2025-11-19T00:05:53.332+0000] {logging_mixin.py:188} INFO - [2025-11-19T00:05:53.332+0000] {dagbag.py:545} INFO - Filling up the DagBag from /opt/airflow/dags/pipeline_label_studio.py
[2025-11-19T00:05:53.337+0000] {processor.py:840} INFO - DAG(s) 'etl_label_studio' retrieved from /opt/airflow/dags/pipeline_label_studio.py
[2025-11-19T00:05:53.349+0000] {logging_mixin.py:188} INFO - [2025-11-19T00:05:53.348+0000] {dag.py:3089} INFO - Sync 1 DAGs
[2025-11-19T00:05:53.358+0000] {logging_mixin.py:188} INFO - [2025-11-19T00:05:53.358+0000] {dag.py:3947} INFO - Setting next_dagrun for etl_label_studio to 2025-11-18 03:00:00+00:00, run_after=2025-11-19 03:00:00+00:00
[2025-11-19T00:05:53.363+0000] {processor.py:183} INFO - Processing /opt/airflow/dags/pipeline_label_studio.py took 0.034 seconds
[2025-11-19T00:06:23.664+0000] {processor.py:161} INFO - Started process (PID=10977) to work on /opt/airflow/dags/pipeline_label_studio.py
[2025-11-19T00:06:23.665+0000] {processor.py:830} INFO - Processing file /opt/airflow/dags/pipeline_label_studio.py for tasks to queue
[2025-11-19T00:06:23.665+0000] {logging_mixin.py:188} INFO - [2025-11-19T00:06:23.665+0000] {dagbag.py:545} INFO - Filling up the DagBag from /opt/airflow/dags/pipeline_label_studio.py
[2025-11-19T00:06:23.670+0000] {processor.py:840} INFO - DAG(s) 'etl_label_studio' retrieved from /opt/airflow/dags/pipeline_label_studio.py
[2025-11-19T00:06:23.680+0000] {logging_mixin.py:188} INFO - [2025-11-19T00:06:23.680+0000] {dag.py:3089} INFO - Sync 1 DAGs
[2025-11-19T00:06:23.688+0000] {logging_mixin.py:188} INFO - [2025-11-19T00:06:23.688+0000] {dag.py:3947} INFO - Setting next_dagrun for etl_label_studio to 2025-11-18 03:00:00+00:00, run_after=2025-11-19 03:00:00+00:00
[2025-11-19T00:06:23.694+0000] {processor.py:183} INFO - Processing /opt/airflow/dags/pipeline_label_studio.py took 0.032 seconds
[2025-11-19T00:06:53.944+0000] {processor.py:161} INFO - Started process (PID=10992) to work on /opt/airflow/dags/pipeline_label_studio.py
[2025-11-19T00:06:53.944+0000] {processor.py:830} INFO - Processing file /opt/airflow/dags/pipeline_label_studio.py for tasks to queue
[2025-11-19T00:06:53.945+0000] {logging_mixin.py:188} INFO - [2025-11-19T00:06:53.945+0000] {dagbag.py:545} INFO - Filling up the DagBag from /opt/airflow/dags/pipeline_label_studio.py
[2025-11-19T00:06:53.950+0000] {processor.py:840} INFO - DAG(s) 'etl_label_studio' retrieved from /opt/airflow/dags/pipeline_label_studio.py
[2025-11-19T00:06:53.961+0000] {logging_mixin.py:188} INFO - [2025-11-19T00:06:53.961+0000] {dag.py:3089} INFO - Sync 1 DAGs
[2025-11-19T00:06:53.969+0000] {logging_mixin.py:188} INFO - [2025-11-19T00:06:53.969+0000] {dag.py:3947} INFO - Setting next_dagrun for etl_label_studio to 2025-11-18 03:00:00+00:00, run_after=2025-11-19 03:00:00+00:00
[2025-11-19T00:06:53.975+0000] {processor.py:183} INFO - Processing /opt/airflow/dags/pipeline_label_studio.py took 0.034 seconds
[2025-11-19T00:07:24.310+0000] {processor.py:161} INFO - Started process (PID=11007) to work on /opt/airflow/dags/pipeline_label_studio.py
[2025-11-19T00:07:24.310+0000] {processor.py:830} INFO - Processing file /opt/airflow/dags/pipeline_label_studio.py for tasks to queue
[2025-11-19T00:07:24.311+0000] {logging_mixin.py:188} INFO - [2025-11-19T00:07:24.310+0000] {dagbag.py:545} INFO - Filling up the DagBag from /opt/airflow/dags/pipeline_label_studio.py
[2025-11-19T00:07:24.315+0000] {processor.py:840} INFO - DAG(s) 'etl_label_studio' retrieved from /opt/airflow/dags/pipeline_label_studio.py
[2025-11-19T00:07:24.326+0000] {logging_mixin.py:188} INFO - [2025-11-19T00:07:24.326+0000] {dag.py:3089} INFO - Sync 1 DAGs
[2025-11-19T00:07:24.335+0000] {logging_mixin.py:188} INFO - [2025-11-19T00:07:24.335+0000] {dag.py:3947} INFO - Setting next_dagrun for etl_label_studio to 2025-11-18 03:00:00+00:00, run_after=2025-11-19 03:00:00+00:00
[2025-11-19T00:07:24.341+0000] {processor.py:183} INFO - Processing /opt/airflow/dags/pipeline_label_studio.py took 0.034 seconds
[2025-11-19T00:07:54.603+0000] {processor.py:161} INFO - Started process (PID=11022) to work on /opt/airflow/dags/pipeline_label_studio.py
[2025-11-19T00:07:54.603+0000] {processor.py:830} INFO - Processing file /opt/airflow/dags/pipeline_label_studio.py for tasks to queue
[2025-11-19T00:07:54.604+0000] {logging_mixin.py:188} INFO - [2025-11-19T00:07:54.604+0000] {dagbag.py:545} INFO - Filling up the DagBag from /opt/airflow/dags/pipeline_label_studio.py
[2025-11-19T00:07:54.608+0000] {processor.py:840} INFO - DAG(s) 'etl_label_studio' retrieved from /opt/airflow/dags/pipeline_label_studio.py
[2025-11-19T00:07:54.619+0000] {logging_mixin.py:188} INFO - [2025-11-19T00:07:54.619+0000] {dag.py:3089} INFO - Sync 1 DAGs
[2025-11-19T00:07:54.628+0000] {logging_mixin.py:188} INFO - [2025-11-19T00:07:54.627+0000] {dag.py:3947} INFO - Setting next_dagrun for etl_label_studio to 2025-11-18 03:00:00+00:00, run_after=2025-11-19 03:00:00+00:00
[2025-11-19T00:07:54.634+0000] {processor.py:183} INFO - Processing /opt/airflow/dags/pipeline_label_studio.py took 0.034 seconds
[2025-11-19T00:08:24.909+0000] {processor.py:161} INFO - Started process (PID=11037) to work on /opt/airflow/dags/pipeline_label_studio.py
[2025-11-19T00:08:24.909+0000] {processor.py:830} INFO - Processing file /opt/airflow/dags/pipeline_label_studio.py for tasks to queue
[2025-11-19T00:08:24.910+0000] {logging_mixin.py:188} INFO - [2025-11-19T00:08:24.910+0000] {dagbag.py:545} INFO - Filling up the DagBag from /opt/airflow/dags/pipeline_label_studio.py
[2025-11-19T00:08:24.914+0000] {processor.py:840} INFO - DAG(s) 'etl_label_studio' retrieved from /opt/airflow/dags/pipeline_label_studio.py
[2025-11-19T00:08:24.926+0000] {logging_mixin.py:188} INFO - [2025-11-19T00:08:24.926+0000] {dag.py:3089} INFO - Sync 1 DAGs
[2025-11-19T00:08:24.935+0000] {logging_mixin.py:188} INFO - [2025-11-19T00:08:24.935+0000] {dag.py:3947} INFO - Setting next_dagrun for etl_label_studio to 2025-11-18 03:00:00+00:00, run_after=2025-11-19 03:00:00+00:00
[2025-11-19T00:08:24.941+0000] {processor.py:183} INFO - Processing /opt/airflow/dags/pipeline_label_studio.py took 0.035 seconds
[2025-11-19T00:08:55.249+0000] {processor.py:161} INFO - Started process (PID=11052) to work on /opt/airflow/dags/pipeline_label_studio.py
[2025-11-19T00:08:55.250+0000] {processor.py:830} INFO - Processing file /opt/airflow/dags/pipeline_label_studio.py for tasks to queue
[2025-11-19T00:08:55.250+0000] {logging_mixin.py:188} INFO - [2025-11-19T00:08:55.250+0000] {dagbag.py:545} INFO - Filling up the DagBag from /opt/airflow/dags/pipeline_label_studio.py
[2025-11-19T00:08:55.254+0000] {processor.py:840} INFO - DAG(s) 'etl_label_studio' retrieved from /opt/airflow/dags/pipeline_label_studio.py
[2025-11-19T00:08:55.265+0000] {logging_mixin.py:188} INFO - [2025-11-19T00:08:55.265+0000] {dag.py:3089} INFO - Sync 1 DAGs
[2025-11-19T00:08:55.273+0000] {logging_mixin.py:188} INFO - [2025-11-19T00:08:55.273+0000] {dag.py:3947} INFO - Setting next_dagrun for etl_label_studio to 2025-11-18 03:00:00+00:00, run_after=2025-11-19 03:00:00+00:00
[2025-11-19T00:08:55.279+0000] {processor.py:183} INFO - Processing /opt/airflow/dags/pipeline_label_studio.py took 0.032 seconds
[2025-11-19T00:09:25.585+0000] {processor.py:161} INFO - Started process (PID=11067) to work on /opt/airflow/dags/pipeline_label_studio.py
[2025-11-19T00:09:25.585+0000] {processor.py:830} INFO - Processing file /opt/airflow/dags/pipeline_label_studio.py for tasks to queue
[2025-11-19T00:09:25.586+0000] {logging_mixin.py:188} INFO - [2025-11-19T00:09:25.586+0000] {dagbag.py:545} INFO - Filling up the DagBag from /opt/airflow/dags/pipeline_label_studio.py
[2025-11-19T00:09:25.590+0000] {processor.py:840} INFO - DAG(s) 'etl_label_studio' retrieved from /opt/airflow/dags/pipeline_label_studio.py
[2025-11-19T00:09:25.601+0000] {logging_mixin.py:188} INFO - [2025-11-19T00:09:25.601+0000] {dag.py:3089} INFO - Sync 1 DAGs
[2025-11-19T00:09:25.610+0000] {logging_mixin.py:188} INFO - [2025-11-19T00:09:25.610+0000] {dag.py:3947} INFO - Setting next_dagrun for etl_label_studio to 2025-11-18 03:00:00+00:00, run_after=2025-11-19 03:00:00+00:00
[2025-11-19T00:09:25.616+0000] {processor.py:183} INFO - Processing /opt/airflow/dags/pipeline_label_studio.py took 0.033 seconds
[2025-11-19T00:09:55.912+0000] {processor.py:161} INFO - Started process (PID=11082) to work on /opt/airflow/dags/pipeline_label_studio.py
[2025-11-19T00:09:55.912+0000] {processor.py:830} INFO - Processing file /opt/airflow/dags/pipeline_label_studio.py for tasks to queue
[2025-11-19T00:09:55.913+0000] {logging_mixin.py:188} INFO - [2025-11-19T00:09:55.912+0000] {dagbag.py:545} INFO - Filling up the DagBag from /opt/airflow/dags/pipeline_label_studio.py
[2025-11-19T00:09:55.917+0000] {processor.py:840} INFO - DAG(s) 'etl_label_studio' retrieved from /opt/airflow/dags/pipeline_label_studio.py
[2025-11-19T00:09:55.927+0000] {logging_mixin.py:188} INFO - [2025-11-19T00:09:55.927+0000] {dag.py:3089} INFO - Sync 1 DAGs
[2025-11-19T00:09:55.935+0000] {logging_mixin.py:188} INFO - [2025-11-19T00:09:55.935+0000] {dag.py:3947} INFO - Setting next_dagrun for etl_label_studio to 2025-11-18 03:00:00+00:00, run_after=2025-11-19 03:00:00+00:00
[2025-11-19T00:09:55.941+0000] {processor.py:183} INFO - Processing /opt/airflow/dags/pipeline_label_studio.py took 0.032 seconds
[2025-11-19T00:10:26.226+0000] {processor.py:161} INFO - Started process (PID=11097) to work on /opt/airflow/dags/pipeline_label_studio.py
[2025-11-19T00:10:26.227+0000] {processor.py:830} INFO - Processing file /opt/airflow/dags/pipeline_label_studio.py for tasks to queue
[2025-11-19T00:10:26.227+0000] {logging_mixin.py:188} INFO - [2025-11-19T00:10:26.227+0000] {dagbag.py:545} INFO - Filling up the DagBag from /opt/airflow/dags/pipeline_label_studio.py
[2025-11-19T00:10:26.231+0000] {processor.py:840} INFO - DAG(s) 'etl_label_studio' retrieved from /opt/airflow/dags/pipeline_label_studio.py
[2025-11-19T00:10:26.242+0000] {logging_mixin.py:188} INFO - [2025-11-19T00:10:26.242+0000] {dag.py:3089} INFO - Sync 1 DAGs
[2025-11-19T00:10:26.250+0000] {logging_mixin.py:188} INFO - [2025-11-19T00:10:26.250+0000] {dag.py:3947} INFO - Setting next_dagrun for etl_label_studio to 2025-11-18 03:00:00+00:00, run_after=2025-11-19 03:00:00+00:00
[2025-11-19T00:10:26.256+0000] {processor.py:183} INFO - Processing /opt/airflow/dags/pipeline_label_studio.py took 0.031 seconds
[2025-11-19T00:10:56.559+0000] {processor.py:161} INFO - Started process (PID=11112) to work on /opt/airflow/dags/pipeline_label_studio.py
[2025-11-19T00:10:56.559+0000] {processor.py:830} INFO - Processing file /opt/airflow/dags/pipeline_label_studio.py for tasks to queue
[2025-11-19T00:10:56.560+0000] {logging_mixin.py:188} INFO - [2025-11-19T00:10:56.559+0000] {dagbag.py:545} INFO - Filling up the DagBag from /opt/airflow/dags/pipeline_label_studio.py
[2025-11-19T00:10:56.564+0000] {processor.py:840} INFO - DAG(s) 'etl_label_studio' retrieved from /opt/airflow/dags/pipeline_label_studio.py
[2025-11-19T00:10:56.575+0000] {logging_mixin.py:188} INFO - [2025-11-19T00:10:56.575+0000] {dag.py:3089} INFO - Sync 1 DAGs
[2025-11-19T00:10:56.583+0000] {logging_mixin.py:188} INFO - [2025-11-19T00:10:56.583+0000] {dag.py:3947} INFO - Setting next_dagrun for etl_label_studio to 2025-11-18 03:00:00+00:00, run_after=2025-11-19 03:00:00+00:00
[2025-11-19T00:10:56.590+0000] {processor.py:183} INFO - Processing /opt/airflow/dags/pipeline_label_studio.py took 0.033 seconds
[2025-11-19T00:11:26.874+0000] {processor.py:161} INFO - Started process (PID=11127) to work on /opt/airflow/dags/pipeline_label_studio.py
[2025-11-19T00:11:26.875+0000] {processor.py:830} INFO - Processing file /opt/airflow/dags/pipeline_label_studio.py for tasks to queue
[2025-11-19T00:11:26.875+0000] {logging_mixin.py:188} INFO - [2025-11-19T00:11:26.875+0000] {dagbag.py:545} INFO - Filling up the DagBag from /opt/airflow/dags/pipeline_label_studio.py
[2025-11-19T00:11:26.879+0000] {processor.py:840} INFO - DAG(s) 'etl_label_studio' retrieved from /opt/airflow/dags/pipeline_label_studio.py
[2025-11-19T00:11:26.889+0000] {logging_mixin.py:188} INFO - [2025-11-19T00:11:26.889+0000] {dag.py:3089} INFO - Sync 1 DAGs
[2025-11-19T00:11:26.897+0000] {logging_mixin.py:188} INFO - [2025-11-19T00:11:26.897+0000] {dag.py:3947} INFO - Setting next_dagrun for etl_label_studio to 2025-11-18 03:00:00+00:00, run_after=2025-11-19 03:00:00+00:00
[2025-11-19T00:11:26.902+0000] {processor.py:183} INFO - Processing /opt/airflow/dags/pipeline_label_studio.py took 0.030 seconds
[2025-11-19T00:11:57.222+0000] {processor.py:161} INFO - Started process (PID=11142) to work on /opt/airflow/dags/pipeline_label_studio.py
[2025-11-19T00:11:57.222+0000] {processor.py:830} INFO - Processing file /opt/airflow/dags/pipeline_label_studio.py for tasks to queue
[2025-11-19T00:11:57.223+0000] {logging_mixin.py:188} INFO - [2025-11-19T00:11:57.223+0000] {dagbag.py:545} INFO - Filling up the DagBag from /opt/airflow/dags/pipeline_label_studio.py
[2025-11-19T00:11:57.228+0000] {processor.py:840} INFO - DAG(s) 'etl_label_studio' retrieved from /opt/airflow/dags/pipeline_label_studio.py
[2025-11-19T00:11:57.239+0000] {logging_mixin.py:188} INFO - [2025-11-19T00:11:57.239+0000] {dag.py:3089} INFO - Sync 1 DAGs
[2025-11-19T00:11:57.246+0000] {logging_mixin.py:188} INFO - [2025-11-19T00:11:57.246+0000] {dag.py:3947} INFO - Setting next_dagrun for etl_label_studio to 2025-11-18 03:00:00+00:00, run_after=2025-11-19 03:00:00+00:00
[2025-11-19T00:11:57.252+0000] {processor.py:183} INFO - Processing /opt/airflow/dags/pipeline_label_studio.py took 0.033 seconds
[2025-11-19T00:12:27.540+0000] {processor.py:161} INFO - Started process (PID=11157) to work on /opt/airflow/dags/pipeline_label_studio.py
[2025-11-19T00:12:27.540+0000] {processor.py:830} INFO - Processing file /opt/airflow/dags/pipeline_label_studio.py for tasks to queue
[2025-11-19T00:12:27.541+0000] {logging_mixin.py:188} INFO - [2025-11-19T00:12:27.540+0000] {dagbag.py:545} INFO - Filling up the DagBag from /opt/airflow/dags/pipeline_label_studio.py
[2025-11-19T00:12:27.545+0000] {processor.py:840} INFO - DAG(s) 'etl_label_studio' retrieved from /opt/airflow/dags/pipeline_label_studio.py
[2025-11-19T00:12:27.554+0000] {logging_mixin.py:188} INFO - [2025-11-19T00:12:27.554+0000] {dag.py:3089} INFO - Sync 1 DAGs
[2025-11-19T00:12:27.562+0000] {logging_mixin.py:188} INFO - [2025-11-19T00:12:27.562+0000] {dag.py:3947} INFO - Setting next_dagrun for etl_label_studio to 2025-11-18 03:00:00+00:00, run_after=2025-11-19 03:00:00+00:00
[2025-11-19T00:12:27.568+0000] {processor.py:183} INFO - Processing /opt/airflow/dags/pipeline_label_studio.py took 0.031 seconds
[2025-11-19T00:12:57.945+0000] {processor.py:161} INFO - Started process (PID=11172) to work on /opt/airflow/dags/pipeline_label_studio.py
[2025-11-19T00:12:57.945+0000] {processor.py:830} INFO - Processing file /opt/airflow/dags/pipeline_label_studio.py for tasks to queue
[2025-11-19T00:12:57.947+0000] {logging_mixin.py:188} INFO - [2025-11-19T00:12:57.946+0000] {dagbag.py:545} INFO - Filling up the DagBag from /opt/airflow/dags/pipeline_label_studio.py
[2025-11-19T00:12:57.952+0000] {processor.py:840} INFO - DAG(s) 'etl_label_studio' retrieved from /opt/airflow/dags/pipeline_label_studio.py
[2025-11-19T00:12:57.991+0000] {logging_mixin.py:188} INFO - [2025-11-19T00:12:57.991+0000] {dag.py:3089} INFO - Sync 1 DAGs
[2025-11-19T00:12:57.998+0000] {logging_mixin.py:188} INFO - [2025-11-19T00:12:57.998+0000] {dag.py:3947} INFO - Setting next_dagrun for etl_label_studio to 2025-11-18 03:00:00+00:00, run_after=2025-11-19 03:00:00+00:00
[2025-11-19T00:12:58.005+0000] {processor.py:183} INFO - Processing /opt/airflow/dags/pipeline_label_studio.py took 0.063 seconds
[2025-11-19T00:13:28.340+0000] {processor.py:161} INFO - Started process (PID=11187) to work on /opt/airflow/dags/pipeline_label_studio.py
[2025-11-19T00:13:28.340+0000] {processor.py:830} INFO - Processing file /opt/airflow/dags/pipeline_label_studio.py for tasks to queue
[2025-11-19T00:13:28.341+0000] {logging_mixin.py:188} INFO - [2025-11-19T00:13:28.341+0000] {dagbag.py:545} INFO - Filling up the DagBag from /opt/airflow/dags/pipeline_label_studio.py
[2025-11-19T00:13:28.348+0000] {processor.py:840} INFO - DAG(s) 'etl_label_studio' retrieved from /opt/airflow/dags/pipeline_label_studio.py
[2025-11-19T00:13:28.361+0000] {logging_mixin.py:188} INFO - [2025-11-19T00:13:28.361+0000] {dag.py:3089} INFO - Sync 1 DAGs
[2025-11-19T00:13:28.371+0000] {logging_mixin.py:188} INFO - [2025-11-19T00:13:28.371+0000] {dag.py:3947} INFO - Setting next_dagrun for etl_label_studio to 2025-11-18 03:00:00+00:00, run_after=2025-11-19 03:00:00+00:00
[2025-11-19T00:13:28.378+0000] {processor.py:183} INFO - Processing /opt/airflow/dags/pipeline_label_studio.py took 0.041 seconds
[2025-11-19T00:13:58.672+0000] {processor.py:161} INFO - Started process (PID=11202) to work on /opt/airflow/dags/pipeline_label_studio.py
[2025-11-19T00:13:58.672+0000] {processor.py:830} INFO - Processing file /opt/airflow/dags/pipeline_label_studio.py for tasks to queue
[2025-11-19T00:13:58.674+0000] {logging_mixin.py:188} INFO - [2025-11-19T00:13:58.673+0000] {dagbag.py:545} INFO - Filling up the DagBag from /opt/airflow/dags/pipeline_label_studio.py
[2025-11-19T00:13:58.680+0000] {processor.py:840} INFO - DAG(s) 'etl_label_studio' retrieved from /opt/airflow/dags/pipeline_label_studio.py
[2025-11-19T00:13:58.693+0000] {logging_mixin.py:188} INFO - [2025-11-19T00:13:58.693+0000] {dag.py:3089} INFO - Sync 1 DAGs
[2025-11-19T00:13:58.704+0000] {logging_mixin.py:188} INFO - [2025-11-19T00:13:58.704+0000] {dag.py:3947} INFO - Setting next_dagrun for etl_label_studio to 2025-11-18 03:00:00+00:00, run_after=2025-11-19 03:00:00+00:00
[2025-11-19T00:13:58.712+0000] {processor.py:183} INFO - Processing /opt/airflow/dags/pipeline_label_studio.py took 0.043 seconds
[2025-11-19T00:14:29.018+0000] {processor.py:161} INFO - Started process (PID=11217) to work on /opt/airflow/dags/pipeline_label_studio.py
[2025-11-19T00:14:29.019+0000] {processor.py:830} INFO - Processing file /opt/airflow/dags/pipeline_label_studio.py for tasks to queue
[2025-11-19T00:14:29.019+0000] {logging_mixin.py:188} INFO - [2025-11-19T00:14:29.019+0000] {dagbag.py:545} INFO - Filling up the DagBag from /opt/airflow/dags/pipeline_label_studio.py
[2025-11-19T00:14:29.024+0000] {processor.py:840} INFO - DAG(s) 'etl_label_studio' retrieved from /opt/airflow/dags/pipeline_label_studio.py
[2025-11-19T00:14:29.035+0000] {logging_mixin.py:188} INFO - [2025-11-19T00:14:29.035+0000] {dag.py:3089} INFO - Sync 1 DAGs
[2025-11-19T00:14:29.043+0000] {logging_mixin.py:188} INFO - [2025-11-19T00:14:29.043+0000] {dag.py:3947} INFO - Setting next_dagrun for etl_label_studio to 2025-11-18 03:00:00+00:00, run_after=2025-11-19 03:00:00+00:00
[2025-11-19T00:14:29.049+0000] {processor.py:183} INFO - Processing /opt/airflow/dags/pipeline_label_studio.py took 0.033 seconds
[2025-11-19T00:14:59.339+0000] {processor.py:161} INFO - Started process (PID=11232) to work on /opt/airflow/dags/pipeline_label_studio.py
[2025-11-19T00:14:59.339+0000] {processor.py:830} INFO - Processing file /opt/airflow/dags/pipeline_label_studio.py for tasks to queue
[2025-11-19T00:14:59.340+0000] {logging_mixin.py:188} INFO - [2025-11-19T00:14:59.339+0000] {dagbag.py:545} INFO - Filling up the DagBag from /opt/airflow/dags/pipeline_label_studio.py
[2025-11-19T00:14:59.344+0000] {processor.py:840} INFO - DAG(s) 'etl_label_studio' retrieved from /opt/airflow/dags/pipeline_label_studio.py
[2025-11-19T00:14:59.356+0000] {logging_mixin.py:188} INFO - [2025-11-19T00:14:59.356+0000] {dag.py:3089} INFO - Sync 1 DAGs
[2025-11-19T00:14:59.364+0000] {logging_mixin.py:188} INFO - [2025-11-19T00:14:59.364+0000] {dag.py:3947} INFO - Setting next_dagrun for etl_label_studio to 2025-11-18 03:00:00+00:00, run_after=2025-11-19 03:00:00+00:00
[2025-11-19T00:14:59.370+0000] {processor.py:183} INFO - Processing /opt/airflow/dags/pipeline_label_studio.py took 0.034 seconds
[2025-11-19T00:15:29.673+0000] {processor.py:161} INFO - Started process (PID=11247) to work on /opt/airflow/dags/pipeline_label_studio.py
[2025-11-19T00:15:29.674+0000] {processor.py:830} INFO - Processing file /opt/airflow/dags/pipeline_label_studio.py for tasks to queue
[2025-11-19T00:15:29.674+0000] {logging_mixin.py:188} INFO - [2025-11-19T00:15:29.674+0000] {dagbag.py:545} INFO - Filling up the DagBag from /opt/airflow/dags/pipeline_label_studio.py
[2025-11-19T00:15:29.679+0000] {processor.py:840} INFO - DAG(s) 'etl_label_studio' retrieved from /opt/airflow/dags/pipeline_label_studio.py
[2025-11-19T00:15:29.691+0000] {logging_mixin.py:188} INFO - [2025-11-19T00:15:29.691+0000] {dag.py:3089} INFO - Sync 1 DAGs
[2025-11-19T00:15:29.700+0000] {logging_mixin.py:188} INFO - [2025-11-19T00:15:29.700+0000] {dag.py:3947} INFO - Setting next_dagrun for etl_label_studio to 2025-11-18 03:00:00+00:00, run_after=2025-11-19 03:00:00+00:00
[2025-11-19T00:15:29.706+0000] {processor.py:183} INFO - Processing /opt/airflow/dags/pipeline_label_studio.py took 0.036 seconds
[2025-11-19T00:16:00.005+0000] {processor.py:161} INFO - Started process (PID=11262) to work on /opt/airflow/dags/pipeline_label_studio.py
[2025-11-19T00:16:00.005+0000] {processor.py:830} INFO - Processing file /opt/airflow/dags/pipeline_label_studio.py for tasks to queue
[2025-11-19T00:16:00.006+0000] {logging_mixin.py:188} INFO - [2025-11-19T00:16:00.006+0000] {dagbag.py:545} INFO - Filling up the DagBag from /opt/airflow/dags/pipeline_label_studio.py
[2025-11-19T00:16:00.010+0000] {processor.py:840} INFO - DAG(s) 'etl_label_studio' retrieved from /opt/airflow/dags/pipeline_label_studio.py
[2025-11-19T00:16:00.022+0000] {logging_mixin.py:188} INFO - [2025-11-19T00:16:00.022+0000] {dag.py:3089} INFO - Sync 1 DAGs
[2025-11-19T00:16:00.030+0000] {logging_mixin.py:188} INFO - [2025-11-19T00:16:00.030+0000] {dag.py:3947} INFO - Setting next_dagrun for etl_label_studio to 2025-11-18 03:00:00+00:00, run_after=2025-11-19 03:00:00+00:00
[2025-11-19T00:16:00.036+0000] {processor.py:183} INFO - Processing /opt/airflow/dags/pipeline_label_studio.py took 0.034 seconds
[2025-11-19T00:16:30.364+0000] {processor.py:161} INFO - Started process (PID=11277) to work on /opt/airflow/dags/pipeline_label_studio.py
[2025-11-19T00:16:30.364+0000] {processor.py:830} INFO - Processing file /opt/airflow/dags/pipeline_label_studio.py for tasks to queue
[2025-11-19T00:16:30.365+0000] {logging_mixin.py:188} INFO - [2025-11-19T00:16:30.365+0000] {dagbag.py:545} INFO - Filling up the DagBag from /opt/airflow/dags/pipeline_label_studio.py
[2025-11-19T00:16:30.371+0000] {processor.py:840} INFO - DAG(s) 'etl_label_studio' retrieved from /opt/airflow/dags/pipeline_label_studio.py
[2025-11-19T00:16:30.383+0000] {logging_mixin.py:188} INFO - [2025-11-19T00:16:30.383+0000] {dag.py:3089} INFO - Sync 1 DAGs
[2025-11-19T00:16:30.394+0000] {logging_mixin.py:188} INFO - [2025-11-19T00:16:30.394+0000] {dag.py:3947} INFO - Setting next_dagrun for etl_label_studio to 2025-11-18 03:00:00+00:00, run_after=2025-11-19 03:00:00+00:00
[2025-11-19T00:16:30.401+0000] {processor.py:183} INFO - Processing /opt/airflow/dags/pipeline_label_studio.py took 0.039 seconds
[2025-11-19T00:17:00.694+0000] {processor.py:161} INFO - Started process (PID=11292) to work on /opt/airflow/dags/pipeline_label_studio.py
[2025-11-19T00:17:00.694+0000] {processor.py:830} INFO - Processing file /opt/airflow/dags/pipeline_label_studio.py for tasks to queue
[2025-11-19T00:17:00.695+0000] {logging_mixin.py:188} INFO - [2025-11-19T00:17:00.695+0000] {dagbag.py:545} INFO - Filling up the DagBag from /opt/airflow/dags/pipeline_label_studio.py
[2025-11-19T00:17:00.699+0000] {processor.py:840} INFO - DAG(s) 'etl_label_studio' retrieved from /opt/airflow/dags/pipeline_label_studio.py
[2025-11-19T00:17:00.710+0000] {logging_mixin.py:188} INFO - [2025-11-19T00:17:00.710+0000] {dag.py:3089} INFO - Sync 1 DAGs
[2025-11-19T00:17:00.718+0000] {logging_mixin.py:188} INFO - [2025-11-19T00:17:00.718+0000] {dag.py:3947} INFO - Setting next_dagrun for etl_label_studio to 2025-11-18 03:00:00+00:00, run_after=2025-11-19 03:00:00+00:00
[2025-11-19T00:17:00.724+0000] {processor.py:183} INFO - Processing /opt/airflow/dags/pipeline_label_studio.py took 0.032 seconds
[2025-11-19T00:17:31.014+0000] {processor.py:161} INFO - Started process (PID=11307) to work on /opt/airflow/dags/pipeline_label_studio.py
[2025-11-19T00:17:31.015+0000] {processor.py:830} INFO - Processing file /opt/airflow/dags/pipeline_label_studio.py for tasks to queue
[2025-11-19T00:17:31.015+0000] {logging_mixin.py:188} INFO - [2025-11-19T00:17:31.015+0000] {dagbag.py:545} INFO - Filling up the DagBag from /opt/airflow/dags/pipeline_label_studio.py
[2025-11-19T00:17:31.020+0000] {processor.py:840} INFO - DAG(s) 'etl_label_studio' retrieved from /opt/airflow/dags/pipeline_label_studio.py
[2025-11-19T00:17:31.031+0000] {logging_mixin.py:188} INFO - [2025-11-19T00:17:31.031+0000] {dag.py:3089} INFO - Sync 1 DAGs
[2025-11-19T00:17:31.039+0000] {logging_mixin.py:188} INFO - [2025-11-19T00:17:31.039+0000] {dag.py:3947} INFO - Setting next_dagrun for etl_label_studio to 2025-11-18 03:00:00+00:00, run_after=2025-11-19 03:00:00+00:00
[2025-11-19T00:17:31.045+0000] {processor.py:183} INFO - Processing /opt/airflow/dags/pipeline_label_studio.py took 0.033 seconds
[2025-11-19T00:18:01.354+0000] {processor.py:161} INFO - Started process (PID=11322) to work on /opt/airflow/dags/pipeline_label_studio.py
[2025-11-19T00:18:01.354+0000] {processor.py:830} INFO - Processing file /opt/airflow/dags/pipeline_label_studio.py for tasks to queue
[2025-11-19T00:18:01.355+0000] {logging_mixin.py:188} INFO - [2025-11-19T00:18:01.355+0000] {dagbag.py:545} INFO - Filling up the DagBag from /opt/airflow/dags/pipeline_label_studio.py
[2025-11-19T00:18:01.363+0000] {processor.py:840} INFO - DAG(s) 'etl_label_studio' retrieved from /opt/airflow/dags/pipeline_label_studio.py
[2025-11-19T00:18:01.385+0000] {logging_mixin.py:188} INFO - [2025-11-19T00:18:01.385+0000] {dag.py:3089} INFO - Sync 1 DAGs
[2025-11-19T00:18:01.402+0000] {logging_mixin.py:188} INFO - [2025-11-19T00:18:01.402+0000] {dag.py:3947} INFO - Setting next_dagrun for etl_label_studio to 2025-11-18 03:00:00+00:00, run_after=2025-11-19 03:00:00+00:00
[2025-11-19T00:18:01.412+0000] {processor.py:183} INFO - Processing /opt/airflow/dags/pipeline_label_studio.py took 0.061 seconds
[2025-11-19T00:18:31.638+0000] {processor.py:161} INFO - Started process (PID=11337) to work on /opt/airflow/dags/pipeline_label_studio.py
[2025-11-19T00:18:31.638+0000] {processor.py:830} INFO - Processing file /opt/airflow/dags/pipeline_label_studio.py for tasks to queue
[2025-11-19T00:18:31.638+0000] {logging_mixin.py:188} INFO - [2025-11-19T00:18:31.638+0000] {dagbag.py:545} INFO - Filling up the DagBag from /opt/airflow/dags/pipeline_label_studio.py
[2025-11-19T00:18:31.643+0000] {processor.py:840} INFO - DAG(s) 'etl_label_studio' retrieved from /opt/airflow/dags/pipeline_label_studio.py
[2025-11-19T00:18:31.654+0000] {logging_mixin.py:188} INFO - [2025-11-19T00:18:31.654+0000] {dag.py:3089} INFO - Sync 1 DAGs
[2025-11-19T00:18:31.662+0000] {logging_mixin.py:188} INFO - [2025-11-19T00:18:31.662+0000] {dag.py:3947} INFO - Setting next_dagrun for etl_label_studio to 2025-11-18 03:00:00+00:00, run_after=2025-11-19 03:00:00+00:00
[2025-11-19T00:18:31.668+0000] {processor.py:183} INFO - Processing /opt/airflow/dags/pipeline_label_studio.py took 0.033 seconds
[2025-11-19T00:19:01.936+0000] {processor.py:161} INFO - Started process (PID=11352) to work on /opt/airflow/dags/pipeline_label_studio.py
[2025-11-19T00:19:01.936+0000] {processor.py:830} INFO - Processing file /opt/airflow/dags/pipeline_label_studio.py for tasks to queue
[2025-11-19T00:19:01.937+0000] {logging_mixin.py:188} INFO - [2025-11-19T00:19:01.937+0000] {dagbag.py:545} INFO - Filling up the DagBag from /opt/airflow/dags/pipeline_label_studio.py
[2025-11-19T00:19:01.941+0000] {processor.py:840} INFO - DAG(s) 'etl_label_studio' retrieved from /opt/airflow/dags/pipeline_label_studio.py
[2025-11-19T00:19:01.952+0000] {logging_mixin.py:188} INFO - [2025-11-19T00:19:01.952+0000] {dag.py:3089} INFO - Sync 1 DAGs
[2025-11-19T00:19:01.959+0000] {logging_mixin.py:188} INFO - [2025-11-19T00:19:01.959+0000] {dag.py:3947} INFO - Setting next_dagrun for etl_label_studio to 2025-11-18 03:00:00+00:00, run_after=2025-11-19 03:00:00+00:00
[2025-11-19T00:19:01.965+0000] {processor.py:183} INFO - Processing /opt/airflow/dags/pipeline_label_studio.py took 0.031 seconds
[2025-11-19T00:19:32.251+0000] {processor.py:161} INFO - Started process (PID=11367) to work on /opt/airflow/dags/pipeline_label_studio.py
[2025-11-19T00:19:32.251+0000] {processor.py:830} INFO - Processing file /opt/airflow/dags/pipeline_label_studio.py for tasks to queue
[2025-11-19T00:19:32.252+0000] {logging_mixin.py:188} INFO - [2025-11-19T00:19:32.252+0000] {dagbag.py:545} INFO - Filling up the DagBag from /opt/airflow/dags/pipeline_label_studio.py
[2025-11-19T00:19:32.256+0000] {processor.py:840} INFO - DAG(s) 'etl_label_studio' retrieved from /opt/airflow/dags/pipeline_label_studio.py
[2025-11-19T00:19:32.267+0000] {logging_mixin.py:188} INFO - [2025-11-19T00:19:32.267+0000] {dag.py:3089} INFO - Sync 1 DAGs
[2025-11-19T00:19:32.274+0000] {logging_mixin.py:188} INFO - [2025-11-19T00:19:32.274+0000] {dag.py:3947} INFO - Setting next_dagrun for etl_label_studio to 2025-11-18 03:00:00+00:00, run_after=2025-11-19 03:00:00+00:00
[2025-11-19T00:19:32.281+0000] {processor.py:183} INFO - Processing /opt/airflow/dags/pipeline_label_studio.py took 0.032 seconds
[2025-11-19T00:20:02.598+0000] {processor.py:161} INFO - Started process (PID=11382) to work on /opt/airflow/dags/pipeline_label_studio.py
[2025-11-19T00:20:02.598+0000] {processor.py:830} INFO - Processing file /opt/airflow/dags/pipeline_label_studio.py for tasks to queue
[2025-11-19T00:20:02.599+0000] {logging_mixin.py:188} INFO - [2025-11-19T00:20:02.598+0000] {dagbag.py:545} INFO - Filling up the DagBag from /opt/airflow/dags/pipeline_label_studio.py
[2025-11-19T00:20:02.603+0000] {processor.py:840} INFO - DAG(s) 'etl_label_studio' retrieved from /opt/airflow/dags/pipeline_label_studio.py
[2025-11-19T00:20:02.614+0000] {logging_mixin.py:188} INFO - [2025-11-19T00:20:02.614+0000] {dag.py:3089} INFO - Sync 1 DAGs
[2025-11-19T00:20:02.623+0000] {logging_mixin.py:188} INFO - [2025-11-19T00:20:02.623+0000] {dag.py:3947} INFO - Setting next_dagrun for etl_label_studio to 2025-11-18 03:00:00+00:00, run_after=2025-11-19 03:00:00+00:00
[2025-11-19T00:20:02.630+0000] {processor.py:183} INFO - Processing /opt/airflow/dags/pipeline_label_studio.py took 0.034 seconds
[2025-11-19T00:20:32.914+0000] {processor.py:161} INFO - Started process (PID=11397) to work on /opt/airflow/dags/pipeline_label_studio.py
[2025-11-19T00:20:32.914+0000] {processor.py:830} INFO - Processing file /opt/airflow/dags/pipeline_label_studio.py for tasks to queue
[2025-11-19T00:20:32.915+0000] {logging_mixin.py:188} INFO - [2025-11-19T00:20:32.915+0000] {dagbag.py:545} INFO - Filling up the DagBag from /opt/airflow/dags/pipeline_label_studio.py
[2025-11-19T00:20:32.920+0000] {processor.py:840} INFO - DAG(s) 'etl_label_studio' retrieved from /opt/airflow/dags/pipeline_label_studio.py
[2025-11-19T00:20:32.931+0000] {logging_mixin.py:188} INFO - [2025-11-19T00:20:32.930+0000] {dag.py:3089} INFO - Sync 1 DAGs
[2025-11-19T00:20:32.939+0000] {logging_mixin.py:188} INFO - [2025-11-19T00:20:32.939+0000] {dag.py:3947} INFO - Setting next_dagrun for etl_label_studio to 2025-11-18 03:00:00+00:00, run_after=2025-11-19 03:00:00+00:00
[2025-11-19T00:20:32.945+0000] {processor.py:183} INFO - Processing /opt/airflow/dags/pipeline_label_studio.py took 0.033 seconds
[2025-11-19T00:21:03.252+0000] {processor.py:161} INFO - Started process (PID=11412) to work on /opt/airflow/dags/pipeline_label_studio.py
[2025-11-19T00:21:03.252+0000] {processor.py:830} INFO - Processing file /opt/airflow/dags/pipeline_label_studio.py for tasks to queue
[2025-11-19T00:21:03.253+0000] {logging_mixin.py:188} INFO - [2025-11-19T00:21:03.253+0000] {dagbag.py:545} INFO - Filling up the DagBag from /opt/airflow/dags/pipeline_label_studio.py
[2025-11-19T00:21:03.258+0000] {processor.py:840} INFO - DAG(s) 'etl_label_studio' retrieved from /opt/airflow/dags/pipeline_label_studio.py
[2025-11-19T00:21:03.270+0000] {logging_mixin.py:188} INFO - [2025-11-19T00:21:03.270+0000] {dag.py:3089} INFO - Sync 1 DAGs
[2025-11-19T00:21:03.278+0000] {logging_mixin.py:188} INFO - [2025-11-19T00:21:03.278+0000] {dag.py:3947} INFO - Setting next_dagrun for etl_label_studio to 2025-11-18 03:00:00+00:00, run_after=2025-11-19 03:00:00+00:00
[2025-11-19T00:21:03.285+0000] {processor.py:183} INFO - Processing /opt/airflow/dags/pipeline_label_studio.py took 0.035 seconds
[2025-11-19T00:21:33.553+0000] {processor.py:161} INFO - Started process (PID=11427) to work on /opt/airflow/dags/pipeline_label_studio.py
[2025-11-19T00:21:33.553+0000] {processor.py:830} INFO - Processing file /opt/airflow/dags/pipeline_label_studio.py for tasks to queue
[2025-11-19T00:21:33.554+0000] {logging_mixin.py:188} INFO - [2025-11-19T00:21:33.554+0000] {dagbag.py:545} INFO - Filling up the DagBag from /opt/airflow/dags/pipeline_label_studio.py
[2025-11-19T00:21:33.559+0000] {processor.py:840} INFO - DAG(s) 'etl_label_studio' retrieved from /opt/airflow/dags/pipeline_label_studio.py
[2025-11-19T00:21:33.569+0000] {logging_mixin.py:188} INFO - [2025-11-19T00:21:33.569+0000] {dag.py:3089} INFO - Sync 1 DAGs
[2025-11-19T00:21:33.577+0000] {logging_mixin.py:188} INFO - [2025-11-19T00:21:33.577+0000] {dag.py:3947} INFO - Setting next_dagrun for etl_label_studio to 2025-11-18 03:00:00+00:00, run_after=2025-11-19 03:00:00+00:00
[2025-11-19T00:21:33.583+0000] {processor.py:183} INFO - Processing /opt/airflow/dags/pipeline_label_studio.py took 0.033 seconds
[2025-11-19T00:22:03.918+0000] {processor.py:161} INFO - Started process (PID=11442) to work on /opt/airflow/dags/pipeline_label_studio.py
[2025-11-19T00:22:03.918+0000] {processor.py:830} INFO - Processing file /opt/airflow/dags/pipeline_label_studio.py for tasks to queue
[2025-11-19T00:22:03.919+0000] {logging_mixin.py:188} INFO - [2025-11-19T00:22:03.919+0000] {dagbag.py:545} INFO - Filling up the DagBag from /opt/airflow/dags/pipeline_label_studio.py
[2025-11-19T00:22:03.926+0000] {processor.py:840} INFO - DAG(s) 'etl_label_studio' retrieved from /opt/airflow/dags/pipeline_label_studio.py
[2025-11-19T00:22:03.937+0000] {logging_mixin.py:188} INFO - [2025-11-19T00:22:03.937+0000] {dag.py:3089} INFO - Sync 1 DAGs
[2025-11-19T00:22:03.945+0000] {logging_mixin.py:188} INFO - [2025-11-19T00:22:03.945+0000] {dag.py:3947} INFO - Setting next_dagrun for etl_label_studio to 2025-11-18 03:00:00+00:00, run_after=2025-11-19 03:00:00+00:00
[2025-11-19T00:22:03.951+0000] {processor.py:183} INFO - Processing /opt/airflow/dags/pipeline_label_studio.py took 0.035 seconds
[2025-11-19T00:22:34.279+0000] {processor.py:161} INFO - Started process (PID=11457) to work on /opt/airflow/dags/pipeline_label_studio.py
[2025-11-19T00:22:34.279+0000] {processor.py:830} INFO - Processing file /opt/airflow/dags/pipeline_label_studio.py for tasks to queue
[2025-11-19T00:22:34.280+0000] {logging_mixin.py:188} INFO - [2025-11-19T00:22:34.280+0000] {dagbag.py:545} INFO - Filling up the DagBag from /opt/airflow/dags/pipeline_label_studio.py
[2025-11-19T00:22:34.285+0000] {processor.py:840} INFO - DAG(s) 'etl_label_studio' retrieved from /opt/airflow/dags/pipeline_label_studio.py
[2025-11-19T00:22:34.298+0000] {logging_mixin.py:188} INFO - [2025-11-19T00:22:34.298+0000] {dag.py:3089} INFO - Sync 1 DAGs
[2025-11-19T00:22:34.307+0000] {logging_mixin.py:188} INFO - [2025-11-19T00:22:34.307+0000] {dag.py:3947} INFO - Setting next_dagrun for etl_label_studio to 2025-11-18 03:00:00+00:00, run_after=2025-11-19 03:00:00+00:00
[2025-11-19T00:22:34.318+0000] {processor.py:183} INFO - Processing /opt/airflow/dags/pipeline_label_studio.py took 0.042 seconds
[2025-11-19T00:23:04.611+0000] {processor.py:161} INFO - Started process (PID=11472) to work on /opt/airflow/dags/pipeline_label_studio.py
[2025-11-19T00:23:04.611+0000] {processor.py:830} INFO - Processing file /opt/airflow/dags/pipeline_label_studio.py for tasks to queue
[2025-11-19T00:23:04.612+0000] {logging_mixin.py:188} INFO - [2025-11-19T00:23:04.612+0000] {dagbag.py:545} INFO - Filling up the DagBag from /opt/airflow/dags/pipeline_label_studio.py
[2025-11-19T00:23:04.616+0000] {processor.py:840} INFO - DAG(s) 'etl_label_studio' retrieved from /opt/airflow/dags/pipeline_label_studio.py
[2025-11-19T00:23:04.628+0000] {logging_mixin.py:188} INFO - [2025-11-19T00:23:04.628+0000] {dag.py:3089} INFO - Sync 1 DAGs
[2025-11-19T00:23:04.637+0000] {logging_mixin.py:188} INFO - [2025-11-19T00:23:04.637+0000] {dag.py:3947} INFO - Setting next_dagrun for etl_label_studio to 2025-11-18 03:00:00+00:00, run_after=2025-11-19 03:00:00+00:00
[2025-11-19T00:23:04.643+0000] {processor.py:183} INFO - Processing /opt/airflow/dags/pipeline_label_studio.py took 0.034 seconds
[2025-11-19T00:23:34.916+0000] {processor.py:161} INFO - Started process (PID=11487) to work on /opt/airflow/dags/pipeline_label_studio.py
[2025-11-19T00:23:34.917+0000] {processor.py:830} INFO - Processing file /opt/airflow/dags/pipeline_label_studio.py for tasks to queue
[2025-11-19T00:23:34.917+0000] {logging_mixin.py:188} INFO - [2025-11-19T00:23:34.917+0000] {dagbag.py:545} INFO - Filling up the DagBag from /opt/airflow/dags/pipeline_label_studio.py
[2025-11-19T00:23:34.922+0000] {processor.py:840} INFO - DAG(s) 'etl_label_studio' retrieved from /opt/airflow/dags/pipeline_label_studio.py
[2025-11-19T00:23:34.933+0000] {logging_mixin.py:188} INFO - [2025-11-19T00:23:34.933+0000] {dag.py:3089} INFO - Sync 1 DAGs
[2025-11-19T00:23:34.941+0000] {logging_mixin.py:188} INFO - [2025-11-19T00:23:34.941+0000] {dag.py:3947} INFO - Setting next_dagrun for etl_label_studio to 2025-11-18 03:00:00+00:00, run_after=2025-11-19 03:00:00+00:00
[2025-11-19T00:23:34.947+0000] {processor.py:183} INFO - Processing /opt/airflow/dags/pipeline_label_studio.py took 0.033 seconds
[2025-11-19T00:24:05.270+0000] {processor.py:161} INFO - Started process (PID=11502) to work on /opt/airflow/dags/pipeline_label_studio.py
[2025-11-19T00:24:05.270+0000] {processor.py:830} INFO - Processing file /opt/airflow/dags/pipeline_label_studio.py for tasks to queue
[2025-11-19T00:24:05.271+0000] {logging_mixin.py:188} INFO - [2025-11-19T00:24:05.271+0000] {dagbag.py:545} INFO - Filling up the DagBag from /opt/airflow/dags/pipeline_label_studio.py
[2025-11-19T00:24:05.276+0000] {processor.py:840} INFO - DAG(s) 'etl_label_studio' retrieved from /opt/airflow/dags/pipeline_label_studio.py
[2025-11-19T00:24:05.288+0000] {logging_mixin.py:188} INFO - [2025-11-19T00:24:05.288+0000] {dag.py:3089} INFO - Sync 1 DAGs
[2025-11-19T00:24:05.296+0000] {logging_mixin.py:188} INFO - [2025-11-19T00:24:05.296+0000] {dag.py:3947} INFO - Setting next_dagrun for etl_label_studio to 2025-11-18 03:00:00+00:00, run_after=2025-11-19 03:00:00+00:00
[2025-11-19T00:24:05.301+0000] {processor.py:183} INFO - Processing /opt/airflow/dags/pipeline_label_studio.py took 0.034 seconds
[2025-11-19T00:24:35.563+0000] {processor.py:161} INFO - Started process (PID=11517) to work on /opt/airflow/dags/pipeline_label_studio.py
[2025-11-19T00:24:35.563+0000] {processor.py:830} INFO - Processing file /opt/airflow/dags/pipeline_label_studio.py for tasks to queue
[2025-11-19T00:24:35.564+0000] {logging_mixin.py:188} INFO - [2025-11-19T00:24:35.563+0000] {dagbag.py:545} INFO - Filling up the DagBag from /opt/airflow/dags/pipeline_label_studio.py
[2025-11-19T00:24:35.568+0000] {processor.py:840} INFO - DAG(s) 'etl_label_studio' retrieved from /opt/airflow/dags/pipeline_label_studio.py
[2025-11-19T00:24:35.579+0000] {logging_mixin.py:188} INFO - [2025-11-19T00:24:35.579+0000] {dag.py:3089} INFO - Sync 1 DAGs
[2025-11-19T00:24:35.587+0000] {logging_mixin.py:188} INFO - [2025-11-19T00:24:35.587+0000] {dag.py:3947} INFO - Setting next_dagrun for etl_label_studio to 2025-11-18 03:00:00+00:00, run_after=2025-11-19 03:00:00+00:00
[2025-11-19T00:24:35.592+0000] {processor.py:183} INFO - Processing /opt/airflow/dags/pipeline_label_studio.py took 0.032 seconds
[2025-11-19T00:25:05.941+0000] {processor.py:161} INFO - Started process (PID=11532) to work on /opt/airflow/dags/pipeline_label_studio.py
[2025-11-19T00:25:05.942+0000] {processor.py:830} INFO - Processing file /opt/airflow/dags/pipeline_label_studio.py for tasks to queue
[2025-11-19T00:25:05.942+0000] {logging_mixin.py:188} INFO - [2025-11-19T00:25:05.942+0000] {dagbag.py:545} INFO - Filling up the DagBag from /opt/airflow/dags/pipeline_label_studio.py
[2025-11-19T00:25:05.947+0000] {processor.py:840} INFO - DAG(s) 'etl_label_studio' retrieved from /opt/airflow/dags/pipeline_label_studio.py
[2025-11-19T00:25:05.957+0000] {logging_mixin.py:188} INFO - [2025-11-19T00:25:05.957+0000] {dag.py:3089} INFO - Sync 1 DAGs
[2025-11-19T00:25:05.965+0000] {logging_mixin.py:188} INFO - [2025-11-19T00:25:05.965+0000] {dag.py:3947} INFO - Setting next_dagrun for etl_label_studio to 2025-11-18 03:00:00+00:00, run_after=2025-11-19 03:00:00+00:00
[2025-11-19T00:25:05.971+0000] {processor.py:183} INFO - Processing /opt/airflow/dags/pipeline_label_studio.py took 0.032 seconds
[2025-11-19T00:25:36.310+0000] {processor.py:161} INFO - Started process (PID=11547) to work on /opt/airflow/dags/pipeline_label_studio.py
[2025-11-19T00:25:36.310+0000] {processor.py:830} INFO - Processing file /opt/airflow/dags/pipeline_label_studio.py for tasks to queue
[2025-11-19T00:25:36.311+0000] {logging_mixin.py:188} INFO - [2025-11-19T00:25:36.310+0000] {dagbag.py:545} INFO - Filling up the DagBag from /opt/airflow/dags/pipeline_label_studio.py
[2025-11-19T00:25:36.315+0000] {processor.py:840} INFO - DAG(s) 'etl_label_studio' retrieved from /opt/airflow/dags/pipeline_label_studio.py
[2025-11-19T00:25:36.326+0000] {logging_mixin.py:188} INFO - [2025-11-19T00:25:36.326+0000] {dag.py:3089} INFO - Sync 1 DAGs
[2025-11-19T00:25:36.334+0000] {logging_mixin.py:188} INFO - [2025-11-19T00:25:36.334+0000] {dag.py:3947} INFO - Setting next_dagrun for etl_label_studio to 2025-11-18 03:00:00+00:00, run_after=2025-11-19 03:00:00+00:00
[2025-11-19T00:25:36.340+0000] {processor.py:183} INFO - Processing /opt/airflow/dags/pipeline_label_studio.py took 0.032 seconds
[2025-11-19T00:26:06.630+0000] {processor.py:161} INFO - Started process (PID=11562) to work on /opt/airflow/dags/pipeline_label_studio.py
[2025-11-19T00:26:06.630+0000] {processor.py:830} INFO - Processing file /opt/airflow/dags/pipeline_label_studio.py for tasks to queue
[2025-11-19T00:26:06.630+0000] {logging_mixin.py:188} INFO - [2025-11-19T00:26:06.630+0000] {dagbag.py:545} INFO - Filling up the DagBag from /opt/airflow/dags/pipeline_label_studio.py
[2025-11-19T00:26:06.636+0000] {processor.py:840} INFO - DAG(s) 'etl_label_studio' retrieved from /opt/airflow/dags/pipeline_label_studio.py
[2025-11-19T00:26:06.648+0000] {logging_mixin.py:188} INFO - [2025-11-19T00:26:06.648+0000] {dag.py:3089} INFO - Sync 1 DAGs
[2025-11-19T00:26:06.657+0000] {logging_mixin.py:188} INFO - [2025-11-19T00:26:06.657+0000] {dag.py:3947} INFO - Setting next_dagrun for etl_label_studio to 2025-11-18 03:00:00+00:00, run_after=2025-11-19 03:00:00+00:00
[2025-11-19T00:26:06.663+0000] {processor.py:183} INFO - Processing /opt/airflow/dags/pipeline_label_studio.py took 0.035 seconds
[2025-11-19T00:26:36.990+0000] {processor.py:161} INFO - Started process (PID=11577) to work on /opt/airflow/dags/pipeline_label_studio.py
[2025-11-19T00:26:36.991+0000] {processor.py:830} INFO - Processing file /opt/airflow/dags/pipeline_label_studio.py for tasks to queue
[2025-11-19T00:26:36.991+0000] {logging_mixin.py:188} INFO - [2025-11-19T00:26:36.991+0000] {dagbag.py:545} INFO - Filling up the DagBag from /opt/airflow/dags/pipeline_label_studio.py
[2025-11-19T00:26:36.996+0000] {processor.py:840} INFO - DAG(s) 'etl_label_studio' retrieved from /opt/airflow/dags/pipeline_label_studio.py
[2025-11-19T00:26:37.007+0000] {logging_mixin.py:188} INFO - [2025-11-19T00:26:37.007+0000] {dag.py:3089} INFO - Sync 1 DAGs
[2025-11-19T00:26:37.016+0000] {logging_mixin.py:188} INFO - [2025-11-19T00:26:37.015+0000] {dag.py:3947} INFO - Setting next_dagrun for etl_label_studio to 2025-11-18 03:00:00+00:00, run_after=2025-11-19 03:00:00+00:00
[2025-11-19T00:26:37.022+0000] {processor.py:183} INFO - Processing /opt/airflow/dags/pipeline_label_studio.py took 0.035 seconds
[2025-11-19T00:27:07.423+0000] {processor.py:161} INFO - Started process (PID=11592) to work on /opt/airflow/dags/pipeline_label_studio.py
[2025-11-19T00:27:07.423+0000] {processor.py:830} INFO - Processing file /opt/airflow/dags/pipeline_label_studio.py for tasks to queue
[2025-11-19T00:27:07.424+0000] {logging_mixin.py:188} INFO - [2025-11-19T00:27:07.424+0000] {dagbag.py:545} INFO - Filling up the DagBag from /opt/airflow/dags/pipeline_label_studio.py
[2025-11-19T00:27:07.428+0000] {processor.py:840} INFO - DAG(s) 'etl_label_studio' retrieved from /opt/airflow/dags/pipeline_label_studio.py
[2025-11-19T00:27:07.438+0000] {logging_mixin.py:188} INFO - [2025-11-19T00:27:07.438+0000] {dag.py:3089} INFO - Sync 1 DAGs
[2025-11-19T00:27:07.446+0000] {logging_mixin.py:188} INFO - [2025-11-19T00:27:07.446+0000] {dag.py:3947} INFO - Setting next_dagrun for etl_label_studio to 2025-11-18 03:00:00+00:00, run_after=2025-11-19 03:00:00+00:00
[2025-11-19T00:27:07.452+0000] {processor.py:183} INFO - Processing /opt/airflow/dags/pipeline_label_studio.py took 0.031 seconds
[2025-11-19T00:27:37.764+0000] {processor.py:161} INFO - Started process (PID=11607) to work on /opt/airflow/dags/pipeline_label_studio.py
[2025-11-19T00:27:37.764+0000] {processor.py:830} INFO - Processing file /opt/airflow/dags/pipeline_label_studio.py for tasks to queue
[2025-11-19T00:27:37.765+0000] {logging_mixin.py:188} INFO - [2025-11-19T00:27:37.765+0000] {dagbag.py:545} INFO - Filling up the DagBag from /opt/airflow/dags/pipeline_label_studio.py
[2025-11-19T00:27:37.770+0000] {processor.py:840} INFO - DAG(s) 'etl_label_studio' retrieved from /opt/airflow/dags/pipeline_label_studio.py
[2025-11-19T00:27:37.780+0000] {logging_mixin.py:188} INFO - [2025-11-19T00:27:37.780+0000] {dag.py:3089} INFO - Sync 1 DAGs
[2025-11-19T00:27:37.789+0000] {logging_mixin.py:188} INFO - [2025-11-19T00:27:37.788+0000] {dag.py:3947} INFO - Setting next_dagrun for etl_label_studio to 2025-11-18 03:00:00+00:00, run_after=2025-11-19 03:00:00+00:00
[2025-11-19T00:27:37.794+0000] {processor.py:183} INFO - Processing /opt/airflow/dags/pipeline_label_studio.py took 0.032 seconds
[2025-11-19T00:28:08.098+0000] {processor.py:161} INFO - Started process (PID=11622) to work on /opt/airflow/dags/pipeline_label_studio.py
[2025-11-19T00:28:08.098+0000] {processor.py:830} INFO - Processing file /opt/airflow/dags/pipeline_label_studio.py for tasks to queue
[2025-11-19T00:28:08.099+0000] {logging_mixin.py:188} INFO - [2025-11-19T00:28:08.099+0000] {dagbag.py:545} INFO - Filling up the DagBag from /opt/airflow/dags/pipeline_label_studio.py
[2025-11-19T00:28:08.104+0000] {processor.py:840} INFO - DAG(s) 'etl_label_studio' retrieved from /opt/airflow/dags/pipeline_label_studio.py
[2025-11-19T00:28:08.114+0000] {logging_mixin.py:188} INFO - [2025-11-19T00:28:08.114+0000] {dag.py:3089} INFO - Sync 1 DAGs
[2025-11-19T00:28:08.123+0000] {logging_mixin.py:188} INFO - [2025-11-19T00:28:08.123+0000] {dag.py:3947} INFO - Setting next_dagrun for etl_label_studio to 2025-11-18 03:00:00+00:00, run_after=2025-11-19 03:00:00+00:00
[2025-11-19T00:28:08.128+0000] {processor.py:183} INFO - Processing /opt/airflow/dags/pipeline_label_studio.py took 0.033 seconds
[2025-11-19T00:28:38.575+0000] {processor.py:161} INFO - Started process (PID=11637) to work on /opt/airflow/dags/pipeline_label_studio.py
[2025-11-19T00:28:38.576+0000] {processor.py:830} INFO - Processing file /opt/airflow/dags/pipeline_label_studio.py for tasks to queue
[2025-11-19T00:28:38.577+0000] {logging_mixin.py:188} INFO - [2025-11-19T00:28:38.576+0000] {dagbag.py:545} INFO - Filling up the DagBag from /opt/airflow/dags/pipeline_label_studio.py
[2025-11-19T00:28:38.581+0000] {processor.py:840} INFO - DAG(s) 'etl_label_studio' retrieved from /opt/airflow/dags/pipeline_label_studio.py
[2025-11-19T00:28:38.592+0000] {logging_mixin.py:188} INFO - [2025-11-19T00:28:38.592+0000] {dag.py:3089} INFO - Sync 1 DAGs
[2025-11-19T00:28:38.600+0000] {logging_mixin.py:188} INFO - [2025-11-19T00:28:38.600+0000] {dag.py:3947} INFO - Setting next_dagrun for etl_label_studio to 2025-11-18 03:00:00+00:00, run_after=2025-11-19 03:00:00+00:00
[2025-11-19T00:28:38.607+0000] {processor.py:183} INFO - Processing /opt/airflow/dags/pipeline_label_studio.py took 0.034 seconds
[2025-11-19T00:29:08.878+0000] {processor.py:161} INFO - Started process (PID=11652) to work on /opt/airflow/dags/pipeline_label_studio.py
[2025-11-19T00:29:08.879+0000] {processor.py:830} INFO - Processing file /opt/airflow/dags/pipeline_label_studio.py for tasks to queue
[2025-11-19T00:29:08.879+0000] {logging_mixin.py:188} INFO - [2025-11-19T00:29:08.879+0000] {dagbag.py:545} INFO - Filling up the DagBag from /opt/airflow/dags/pipeline_label_studio.py
[2025-11-19T00:29:08.884+0000] {processor.py:840} INFO - DAG(s) 'etl_label_studio' retrieved from /opt/airflow/dags/pipeline_label_studio.py
[2025-11-19T00:29:08.894+0000] {logging_mixin.py:188} INFO - [2025-11-19T00:29:08.894+0000] {dag.py:3089} INFO - Sync 1 DAGs
[2025-11-19T00:29:08.903+0000] {logging_mixin.py:188} INFO - [2025-11-19T00:29:08.902+0000] {dag.py:3947} INFO - Setting next_dagrun for etl_label_studio to 2025-11-18 03:00:00+00:00, run_after=2025-11-19 03:00:00+00:00
[2025-11-19T00:29:08.908+0000] {processor.py:183} INFO - Processing /opt/airflow/dags/pipeline_label_studio.py took 0.035 seconds
[2025-11-19T00:29:39.183+0000] {processor.py:161} INFO - Started process (PID=11667) to work on /opt/airflow/dags/pipeline_label_studio.py
[2025-11-19T00:29:39.184+0000] {processor.py:830} INFO - Processing file /opt/airflow/dags/pipeline_label_studio.py for tasks to queue
[2025-11-19T00:29:39.185+0000] {logging_mixin.py:188} INFO - [2025-11-19T00:29:39.184+0000] {dagbag.py:545} INFO - Filling up the DagBag from /opt/airflow/dags/pipeline_label_studio.py
[2025-11-19T00:29:39.189+0000] {processor.py:840} INFO - DAG(s) 'etl_label_studio' retrieved from /opt/airflow/dags/pipeline_label_studio.py
[2025-11-19T00:29:39.200+0000] {logging_mixin.py:188} INFO - [2025-11-19T00:29:39.200+0000] {dag.py:3089} INFO - Sync 1 DAGs
[2025-11-19T00:29:39.207+0000] {logging_mixin.py:188} INFO - [2025-11-19T00:29:39.207+0000] {dag.py:3947} INFO - Setting next_dagrun for etl_label_studio to 2025-11-18 03:00:00+00:00, run_after=2025-11-19 03:00:00+00:00
[2025-11-19T00:29:39.213+0000] {processor.py:183} INFO - Processing /opt/airflow/dags/pipeline_label_studio.py took 0.032 seconds
[2025-11-19T00:30:09.558+0000] {processor.py:161} INFO - Started process (PID=11682) to work on /opt/airflow/dags/pipeline_label_studio.py
[2025-11-19T00:30:09.558+0000] {processor.py:830} INFO - Processing file /opt/airflow/dags/pipeline_label_studio.py for tasks to queue
[2025-11-19T00:30:09.559+0000] {logging_mixin.py:188} INFO - [2025-11-19T00:30:09.559+0000] {dagbag.py:545} INFO - Filling up the DagBag from /opt/airflow/dags/pipeline_label_studio.py
[2025-11-19T00:30:09.564+0000] {processor.py:840} INFO - DAG(s) 'etl_label_studio' retrieved from /opt/airflow/dags/pipeline_label_studio.py
[2025-11-19T00:30:09.575+0000] {logging_mixin.py:188} INFO - [2025-11-19T00:30:09.575+0000] {dag.py:3089} INFO - Sync 1 DAGs
[2025-11-19T00:30:09.583+0000] {logging_mixin.py:188} INFO - [2025-11-19T00:30:09.583+0000] {dag.py:3947} INFO - Setting next_dagrun for etl_label_studio to 2025-11-18 03:00:00+00:00, run_after=2025-11-19 03:00:00+00:00
[2025-11-19T00:30:09.589+0000] {processor.py:183} INFO - Processing /opt/airflow/dags/pipeline_label_studio.py took 0.033 seconds
[2025-11-19T00:30:39.870+0000] {processor.py:161} INFO - Started process (PID=11697) to work on /opt/airflow/dags/pipeline_label_studio.py
[2025-11-19T00:30:39.871+0000] {processor.py:830} INFO - Processing file /opt/airflow/dags/pipeline_label_studio.py for tasks to queue
[2025-11-19T00:30:39.871+0000] {logging_mixin.py:188} INFO - [2025-11-19T00:30:39.871+0000] {dagbag.py:545} INFO - Filling up the DagBag from /opt/airflow/dags/pipeline_label_studio.py
[2025-11-19T00:30:39.876+0000] {processor.py:840} INFO - DAG(s) 'etl_label_studio' retrieved from /opt/airflow/dags/pipeline_label_studio.py
[2025-11-19T00:30:39.887+0000] {logging_mixin.py:188} INFO - [2025-11-19T00:30:39.887+0000] {dag.py:3089} INFO - Sync 1 DAGs
[2025-11-19T00:30:39.895+0000] {logging_mixin.py:188} INFO - [2025-11-19T00:30:39.895+0000] {dag.py:3947} INFO - Setting next_dagrun for etl_label_studio to 2025-11-18 03:00:00+00:00, run_after=2025-11-19 03:00:00+00:00
[2025-11-19T00:30:39.902+0000] {processor.py:183} INFO - Processing /opt/airflow/dags/pipeline_label_studio.py took 0.034 seconds
[2025-11-19T00:31:10.320+0000] {processor.py:161} INFO - Started process (PID=11722) to work on /opt/airflow/dags/pipeline_label_studio.py
[2025-11-19T00:31:10.325+0000] {processor.py:830} INFO - Processing file /opt/airflow/dags/pipeline_label_studio.py for tasks to queue
[2025-11-19T00:31:10.326+0000] {logging_mixin.py:188} INFO - [2025-11-19T00:31:10.325+0000] {dagbag.py:545} INFO - Filling up the DagBag from /opt/airflow/dags/pipeline_label_studio.py
[2025-11-19T00:31:10.330+0000] {processor.py:840} INFO - DAG(s) 'etl_label_studio' retrieved from /opt/airflow/dags/pipeline_label_studio.py
[2025-11-19T00:31:10.358+0000] {logging_mixin.py:188} INFO - [2025-11-19T00:31:10.358+0000] {dag.py:3089} INFO - Sync 1 DAGs
[2025-11-19T00:31:10.372+0000] {logging_mixin.py:188} INFO - [2025-11-19T00:31:10.372+0000] {dag.py:3947} INFO - Setting next_dagrun for etl_label_studio to 2025-11-18 03:00:00+00:00, run_after=2025-11-19 03:00:00+00:00
[2025-11-19T00:31:10.382+0000] {processor.py:183} INFO - Processing /opt/airflow/dags/pipeline_label_studio.py took 0.095 seconds
[2025-11-19T00:31:40.635+0000] {processor.py:161} INFO - Started process (PID=11739) to work on /opt/airflow/dags/pipeline_label_studio.py
[2025-11-19T00:31:40.636+0000] {processor.py:830} INFO - Processing file /opt/airflow/dags/pipeline_label_studio.py for tasks to queue
[2025-11-19T00:31:40.636+0000] {logging_mixin.py:188} INFO - [2025-11-19T00:31:40.636+0000] {dagbag.py:545} INFO - Filling up the DagBag from /opt/airflow/dags/pipeline_label_studio.py
[2025-11-19T00:31:40.641+0000] {processor.py:840} INFO - DAG(s) 'etl_label_studio' retrieved from /opt/airflow/dags/pipeline_label_studio.py
[2025-11-19T00:31:40.654+0000] {logging_mixin.py:188} INFO - [2025-11-19T00:31:40.654+0000] {dag.py:3089} INFO - Sync 1 DAGs
[2025-11-19T00:31:40.664+0000] {logging_mixin.py:188} INFO - [2025-11-19T00:31:40.664+0000] {dag.py:3947} INFO - Setting next_dagrun for etl_label_studio to 2025-11-18 03:00:00+00:00, run_after=2025-11-19 03:00:00+00:00
[2025-11-19T00:31:40.671+0000] {processor.py:183} INFO - Processing /opt/airflow/dags/pipeline_label_studio.py took 0.039 seconds
[2025-11-19T00:32:11.037+0000] {processor.py:161} INFO - Started process (PID=11754) to work on /opt/airflow/dags/pipeline_label_studio.py
[2025-11-19T00:32:11.037+0000] {processor.py:830} INFO - Processing file /opt/airflow/dags/pipeline_label_studio.py for tasks to queue
[2025-11-19T00:32:11.037+0000] {logging_mixin.py:188} INFO - [2025-11-19T00:32:11.037+0000] {dagbag.py:545} INFO - Filling up the DagBag from /opt/airflow/dags/pipeline_label_studio.py
[2025-11-19T00:32:11.042+0000] {processor.py:840} INFO - DAG(s) 'etl_label_studio' retrieved from /opt/airflow/dags/pipeline_label_studio.py
[2025-11-19T00:32:11.052+0000] {logging_mixin.py:188} INFO - [2025-11-19T00:32:11.052+0000] {dag.py:3089} INFO - Sync 1 DAGs
[2025-11-19T00:32:11.060+0000] {logging_mixin.py:188} INFO - [2025-11-19T00:32:11.059+0000] {dag.py:3947} INFO - Setting next_dagrun for etl_label_studio to 2025-11-18 03:00:00+00:00, run_after=2025-11-19 03:00:00+00:00
[2025-11-19T00:32:11.065+0000] {processor.py:183} INFO - Processing /opt/airflow/dags/pipeline_label_studio.py took 0.030 seconds
[2025-11-19T00:32:41.361+0000] {processor.py:161} INFO - Started process (PID=11769) to work on /opt/airflow/dags/pipeline_label_studio.py
[2025-11-19T00:32:41.362+0000] {processor.py:830} INFO - Processing file /opt/airflow/dags/pipeline_label_studio.py for tasks to queue
[2025-11-19T00:32:41.362+0000] {logging_mixin.py:188} INFO - [2025-11-19T00:32:41.362+0000] {dagbag.py:545} INFO - Filling up the DagBag from /opt/airflow/dags/pipeline_label_studio.py
[2025-11-19T00:32:41.368+0000] {processor.py:840} INFO - DAG(s) 'etl_label_studio' retrieved from /opt/airflow/dags/pipeline_label_studio.py
[2025-11-19T00:32:41.375+0000] {logging_mixin.py:188} INFO - [2025-11-19T00:32:41.375+0000] {dag.py:3089} INFO - Sync 1 DAGs
[2025-11-19T00:32:41.384+0000] {logging_mixin.py:188} INFO - [2025-11-19T00:32:41.384+0000] {dag.py:3947} INFO - Setting next_dagrun for etl_label_studio to 2025-11-18 03:00:00+00:00, run_after=2025-11-19 03:00:00+00:00
[2025-11-19T00:32:41.391+0000] {processor.py:183} INFO - Processing /opt/airflow/dags/pipeline_label_studio.py took 0.032 seconds
[2025-11-19T00:33:11.666+0000] {processor.py:161} INFO - Started process (PID=11796) to work on /opt/airflow/dags/pipeline_label_studio.py
[2025-11-19T00:33:11.666+0000] {processor.py:830} INFO - Processing file /opt/airflow/dags/pipeline_label_studio.py for tasks to queue
[2025-11-19T00:33:11.667+0000] {logging_mixin.py:188} INFO - [2025-11-19T00:33:11.666+0000] {dagbag.py:545} INFO - Filling up the DagBag from /opt/airflow/dags/pipeline_label_studio.py
[2025-11-19T00:33:11.671+0000] {processor.py:840} INFO - DAG(s) 'etl_label_studio' retrieved from /opt/airflow/dags/pipeline_label_studio.py
[2025-11-19T00:33:11.707+0000] {logging_mixin.py:188} INFO - [2025-11-19T00:33:11.707+0000] {dag.py:3089} INFO - Sync 1 DAGs
[2025-11-19T00:33:11.715+0000] {logging_mixin.py:188} INFO - [2025-11-19T00:33:11.715+0000] {dag.py:3947} INFO - Setting next_dagrun for etl_label_studio to 2025-11-18 03:00:00+00:00, run_after=2025-11-19 03:00:00+00:00
[2025-11-19T00:33:11.721+0000] {processor.py:183} INFO - Processing /opt/airflow/dags/pipeline_label_studio.py took 0.058 seconds
[2025-11-19T00:33:41.983+0000] {processor.py:161} INFO - Started process (PID=11811) to work on /opt/airflow/dags/pipeline_label_studio.py
[2025-11-19T00:33:41.984+0000] {processor.py:830} INFO - Processing file /opt/airflow/dags/pipeline_label_studio.py for tasks to queue
[2025-11-19T00:33:41.984+0000] {logging_mixin.py:188} INFO - [2025-11-19T00:33:41.984+0000] {dagbag.py:545} INFO - Filling up the DagBag from /opt/airflow/dags/pipeline_label_studio.py
[2025-11-19T00:33:41.989+0000] {processor.py:840} INFO - DAG(s) 'etl_label_studio' retrieved from /opt/airflow/dags/pipeline_label_studio.py
[2025-11-19T00:33:42.000+0000] {logging_mixin.py:188} INFO - [2025-11-19T00:33:42.000+0000] {dag.py:3089} INFO - Sync 1 DAGs
[2025-11-19T00:33:42.008+0000] {logging_mixin.py:188} INFO - [2025-11-19T00:33:42.008+0000] {dag.py:3947} INFO - Setting next_dagrun for etl_label_studio to 2025-11-18 03:00:00+00:00, run_after=2025-11-19 03:00:00+00:00
[2025-11-19T00:33:42.014+0000] {processor.py:183} INFO - Processing /opt/airflow/dags/pipeline_label_studio.py took 0.034 seconds
[2025-11-19T00:34:12.274+0000] {processor.py:161} INFO - Started process (PID=11826) to work on /opt/airflow/dags/pipeline_label_studio.py
[2025-11-19T00:34:12.274+0000] {processor.py:830} INFO - Processing file /opt/airflow/dags/pipeline_label_studio.py for tasks to queue
[2025-11-19T00:34:12.275+0000] {logging_mixin.py:188} INFO - [2025-11-19T00:34:12.275+0000] {dagbag.py:545} INFO - Filling up the DagBag from /opt/airflow/dags/pipeline_label_studio.py
[2025-11-19T00:34:12.280+0000] {processor.py:840} INFO - DAG(s) 'etl_label_studio' retrieved from /opt/airflow/dags/pipeline_label_studio.py
[2025-11-19T00:34:12.292+0000] {logging_mixin.py:188} INFO - [2025-11-19T00:34:12.292+0000] {dag.py:3089} INFO - Sync 1 DAGs
[2025-11-19T00:34:12.301+0000] {logging_mixin.py:188} INFO - [2025-11-19T00:34:12.301+0000] {dag.py:3947} INFO - Setting next_dagrun for etl_label_studio to 2025-11-18 03:00:00+00:00, run_after=2025-11-19 03:00:00+00:00
[2025-11-19T00:34:12.308+0000] {processor.py:183} INFO - Processing /opt/airflow/dags/pipeline_label_studio.py took 0.036 seconds
[2025-11-19T00:35:00.450+0000] {processor.py:161} INFO - Started process (PID=175) to work on /opt/airflow/dags/pipeline_label_studio.py
[2025-11-19T00:35:00.451+0000] {processor.py:830} INFO - Processing file /opt/airflow/dags/pipeline_label_studio.py for tasks to queue
[2025-11-19T00:35:00.452+0000] {logging_mixin.py:188} INFO - [2025-11-19T00:35:00.452+0000] {dagbag.py:545} INFO - Filling up the DagBag from /opt/airflow/dags/pipeline_label_studio.py
[2025-11-19T00:35:00.460+0000] {processor.py:840} INFO - DAG(s) 'etl_label_studio' retrieved from /opt/airflow/dags/pipeline_label_studio.py
[2025-11-19T00:35:00.466+0000] {logging_mixin.py:188} INFO - [2025-11-19T00:35:00.466+0000] {dag.py:3089} INFO - Sync 1 DAGs
[2025-11-19T00:35:00.475+0000] {logging_mixin.py:188} INFO - [2025-11-19T00:35:00.475+0000] {dag.py:3947} INFO - Setting next_dagrun for etl_label_studio to 2025-11-18 03:00:00+00:00, run_after=2025-11-19 03:00:00+00:00
[2025-11-19T00:35:00.482+0000] {processor.py:183} INFO - Processing /opt/airflow/dags/pipeline_label_studio.py took 0.046 seconds
[2025-11-19T00:35:31.012+0000] {processor.py:161} INFO - Started process (PID=202) to work on /opt/airflow/dags/pipeline_label_studio.py
[2025-11-19T00:35:31.012+0000] {processor.py:830} INFO - Processing file /opt/airflow/dags/pipeline_label_studio.py for tasks to queue
[2025-11-19T00:35:31.013+0000] {logging_mixin.py:188} INFO - [2025-11-19T00:35:31.013+0000] {dagbag.py:545} INFO - Filling up the DagBag from /opt/airflow/dags/pipeline_label_studio.py
[2025-11-19T00:35:31.020+0000] {processor.py:840} INFO - DAG(s) 'etl_label_studio' retrieved from /opt/airflow/dags/pipeline_label_studio.py
[2025-11-19T00:35:31.064+0000] {logging_mixin.py:188} INFO - [2025-11-19T00:35:31.064+0000] {dag.py:3089} INFO - Sync 1 DAGs
[2025-11-19T00:35:31.074+0000] {logging_mixin.py:188} INFO - [2025-11-19T00:35:31.074+0000] {dag.py:3947} INFO - Setting next_dagrun for etl_label_studio to 2025-11-18 03:00:00+00:00, run_after=2025-11-19 03:00:00+00:00
[2025-11-19T00:35:31.087+0000] {processor.py:183} INFO - Processing /opt/airflow/dags/pipeline_label_studio.py took 0.077 seconds
[2025-11-19T00:36:01.421+0000] {processor.py:161} INFO - Started process (PID=217) to work on /opt/airflow/dags/pipeline_label_studio.py
[2025-11-19T00:36:01.421+0000] {processor.py:830} INFO - Processing file /opt/airflow/dags/pipeline_label_studio.py for tasks to queue
[2025-11-19T00:36:01.422+0000] {logging_mixin.py:188} INFO - [2025-11-19T00:36:01.422+0000] {dagbag.py:545} INFO - Filling up the DagBag from /opt/airflow/dags/pipeline_label_studio.py
[2025-11-19T00:36:01.429+0000] {processor.py:840} INFO - DAG(s) 'etl_label_studio' retrieved from /opt/airflow/dags/pipeline_label_studio.py
[2025-11-19T00:36:01.446+0000] {logging_mixin.py:188} INFO - [2025-11-19T00:36:01.445+0000] {dag.py:3089} INFO - Sync 1 DAGs
[2025-11-19T00:36:01.457+0000] {logging_mixin.py:188} INFO - [2025-11-19T00:36:01.457+0000] {dag.py:3947} INFO - Setting next_dagrun for etl_label_studio to 2025-11-18 03:00:00+00:00, run_after=2025-11-19 03:00:00+00:00
[2025-11-19T00:36:01.473+0000] {processor.py:183} INFO - Processing /opt/airflow/dags/pipeline_label_studio.py took 0.056 seconds
[2025-11-19T00:36:31.792+0000] {processor.py:161} INFO - Started process (PID=244) to work on /opt/airflow/dags/pipeline_label_studio.py
[2025-11-19T00:36:31.793+0000] {processor.py:830} INFO - Processing file /opt/airflow/dags/pipeline_label_studio.py for tasks to queue
[2025-11-19T00:36:31.794+0000] {logging_mixin.py:188} INFO - [2025-11-19T00:36:31.793+0000] {dagbag.py:545} INFO - Filling up the DagBag from /opt/airflow/dags/pipeline_label_studio.py
[2025-11-19T00:36:31.799+0000] {processor.py:840} INFO - DAG(s) 'etl_label_studio' retrieved from /opt/airflow/dags/pipeline_label_studio.py
[2025-11-19T00:36:31.813+0000] {logging_mixin.py:188} INFO - [2025-11-19T00:36:31.813+0000] {dag.py:3089} INFO - Sync 1 DAGs
[2025-11-19T00:36:31.822+0000] {logging_mixin.py:188} INFO - [2025-11-19T00:36:31.822+0000] {dag.py:3947} INFO - Setting next_dagrun for etl_label_studio to 2025-11-18 03:00:00+00:00, run_after=2025-11-19 03:00:00+00:00
[2025-11-19T00:36:31.829+0000] {processor.py:183} INFO - Processing /opt/airflow/dags/pipeline_label_studio.py took 0.040 seconds
[2025-11-19T00:37:02.126+0000] {processor.py:161} INFO - Started process (PID=259) to work on /opt/airflow/dags/pipeline_label_studio.py
[2025-11-19T00:37:02.127+0000] {processor.py:830} INFO - Processing file /opt/airflow/dags/pipeline_label_studio.py for tasks to queue
[2025-11-19T00:37:02.127+0000] {logging_mixin.py:188} INFO - [2025-11-19T00:37:02.127+0000] {dagbag.py:545} INFO - Filling up the DagBag from /opt/airflow/dags/pipeline_label_studio.py
[2025-11-19T00:37:02.133+0000] {processor.py:840} INFO - DAG(s) 'etl_label_studio' retrieved from /opt/airflow/dags/pipeline_label_studio.py
[2025-11-19T00:37:02.144+0000] {logging_mixin.py:188} INFO - [2025-11-19T00:37:02.143+0000] {dag.py:3089} INFO - Sync 1 DAGs
[2025-11-19T00:37:02.152+0000] {logging_mixin.py:188} INFO - [2025-11-19T00:37:02.152+0000] {dag.py:3947} INFO - Setting next_dagrun for etl_label_studio to 2025-11-18 03:00:00+00:00, run_after=2025-11-19 03:00:00+00:00
[2025-11-19T00:37:02.158+0000] {processor.py:183} INFO - Processing /opt/airflow/dags/pipeline_label_studio.py took 0.034 seconds
[2025-11-19T00:37:32.437+0000] {processor.py:161} INFO - Started process (PID=274) to work on /opt/airflow/dags/pipeline_label_studio.py
[2025-11-19T00:37:32.437+0000] {processor.py:830} INFO - Processing file /opt/airflow/dags/pipeline_label_studio.py for tasks to queue
[2025-11-19T00:37:32.438+0000] {logging_mixin.py:188} INFO - [2025-11-19T00:37:32.438+0000] {dagbag.py:545} INFO - Filling up the DagBag from /opt/airflow/dags/pipeline_label_studio.py
[2025-11-19T00:37:32.443+0000] {processor.py:840} INFO - DAG(s) 'etl_label_studio' retrieved from /opt/airflow/dags/pipeline_label_studio.py
[2025-11-19T00:37:32.455+0000] {logging_mixin.py:188} INFO - [2025-11-19T00:37:32.455+0000] {dag.py:3089} INFO - Sync 1 DAGs
[2025-11-19T00:37:32.463+0000] {logging_mixin.py:188} INFO - [2025-11-19T00:37:32.463+0000] {dag.py:3947} INFO - Setting next_dagrun for etl_label_studio to 2025-11-18 03:00:00+00:00, run_after=2025-11-19 03:00:00+00:00
[2025-11-19T00:37:32.470+0000] {processor.py:183} INFO - Processing /opt/airflow/dags/pipeline_label_studio.py took 0.035 seconds
[2025-11-19T00:38:02.761+0000] {processor.py:161} INFO - Started process (PID=301) to work on /opt/airflow/dags/pipeline_label_studio.py
[2025-11-19T00:38:02.762+0000] {processor.py:830} INFO - Processing file /opt/airflow/dags/pipeline_label_studio.py for tasks to queue
[2025-11-19T00:38:02.762+0000] {logging_mixin.py:188} INFO - [2025-11-19T00:38:02.762+0000] {dagbag.py:545} INFO - Filling up the DagBag from /opt/airflow/dags/pipeline_label_studio.py
[2025-11-19T00:38:02.767+0000] {processor.py:840} INFO - DAG(s) 'etl_label_studio' retrieved from /opt/airflow/dags/pipeline_label_studio.py
[2025-11-19T00:38:02.779+0000] {logging_mixin.py:188} INFO - [2025-11-19T00:38:02.779+0000] {dag.py:3089} INFO - Sync 1 DAGs
[2025-11-19T00:38:02.788+0000] {logging_mixin.py:188} INFO - [2025-11-19T00:38:02.788+0000] {dag.py:3947} INFO - Setting next_dagrun for etl_label_studio to 2025-11-18 03:00:00+00:00, run_after=2025-11-19 03:00:00+00:00
[2025-11-19T00:38:02.793+0000] {processor.py:183} INFO - Processing /opt/airflow/dags/pipeline_label_studio.py took 0.035 seconds
[2025-11-19T00:38:33.074+0000] {processor.py:161} INFO - Started process (PID=316) to work on /opt/airflow/dags/pipeline_label_studio.py
[2025-11-19T00:38:33.075+0000] {processor.py:830} INFO - Processing file /opt/airflow/dags/pipeline_label_studio.py for tasks to queue
[2025-11-19T00:38:33.076+0000] {logging_mixin.py:188} INFO - [2025-11-19T00:38:33.075+0000] {dagbag.py:545} INFO - Filling up the DagBag from /opt/airflow/dags/pipeline_label_studio.py
[2025-11-19T00:38:33.081+0000] {processor.py:840} INFO - DAG(s) 'etl_label_studio' retrieved from /opt/airflow/dags/pipeline_label_studio.py
[2025-11-19T00:38:33.094+0000] {logging_mixin.py:188} INFO - [2025-11-19T00:38:33.094+0000] {dag.py:3089} INFO - Sync 1 DAGs
[2025-11-19T00:38:33.103+0000] {logging_mixin.py:188} INFO - [2025-11-19T00:38:33.103+0000] {dag.py:3947} INFO - Setting next_dagrun for etl_label_studio to 2025-11-18 03:00:00+00:00, run_after=2025-11-19 03:00:00+00:00
[2025-11-19T00:38:33.109+0000] {processor.py:183} INFO - Processing /opt/airflow/dags/pipeline_label_studio.py took 0.039 seconds
[2025-11-19T00:39:03.443+0000] {processor.py:161} INFO - Started process (PID=331) to work on /opt/airflow/dags/pipeline_label_studio.py
[2025-11-19T00:39:03.444+0000] {processor.py:830} INFO - Processing file /opt/airflow/dags/pipeline_label_studio.py for tasks to queue
[2025-11-19T00:39:03.448+0000] {logging_mixin.py:188} INFO - [2025-11-19T00:39:03.448+0000] {dagbag.py:545} INFO - Filling up the DagBag from /opt/airflow/dags/pipeline_label_studio.py
[2025-11-19T00:39:03.460+0000] {processor.py:840} INFO - DAG(s) 'etl_label_studio' retrieved from /opt/airflow/dags/pipeline_label_studio.py
[2025-11-19T00:39:03.482+0000] {logging_mixin.py:188} INFO - [2025-11-19T00:39:03.482+0000] {dag.py:3089} INFO - Sync 1 DAGs
[2025-11-19T00:39:03.493+0000] {logging_mixin.py:188} INFO - [2025-11-19T00:39:03.493+0000] {dag.py:3947} INFO - Setting next_dagrun for etl_label_studio to 2025-11-18 03:00:00+00:00, run_after=2025-11-19 03:00:00+00:00
[2025-11-19T00:39:03.501+0000] {processor.py:183} INFO - Processing /opt/airflow/dags/pipeline_label_studio.py took 0.063 seconds
[2025-11-19T00:39:33.719+0000] {processor.py:161} INFO - Started process (PID=346) to work on /opt/airflow/dags/pipeline_label_studio.py
[2025-11-19T00:39:33.719+0000] {processor.py:830} INFO - Processing file /opt/airflow/dags/pipeline_label_studio.py for tasks to queue
[2025-11-19T00:39:33.720+0000] {logging_mixin.py:188} INFO - [2025-11-19T00:39:33.719+0000] {dagbag.py:545} INFO - Filling up the DagBag from /opt/airflow/dags/pipeline_label_studio.py
[2025-11-19T00:39:33.724+0000] {processor.py:840} INFO - DAG(s) 'etl_label_studio' retrieved from /opt/airflow/dags/pipeline_label_studio.py
[2025-11-19T00:39:33.735+0000] {logging_mixin.py:188} INFO - [2025-11-19T00:39:33.735+0000] {dag.py:3089} INFO - Sync 1 DAGs
[2025-11-19T00:39:33.743+0000] {logging_mixin.py:188} INFO - [2025-11-19T00:39:33.743+0000] {dag.py:3947} INFO - Setting next_dagrun for etl_label_studio to 2025-11-18 03:00:00+00:00, run_after=2025-11-19 03:00:00+00:00
[2025-11-19T00:39:33.749+0000] {processor.py:183} INFO - Processing /opt/airflow/dags/pipeline_label_studio.py took 0.032 seconds
[2025-11-19T00:40:04.156+0000] {processor.py:161} INFO - Started process (PID=361) to work on /opt/airflow/dags/pipeline_label_studio.py
[2025-11-19T00:40:04.157+0000] {processor.py:830} INFO - Processing file /opt/airflow/dags/pipeline_label_studio.py for tasks to queue
[2025-11-19T00:40:04.158+0000] {logging_mixin.py:188} INFO - [2025-11-19T00:40:04.158+0000] {dagbag.py:545} INFO - Filling up the DagBag from /opt/airflow/dags/pipeline_label_studio.py
[2025-11-19T00:40:04.163+0000] {processor.py:840} INFO - DAG(s) 'etl_label_studio' retrieved from /opt/airflow/dags/pipeline_label_studio.py
[2025-11-19T00:40:04.177+0000] {logging_mixin.py:188} INFO - [2025-11-19T00:40:04.177+0000] {dag.py:3089} INFO - Sync 1 DAGs
[2025-11-19T00:40:04.186+0000] {logging_mixin.py:188} INFO - [2025-11-19T00:40:04.186+0000] {dag.py:3947} INFO - Setting next_dagrun for etl_label_studio to 2025-11-18 03:00:00+00:00, run_after=2025-11-19 03:00:00+00:00
[2025-11-19T00:40:04.193+0000] {processor.py:183} INFO - Processing /opt/airflow/dags/pipeline_label_studio.py took 0.040 seconds
[2025-11-19T00:40:34.447+0000] {processor.py:161} INFO - Started process (PID=388) to work on /opt/airflow/dags/pipeline_label_studio.py
[2025-11-19T00:40:34.447+0000] {processor.py:830} INFO - Processing file /opt/airflow/dags/pipeline_label_studio.py for tasks to queue
[2025-11-19T00:40:34.448+0000] {logging_mixin.py:188} INFO - [2025-11-19T00:40:34.448+0000] {dagbag.py:545} INFO - Filling up the DagBag from /opt/airflow/dags/pipeline_label_studio.py
[2025-11-19T00:40:34.453+0000] {processor.py:840} INFO - DAG(s) 'etl_label_studio' retrieved from /opt/airflow/dags/pipeline_label_studio.py
[2025-11-19T00:40:34.464+0000] {logging_mixin.py:188} INFO - [2025-11-19T00:40:34.463+0000] {dag.py:3089} INFO - Sync 1 DAGs
[2025-11-19T00:40:34.472+0000] {logging_mixin.py:188} INFO - [2025-11-19T00:40:34.472+0000] {dag.py:3947} INFO - Setting next_dagrun for etl_label_studio to 2025-11-18 03:00:00+00:00, run_after=2025-11-19 03:00:00+00:00
[2025-11-19T00:40:34.478+0000] {processor.py:183} INFO - Processing /opt/airflow/dags/pipeline_label_studio.py took 0.033 seconds
[2025-11-19T00:41:04.793+0000] {processor.py:161} INFO - Started process (PID=403) to work on /opt/airflow/dags/pipeline_label_studio.py
[2025-11-19T00:41:04.794+0000] {processor.py:830} INFO - Processing file /opt/airflow/dags/pipeline_label_studio.py for tasks to queue
[2025-11-19T00:41:04.795+0000] {logging_mixin.py:188} INFO - [2025-11-19T00:41:04.795+0000] {dagbag.py:545} INFO - Filling up the DagBag from /opt/airflow/dags/pipeline_label_studio.py
[2025-11-19T00:41:04.799+0000] {processor.py:840} INFO - DAG(s) 'etl_label_studio' retrieved from /opt/airflow/dags/pipeline_label_studio.py
[2025-11-19T00:41:04.810+0000] {logging_mixin.py:188} INFO - [2025-11-19T00:41:04.810+0000] {dag.py:3089} INFO - Sync 1 DAGs
[2025-11-19T00:41:04.818+0000] {logging_mixin.py:188} INFO - [2025-11-19T00:41:04.818+0000] {dag.py:3947} INFO - Setting next_dagrun for etl_label_studio to 2025-11-18 03:00:00+00:00, run_after=2025-11-19 03:00:00+00:00
[2025-11-19T00:41:04.824+0000] {processor.py:183} INFO - Processing /opt/airflow/dags/pipeline_label_studio.py took 0.032 seconds
[2025-11-19T00:41:35.076+0000] {processor.py:161} INFO - Started process (PID=418) to work on /opt/airflow/dags/pipeline_label_studio.py
[2025-11-19T00:41:35.077+0000] {processor.py:830} INFO - Processing file /opt/airflow/dags/pipeline_label_studio.py for tasks to queue
[2025-11-19T00:41:35.078+0000] {logging_mixin.py:188} INFO - [2025-11-19T00:41:35.078+0000] {dagbag.py:545} INFO - Filling up the DagBag from /opt/airflow/dags/pipeline_label_studio.py
[2025-11-19T00:41:35.084+0000] {processor.py:840} INFO - DAG(s) 'etl_label_studio' retrieved from /opt/airflow/dags/pipeline_label_studio.py
[2025-11-19T00:41:35.101+0000] {logging_mixin.py:188} INFO - [2025-11-19T00:41:35.101+0000] {dag.py:3089} INFO - Sync 1 DAGs
[2025-11-19T00:41:35.114+0000] {logging_mixin.py:188} INFO - [2025-11-19T00:41:35.113+0000] {dag.py:3947} INFO - Setting next_dagrun for etl_label_studio to 2025-11-18 03:00:00+00:00, run_after=2025-11-19 03:00:00+00:00
[2025-11-19T00:41:35.122+0000] {processor.py:183} INFO - Processing /opt/airflow/dags/pipeline_label_studio.py took 0.049 seconds
[2025-11-19T00:42:05.391+0000] {processor.py:161} INFO - Started process (PID=433) to work on /opt/airflow/dags/pipeline_label_studio.py
[2025-11-19T00:42:05.392+0000] {processor.py:830} INFO - Processing file /opt/airflow/dags/pipeline_label_studio.py for tasks to queue
[2025-11-19T00:42:05.393+0000] {logging_mixin.py:188} INFO - [2025-11-19T00:42:05.393+0000] {dagbag.py:545} INFO - Filling up the DagBag from /opt/airflow/dags/pipeline_label_studio.py
[2025-11-19T00:42:05.398+0000] {processor.py:840} INFO - DAG(s) 'etl_label_studio' retrieved from /opt/airflow/dags/pipeline_label_studio.py
[2025-11-19T00:42:05.412+0000] {logging_mixin.py:188} INFO - [2025-11-19T00:42:05.412+0000] {dag.py:3089} INFO - Sync 1 DAGs
[2025-11-19T00:42:05.422+0000] {logging_mixin.py:188} INFO - [2025-11-19T00:42:05.422+0000] {dag.py:3947} INFO - Setting next_dagrun for etl_label_studio to 2025-11-18 03:00:00+00:00, run_after=2025-11-19 03:00:00+00:00
[2025-11-19T00:42:05.429+0000] {processor.py:183} INFO - Processing /opt/airflow/dags/pipeline_label_studio.py took 0.041 seconds
[2025-11-19T00:42:35.717+0000] {processor.py:161} INFO - Started process (PID=448) to work on /opt/airflow/dags/pipeline_label_studio.py
[2025-11-19T00:42:35.717+0000] {processor.py:830} INFO - Processing file /opt/airflow/dags/pipeline_label_studio.py for tasks to queue
[2025-11-19T00:42:35.718+0000] {logging_mixin.py:188} INFO - [2025-11-19T00:42:35.718+0000] {dagbag.py:545} INFO - Filling up the DagBag from /opt/airflow/dags/pipeline_label_studio.py
[2025-11-19T00:42:35.722+0000] {processor.py:840} INFO - DAG(s) 'etl_label_studio' retrieved from /opt/airflow/dags/pipeline_label_studio.py
[2025-11-19T00:42:35.737+0000] {logging_mixin.py:188} INFO - [2025-11-19T00:42:35.737+0000] {dag.py:3089} INFO - Sync 1 DAGs
[2025-11-19T00:42:35.748+0000] {logging_mixin.py:188} INFO - [2025-11-19T00:42:35.748+0000] {dag.py:3947} INFO - Setting next_dagrun for etl_label_studio to 2025-11-18 03:00:00+00:00, run_after=2025-11-19 03:00:00+00:00
[2025-11-19T00:42:35.754+0000] {processor.py:183} INFO - Processing /opt/airflow/dags/pipeline_label_studio.py took 0.040 seconds
[2025-11-19T00:43:06.094+0000] {processor.py:161} INFO - Started process (PID=463) to work on /opt/airflow/dags/pipeline_label_studio.py
[2025-11-19T00:43:06.094+0000] {processor.py:830} INFO - Processing file /opt/airflow/dags/pipeline_label_studio.py for tasks to queue
[2025-11-19T00:43:06.095+0000] {logging_mixin.py:188} INFO - [2025-11-19T00:43:06.094+0000] {dagbag.py:545} INFO - Filling up the DagBag from /opt/airflow/dags/pipeline_label_studio.py
[2025-11-19T00:43:06.100+0000] {processor.py:840} INFO - DAG(s) 'etl_label_studio' retrieved from /opt/airflow/dags/pipeline_label_studio.py
[2025-11-19T00:43:06.113+0000] {logging_mixin.py:188} INFO - [2025-11-19T00:43:06.113+0000] {dag.py:3089} INFO - Sync 1 DAGs
[2025-11-19T00:43:06.123+0000] {logging_mixin.py:188} INFO - [2025-11-19T00:43:06.123+0000] {dag.py:3947} INFO - Setting next_dagrun for etl_label_studio to 2025-11-18 03:00:00+00:00, run_after=2025-11-19 03:00:00+00:00
[2025-11-19T00:43:06.131+0000] {processor.py:183} INFO - Processing /opt/airflow/dags/pipeline_label_studio.py took 0.040 seconds
[2025-11-19T00:43:36.361+0000] {processor.py:161} INFO - Started process (PID=478) to work on /opt/airflow/dags/pipeline_label_studio.py
[2025-11-19T00:43:36.361+0000] {processor.py:830} INFO - Processing file /opt/airflow/dags/pipeline_label_studio.py for tasks to queue
[2025-11-19T00:43:36.362+0000] {logging_mixin.py:188} INFO - [2025-11-19T00:43:36.362+0000] {dagbag.py:545} INFO - Filling up the DagBag from /opt/airflow/dags/pipeline_label_studio.py
[2025-11-19T00:43:36.366+0000] {processor.py:840} INFO - DAG(s) 'etl_label_studio' retrieved from /opt/airflow/dags/pipeline_label_studio.py
[2025-11-19T00:43:36.377+0000] {logging_mixin.py:188} INFO - [2025-11-19T00:43:36.377+0000] {dag.py:3089} INFO - Sync 1 DAGs
[2025-11-19T00:43:36.384+0000] {logging_mixin.py:188} INFO - [2025-11-19T00:43:36.384+0000] {dag.py:3947} INFO - Setting next_dagrun for etl_label_studio to 2025-11-18 03:00:00+00:00, run_after=2025-11-19 03:00:00+00:00
[2025-11-19T00:43:36.390+0000] {processor.py:183} INFO - Processing /opt/airflow/dags/pipeline_label_studio.py took 0.032 seconds
[2025-11-19T00:44:06.679+0000] {processor.py:161} INFO - Started process (PID=493) to work on /opt/airflow/dags/pipeline_label_studio.py
[2025-11-19T00:44:06.680+0000] {processor.py:830} INFO - Processing file /opt/airflow/dags/pipeline_label_studio.py for tasks to queue
[2025-11-19T00:44:06.680+0000] {logging_mixin.py:188} INFO - [2025-11-19T00:44:06.680+0000] {dagbag.py:545} INFO - Filling up the DagBag from /opt/airflow/dags/pipeline_label_studio.py
[2025-11-19T00:44:06.685+0000] {processor.py:840} INFO - DAG(s) 'etl_label_studio' retrieved from /opt/airflow/dags/pipeline_label_studio.py
[2025-11-19T00:44:06.696+0000] {logging_mixin.py:188} INFO - [2025-11-19T00:44:06.696+0000] {dag.py:3089} INFO - Sync 1 DAGs
[2025-11-19T00:44:06.704+0000] {logging_mixin.py:188} INFO - [2025-11-19T00:44:06.704+0000] {dag.py:3947} INFO - Setting next_dagrun for etl_label_studio to 2025-11-18 03:00:00+00:00, run_after=2025-11-19 03:00:00+00:00
[2025-11-19T00:44:06.711+0000] {processor.py:183} INFO - Processing /opt/airflow/dags/pipeline_label_studio.py took 0.033 seconds
[2025-11-19T00:44:36.997+0000] {processor.py:161} INFO - Started process (PID=508) to work on /opt/airflow/dags/pipeline_label_studio.py
[2025-11-19T00:44:36.997+0000] {processor.py:830} INFO - Processing file /opt/airflow/dags/pipeline_label_studio.py for tasks to queue
[2025-11-19T00:44:36.997+0000] {logging_mixin.py:188} INFO - [2025-11-19T00:44:36.997+0000] {dagbag.py:545} INFO - Filling up the DagBag from /opt/airflow/dags/pipeline_label_studio.py
[2025-11-19T00:44:37.002+0000] {processor.py:840} INFO - DAG(s) 'etl_label_studio' retrieved from /opt/airflow/dags/pipeline_label_studio.py
[2025-11-19T00:44:37.013+0000] {logging_mixin.py:188} INFO - [2025-11-19T00:44:37.013+0000] {dag.py:3089} INFO - Sync 1 DAGs
[2025-11-19T00:44:37.022+0000] {logging_mixin.py:188} INFO - [2025-11-19T00:44:37.022+0000] {dag.py:3947} INFO - Setting next_dagrun for etl_label_studio to 2025-11-18 03:00:00+00:00, run_after=2025-11-19 03:00:00+00:00
[2025-11-19T00:44:37.028+0000] {processor.py:183} INFO - Processing /opt/airflow/dags/pipeline_label_studio.py took 0.033 seconds
[2025-11-19T00:45:07.369+0000] {processor.py:161} INFO - Started process (PID=523) to work on /opt/airflow/dags/pipeline_label_studio.py
[2025-11-19T00:45:07.369+0000] {processor.py:830} INFO - Processing file /opt/airflow/dags/pipeline_label_studio.py for tasks to queue
[2025-11-19T00:45:07.370+0000] {logging_mixin.py:188} INFO - [2025-11-19T00:45:07.370+0000] {dagbag.py:545} INFO - Filling up the DagBag from /opt/airflow/dags/pipeline_label_studio.py
[2025-11-19T00:45:07.375+0000] {processor.py:840} INFO - DAG(s) 'etl_label_studio' retrieved from /opt/airflow/dags/pipeline_label_studio.py
[2025-11-19T00:45:07.392+0000] {logging_mixin.py:188} INFO - [2025-11-19T00:45:07.392+0000] {dag.py:3089} INFO - Sync 1 DAGs
[2025-11-19T00:45:07.402+0000] {logging_mixin.py:188} INFO - [2025-11-19T00:45:07.402+0000] {dag.py:3947} INFO - Setting next_dagrun for etl_label_studio to 2025-11-18 03:00:00+00:00, run_after=2025-11-19 03:00:00+00:00
[2025-11-19T00:45:07.408+0000] {processor.py:183} INFO - Processing /opt/airflow/dags/pipeline_label_studio.py took 0.044 seconds
[2025-11-19T00:45:37.677+0000] {processor.py:161} INFO - Started process (PID=538) to work on /opt/airflow/dags/pipeline_label_studio.py
[2025-11-19T00:45:37.677+0000] {processor.py:830} INFO - Processing file /opt/airflow/dags/pipeline_label_studio.py for tasks to queue
[2025-11-19T00:45:37.678+0000] {logging_mixin.py:188} INFO - [2025-11-19T00:45:37.678+0000] {dagbag.py:545} INFO - Filling up the DagBag from /opt/airflow/dags/pipeline_label_studio.py
[2025-11-19T00:45:37.682+0000] {processor.py:840} INFO - DAG(s) 'etl_label_studio' retrieved from /opt/airflow/dags/pipeline_label_studio.py
[2025-11-19T00:45:37.693+0000] {logging_mixin.py:188} INFO - [2025-11-19T00:45:37.693+0000] {dag.py:3089} INFO - Sync 1 DAGs
[2025-11-19T00:45:37.701+0000] {logging_mixin.py:188} INFO - [2025-11-19T00:45:37.701+0000] {dag.py:3947} INFO - Setting next_dagrun for etl_label_studio to 2025-11-18 03:00:00+00:00, run_after=2025-11-19 03:00:00+00:00
[2025-11-19T00:45:37.707+0000] {processor.py:183} INFO - Processing /opt/airflow/dags/pipeline_label_studio.py took 0.032 seconds
[2025-11-19T00:46:08.011+0000] {processor.py:161} INFO - Started process (PID=553) to work on /opt/airflow/dags/pipeline_label_studio.py
[2025-11-19T00:46:08.012+0000] {processor.py:830} INFO - Processing file /opt/airflow/dags/pipeline_label_studio.py for tasks to queue
[2025-11-19T00:46:08.012+0000] {logging_mixin.py:188} INFO - [2025-11-19T00:46:08.012+0000] {dagbag.py:545} INFO - Filling up the DagBag from /opt/airflow/dags/pipeline_label_studio.py
[2025-11-19T00:46:08.017+0000] {processor.py:840} INFO - DAG(s) 'etl_label_studio' retrieved from /opt/airflow/dags/pipeline_label_studio.py
[2025-11-19T00:46:08.028+0000] {logging_mixin.py:188} INFO - [2025-11-19T00:46:08.028+0000] {dag.py:3089} INFO - Sync 1 DAGs
[2025-11-19T00:46:08.035+0000] {logging_mixin.py:188} INFO - [2025-11-19T00:46:08.035+0000] {dag.py:3947} INFO - Setting next_dagrun for etl_label_studio to 2025-11-18 03:00:00+00:00, run_after=2025-11-19 03:00:00+00:00
[2025-11-19T00:46:08.041+0000] {processor.py:183} INFO - Processing /opt/airflow/dags/pipeline_label_studio.py took 0.031 seconds
[2025-11-19T00:46:38.349+0000] {processor.py:161} INFO - Started process (PID=568) to work on /opt/airflow/dags/pipeline_label_studio.py
[2025-11-19T00:46:38.349+0000] {processor.py:830} INFO - Processing file /opt/airflow/dags/pipeline_label_studio.py for tasks to queue
[2025-11-19T00:46:38.350+0000] {logging_mixin.py:188} INFO - [2025-11-19T00:46:38.350+0000] {dagbag.py:545} INFO - Filling up the DagBag from /opt/airflow/dags/pipeline_label_studio.py
[2025-11-19T00:46:38.354+0000] {processor.py:840} INFO - DAG(s) 'etl_label_studio' retrieved from /opt/airflow/dags/pipeline_label_studio.py
[2025-11-19T00:46:38.365+0000] {logging_mixin.py:188} INFO - [2025-11-19T00:46:38.364+0000] {dag.py:3089} INFO - Sync 1 DAGs
[2025-11-19T00:46:38.372+0000] {logging_mixin.py:188} INFO - [2025-11-19T00:46:38.372+0000] {dag.py:3947} INFO - Setting next_dagrun for etl_label_studio to 2025-11-18 03:00:00+00:00, run_after=2025-11-19 03:00:00+00:00
[2025-11-19T00:46:38.378+0000] {processor.py:183} INFO - Processing /opt/airflow/dags/pipeline_label_studio.py took 0.031 seconds
[2025-11-19T00:47:08.691+0000] {processor.py:161} INFO - Started process (PID=583) to work on /opt/airflow/dags/pipeline_label_studio.py
[2025-11-19T00:47:08.692+0000] {processor.py:830} INFO - Processing file /opt/airflow/dags/pipeline_label_studio.py for tasks to queue
[2025-11-19T00:47:08.692+0000] {logging_mixin.py:188} INFO - [2025-11-19T00:47:08.692+0000] {dagbag.py:545} INFO - Filling up the DagBag from /opt/airflow/dags/pipeline_label_studio.py
[2025-11-19T00:47:08.698+0000] {processor.py:840} INFO - DAG(s) 'etl_label_studio' retrieved from /opt/airflow/dags/pipeline_label_studio.py
[2025-11-19T00:47:08.710+0000] {logging_mixin.py:188} INFO - [2025-11-19T00:47:08.710+0000] {dag.py:3089} INFO - Sync 1 DAGs
[2025-11-19T00:47:08.719+0000] {logging_mixin.py:188} INFO - [2025-11-19T00:47:08.718+0000] {dag.py:3947} INFO - Setting next_dagrun for etl_label_studio to 2025-11-18 03:00:00+00:00, run_after=2025-11-19 03:00:00+00:00
[2025-11-19T00:47:08.725+0000] {processor.py:183} INFO - Processing /opt/airflow/dags/pipeline_label_studio.py took 0.036 seconds
[2025-11-19T00:47:39.051+0000] {processor.py:161} INFO - Started process (PID=598) to work on /opt/airflow/dags/pipeline_label_studio.py
[2025-11-19T00:47:39.051+0000] {processor.py:830} INFO - Processing file /opt/airflow/dags/pipeline_label_studio.py for tasks to queue
[2025-11-19T00:47:39.052+0000] {logging_mixin.py:188} INFO - [2025-11-19T00:47:39.052+0000] {dagbag.py:545} INFO - Filling up the DagBag from /opt/airflow/dags/pipeline_label_studio.py
[2025-11-19T00:47:39.056+0000] {processor.py:840} INFO - DAG(s) 'etl_label_studio' retrieved from /opt/airflow/dags/pipeline_label_studio.py
[2025-11-19T00:47:39.067+0000] {logging_mixin.py:188} INFO - [2025-11-19T00:47:39.067+0000] {dag.py:3089} INFO - Sync 1 DAGs
[2025-11-19T00:47:39.075+0000] {logging_mixin.py:188} INFO - [2025-11-19T00:47:39.075+0000] {dag.py:3947} INFO - Setting next_dagrun for etl_label_studio to 2025-11-18 03:00:00+00:00, run_after=2025-11-19 03:00:00+00:00
[2025-11-19T00:47:39.080+0000] {processor.py:183} INFO - Processing /opt/airflow/dags/pipeline_label_studio.py took 0.032 seconds
[2025-11-19T00:48:09.390+0000] {processor.py:161} INFO - Started process (PID=613) to work on /opt/airflow/dags/pipeline_label_studio.py
[2025-11-19T00:48:09.390+0000] {processor.py:830} INFO - Processing file /opt/airflow/dags/pipeline_label_studio.py for tasks to queue
[2025-11-19T00:48:09.391+0000] {logging_mixin.py:188} INFO - [2025-11-19T00:48:09.391+0000] {dagbag.py:545} INFO - Filling up the DagBag from /opt/airflow/dags/pipeline_label_studio.py
[2025-11-19T00:48:09.398+0000] {processor.py:840} INFO - DAG(s) 'etl_label_studio' retrieved from /opt/airflow/dags/pipeline_label_studio.py
[2025-11-19T00:48:09.416+0000] {logging_mixin.py:188} INFO - [2025-11-19T00:48:09.415+0000] {dag.py:3089} INFO - Sync 1 DAGs
[2025-11-19T00:48:09.431+0000] {logging_mixin.py:188} INFO - [2025-11-19T00:48:09.431+0000] {dag.py:3947} INFO - Setting next_dagrun for etl_label_studio to 2025-11-18 03:00:00+00:00, run_after=2025-11-19 03:00:00+00:00
[2025-11-19T00:48:09.449+0000] {processor.py:183} INFO - Processing /opt/airflow/dags/pipeline_label_studio.py took 0.062 seconds
[2025-11-19T00:48:39.718+0000] {processor.py:161} INFO - Started process (PID=628) to work on /opt/airflow/dags/pipeline_label_studio.py
[2025-11-19T00:48:39.719+0000] {processor.py:830} INFO - Processing file /opt/airflow/dags/pipeline_label_studio.py for tasks to queue
[2025-11-19T00:48:39.719+0000] {logging_mixin.py:188} INFO - [2025-11-19T00:48:39.719+0000] {dagbag.py:545} INFO - Filling up the DagBag from /opt/airflow/dags/pipeline_label_studio.py
[2025-11-19T00:48:39.723+0000] {processor.py:840} INFO - DAG(s) 'etl_label_studio' retrieved from /opt/airflow/dags/pipeline_label_studio.py
[2025-11-19T00:48:39.734+0000] {logging_mixin.py:188} INFO - [2025-11-19T00:48:39.734+0000] {dag.py:3089} INFO - Sync 1 DAGs
[2025-11-19T00:48:39.742+0000] {logging_mixin.py:188} INFO - [2025-11-19T00:48:39.742+0000] {dag.py:3947} INFO - Setting next_dagrun for etl_label_studio to 2025-11-18 03:00:00+00:00, run_after=2025-11-19 03:00:00+00:00
[2025-11-19T00:48:39.748+0000] {processor.py:183} INFO - Processing /opt/airflow/dags/pipeline_label_studio.py took 0.032 seconds
[2025-11-19T00:49:10.065+0000] {processor.py:161} INFO - Started process (PID=643) to work on /opt/airflow/dags/pipeline_label_studio.py
[2025-11-19T00:49:10.065+0000] {processor.py:830} INFO - Processing file /opt/airflow/dags/pipeline_label_studio.py for tasks to queue
[2025-11-19T00:49:10.066+0000] {logging_mixin.py:188} INFO - [2025-11-19T00:49:10.066+0000] {dagbag.py:545} INFO - Filling up the DagBag from /opt/airflow/dags/pipeline_label_studio.py
[2025-11-19T00:49:10.070+0000] {processor.py:840} INFO - DAG(s) 'etl_label_studio' retrieved from /opt/airflow/dags/pipeline_label_studio.py
[2025-11-19T00:49:10.080+0000] {logging_mixin.py:188} INFO - [2025-11-19T00:49:10.080+0000] {dag.py:3089} INFO - Sync 1 DAGs
[2025-11-19T00:49:10.089+0000] {logging_mixin.py:188} INFO - [2025-11-19T00:49:10.089+0000] {dag.py:3947} INFO - Setting next_dagrun for etl_label_studio to 2025-11-18 03:00:00+00:00, run_after=2025-11-19 03:00:00+00:00
[2025-11-19T00:49:10.094+0000] {processor.py:183} INFO - Processing /opt/airflow/dags/pipeline_label_studio.py took 0.032 seconds
[2025-11-19T00:49:40.367+0000] {processor.py:161} INFO - Started process (PID=658) to work on /opt/airflow/dags/pipeline_label_studio.py
[2025-11-19T00:49:40.367+0000] {processor.py:830} INFO - Processing file /opt/airflow/dags/pipeline_label_studio.py for tasks to queue
[2025-11-19T00:49:40.368+0000] {logging_mixin.py:188} INFO - [2025-11-19T00:49:40.368+0000] {dagbag.py:545} INFO - Filling up the DagBag from /opt/airflow/dags/pipeline_label_studio.py
[2025-11-19T00:49:40.376+0000] {processor.py:840} INFO - DAG(s) 'etl_label_studio' retrieved from /opt/airflow/dags/pipeline_label_studio.py
[2025-11-19T00:49:40.392+0000] {logging_mixin.py:188} INFO - [2025-11-19T00:49:40.392+0000] {dag.py:3089} INFO - Sync 1 DAGs
[2025-11-19T00:49:40.400+0000] {logging_mixin.py:188} INFO - [2025-11-19T00:49:40.400+0000] {dag.py:3947} INFO - Setting next_dagrun for etl_label_studio to 2025-11-18 03:00:00+00:00, run_after=2025-11-19 03:00:00+00:00
[2025-11-19T00:49:40.406+0000] {processor.py:183} INFO - Processing /opt/airflow/dags/pipeline_label_studio.py took 0.042 seconds
[2025-11-19T00:50:10.741+0000] {processor.py:161} INFO - Started process (PID=673) to work on /opt/airflow/dags/pipeline_label_studio.py
[2025-11-19T00:50:10.741+0000] {processor.py:830} INFO - Processing file /opt/airflow/dags/pipeline_label_studio.py for tasks to queue
[2025-11-19T00:50:10.742+0000] {logging_mixin.py:188} INFO - [2025-11-19T00:50:10.742+0000] {dagbag.py:545} INFO - Filling up the DagBag from /opt/airflow/dags/pipeline_label_studio.py
[2025-11-19T00:50:10.747+0000] {processor.py:840} INFO - DAG(s) 'etl_label_studio' retrieved from /opt/airflow/dags/pipeline_label_studio.py
[2025-11-19T00:50:10.760+0000] {logging_mixin.py:188} INFO - [2025-11-19T00:50:10.759+0000] {dag.py:3089} INFO - Sync 1 DAGs
[2025-11-19T00:50:10.769+0000] {logging_mixin.py:188} INFO - [2025-11-19T00:50:10.769+0000] {dag.py:3947} INFO - Setting next_dagrun for etl_label_studio to 2025-11-18 03:00:00+00:00, run_after=2025-11-19 03:00:00+00:00
[2025-11-19T00:50:10.775+0000] {processor.py:183} INFO - Processing /opt/airflow/dags/pipeline_label_studio.py took 0.036 seconds
[2025-11-19T00:50:41.044+0000] {processor.py:161} INFO - Started process (PID=688) to work on /opt/airflow/dags/pipeline_label_studio.py
[2025-11-19T00:50:41.044+0000] {processor.py:830} INFO - Processing file /opt/airflow/dags/pipeline_label_studio.py for tasks to queue
[2025-11-19T00:50:41.045+0000] {logging_mixin.py:188} INFO - [2025-11-19T00:50:41.045+0000] {dagbag.py:545} INFO - Filling up the DagBag from /opt/airflow/dags/pipeline_label_studio.py
[2025-11-19T00:50:41.050+0000] {processor.py:840} INFO - DAG(s) 'etl_label_studio' retrieved from /opt/airflow/dags/pipeline_label_studio.py
[2025-11-19T00:50:41.061+0000] {logging_mixin.py:188} INFO - [2025-11-19T00:50:41.061+0000] {dag.py:3089} INFO - Sync 1 DAGs
[2025-11-19T00:50:41.070+0000] {logging_mixin.py:188} INFO - [2025-11-19T00:50:41.070+0000] {dag.py:3947} INFO - Setting next_dagrun for etl_label_studio to 2025-11-18 03:00:00+00:00, run_after=2025-11-19 03:00:00+00:00
[2025-11-19T00:50:41.077+0000] {processor.py:183} INFO - Processing /opt/airflow/dags/pipeline_label_studio.py took 0.035 seconds
[2025-11-19T00:51:11.424+0000] {processor.py:161} INFO - Started process (PID=703) to work on /opt/airflow/dags/pipeline_label_studio.py
[2025-11-19T00:51:11.424+0000] {processor.py:830} INFO - Processing file /opt/airflow/dags/pipeline_label_studio.py for tasks to queue
[2025-11-19T00:51:11.425+0000] {logging_mixin.py:188} INFO - [2025-11-19T00:51:11.425+0000] {dagbag.py:545} INFO - Filling up the DagBag from /opt/airflow/dags/pipeline_label_studio.py
[2025-11-19T00:51:11.429+0000] {processor.py:840} INFO - DAG(s) 'etl_label_studio' retrieved from /opt/airflow/dags/pipeline_label_studio.py
[2025-11-19T00:51:11.440+0000] {logging_mixin.py:188} INFO - [2025-11-19T00:51:11.440+0000] {dag.py:3089} INFO - Sync 1 DAGs
[2025-11-19T00:51:11.449+0000] {logging_mixin.py:188} INFO - [2025-11-19T00:51:11.449+0000] {dag.py:3947} INFO - Setting next_dagrun for etl_label_studio to 2025-11-18 03:00:00+00:00, run_after=2025-11-19 03:00:00+00:00
[2025-11-19T00:51:11.456+0000] {processor.py:183} INFO - Processing /opt/airflow/dags/pipeline_label_studio.py took 0.035 seconds
[2025-11-19T00:51:41.781+0000] {processor.py:161} INFO - Started process (PID=718) to work on /opt/airflow/dags/pipeline_label_studio.py
[2025-11-19T00:51:41.782+0000] {processor.py:830} INFO - Processing file /opt/airflow/dags/pipeline_label_studio.py for tasks to queue
[2025-11-19T00:51:41.783+0000] {logging_mixin.py:188} INFO - [2025-11-19T00:51:41.782+0000] {dagbag.py:545} INFO - Filling up the DagBag from /opt/airflow/dags/pipeline_label_studio.py
[2025-11-19T00:51:41.788+0000] {processor.py:840} INFO - DAG(s) 'etl_label_studio' retrieved from /opt/airflow/dags/pipeline_label_studio.py
[2025-11-19T00:51:41.799+0000] {logging_mixin.py:188} INFO - [2025-11-19T00:51:41.799+0000] {dag.py:3089} INFO - Sync 1 DAGs
[2025-11-19T00:51:41.808+0000] {logging_mixin.py:188} INFO - [2025-11-19T00:51:41.808+0000] {dag.py:3947} INFO - Setting next_dagrun for etl_label_studio to 2025-11-18 03:00:00+00:00, run_after=2025-11-19 03:00:00+00:00
[2025-11-19T00:51:41.814+0000] {processor.py:183} INFO - Processing /opt/airflow/dags/pipeline_label_studio.py took 0.035 seconds
[2025-11-19T00:52:12.141+0000] {processor.py:161} INFO - Started process (PID=733) to work on /opt/airflow/dags/pipeline_label_studio.py
[2025-11-19T00:52:12.141+0000] {processor.py:830} INFO - Processing file /opt/airflow/dags/pipeline_label_studio.py for tasks to queue
[2025-11-19T00:52:12.142+0000] {logging_mixin.py:188} INFO - [2025-11-19T00:52:12.141+0000] {dagbag.py:545} INFO - Filling up the DagBag from /opt/airflow/dags/pipeline_label_studio.py
[2025-11-19T00:52:12.146+0000] {processor.py:840} INFO - DAG(s) 'etl_label_studio' retrieved from /opt/airflow/dags/pipeline_label_studio.py
[2025-11-19T00:52:12.157+0000] {logging_mixin.py:188} INFO - [2025-11-19T00:52:12.157+0000] {dag.py:3089} INFO - Sync 1 DAGs
[2025-11-19T00:52:12.166+0000] {logging_mixin.py:188} INFO - [2025-11-19T00:52:12.166+0000] {dag.py:3947} INFO - Setting next_dagrun for etl_label_studio to 2025-11-18 03:00:00+00:00, run_after=2025-11-19 03:00:00+00:00
[2025-11-19T00:52:12.172+0000] {processor.py:183} INFO - Processing /opt/airflow/dags/pipeline_label_studio.py took 0.033 seconds
[2025-11-19T00:52:42.473+0000] {processor.py:161} INFO - Started process (PID=748) to work on /opt/airflow/dags/pipeline_label_studio.py
[2025-11-19T00:52:42.474+0000] {processor.py:830} INFO - Processing file /opt/airflow/dags/pipeline_label_studio.py for tasks to queue
[2025-11-19T00:52:42.474+0000] {logging_mixin.py:188} INFO - [2025-11-19T00:52:42.474+0000] {dagbag.py:545} INFO - Filling up the DagBag from /opt/airflow/dags/pipeline_label_studio.py
[2025-11-19T00:52:42.479+0000] {processor.py:840} INFO - DAG(s) 'etl_label_studio' retrieved from /opt/airflow/dags/pipeline_label_studio.py
[2025-11-19T00:52:42.490+0000] {logging_mixin.py:188} INFO - [2025-11-19T00:52:42.490+0000] {dag.py:3089} INFO - Sync 1 DAGs
[2025-11-19T00:52:42.501+0000] {logging_mixin.py:188} INFO - [2025-11-19T00:52:42.500+0000] {dag.py:3947} INFO - Setting next_dagrun for etl_label_studio to 2025-11-18 03:00:00+00:00, run_after=2025-11-19 03:00:00+00:00
[2025-11-19T00:52:42.509+0000] {processor.py:183} INFO - Processing /opt/airflow/dags/pipeline_label_studio.py took 0.037 seconds
[2025-11-19T00:53:12.855+0000] {processor.py:161} INFO - Started process (PID=763) to work on /opt/airflow/dags/pipeline_label_studio.py
[2025-11-19T00:53:12.855+0000] {processor.py:830} INFO - Processing file /opt/airflow/dags/pipeline_label_studio.py for tasks to queue
[2025-11-19T00:53:12.856+0000] {logging_mixin.py:188} INFO - [2025-11-19T00:53:12.856+0000] {dagbag.py:545} INFO - Filling up the DagBag from /opt/airflow/dags/pipeline_label_studio.py
[2025-11-19T00:53:12.860+0000] {processor.py:840} INFO - DAG(s) 'etl_label_studio' retrieved from /opt/airflow/dags/pipeline_label_studio.py
[2025-11-19T00:53:12.871+0000] {logging_mixin.py:188} INFO - [2025-11-19T00:53:12.871+0000] {dag.py:3089} INFO - Sync 1 DAGs
[2025-11-19T00:53:12.880+0000] {logging_mixin.py:188} INFO - [2025-11-19T00:53:12.880+0000] {dag.py:3947} INFO - Setting next_dagrun for etl_label_studio to 2025-11-18 03:00:00+00:00, run_after=2025-11-19 03:00:00+00:00
[2025-11-19T00:53:12.886+0000] {processor.py:183} INFO - Processing /opt/airflow/dags/pipeline_label_studio.py took 0.033 seconds
[2025-11-19T00:53:43.199+0000] {processor.py:161} INFO - Started process (PID=778) to work on /opt/airflow/dags/pipeline_label_studio.py
[2025-11-19T00:53:43.200+0000] {processor.py:830} INFO - Processing file /opt/airflow/dags/pipeline_label_studio.py for tasks to queue
[2025-11-19T00:53:43.201+0000] {logging_mixin.py:188} INFO - [2025-11-19T00:53:43.201+0000] {dagbag.py:545} INFO - Filling up the DagBag from /opt/airflow/dags/pipeline_label_studio.py
[2025-11-19T00:53:43.212+0000] {processor.py:840} INFO - DAG(s) 'etl_label_studio' retrieved from /opt/airflow/dags/pipeline_label_studio.py
[2025-11-19T00:53:43.225+0000] {logging_mixin.py:188} INFO - [2025-11-19T00:53:43.225+0000] {dag.py:3089} INFO - Sync 1 DAGs
[2025-11-19T00:53:43.234+0000] {logging_mixin.py:188} INFO - [2025-11-19T00:53:43.234+0000] {dag.py:3947} INFO - Setting next_dagrun for etl_label_studio to 2025-11-18 03:00:00+00:00, run_after=2025-11-19 03:00:00+00:00
[2025-11-19T00:53:43.239+0000] {processor.py:183} INFO - Processing /opt/airflow/dags/pipeline_label_studio.py took 0.043 seconds
[2025-11-19T00:54:13.538+0000] {processor.py:161} INFO - Started process (PID=793) to work on /opt/airflow/dags/pipeline_label_studio.py
[2025-11-19T00:54:13.539+0000] {processor.py:830} INFO - Processing file /opt/airflow/dags/pipeline_label_studio.py for tasks to queue
[2025-11-19T00:54:13.540+0000] {logging_mixin.py:188} INFO - [2025-11-19T00:54:13.540+0000] {dagbag.py:545} INFO - Filling up the DagBag from /opt/airflow/dags/pipeline_label_studio.py
[2025-11-19T00:54:13.545+0000] {processor.py:840} INFO - DAG(s) 'etl_label_studio' retrieved from /opt/airflow/dags/pipeline_label_studio.py
[2025-11-19T00:54:13.561+0000] {logging_mixin.py:188} INFO - [2025-11-19T00:54:13.560+0000] {dag.py:3089} INFO - Sync 1 DAGs
[2025-11-19T00:54:13.570+0000] {logging_mixin.py:188} INFO - [2025-11-19T00:54:13.570+0000] {dag.py:3947} INFO - Setting next_dagrun for etl_label_studio to 2025-11-18 03:00:00+00:00, run_after=2025-11-19 03:00:00+00:00
[2025-11-19T00:54:13.579+0000] {processor.py:183} INFO - Processing /opt/airflow/dags/pipeline_label_studio.py took 0.043 seconds
[2025-11-19T00:54:43.924+0000] {processor.py:161} INFO - Started process (PID=808) to work on /opt/airflow/dags/pipeline_label_studio.py
[2025-11-19T00:54:43.924+0000] {processor.py:830} INFO - Processing file /opt/airflow/dags/pipeline_label_studio.py for tasks to queue
[2025-11-19T00:54:43.925+0000] {logging_mixin.py:188} INFO - [2025-11-19T00:54:43.925+0000] {dagbag.py:545} INFO - Filling up the DagBag from /opt/airflow/dags/pipeline_label_studio.py
[2025-11-19T00:54:43.932+0000] {processor.py:840} INFO - DAG(s) 'etl_label_studio' retrieved from /opt/airflow/dags/pipeline_label_studio.py
[2025-11-19T00:54:43.960+0000] {logging_mixin.py:188} INFO - [2025-11-19T00:54:43.959+0000] {dag.py:3089} INFO - Sync 1 DAGs
[2025-11-19T00:54:43.981+0000] {logging_mixin.py:188} INFO - [2025-11-19T00:54:43.981+0000] {dag.py:3947} INFO - Setting next_dagrun for etl_label_studio to 2025-11-18 03:00:00+00:00, run_after=2025-11-19 03:00:00+00:00
[2025-11-19T00:54:43.989+0000] {processor.py:183} INFO - Processing /opt/airflow/dags/pipeline_label_studio.py took 0.068 seconds
[2025-11-19T00:55:14.291+0000] {processor.py:161} INFO - Started process (PID=823) to work on /opt/airflow/dags/pipeline_label_studio.py
[2025-11-19T00:55:14.291+0000] {processor.py:830} INFO - Processing file /opt/airflow/dags/pipeline_label_studio.py for tasks to queue
[2025-11-19T00:55:14.292+0000] {logging_mixin.py:188} INFO - [2025-11-19T00:55:14.292+0000] {dagbag.py:545} INFO - Filling up the DagBag from /opt/airflow/dags/pipeline_label_studio.py
[2025-11-19T00:55:14.297+0000] {processor.py:840} INFO - DAG(s) 'etl_label_studio' retrieved from /opt/airflow/dags/pipeline_label_studio.py
[2025-11-19T00:55:14.311+0000] {logging_mixin.py:188} INFO - [2025-11-19T00:55:14.311+0000] {dag.py:3089} INFO - Sync 1 DAGs
[2025-11-19T00:55:14.319+0000] {logging_mixin.py:188} INFO - [2025-11-19T00:55:14.319+0000] {dag.py:3947} INFO - Setting next_dagrun for etl_label_studio to 2025-11-18 03:00:00+00:00, run_after=2025-11-19 03:00:00+00:00
[2025-11-19T00:55:14.325+0000] {processor.py:183} INFO - Processing /opt/airflow/dags/pipeline_label_studio.py took 0.037 seconds
[2025-11-19T00:55:44.644+0000] {processor.py:161} INFO - Started process (PID=838) to work on /opt/airflow/dags/pipeline_label_studio.py
[2025-11-19T00:55:44.644+0000] {processor.py:830} INFO - Processing file /opt/airflow/dags/pipeline_label_studio.py for tasks to queue
[2025-11-19T00:55:44.645+0000] {logging_mixin.py:188} INFO - [2025-11-19T00:55:44.645+0000] {dagbag.py:545} INFO - Filling up the DagBag from /opt/airflow/dags/pipeline_label_studio.py
[2025-11-19T00:55:44.650+0000] {processor.py:840} INFO - DAG(s) 'etl_label_studio' retrieved from /opt/airflow/dags/pipeline_label_studio.py
[2025-11-19T00:55:44.661+0000] {logging_mixin.py:188} INFO - [2025-11-19T00:55:44.661+0000] {dag.py:3089} INFO - Sync 1 DAGs
[2025-11-19T00:55:44.670+0000] {logging_mixin.py:188} INFO - [2025-11-19T00:55:44.670+0000] {dag.py:3947} INFO - Setting next_dagrun for etl_label_studio to 2025-11-18 03:00:00+00:00, run_after=2025-11-19 03:00:00+00:00
[2025-11-19T00:55:44.677+0000] {processor.py:183} INFO - Processing /opt/airflow/dags/pipeline_label_studio.py took 0.036 seconds
[2025-11-19T00:56:14.988+0000] {processor.py:161} INFO - Started process (PID=853) to work on /opt/airflow/dags/pipeline_label_studio.py
[2025-11-19T00:56:14.988+0000] {processor.py:830} INFO - Processing file /opt/airflow/dags/pipeline_label_studio.py for tasks to queue
[2025-11-19T00:56:14.989+0000] {logging_mixin.py:188} INFO - [2025-11-19T00:56:14.989+0000] {dagbag.py:545} INFO - Filling up the DagBag from /opt/airflow/dags/pipeline_label_studio.py
[2025-11-19T00:56:14.993+0000] {processor.py:840} INFO - DAG(s) 'etl_label_studio' retrieved from /opt/airflow/dags/pipeline_label_studio.py
[2025-11-19T00:56:15.004+0000] {logging_mixin.py:188} INFO - [2025-11-19T00:56:15.004+0000] {dag.py:3089} INFO - Sync 1 DAGs
[2025-11-19T00:56:15.013+0000] {logging_mixin.py:188} INFO - [2025-11-19T00:56:15.013+0000] {dag.py:3947} INFO - Setting next_dagrun for etl_label_studio to 2025-11-18 03:00:00+00:00, run_after=2025-11-19 03:00:00+00:00
[2025-11-19T00:56:15.018+0000] {processor.py:183} INFO - Processing /opt/airflow/dags/pipeline_label_studio.py took 0.033 seconds
[2025-11-19T00:56:45.301+0000] {processor.py:161} INFO - Started process (PID=868) to work on /opt/airflow/dags/pipeline_label_studio.py
[2025-11-19T00:56:45.301+0000] {processor.py:830} INFO - Processing file /opt/airflow/dags/pipeline_label_studio.py for tasks to queue
[2025-11-19T00:56:45.302+0000] {logging_mixin.py:188} INFO - [2025-11-19T00:56:45.302+0000] {dagbag.py:545} INFO - Filling up the DagBag from /opt/airflow/dags/pipeline_label_studio.py
[2025-11-19T00:56:45.307+0000] {processor.py:840} INFO - DAG(s) 'etl_label_studio' retrieved from /opt/airflow/dags/pipeline_label_studio.py
[2025-11-19T00:56:45.317+0000] {logging_mixin.py:188} INFO - [2025-11-19T00:56:45.317+0000] {dag.py:3089} INFO - Sync 1 DAGs
[2025-11-19T00:56:45.325+0000] {logging_mixin.py:188} INFO - [2025-11-19T00:56:45.325+0000] {dag.py:3947} INFO - Setting next_dagrun for etl_label_studio to 2025-11-18 03:00:00+00:00, run_after=2025-11-19 03:00:00+00:00
[2025-11-19T00:56:45.332+0000] {processor.py:183} INFO - Processing /opt/airflow/dags/pipeline_label_studio.py took 0.033 seconds
[2025-11-19T00:57:15.655+0000] {processor.py:161} INFO - Started process (PID=883) to work on /opt/airflow/dags/pipeline_label_studio.py
[2025-11-19T00:57:15.655+0000] {processor.py:830} INFO - Processing file /opt/airflow/dags/pipeline_label_studio.py for tasks to queue
[2025-11-19T00:57:15.656+0000] {logging_mixin.py:188} INFO - [2025-11-19T00:57:15.656+0000] {dagbag.py:545} INFO - Filling up the DagBag from /opt/airflow/dags/pipeline_label_studio.py
[2025-11-19T00:57:15.662+0000] {processor.py:840} INFO - DAG(s) 'etl_label_studio' retrieved from /opt/airflow/dags/pipeline_label_studio.py
[2025-11-19T00:57:15.679+0000] {logging_mixin.py:188} INFO - [2025-11-19T00:57:15.679+0000] {dag.py:3089} INFO - Sync 1 DAGs
[2025-11-19T00:57:15.688+0000] {logging_mixin.py:188} INFO - [2025-11-19T00:57:15.688+0000] {dag.py:3947} INFO - Setting next_dagrun for etl_label_studio to 2025-11-18 03:00:00+00:00, run_after=2025-11-19 03:00:00+00:00
[2025-11-19T00:57:15.694+0000] {processor.py:183} INFO - Processing /opt/airflow/dags/pipeline_label_studio.py took 0.042 seconds
[2025-11-19T00:57:45.977+0000] {processor.py:161} INFO - Started process (PID=898) to work on /opt/airflow/dags/pipeline_label_studio.py
[2025-11-19T00:57:45.978+0000] {processor.py:830} INFO - Processing file /opt/airflow/dags/pipeline_label_studio.py for tasks to queue
[2025-11-19T00:57:45.979+0000] {logging_mixin.py:188} INFO - [2025-11-19T00:57:45.979+0000] {dagbag.py:545} INFO - Filling up the DagBag from /opt/airflow/dags/pipeline_label_studio.py
[2025-11-19T00:57:45.984+0000] {processor.py:840} INFO - DAG(s) 'etl_label_studio' retrieved from /opt/airflow/dags/pipeline_label_studio.py
[2025-11-19T00:57:45.997+0000] {logging_mixin.py:188} INFO - [2025-11-19T00:57:45.997+0000] {dag.py:3089} INFO - Sync 1 DAGs
[2025-11-19T00:57:46.007+0000] {logging_mixin.py:188} INFO - [2025-11-19T00:57:46.007+0000] {dag.py:3947} INFO - Setting next_dagrun for etl_label_studio to 2025-11-18 03:00:00+00:00, run_after=2025-11-19 03:00:00+00:00
[2025-11-19T00:57:46.014+0000] {processor.py:183} INFO - Processing /opt/airflow/dags/pipeline_label_studio.py took 0.039 seconds
[2025-11-19T00:58:16.309+0000] {processor.py:161} INFO - Started process (PID=913) to work on /opt/airflow/dags/pipeline_label_studio.py
[2025-11-19T00:58:16.309+0000] {processor.py:830} INFO - Processing file /opt/airflow/dags/pipeline_label_studio.py for tasks to queue
[2025-11-19T00:58:16.310+0000] {logging_mixin.py:188} INFO - [2025-11-19T00:58:16.310+0000] {dagbag.py:545} INFO - Filling up the DagBag from /opt/airflow/dags/pipeline_label_studio.py
[2025-11-19T00:58:16.315+0000] {processor.py:840} INFO - DAG(s) 'etl_label_studio' retrieved from /opt/airflow/dags/pipeline_label_studio.py
[2025-11-19T00:58:16.329+0000] {logging_mixin.py:188} INFO - [2025-11-19T00:58:16.329+0000] {dag.py:3089} INFO - Sync 1 DAGs
[2025-11-19T00:58:16.339+0000] {logging_mixin.py:188} INFO - [2025-11-19T00:58:16.339+0000] {dag.py:3947} INFO - Setting next_dagrun for etl_label_studio to 2025-11-18 03:00:00+00:00, run_after=2025-11-19 03:00:00+00:00
[2025-11-19T00:58:16.346+0000] {processor.py:183} INFO - Processing /opt/airflow/dags/pipeline_label_studio.py took 0.041 seconds
[2025-11-19T00:58:46.641+0000] {processor.py:161} INFO - Started process (PID=928) to work on /opt/airflow/dags/pipeline_label_studio.py
[2025-11-19T00:58:46.641+0000] {processor.py:830} INFO - Processing file /opt/airflow/dags/pipeline_label_studio.py for tasks to queue
[2025-11-19T00:58:46.642+0000] {logging_mixin.py:188} INFO - [2025-11-19T00:58:46.642+0000] {dagbag.py:545} INFO - Filling up the DagBag from /opt/airflow/dags/pipeline_label_studio.py
[2025-11-19T00:58:46.647+0000] {processor.py:840} INFO - DAG(s) 'etl_label_studio' retrieved from /opt/airflow/dags/pipeline_label_studio.py
[2025-11-19T00:58:46.661+0000] {logging_mixin.py:188} INFO - [2025-11-19T00:58:46.660+0000] {dag.py:3089} INFO - Sync 1 DAGs
[2025-11-19T00:58:46.671+0000] {logging_mixin.py:188} INFO - [2025-11-19T00:58:46.670+0000] {dag.py:3947} INFO - Setting next_dagrun for etl_label_studio to 2025-11-18 03:00:00+00:00, run_after=2025-11-19 03:00:00+00:00
[2025-11-19T00:58:46.678+0000] {processor.py:183} INFO - Processing /opt/airflow/dags/pipeline_label_studio.py took 0.040 seconds
[2025-11-19T00:59:16.951+0000] {processor.py:161} INFO - Started process (PID=1402) to work on /opt/airflow/dags/pipeline_label_studio.py
[2025-11-19T00:59:16.951+0000] {processor.py:830} INFO - Processing file /opt/airflow/dags/pipeline_label_studio.py for tasks to queue
[2025-11-19T00:59:16.952+0000] {logging_mixin.py:188} INFO - [2025-11-19T00:59:16.952+0000] {dagbag.py:545} INFO - Filling up the DagBag from /opt/airflow/dags/pipeline_label_studio.py
[2025-11-19T00:59:16.957+0000] {processor.py:840} INFO - DAG(s) 'etl_label_studio' retrieved from /opt/airflow/dags/pipeline_label_studio.py
[2025-11-19T00:59:16.972+0000] {logging_mixin.py:188} INFO - [2025-11-19T00:59:16.972+0000] {dag.py:3089} INFO - Sync 1 DAGs
[2025-11-19T00:59:16.984+0000] {logging_mixin.py:188} INFO - [2025-11-19T00:59:16.984+0000] {dag.py:3947} INFO - Setting next_dagrun for etl_label_studio to 2025-11-18 03:00:00+00:00, run_after=2025-11-19 03:00:00+00:00
[2025-11-19T00:59:16.991+0000] {processor.py:183} INFO - Processing /opt/airflow/dags/pipeline_label_studio.py took 0.042 seconds
[2025-11-19T00:59:47.279+0000] {processor.py:161} INFO - Started process (PID=1862) to work on /opt/airflow/dags/pipeline_label_studio.py
[2025-11-19T00:59:47.279+0000] {processor.py:830} INFO - Processing file /opt/airflow/dags/pipeline_label_studio.py for tasks to queue
[2025-11-19T00:59:47.280+0000] {logging_mixin.py:188} INFO - [2025-11-19T00:59:47.280+0000] {dagbag.py:545} INFO - Filling up the DagBag from /opt/airflow/dags/pipeline_label_studio.py
[2025-11-19T00:59:47.285+0000] {processor.py:840} INFO - DAG(s) 'etl_label_studio' retrieved from /opt/airflow/dags/pipeline_label_studio.py
[2025-11-19T00:59:47.299+0000] {logging_mixin.py:188} INFO - [2025-11-19T00:59:47.299+0000] {dag.py:3089} INFO - Sync 1 DAGs
[2025-11-19T00:59:47.310+0000] {logging_mixin.py:188} INFO - [2025-11-19T00:59:47.310+0000] {dag.py:3947} INFO - Setting next_dagrun for etl_label_studio to 2025-11-18 03:00:00+00:00, run_after=2025-11-19 03:00:00+00:00
[2025-11-19T00:59:47.318+0000] {processor.py:183} INFO - Processing /opt/airflow/dags/pipeline_label_studio.py took 0.042 seconds
[2025-11-19T01:00:17.582+0000] {processor.py:161} INFO - Started process (PID=1877) to work on /opt/airflow/dags/pipeline_label_studio.py
[2025-11-19T01:00:17.582+0000] {processor.py:830} INFO - Processing file /opt/airflow/dags/pipeline_label_studio.py for tasks to queue
[2025-11-19T01:00:17.583+0000] {logging_mixin.py:188} INFO - [2025-11-19T01:00:17.583+0000] {dagbag.py:545} INFO - Filling up the DagBag from /opt/airflow/dags/pipeline_label_studio.py
[2025-11-19T01:00:17.588+0000] {processor.py:840} INFO - DAG(s) 'etl_label_studio' retrieved from /opt/airflow/dags/pipeline_label_studio.py
[2025-11-19T01:00:17.598+0000] {logging_mixin.py:188} INFO - [2025-11-19T01:00:17.598+0000] {dag.py:3089} INFO - Sync 1 DAGs
[2025-11-19T01:00:17.607+0000] {logging_mixin.py:188} INFO - [2025-11-19T01:00:17.607+0000] {dag.py:3947} INFO - Setting next_dagrun for etl_label_studio to 2025-11-18 03:00:00+00:00, run_after=2025-11-19 03:00:00+00:00
[2025-11-19T01:00:17.613+0000] {processor.py:183} INFO - Processing /opt/airflow/dags/pipeline_label_studio.py took 0.033 seconds
[2025-11-19T01:00:47.897+0000] {processor.py:161} INFO - Started process (PID=1892) to work on /opt/airflow/dags/pipeline_label_studio.py
[2025-11-19T01:00:47.897+0000] {processor.py:830} INFO - Processing file /opt/airflow/dags/pipeline_label_studio.py for tasks to queue
[2025-11-19T01:00:47.898+0000] {logging_mixin.py:188} INFO - [2025-11-19T01:00:47.897+0000] {dagbag.py:545} INFO - Filling up the DagBag from /opt/airflow/dags/pipeline_label_studio.py
[2025-11-19T01:00:47.902+0000] {processor.py:840} INFO - DAG(s) 'etl_label_studio' retrieved from /opt/airflow/dags/pipeline_label_studio.py
[2025-11-19T01:00:47.917+0000] {logging_mixin.py:188} INFO - [2025-11-19T01:00:47.916+0000] {dag.py:3089} INFO - Sync 1 DAGs
[2025-11-19T01:00:47.925+0000] {logging_mixin.py:188} INFO - [2025-11-19T01:00:47.925+0000] {dag.py:3947} INFO - Setting next_dagrun for etl_label_studio to 2025-11-18 03:00:00+00:00, run_after=2025-11-19 03:00:00+00:00
[2025-11-19T01:00:47.931+0000] {processor.py:183} INFO - Processing /opt/airflow/dags/pipeline_label_studio.py took 0.037 seconds
[2025-11-19T01:01:18.239+0000] {processor.py:161} INFO - Started process (PID=1907) to work on /opt/airflow/dags/pipeline_label_studio.py
[2025-11-19T01:01:18.240+0000] {processor.py:830} INFO - Processing file /opt/airflow/dags/pipeline_label_studio.py for tasks to queue
[2025-11-19T01:01:18.240+0000] {logging_mixin.py:188} INFO - [2025-11-19T01:01:18.240+0000] {dagbag.py:545} INFO - Filling up the DagBag from /opt/airflow/dags/pipeline_label_studio.py
[2025-11-19T01:01:18.245+0000] {processor.py:840} INFO - DAG(s) 'etl_label_studio' retrieved from /opt/airflow/dags/pipeline_label_studio.py
[2025-11-19T01:01:18.256+0000] {logging_mixin.py:188} INFO - [2025-11-19T01:01:18.256+0000] {dag.py:3089} INFO - Sync 1 DAGs
[2025-11-19T01:01:18.264+0000] {logging_mixin.py:188} INFO - [2025-11-19T01:01:18.264+0000] {dag.py:3947} INFO - Setting next_dagrun for etl_label_studio to 2025-11-18 03:00:00+00:00, run_after=2025-11-19 03:00:00+00:00
[2025-11-19T01:01:18.270+0000] {processor.py:183} INFO - Processing /opt/airflow/dags/pipeline_label_studio.py took 0.033 seconds
[2025-11-19T01:01:48.524+0000] {processor.py:161} INFO - Started process (PID=1922) to work on /opt/airflow/dags/pipeline_label_studio.py
[2025-11-19T01:01:48.524+0000] {processor.py:830} INFO - Processing file /opt/airflow/dags/pipeline_label_studio.py for tasks to queue
[2025-11-19T01:01:48.526+0000] {logging_mixin.py:188} INFO - [2025-11-19T01:01:48.525+0000] {dagbag.py:545} INFO - Filling up the DagBag from /opt/airflow/dags/pipeline_label_studio.py
[2025-11-19T01:01:48.532+0000] {processor.py:840} INFO - DAG(s) 'etl_label_studio' retrieved from /opt/airflow/dags/pipeline_label_studio.py
[2025-11-19T01:01:48.546+0000] {logging_mixin.py:188} INFO - [2025-11-19T01:01:48.546+0000] {dag.py:3089} INFO - Sync 1 DAGs
[2025-11-19T01:01:48.555+0000] {logging_mixin.py:188} INFO - [2025-11-19T01:01:48.555+0000] {dag.py:3947} INFO - Setting next_dagrun for etl_label_studio to 2025-11-18 03:00:00+00:00, run_after=2025-11-19 03:00:00+00:00
[2025-11-19T01:01:48.561+0000] {processor.py:183} INFO - Processing /opt/airflow/dags/pipeline_label_studio.py took 0.041 seconds
[2025-11-19T01:02:18.845+0000] {processor.py:161} INFO - Started process (PID=1937) to work on /opt/airflow/dags/pipeline_label_studio.py
[2025-11-19T01:02:18.846+0000] {processor.py:830} INFO - Processing file /opt/airflow/dags/pipeline_label_studio.py for tasks to queue
[2025-11-19T01:02:18.847+0000] {logging_mixin.py:188} INFO - [2025-11-19T01:02:18.847+0000] {dagbag.py:545} INFO - Filling up the DagBag from /opt/airflow/dags/pipeline_label_studio.py
[2025-11-19T01:02:18.855+0000] {processor.py:840} INFO - DAG(s) 'etl_label_studio' retrieved from /opt/airflow/dags/pipeline_label_studio.py
[2025-11-19T01:02:18.868+0000] {logging_mixin.py:188} INFO - [2025-11-19T01:02:18.868+0000] {dag.py:3089} INFO - Sync 1 DAGs
[2025-11-19T01:02:18.877+0000] {logging_mixin.py:188} INFO - [2025-11-19T01:02:18.877+0000] {dag.py:3947} INFO - Setting next_dagrun for etl_label_studio to 2025-11-18 03:00:00+00:00, run_after=2025-11-19 03:00:00+00:00
[2025-11-19T01:02:18.883+0000] {processor.py:183} INFO - Processing /opt/airflow/dags/pipeline_label_studio.py took 0.042 seconds
[2025-11-19T01:02:49.181+0000] {processor.py:161} INFO - Started process (PID=1952) to work on /opt/airflow/dags/pipeline_label_studio.py
[2025-11-19T01:02:49.181+0000] {processor.py:830} INFO - Processing file /opt/airflow/dags/pipeline_label_studio.py for tasks to queue
[2025-11-19T01:02:49.183+0000] {logging_mixin.py:188} INFO - [2025-11-19T01:02:49.182+0000] {dagbag.py:545} INFO - Filling up the DagBag from /opt/airflow/dags/pipeline_label_studio.py
[2025-11-19T01:02:49.187+0000] {processor.py:840} INFO - DAG(s) 'etl_label_studio' retrieved from /opt/airflow/dags/pipeline_label_studio.py
[2025-11-19T01:02:49.200+0000] {logging_mixin.py:188} INFO - [2025-11-19T01:02:49.200+0000] {dag.py:3089} INFO - Sync 1 DAGs
[2025-11-19T01:02:49.208+0000] {logging_mixin.py:188} INFO - [2025-11-19T01:02:49.208+0000] {dag.py:3947} INFO - Setting next_dagrun for etl_label_studio to 2025-11-18 03:00:00+00:00, run_after=2025-11-19 03:00:00+00:00
[2025-11-19T01:02:49.216+0000] {processor.py:183} INFO - Processing /opt/airflow/dags/pipeline_label_studio.py took 0.038 seconds
[2025-11-19T01:03:19.507+0000] {processor.py:161} INFO - Started process (PID=1967) to work on /opt/airflow/dags/pipeline_label_studio.py
[2025-11-19T01:03:19.508+0000] {processor.py:830} INFO - Processing file /opt/airflow/dags/pipeline_label_studio.py for tasks to queue
[2025-11-19T01:03:19.509+0000] {logging_mixin.py:188} INFO - [2025-11-19T01:03:19.508+0000] {dagbag.py:545} INFO - Filling up the DagBag from /opt/airflow/dags/pipeline_label_studio.py
[2025-11-19T01:03:19.513+0000] {processor.py:840} INFO - DAG(s) 'etl_label_studio' retrieved from /opt/airflow/dags/pipeline_label_studio.py
[2025-11-19T01:03:19.524+0000] {logging_mixin.py:188} INFO - [2025-11-19T01:03:19.524+0000] {dag.py:3089} INFO - Sync 1 DAGs
[2025-11-19T01:03:19.533+0000] {logging_mixin.py:188} INFO - [2025-11-19T01:03:19.533+0000] {dag.py:3947} INFO - Setting next_dagrun for etl_label_studio to 2025-11-18 03:00:00+00:00, run_after=2025-11-19 03:00:00+00:00
[2025-11-19T01:03:19.540+0000] {processor.py:183} INFO - Processing /opt/airflow/dags/pipeline_label_studio.py took 0.034 seconds
[2025-11-19T01:03:49.797+0000] {processor.py:161} INFO - Started process (PID=1982) to work on /opt/airflow/dags/pipeline_label_studio.py
[2025-11-19T01:03:49.797+0000] {processor.py:830} INFO - Processing file /opt/airflow/dags/pipeline_label_studio.py for tasks to queue
[2025-11-19T01:03:49.798+0000] {logging_mixin.py:188} INFO - [2025-11-19T01:03:49.798+0000] {dagbag.py:545} INFO - Filling up the DagBag from /opt/airflow/dags/pipeline_label_studio.py
[2025-11-19T01:03:49.803+0000] {processor.py:840} INFO - DAG(s) 'etl_label_studio' retrieved from /opt/airflow/dags/pipeline_label_studio.py
[2025-11-19T01:03:49.813+0000] {logging_mixin.py:188} INFO - [2025-11-19T01:03:49.813+0000] {dag.py:3089} INFO - Sync 1 DAGs
[2025-11-19T01:03:49.822+0000] {logging_mixin.py:188} INFO - [2025-11-19T01:03:49.822+0000] {dag.py:3947} INFO - Setting next_dagrun for etl_label_studio to 2025-11-18 03:00:00+00:00, run_after=2025-11-19 03:00:00+00:00
[2025-11-19T01:03:49.828+0000] {processor.py:183} INFO - Processing /opt/airflow/dags/pipeline_label_studio.py took 0.033 seconds
[2025-11-19T01:04:20.184+0000] {processor.py:161} INFO - Started process (PID=1997) to work on /opt/airflow/dags/pipeline_label_studio.py
[2025-11-19T01:04:20.184+0000] {processor.py:830} INFO - Processing file /opt/airflow/dags/pipeline_label_studio.py for tasks to queue
[2025-11-19T01:04:20.185+0000] {logging_mixin.py:188} INFO - [2025-11-19T01:04:20.185+0000] {dagbag.py:545} INFO - Filling up the DagBag from /opt/airflow/dags/pipeline_label_studio.py
[2025-11-19T01:04:20.190+0000] {processor.py:840} INFO - DAG(s) 'etl_label_studio' retrieved from /opt/airflow/dags/pipeline_label_studio.py
[2025-11-19T01:04:20.200+0000] {logging_mixin.py:188} INFO - [2025-11-19T01:04:20.200+0000] {dag.py:3089} INFO - Sync 1 DAGs
[2025-11-19T01:04:20.209+0000] {logging_mixin.py:188} INFO - [2025-11-19T01:04:20.209+0000] {dag.py:3947} INFO - Setting next_dagrun for etl_label_studio to 2025-11-18 03:00:00+00:00, run_after=2025-11-19 03:00:00+00:00
[2025-11-19T01:04:20.215+0000] {processor.py:183} INFO - Processing /opt/airflow/dags/pipeline_label_studio.py took 0.034 seconds
[2025-11-19T01:04:50.468+0000] {processor.py:161} INFO - Started process (PID=2012) to work on /opt/airflow/dags/pipeline_label_studio.py
[2025-11-19T01:04:50.469+0000] {processor.py:830} INFO - Processing file /opt/airflow/dags/pipeline_label_studio.py for tasks to queue
[2025-11-19T01:04:50.469+0000] {logging_mixin.py:188} INFO - [2025-11-19T01:04:50.469+0000] {dagbag.py:545} INFO - Filling up the DagBag from /opt/airflow/dags/pipeline_label_studio.py
[2025-11-19T01:04:50.475+0000] {processor.py:840} INFO - DAG(s) 'etl_label_studio' retrieved from /opt/airflow/dags/pipeline_label_studio.py
[2025-11-19T01:04:50.486+0000] {logging_mixin.py:188} INFO - [2025-11-19T01:04:50.486+0000] {dag.py:3089} INFO - Sync 1 DAGs
[2025-11-19T01:04:50.495+0000] {logging_mixin.py:188} INFO - [2025-11-19T01:04:50.495+0000] {dag.py:3947} INFO - Setting next_dagrun for etl_label_studio to 2025-11-18 03:00:00+00:00, run_after=2025-11-19 03:00:00+00:00
[2025-11-19T01:04:50.503+0000] {processor.py:183} INFO - Processing /opt/airflow/dags/pipeline_label_studio.py took 0.037 seconds
[2025-11-19T01:05:20.882+0000] {processor.py:161} INFO - Started process (PID=2027) to work on /opt/airflow/dags/pipeline_label_studio.py
[2025-11-19T01:05:20.883+0000] {processor.py:830} INFO - Processing file /opt/airflow/dags/pipeline_label_studio.py for tasks to queue
[2025-11-19T01:05:20.883+0000] {logging_mixin.py:188} INFO - [2025-11-19T01:05:20.883+0000] {dagbag.py:545} INFO - Filling up the DagBag from /opt/airflow/dags/pipeline_label_studio.py
[2025-11-19T01:05:20.889+0000] {processor.py:840} INFO - DAG(s) 'etl_label_studio' retrieved from /opt/airflow/dags/pipeline_label_studio.py
[2025-11-19T01:05:20.914+0000] {logging_mixin.py:188} INFO - [2025-11-19T01:05:20.913+0000] {dag.py:3089} INFO - Sync 1 DAGs
[2025-11-19T01:05:20.928+0000] {logging_mixin.py:188} INFO - [2025-11-19T01:05:20.928+0000] {dag.py:3947} INFO - Setting next_dagrun for etl_label_studio to 2025-11-18 03:00:00+00:00, run_after=2025-11-19 03:00:00+00:00
[2025-11-19T01:05:20.938+0000] {processor.py:183} INFO - Processing /opt/airflow/dags/pipeline_label_studio.py took 0.059 seconds
[2025-11-19T01:05:51.218+0000] {processor.py:161} INFO - Started process (PID=2042) to work on /opt/airflow/dags/pipeline_label_studio.py
[2025-11-19T01:05:51.218+0000] {processor.py:830} INFO - Processing file /opt/airflow/dags/pipeline_label_studio.py for tasks to queue
[2025-11-19T01:05:51.219+0000] {logging_mixin.py:188} INFO - [2025-11-19T01:05:51.219+0000] {dagbag.py:545} INFO - Filling up the DagBag from /opt/airflow/dags/pipeline_label_studio.py
[2025-11-19T01:05:51.224+0000] {processor.py:840} INFO - DAG(s) 'etl_label_studio' retrieved from /opt/airflow/dags/pipeline_label_studio.py
[2025-11-19T01:05:51.235+0000] {logging_mixin.py:188} INFO - [2025-11-19T01:05:51.235+0000] {dag.py:3089} INFO - Sync 1 DAGs
[2025-11-19T01:05:51.243+0000] {logging_mixin.py:188} INFO - [2025-11-19T01:05:51.243+0000] {dag.py:3947} INFO - Setting next_dagrun for etl_label_studio to 2025-11-18 03:00:00+00:00, run_after=2025-11-19 03:00:00+00:00
[2025-11-19T01:05:51.249+0000] {processor.py:183} INFO - Processing /opt/airflow/dags/pipeline_label_studio.py took 0.033 seconds
[2025-11-19T01:06:21.558+0000] {processor.py:161} INFO - Started process (PID=2057) to work on /opt/airflow/dags/pipeline_label_studio.py
[2025-11-19T01:06:21.559+0000] {processor.py:830} INFO - Processing file /opt/airflow/dags/pipeline_label_studio.py for tasks to queue
[2025-11-19T01:06:21.559+0000] {logging_mixin.py:188} INFO - [2025-11-19T01:06:21.559+0000] {dagbag.py:545} INFO - Filling up the DagBag from /opt/airflow/dags/pipeline_label_studio.py
[2025-11-19T01:06:21.564+0000] {processor.py:840} INFO - DAG(s) 'etl_label_studio' retrieved from /opt/airflow/dags/pipeline_label_studio.py
[2025-11-19T01:06:21.575+0000] {logging_mixin.py:188} INFO - [2025-11-19T01:06:21.575+0000] {dag.py:3089} INFO - Sync 1 DAGs
[2025-11-19T01:06:21.583+0000] {logging_mixin.py:188} INFO - [2025-11-19T01:06:21.583+0000] {dag.py:3947} INFO - Setting next_dagrun for etl_label_studio to 2025-11-18 03:00:00+00:00, run_after=2025-11-19 03:00:00+00:00
[2025-11-19T01:06:21.590+0000] {processor.py:183} INFO - Processing /opt/airflow/dags/pipeline_label_studio.py took 0.035 seconds
[2025-11-19T01:06:51.847+0000] {processor.py:161} INFO - Started process (PID=2072) to work on /opt/airflow/dags/pipeline_label_studio.py
[2025-11-19T01:06:51.848+0000] {processor.py:830} INFO - Processing file /opt/airflow/dags/pipeline_label_studio.py for tasks to queue
[2025-11-19T01:06:51.849+0000] {logging_mixin.py:188} INFO - [2025-11-19T01:06:51.848+0000] {dagbag.py:545} INFO - Filling up the DagBag from /opt/airflow/dags/pipeline_label_studio.py
[2025-11-19T01:06:51.854+0000] {processor.py:840} INFO - DAG(s) 'etl_label_studio' retrieved from /opt/airflow/dags/pipeline_label_studio.py
[2025-11-19T01:06:51.866+0000] {logging_mixin.py:188} INFO - [2025-11-19T01:06:51.866+0000] {dag.py:3089} INFO - Sync 1 DAGs
[2025-11-19T01:06:51.876+0000] {logging_mixin.py:188} INFO - [2025-11-19T01:06:51.876+0000] {dag.py:3947} INFO - Setting next_dagrun for etl_label_studio to 2025-11-18 03:00:00+00:00, run_after=2025-11-19 03:00:00+00:00
[2025-11-19T01:06:51.884+0000] {processor.py:183} INFO - Processing /opt/airflow/dags/pipeline_label_studio.py took 0.040 seconds
[2025-11-19T01:07:37.318+0000] {processor.py:161} INFO - Started process (PID=176) to work on /opt/airflow/dags/pipeline_label_studio.py
[2025-11-19T01:07:37.318+0000] {processor.py:830} INFO - Processing file /opt/airflow/dags/pipeline_label_studio.py for tasks to queue
[2025-11-19T01:07:37.319+0000] {logging_mixin.py:188} INFO - [2025-11-19T01:07:37.319+0000] {dagbag.py:545} INFO - Filling up the DagBag from /opt/airflow/dags/pipeline_label_studio.py
[2025-11-19T01:07:37.324+0000] {processor.py:840} INFO - DAG(s) 'etl_label_studio' retrieved from /opt/airflow/dags/pipeline_label_studio.py
[2025-11-19T01:07:37.330+0000] {logging_mixin.py:188} INFO - [2025-11-19T01:07:37.330+0000] {dag.py:3089} INFO - Sync 1 DAGs
[2025-11-19T01:07:37.341+0000] {logging_mixin.py:188} INFO - [2025-11-19T01:07:37.341+0000] {dag.py:3947} INFO - Setting next_dagrun for etl_label_studio to 2025-11-18 03:00:00+00:00, run_after=2025-11-19 03:00:00+00:00
[2025-11-19T01:07:37.372+0000] {processor.py:183} INFO - Processing /opt/airflow/dags/pipeline_label_studio.py took 0.056 seconds
[2025-11-19T01:08:07.746+0000] {processor.py:161} INFO - Started process (PID=191) to work on /opt/airflow/dags/pipeline_label_studio.py
[2025-11-19T01:08:07.746+0000] {processor.py:830} INFO - Processing file /opt/airflow/dags/pipeline_label_studio.py for tasks to queue
[2025-11-19T01:08:07.748+0000] {logging_mixin.py:188} INFO - [2025-11-19T01:08:07.747+0000] {dagbag.py:545} INFO - Filling up the DagBag from /opt/airflow/dags/pipeline_label_studio.py
[2025-11-19T01:08:07.752+0000] {processor.py:840} INFO - DAG(s) 'etl_label_studio' retrieved from /opt/airflow/dags/pipeline_label_studio.py
[2025-11-19T01:08:07.792+0000] {logging_mixin.py:188} INFO - [2025-11-19T01:08:07.792+0000] {dag.py:3089} INFO - Sync 1 DAGs
[2025-11-19T01:08:07.800+0000] {logging_mixin.py:188} INFO - [2025-11-19T01:08:07.800+0000] {dag.py:3947} INFO - Setting next_dagrun for etl_label_studio to 2025-11-18 03:00:00+00:00, run_after=2025-11-19 03:00:00+00:00
[2025-11-19T01:08:07.809+0000] {processor.py:183} INFO - Processing /opt/airflow/dags/pipeline_label_studio.py took 0.065 seconds
[2025-11-19T01:08:38.032+0000] {processor.py:161} INFO - Started process (PID=206) to work on /opt/airflow/dags/pipeline_label_studio.py
[2025-11-19T01:08:38.032+0000] {processor.py:830} INFO - Processing file /opt/airflow/dags/pipeline_label_studio.py for tasks to queue
[2025-11-19T01:08:38.033+0000] {logging_mixin.py:188} INFO - [2025-11-19T01:08:38.032+0000] {dagbag.py:545} INFO - Filling up the DagBag from /opt/airflow/dags/pipeline_label_studio.py
[2025-11-19T01:08:38.037+0000] {processor.py:840} INFO - DAG(s) 'etl_label_studio' retrieved from /opt/airflow/dags/pipeline_label_studio.py
[2025-11-19T01:08:38.049+0000] {logging_mixin.py:188} INFO - [2025-11-19T01:08:38.049+0000] {dag.py:3089} INFO - Sync 1 DAGs
[2025-11-19T01:08:38.058+0000] {logging_mixin.py:188} INFO - [2025-11-19T01:08:38.057+0000] {dag.py:3947} INFO - Setting next_dagrun for etl_label_studio to 2025-11-18 03:00:00+00:00, run_after=2025-11-19 03:00:00+00:00
[2025-11-19T01:08:38.064+0000] {processor.py:183} INFO - Processing /opt/airflow/dags/pipeline_label_studio.py took 0.034 seconds
[2025-11-19T01:09:08.439+0000] {processor.py:161} INFO - Started process (PID=221) to work on /opt/airflow/dags/pipeline_label_studio.py
[2025-11-19T01:09:08.440+0000] {processor.py:830} INFO - Processing file /opt/airflow/dags/pipeline_label_studio.py for tasks to queue
[2025-11-19T01:09:08.440+0000] {logging_mixin.py:188} INFO - [2025-11-19T01:09:08.440+0000] {dagbag.py:545} INFO - Filling up the DagBag from /opt/airflow/dags/pipeline_label_studio.py
[2025-11-19T01:09:08.446+0000] {processor.py:840} INFO - DAG(s) 'etl_label_studio' retrieved from /opt/airflow/dags/pipeline_label_studio.py
[2025-11-19T01:09:08.459+0000] {logging_mixin.py:188} INFO - [2025-11-19T01:09:08.459+0000] {dag.py:3089} INFO - Sync 1 DAGs
[2025-11-19T01:09:08.469+0000] {logging_mixin.py:188} INFO - [2025-11-19T01:09:08.469+0000] {dag.py:3947} INFO - Setting next_dagrun for etl_label_studio to 2025-11-18 03:00:00+00:00, run_after=2025-11-19 03:00:00+00:00
[2025-11-19T01:09:08.477+0000] {processor.py:183} INFO - Processing /opt/airflow/dags/pipeline_label_studio.py took 0.040 seconds
[2025-11-19T01:09:38.768+0000] {processor.py:161} INFO - Started process (PID=236) to work on /opt/airflow/dags/pipeline_label_studio.py
[2025-11-19T01:09:38.768+0000] {processor.py:830} INFO - Processing file /opt/airflow/dags/pipeline_label_studio.py for tasks to queue
[2025-11-19T01:09:38.768+0000] {logging_mixin.py:188} INFO - [2025-11-19T01:09:38.768+0000] {dagbag.py:545} INFO - Filling up the DagBag from /opt/airflow/dags/pipeline_label_studio.py
[2025-11-19T01:09:38.773+0000] {processor.py:840} INFO - DAG(s) 'etl_label_studio' retrieved from /opt/airflow/dags/pipeline_label_studio.py
[2025-11-19T01:09:38.784+0000] {logging_mixin.py:188} INFO - [2025-11-19T01:09:38.784+0000] {dag.py:3089} INFO - Sync 1 DAGs
[2025-11-19T01:09:38.793+0000] {logging_mixin.py:188} INFO - [2025-11-19T01:09:38.793+0000] {dag.py:3947} INFO - Setting next_dagrun for etl_label_studio to 2025-11-18 03:00:00+00:00, run_after=2025-11-19 03:00:00+00:00
[2025-11-19T01:09:38.800+0000] {processor.py:183} INFO - Processing /opt/airflow/dags/pipeline_label_studio.py took 0.034 seconds
[2025-11-19T01:10:53.942+0000] {processor.py:161} INFO - Started process (PID=176) to work on /opt/airflow/dags/pipeline_label_studio.py
[2025-11-19T01:10:53.943+0000] {processor.py:830} INFO - Processing file /opt/airflow/dags/pipeline_label_studio.py for tasks to queue
[2025-11-19T01:10:53.944+0000] {logging_mixin.py:188} INFO - [2025-11-19T01:10:53.944+0000] {dagbag.py:545} INFO - Filling up the DagBag from /opt/airflow/dags/pipeline_label_studio.py
[2025-11-19T01:10:53.950+0000] {processor.py:840} INFO - DAG(s) 'etl_label_studio' retrieved from /opt/airflow/dags/pipeline_label_studio.py
[2025-11-19T01:10:53.958+0000] {logging_mixin.py:188} INFO - [2025-11-19T01:10:53.958+0000] {dag.py:3089} INFO - Sync 1 DAGs
[2025-11-19T01:10:53.970+0000] {logging_mixin.py:188} INFO - [2025-11-19T01:10:53.970+0000] {dag.py:3947} INFO - Setting next_dagrun for etl_label_studio to 2025-11-18 03:00:00+00:00, run_after=2025-11-19 03:00:00+00:00
[2025-11-19T01:10:53.979+0000] {processor.py:183} INFO - Processing /opt/airflow/dags/pipeline_label_studio.py took 0.041 seconds
[2025-11-19T01:11:24.337+0000] {processor.py:161} INFO - Started process (PID=191) to work on /opt/airflow/dags/pipeline_label_studio.py
[2025-11-19T01:11:24.337+0000] {processor.py:830} INFO - Processing file /opt/airflow/dags/pipeline_label_studio.py for tasks to queue
[2025-11-19T01:11:24.338+0000] {logging_mixin.py:188} INFO - [2025-11-19T01:11:24.337+0000] {dagbag.py:545} INFO - Filling up the DagBag from /opt/airflow/dags/pipeline_label_studio.py
[2025-11-19T01:11:24.342+0000] {processor.py:840} INFO - DAG(s) 'etl_label_studio' retrieved from /opt/airflow/dags/pipeline_label_studio.py
[2025-11-19T01:11:24.379+0000] {logging_mixin.py:188} INFO - [2025-11-19T01:11:24.379+0000] {dag.py:3089} INFO - Sync 1 DAGs
[2025-11-19T01:11:24.391+0000] {logging_mixin.py:188} INFO - [2025-11-19T01:11:24.391+0000] {dag.py:3947} INFO - Setting next_dagrun for etl_label_studio to 2025-11-18 03:00:00+00:00, run_after=2025-11-19 03:00:00+00:00
[2025-11-19T01:11:24.402+0000] {processor.py:183} INFO - Processing /opt/airflow/dags/pipeline_label_studio.py took 0.067 seconds
[2025-11-19T01:11:54.662+0000] {processor.py:161} INFO - Started process (PID=206) to work on /opt/airflow/dags/pipeline_label_studio.py
[2025-11-19T01:11:54.662+0000] {processor.py:830} INFO - Processing file /opt/airflow/dags/pipeline_label_studio.py for tasks to queue
[2025-11-19T01:11:54.663+0000] {logging_mixin.py:188} INFO - [2025-11-19T01:11:54.662+0000] {dagbag.py:545} INFO - Filling up the DagBag from /opt/airflow/dags/pipeline_label_studio.py
[2025-11-19T01:11:54.668+0000] {processor.py:840} INFO - DAG(s) 'etl_label_studio' retrieved from /opt/airflow/dags/pipeline_label_studio.py
[2025-11-19T01:11:54.680+0000] {logging_mixin.py:188} INFO - [2025-11-19T01:11:54.680+0000] {dag.py:3089} INFO - Sync 1 DAGs
[2025-11-19T01:11:54.690+0000] {logging_mixin.py:188} INFO - [2025-11-19T01:11:54.689+0000] {dag.py:3947} INFO - Setting next_dagrun for etl_label_studio to 2025-11-18 03:00:00+00:00, run_after=2025-11-19 03:00:00+00:00
[2025-11-19T01:11:54.698+0000] {processor.py:183} INFO - Processing /opt/airflow/dags/pipeline_label_studio.py took 0.039 seconds
[2025-11-19T01:12:24.940+0000] {processor.py:161} INFO - Started process (PID=233) to work on /opt/airflow/dags/pipeline_label_studio.py
[2025-11-19T01:12:24.940+0000] {processor.py:830} INFO - Processing file /opt/airflow/dags/pipeline_label_studio.py for tasks to queue
[2025-11-19T01:12:24.941+0000] {logging_mixin.py:188} INFO - [2025-11-19T01:12:24.941+0000] {dagbag.py:545} INFO - Filling up the DagBag from /opt/airflow/dags/pipeline_label_studio.py
[2025-11-19T01:12:24.946+0000] {processor.py:840} INFO - DAG(s) 'etl_label_studio' retrieved from /opt/airflow/dags/pipeline_label_studio.py
[2025-11-19T01:12:24.971+0000] {logging_mixin.py:188} INFO - [2025-11-19T01:12:24.970+0000] {dag.py:3089} INFO - Sync 1 DAGs
[2025-11-19T01:12:24.980+0000] {logging_mixin.py:188} INFO - [2025-11-19T01:12:24.980+0000] {dag.py:3947} INFO - Setting next_dagrun for etl_label_studio to 2025-11-18 03:00:00+00:00, run_after=2025-11-19 03:00:00+00:00
[2025-11-19T01:12:24.987+0000] {processor.py:183} INFO - Processing /opt/airflow/dags/pipeline_label_studio.py took 0.049 seconds
[2025-11-19T01:12:55.220+0000] {processor.py:161} INFO - Started process (PID=1127) to work on /opt/airflow/dags/pipeline_label_studio.py
[2025-11-19T01:12:55.221+0000] {processor.py:830} INFO - Processing file /opt/airflow/dags/pipeline_label_studio.py for tasks to queue
[2025-11-19T01:12:55.222+0000] {logging_mixin.py:188} INFO - [2025-11-19T01:12:55.222+0000] {dagbag.py:545} INFO - Filling up the DagBag from /opt/airflow/dags/pipeline_label_studio.py
[2025-11-19T01:12:55.227+0000] {processor.py:840} INFO - DAG(s) 'etl_label_studio' retrieved from /opt/airflow/dags/pipeline_label_studio.py
[2025-11-19T01:12:55.240+0000] {logging_mixin.py:188} INFO - [2025-11-19T01:12:55.240+0000] {dag.py:3089} INFO - Sync 1 DAGs
[2025-11-19T01:12:55.250+0000] {logging_mixin.py:188} INFO - [2025-11-19T01:12:55.250+0000] {dag.py:3947} INFO - Setting next_dagrun for etl_label_studio to 2025-11-18 03:00:00+00:00, run_after=2025-11-19 03:00:00+00:00
[2025-11-19T01:12:55.257+0000] {processor.py:183} INFO - Processing /opt/airflow/dags/pipeline_label_studio.py took 0.040 seconds
[2025-11-19T01:13:25.569+0000] {processor.py:161} INFO - Started process (PID=1142) to work on /opt/airflow/dags/pipeline_label_studio.py
[2025-11-19T01:13:25.573+0000] {processor.py:830} INFO - Processing file /opt/airflow/dags/pipeline_label_studio.py for tasks to queue
[2025-11-19T01:13:25.577+0000] {logging_mixin.py:188} INFO - [2025-11-19T01:13:25.576+0000] {dagbag.py:545} INFO - Filling up the DagBag from /opt/airflow/dags/pipeline_label_studio.py
[2025-11-19T01:13:25.584+0000] {processor.py:840} INFO - DAG(s) 'etl_label_studio' retrieved from /opt/airflow/dags/pipeline_label_studio.py
[2025-11-19T01:13:25.599+0000] {logging_mixin.py:188} INFO - [2025-11-19T01:13:25.599+0000] {dag.py:3089} INFO - Sync 1 DAGs
[2025-11-19T01:13:25.610+0000] {logging_mixin.py:188} INFO - [2025-11-19T01:13:25.610+0000] {dag.py:3947} INFO - Setting next_dagrun for etl_label_studio to 2025-11-18 03:00:00+00:00, run_after=2025-11-19 03:00:00+00:00
[2025-11-19T01:13:25.618+0000] {processor.py:183} INFO - Processing /opt/airflow/dags/pipeline_label_studio.py took 0.054 seconds
[2025-11-19T01:13:55.905+0000] {processor.py:161} INFO - Started process (PID=1157) to work on /opt/airflow/dags/pipeline_label_studio.py
[2025-11-19T01:13:55.905+0000] {processor.py:830} INFO - Processing file /opt/airflow/dags/pipeline_label_studio.py for tasks to queue
[2025-11-19T01:13:55.906+0000] {logging_mixin.py:188} INFO - [2025-11-19T01:13:55.906+0000] {dagbag.py:545} INFO - Filling up the DagBag from /opt/airflow/dags/pipeline_label_studio.py
[2025-11-19T01:13:55.911+0000] {processor.py:840} INFO - DAG(s) 'etl_label_studio' retrieved from /opt/airflow/dags/pipeline_label_studio.py
[2025-11-19T01:13:55.923+0000] {logging_mixin.py:188} INFO - [2025-11-19T01:13:55.922+0000] {dag.py:3089} INFO - Sync 1 DAGs
[2025-11-19T01:13:55.932+0000] {logging_mixin.py:188} INFO - [2025-11-19T01:13:55.932+0000] {dag.py:3947} INFO - Setting next_dagrun for etl_label_studio to 2025-11-18 03:00:00+00:00, run_after=2025-11-19 03:00:00+00:00
[2025-11-19T01:13:55.940+0000] {processor.py:183} INFO - Processing /opt/airflow/dags/pipeline_label_studio.py took 0.037 seconds
[2025-11-19T01:14:26.266+0000] {processor.py:161} INFO - Started process (PID=1172) to work on /opt/airflow/dags/pipeline_label_studio.py
[2025-11-19T01:14:26.267+0000] {processor.py:830} INFO - Processing file /opt/airflow/dags/pipeline_label_studio.py for tasks to queue
[2025-11-19T01:14:26.267+0000] {logging_mixin.py:188} INFO - [2025-11-19T01:14:26.267+0000] {dagbag.py:545} INFO - Filling up the DagBag from /opt/airflow/dags/pipeline_label_studio.py
[2025-11-19T01:14:26.272+0000] {processor.py:840} INFO - DAG(s) 'etl_label_studio' retrieved from /opt/airflow/dags/pipeline_label_studio.py
[2025-11-19T01:14:26.283+0000] {logging_mixin.py:188} INFO - [2025-11-19T01:14:26.283+0000] {dag.py:3089} INFO - Sync 1 DAGs
[2025-11-19T01:14:26.293+0000] {logging_mixin.py:188} INFO - [2025-11-19T01:14:26.293+0000] {dag.py:3947} INFO - Setting next_dagrun for etl_label_studio to 2025-11-18 03:00:00+00:00, run_after=2025-11-19 03:00:00+00:00
[2025-11-19T01:14:26.299+0000] {processor.py:183} INFO - Processing /opt/airflow/dags/pipeline_label_studio.py took 0.035 seconds
[2025-11-19T01:14:56.504+0000] {processor.py:161} INFO - Started process (PID=1210) to work on /opt/airflow/dags/pipeline_label_studio.py
[2025-11-19T01:14:56.505+0000] {processor.py:830} INFO - Processing file /opt/airflow/dags/pipeline_label_studio.py for tasks to queue
[2025-11-19T01:14:56.506+0000] {logging_mixin.py:188} INFO - [2025-11-19T01:14:56.506+0000] {dagbag.py:545} INFO - Filling up the DagBag from /opt/airflow/dags/pipeline_label_studio.py
[2025-11-19T01:14:56.514+0000] {processor.py:840} INFO - DAG(s) 'etl_label_studio' retrieved from /opt/airflow/dags/pipeline_label_studio.py
[2025-11-19T01:14:56.532+0000] {logging_mixin.py:188} INFO - [2025-11-19T01:14:56.532+0000] {dag.py:3089} INFO - Sync 1 DAGs
[2025-11-19T01:14:56.547+0000] {logging_mixin.py:188} INFO - [2025-11-19T01:14:56.547+0000] {dag.py:3947} INFO - Setting next_dagrun for etl_label_studio to 2025-11-18 03:00:00+00:00, run_after=2025-11-19 03:00:00+00:00
[2025-11-19T01:14:56.563+0000] {processor.py:183} INFO - Processing /opt/airflow/dags/pipeline_label_studio.py took 0.061 seconds
[2025-11-19T01:15:26.816+0000] {processor.py:161} INFO - Started process (PID=1925) to work on /opt/airflow/dags/pipeline_label_studio.py
[2025-11-19T01:15:26.816+0000] {processor.py:830} INFO - Processing file /opt/airflow/dags/pipeline_label_studio.py for tasks to queue
[2025-11-19T01:15:26.817+0000] {logging_mixin.py:188} INFO - [2025-11-19T01:15:26.817+0000] {dagbag.py:545} INFO - Filling up the DagBag from /opt/airflow/dags/pipeline_label_studio.py
[2025-11-19T01:15:26.825+0000] {processor.py:840} INFO - DAG(s) 'etl_label_studio' retrieved from /opt/airflow/dags/pipeline_label_studio.py
[2025-11-19T01:15:26.842+0000] {logging_mixin.py:188} INFO - [2025-11-19T01:15:26.842+0000] {dag.py:3089} INFO - Sync 1 DAGs
[2025-11-19T01:15:26.855+0000] {logging_mixin.py:188} INFO - [2025-11-19T01:15:26.855+0000] {dag.py:3947} INFO - Setting next_dagrun for etl_label_studio to 2025-11-18 03:00:00+00:00, run_after=2025-11-19 03:00:00+00:00
[2025-11-19T01:15:26.863+0000] {processor.py:183} INFO - Processing /opt/airflow/dags/pipeline_label_studio.py took 0.051 seconds
[2025-11-19T01:15:57.101+0000] {processor.py:161} INFO - Started process (PID=1940) to work on /opt/airflow/dags/pipeline_label_studio.py
[2025-11-19T01:15:57.102+0000] {processor.py:830} INFO - Processing file /opt/airflow/dags/pipeline_label_studio.py for tasks to queue
[2025-11-19T01:15:57.104+0000] {logging_mixin.py:188} INFO - [2025-11-19T01:15:57.103+0000] {dagbag.py:545} INFO - Filling up the DagBag from /opt/airflow/dags/pipeline_label_studio.py
[2025-11-19T01:15:57.113+0000] {processor.py:840} INFO - DAG(s) 'etl_label_studio' retrieved from /opt/airflow/dags/pipeline_label_studio.py
[2025-11-19T01:15:57.148+0000] {logging_mixin.py:188} INFO - [2025-11-19T01:15:57.148+0000] {dag.py:3089} INFO - Sync 1 DAGs
[2025-11-19T01:15:57.163+0000] {logging_mixin.py:188} INFO - [2025-11-19T01:15:57.163+0000] {dag.py:3947} INFO - Setting next_dagrun for etl_label_studio to 2025-11-18 03:00:00+00:00, run_after=2025-11-19 03:00:00+00:00
[2025-11-19T01:15:57.176+0000] {processor.py:183} INFO - Processing /opt/airflow/dags/pipeline_label_studio.py took 0.078 seconds
[2025-11-19T01:16:27.354+0000] {processor.py:161} INFO - Started process (PID=1955) to work on /opt/airflow/dags/pipeline_label_studio.py
[2025-11-19T01:16:27.355+0000] {processor.py:830} INFO - Processing file /opt/airflow/dags/pipeline_label_studio.py for tasks to queue
[2025-11-19T01:16:27.356+0000] {logging_mixin.py:188} INFO - [2025-11-19T01:16:27.356+0000] {dagbag.py:545} INFO - Filling up the DagBag from /opt/airflow/dags/pipeline_label_studio.py
[2025-11-19T01:16:27.365+0000] {processor.py:840} INFO - DAG(s) 'etl_label_studio' retrieved from /opt/airflow/dags/pipeline_label_studio.py
[2025-11-19T01:16:27.383+0000] {logging_mixin.py:188} INFO - [2025-11-19T01:16:27.383+0000] {dag.py:3089} INFO - Sync 1 DAGs
[2025-11-19T01:16:27.396+0000] {logging_mixin.py:188} INFO - [2025-11-19T01:16:27.396+0000] {dag.py:3947} INFO - Setting next_dagrun for etl_label_studio to 2025-11-18 03:00:00+00:00, run_after=2025-11-19 03:00:00+00:00
[2025-11-19T01:16:27.404+0000] {processor.py:183} INFO - Processing /opt/airflow/dags/pipeline_label_studio.py took 0.052 seconds
[2025-11-19T01:16:57.628+0000] {processor.py:161} INFO - Started process (PID=1970) to work on /opt/airflow/dags/pipeline_label_studio.py
[2025-11-19T01:16:57.628+0000] {processor.py:830} INFO - Processing file /opt/airflow/dags/pipeline_label_studio.py for tasks to queue
[2025-11-19T01:16:57.630+0000] {logging_mixin.py:188} INFO - [2025-11-19T01:16:57.629+0000] {dagbag.py:545} INFO - Filling up the DagBag from /opt/airflow/dags/pipeline_label_studio.py
[2025-11-19T01:16:57.642+0000] {processor.py:840} INFO - DAG(s) 'etl_label_studio' retrieved from /opt/airflow/dags/pipeline_label_studio.py
[2025-11-19T01:16:57.663+0000] {logging_mixin.py:188} INFO - [2025-11-19T01:16:57.663+0000] {dag.py:3089} INFO - Sync 1 DAGs
[2025-11-19T01:16:57.677+0000] {logging_mixin.py:188} INFO - [2025-11-19T01:16:57.677+0000] {dag.py:3947} INFO - Setting next_dagrun for etl_label_studio to 2025-11-18 03:00:00+00:00, run_after=2025-11-19 03:00:00+00:00
[2025-11-19T01:16:57.686+0000] {processor.py:183} INFO - Processing /opt/airflow/dags/pipeline_label_studio.py took 0.062 seconds
[2025-11-19T01:17:27.930+0000] {processor.py:161} INFO - Started process (PID=1985) to work on /opt/airflow/dags/pipeline_label_studio.py
[2025-11-19T01:17:27.931+0000] {processor.py:830} INFO - Processing file /opt/airflow/dags/pipeline_label_studio.py for tasks to queue
[2025-11-19T01:17:27.931+0000] {logging_mixin.py:188} INFO - [2025-11-19T01:17:27.931+0000] {dagbag.py:545} INFO - Filling up the DagBag from /opt/airflow/dags/pipeline_label_studio.py
[2025-11-19T01:17:27.938+0000] {processor.py:840} INFO - DAG(s) 'etl_label_studio' retrieved from /opt/airflow/dags/pipeline_label_studio.py
[2025-11-19T01:17:27.955+0000] {logging_mixin.py:188} INFO - [2025-11-19T01:17:27.954+0000] {dag.py:3089} INFO - Sync 1 DAGs
[2025-11-19T01:17:27.968+0000] {logging_mixin.py:188} INFO - [2025-11-19T01:17:27.968+0000] {dag.py:3947} INFO - Setting next_dagrun for etl_label_studio to 2025-11-18 03:00:00+00:00, run_after=2025-11-19 03:00:00+00:00
[2025-11-19T01:17:27.976+0000] {processor.py:183} INFO - Processing /opt/airflow/dags/pipeline_label_studio.py took 0.048 seconds
[2025-11-19T01:17:58.197+0000] {processor.py:161} INFO - Started process (PID=2000) to work on /opt/airflow/dags/pipeline_label_studio.py
[2025-11-19T01:17:58.197+0000] {processor.py:830} INFO - Processing file /opt/airflow/dags/pipeline_label_studio.py for tasks to queue
[2025-11-19T01:17:58.199+0000] {logging_mixin.py:188} INFO - [2025-11-19T01:17:58.199+0000] {dagbag.py:545} INFO - Filling up the DagBag from /opt/airflow/dags/pipeline_label_studio.py
[2025-11-19T01:17:58.211+0000] {processor.py:840} INFO - DAG(s) 'etl_label_studio' retrieved from /opt/airflow/dags/pipeline_label_studio.py
[2025-11-19T01:17:58.247+0000] {logging_mixin.py:188} INFO - [2025-11-19T01:17:58.246+0000] {dag.py:3089} INFO - Sync 1 DAGs
[2025-11-19T01:17:58.264+0000] {logging_mixin.py:188} INFO - [2025-11-19T01:17:58.264+0000] {dag.py:3947} INFO - Setting next_dagrun for etl_label_studio to 2025-11-18 03:00:00+00:00, run_after=2025-11-19 03:00:00+00:00
[2025-11-19T01:17:58.279+0000] {processor.py:183} INFO - Processing /opt/airflow/dags/pipeline_label_studio.py took 0.086 seconds
[2025-11-19T01:18:28.511+0000] {processor.py:161} INFO - Started process (PID=2015) to work on /opt/airflow/dags/pipeline_label_studio.py
[2025-11-19T01:18:28.512+0000] {processor.py:830} INFO - Processing file /opt/airflow/dags/pipeline_label_studio.py for tasks to queue
[2025-11-19T01:18:28.513+0000] {logging_mixin.py:188} INFO - [2025-11-19T01:18:28.513+0000] {dagbag.py:545} INFO - Filling up the DagBag from /opt/airflow/dags/pipeline_label_studio.py
[2025-11-19T01:18:28.519+0000] {processor.py:840} INFO - DAG(s) 'etl_label_studio' retrieved from /opt/airflow/dags/pipeline_label_studio.py
[2025-11-19T01:18:28.531+0000] {logging_mixin.py:188} INFO - [2025-11-19T01:18:28.531+0000] {dag.py:3089} INFO - Sync 1 DAGs
[2025-11-19T01:18:28.542+0000] {logging_mixin.py:188} INFO - [2025-11-19T01:18:28.542+0000] {dag.py:3947} INFO - Setting next_dagrun for etl_label_studio to 2025-11-18 03:00:00+00:00, run_after=2025-11-19 03:00:00+00:00
[2025-11-19T01:18:28.549+0000] {processor.py:183} INFO - Processing /opt/airflow/dags/pipeline_label_studio.py took 0.042 seconds
[2025-11-19T01:18:58.801+0000] {processor.py:161} INFO - Started process (PID=2030) to work on /opt/airflow/dags/pipeline_label_studio.py
[2025-11-19T01:18:58.802+0000] {processor.py:830} INFO - Processing file /opt/airflow/dags/pipeline_label_studio.py for tasks to queue
[2025-11-19T01:18:58.803+0000] {logging_mixin.py:188} INFO - [2025-11-19T01:18:58.803+0000] {dagbag.py:545} INFO - Filling up the DagBag from /opt/airflow/dags/pipeline_label_studio.py
[2025-11-19T01:18:58.812+0000] {processor.py:840} INFO - DAG(s) 'etl_label_studio' retrieved from /opt/airflow/dags/pipeline_label_studio.py
[2025-11-19T01:18:58.835+0000] {logging_mixin.py:188} INFO - [2025-11-19T01:18:58.835+0000] {dag.py:3089} INFO - Sync 1 DAGs
[2025-11-19T01:18:58.850+0000] {logging_mixin.py:188} INFO - [2025-11-19T01:18:58.850+0000] {dag.py:3947} INFO - Setting next_dagrun for etl_label_studio to 2025-11-18 03:00:00+00:00, run_after=2025-11-19 03:00:00+00:00
[2025-11-19T01:18:58.861+0000] {processor.py:183} INFO - Processing /opt/airflow/dags/pipeline_label_studio.py took 0.064 seconds
[2025-11-19T01:19:29.147+0000] {processor.py:161} INFO - Started process (PID=2045) to work on /opt/airflow/dags/pipeline_label_studio.py
[2025-11-19T01:19:29.148+0000] {processor.py:830} INFO - Processing file /opt/airflow/dags/pipeline_label_studio.py for tasks to queue
[2025-11-19T01:19:29.149+0000] {logging_mixin.py:188} INFO - [2025-11-19T01:19:29.148+0000] {dagbag.py:545} INFO - Filling up the DagBag from /opt/airflow/dags/pipeline_label_studio.py
[2025-11-19T01:19:29.158+0000] {processor.py:840} INFO - DAG(s) 'etl_label_studio' retrieved from /opt/airflow/dags/pipeline_label_studio.py
[2025-11-19T01:19:29.178+0000] {logging_mixin.py:188} INFO - [2025-11-19T01:19:29.178+0000] {dag.py:3089} INFO - Sync 1 DAGs
[2025-11-19T01:19:29.193+0000] {logging_mixin.py:188} INFO - [2025-11-19T01:19:29.193+0000] {dag.py:3947} INFO - Setting next_dagrun for etl_label_studio to 2025-11-18 03:00:00+00:00, run_after=2025-11-19 03:00:00+00:00
[2025-11-19T01:19:29.203+0000] {processor.py:183} INFO - Processing /opt/airflow/dags/pipeline_label_studio.py took 0.059 seconds
[2025-11-19T01:19:59.457+0000] {processor.py:161} INFO - Started process (PID=2060) to work on /opt/airflow/dags/pipeline_label_studio.py
[2025-11-19T01:19:59.457+0000] {processor.py:830} INFO - Processing file /opt/airflow/dags/pipeline_label_studio.py for tasks to queue
[2025-11-19T01:19:59.460+0000] {logging_mixin.py:188} INFO - [2025-11-19T01:19:59.459+0000] {dagbag.py:545} INFO - Filling up the DagBag from /opt/airflow/dags/pipeline_label_studio.py
[2025-11-19T01:19:59.474+0000] {processor.py:840} INFO - DAG(s) 'etl_label_studio' retrieved from /opt/airflow/dags/pipeline_label_studio.py
[2025-11-19T01:19:59.509+0000] {logging_mixin.py:188} INFO - [2025-11-19T01:19:59.508+0000] {dag.py:3089} INFO - Sync 1 DAGs
[2025-11-19T01:19:59.527+0000] {logging_mixin.py:188} INFO - [2025-11-19T01:19:59.527+0000] {dag.py:3947} INFO - Setting next_dagrun for etl_label_studio to 2025-11-18 03:00:00+00:00, run_after=2025-11-19 03:00:00+00:00
[2025-11-19T01:19:59.536+0000] {processor.py:183} INFO - Processing /opt/airflow/dags/pipeline_label_studio.py took 0.083 seconds
[2025-11-19T01:20:29.778+0000] {processor.py:161} INFO - Started process (PID=2075) to work on /opt/airflow/dags/pipeline_label_studio.py
[2025-11-19T01:20:29.779+0000] {processor.py:830} INFO - Processing file /opt/airflow/dags/pipeline_label_studio.py for tasks to queue
[2025-11-19T01:20:29.781+0000] {logging_mixin.py:188} INFO - [2025-11-19T01:20:29.781+0000] {dagbag.py:545} INFO - Filling up the DagBag from /opt/airflow/dags/pipeline_label_studio.py
[2025-11-19T01:20:29.799+0000] {processor.py:840} INFO - DAG(s) 'etl_label_studio' retrieved from /opt/airflow/dags/pipeline_label_studio.py
[2025-11-19T01:20:29.825+0000] {logging_mixin.py:188} INFO - [2025-11-19T01:20:29.824+0000] {dag.py:3089} INFO - Sync 1 DAGs
[2025-11-19T01:20:29.841+0000] {logging_mixin.py:188} INFO - [2025-11-19T01:20:29.841+0000] {dag.py:3947} INFO - Setting next_dagrun for etl_label_studio to 2025-11-18 03:00:00+00:00, run_after=2025-11-19 03:00:00+00:00
[2025-11-19T01:20:29.852+0000] {processor.py:183} INFO - Processing /opt/airflow/dags/pipeline_label_studio.py took 0.078 seconds
[2025-11-19T01:21:00.063+0000] {processor.py:161} INFO - Started process (PID=2090) to work on /opt/airflow/dags/pipeline_label_studio.py
[2025-11-19T01:21:00.063+0000] {processor.py:830} INFO - Processing file /opt/airflow/dags/pipeline_label_studio.py for tasks to queue
[2025-11-19T01:21:00.064+0000] {logging_mixin.py:188} INFO - [2025-11-19T01:21:00.064+0000] {dagbag.py:545} INFO - Filling up the DagBag from /opt/airflow/dags/pipeline_label_studio.py
[2025-11-19T01:21:00.074+0000] {processor.py:840} INFO - DAG(s) 'etl_label_studio' retrieved from /opt/airflow/dags/pipeline_label_studio.py
[2025-11-19T01:21:00.105+0000] {logging_mixin.py:188} INFO - [2025-11-19T01:21:00.104+0000] {dag.py:3089} INFO - Sync 1 DAGs
[2025-11-19T01:21:00.129+0000] {logging_mixin.py:188} INFO - [2025-11-19T01:21:00.129+0000] {dag.py:3947} INFO - Setting next_dagrun for etl_label_studio to 2025-11-18 03:00:00+00:00, run_after=2025-11-19 03:00:00+00:00
[2025-11-19T01:21:00.141+0000] {processor.py:183} INFO - Processing /opt/airflow/dags/pipeline_label_studio.py took 0.081 seconds
[2025-11-19T01:21:30.403+0000] {processor.py:161} INFO - Started process (PID=2104) to work on /opt/airflow/dags/pipeline_label_studio.py
[2025-11-19T01:21:30.404+0000] {processor.py:830} INFO - Processing file /opt/airflow/dags/pipeline_label_studio.py for tasks to queue
[2025-11-19T01:21:30.406+0000] {logging_mixin.py:188} INFO - [2025-11-19T01:21:30.405+0000] {dagbag.py:545} INFO - Filling up the DagBag from /opt/airflow/dags/pipeline_label_studio.py
[2025-11-19T01:21:30.418+0000] {processor.py:840} INFO - DAG(s) 'etl_label_studio' retrieved from /opt/airflow/dags/pipeline_label_studio.py
[2025-11-19T01:21:30.455+0000] {logging_mixin.py:188} INFO - [2025-11-19T01:21:30.455+0000] {dag.py:3089} INFO - Sync 1 DAGs
[2025-11-19T01:21:30.474+0000] {logging_mixin.py:188} INFO - [2025-11-19T01:21:30.474+0000] {dag.py:3947} INFO - Setting next_dagrun for etl_label_studio to 2025-11-18 03:00:00+00:00, run_after=2025-11-19 03:00:00+00:00
[2025-11-19T01:21:30.483+0000] {processor.py:183} INFO - Processing /opt/airflow/dags/pipeline_label_studio.py took 0.085 seconds
[2025-11-19T01:22:00.741+0000] {processor.py:161} INFO - Started process (PID=2118) to work on /opt/airflow/dags/pipeline_label_studio.py
[2025-11-19T01:22:00.742+0000] {processor.py:830} INFO - Processing file /opt/airflow/dags/pipeline_label_studio.py for tasks to queue
[2025-11-19T01:22:00.745+0000] {logging_mixin.py:188} INFO - [2025-11-19T01:22:00.745+0000] {dagbag.py:545} INFO - Filling up the DagBag from /opt/airflow/dags/pipeline_label_studio.py
[2025-11-19T01:22:00.761+0000] {processor.py:840} INFO - DAG(s) 'etl_label_studio' retrieved from /opt/airflow/dags/pipeline_label_studio.py
[2025-11-19T01:22:00.793+0000] {logging_mixin.py:188} INFO - [2025-11-19T01:22:00.793+0000] {dag.py:3089} INFO - Sync 1 DAGs
[2025-11-19T01:22:00.807+0000] {logging_mixin.py:188} INFO - [2025-11-19T01:22:00.807+0000] {dag.py:3947} INFO - Setting next_dagrun for etl_label_studio to 2025-11-18 03:00:00+00:00, run_after=2025-11-19 03:00:00+00:00
[2025-11-19T01:22:00.822+0000] {processor.py:183} INFO - Processing /opt/airflow/dags/pipeline_label_studio.py took 0.092 seconds
[2025-11-19T01:22:31.068+0000] {processor.py:161} INFO - Started process (PID=2135) to work on /opt/airflow/dags/pipeline_label_studio.py
[2025-11-19T01:22:31.069+0000] {processor.py:830} INFO - Processing file /opt/airflow/dags/pipeline_label_studio.py for tasks to queue
[2025-11-19T01:22:31.070+0000] {logging_mixin.py:188} INFO - [2025-11-19T01:22:31.070+0000] {dagbag.py:545} INFO - Filling up the DagBag from /opt/airflow/dags/pipeline_label_studio.py
[2025-11-19T01:22:31.075+0000] {processor.py:840} INFO - DAG(s) 'etl_label_studio' retrieved from /opt/airflow/dags/pipeline_label_studio.py
[2025-11-19T01:22:31.086+0000] {logging_mixin.py:188} INFO - [2025-11-19T01:22:31.086+0000] {dag.py:3089} INFO - Sync 1 DAGs
[2025-11-19T01:22:31.096+0000] {logging_mixin.py:188} INFO - [2025-11-19T01:22:31.096+0000] {dag.py:3947} INFO - Setting next_dagrun for etl_label_studio to 2025-11-18 03:00:00+00:00, run_after=2025-11-19 03:00:00+00:00
[2025-11-19T01:22:31.103+0000] {processor.py:183} INFO - Processing /opt/airflow/dags/pipeline_label_studio.py took 0.038 seconds
[2025-11-19T01:23:01.402+0000] {processor.py:161} INFO - Started process (PID=2150) to work on /opt/airflow/dags/pipeline_label_studio.py
[2025-11-19T01:23:01.402+0000] {processor.py:830} INFO - Processing file /opt/airflow/dags/pipeline_label_studio.py for tasks to queue
[2025-11-19T01:23:01.403+0000] {logging_mixin.py:188} INFO - [2025-11-19T01:23:01.403+0000] {dagbag.py:545} INFO - Filling up the DagBag from /opt/airflow/dags/pipeline_label_studio.py
[2025-11-19T01:23:01.413+0000] {processor.py:840} INFO - DAG(s) 'etl_label_studio' retrieved from /opt/airflow/dags/pipeline_label_studio.py
[2025-11-19T01:23:01.437+0000] {logging_mixin.py:188} INFO - [2025-11-19T01:23:01.437+0000] {dag.py:3089} INFO - Sync 1 DAGs
[2025-11-19T01:23:01.459+0000] {logging_mixin.py:188} INFO - [2025-11-19T01:23:01.459+0000] {dag.py:3947} INFO - Setting next_dagrun for etl_label_studio to 2025-11-18 03:00:00+00:00, run_after=2025-11-19 03:00:00+00:00
[2025-11-19T01:23:01.470+0000] {processor.py:183} INFO - Processing /opt/airflow/dags/pipeline_label_studio.py took 0.073 seconds
[2025-11-19T01:23:31.635+0000] {processor.py:161} INFO - Started process (PID=2164) to work on /opt/airflow/dags/pipeline_label_studio.py
[2025-11-19T01:23:31.635+0000] {processor.py:830} INFO - Processing file /opt/airflow/dags/pipeline_label_studio.py for tasks to queue
[2025-11-19T01:23:31.637+0000] {logging_mixin.py:188} INFO - [2025-11-19T01:23:31.637+0000] {dagbag.py:545} INFO - Filling up the DagBag from /opt/airflow/dags/pipeline_label_studio.py
[2025-11-19T01:23:31.647+0000] {processor.py:840} INFO - DAG(s) 'etl_label_studio' retrieved from /opt/airflow/dags/pipeline_label_studio.py
[2025-11-19T01:23:31.673+0000] {logging_mixin.py:188} INFO - [2025-11-19T01:23:31.673+0000] {dag.py:3089} INFO - Sync 1 DAGs
[2025-11-19T01:23:31.688+0000] {logging_mixin.py:188} INFO - [2025-11-19T01:23:31.688+0000] {dag.py:3947} INFO - Setting next_dagrun for etl_label_studio to 2025-11-18 03:00:00+00:00, run_after=2025-11-19 03:00:00+00:00
[2025-11-19T01:23:31.698+0000] {processor.py:183} INFO - Processing /opt/airflow/dags/pipeline_label_studio.py took 0.067 seconds
[2025-11-19T01:24:01.943+0000] {processor.py:161} INFO - Started process (PID=2180) to work on /opt/airflow/dags/pipeline_label_studio.py
[2025-11-19T01:24:01.944+0000] {processor.py:830} INFO - Processing file /opt/airflow/dags/pipeline_label_studio.py for tasks to queue
[2025-11-19T01:24:01.945+0000] {logging_mixin.py:188} INFO - [2025-11-19T01:24:01.945+0000] {dagbag.py:545} INFO - Filling up the DagBag from /opt/airflow/dags/pipeline_label_studio.py
[2025-11-19T01:24:01.959+0000] {processor.py:840} INFO - DAG(s) 'etl_label_studio' retrieved from /opt/airflow/dags/pipeline_label_studio.py
[2025-11-19T01:24:01.981+0000] {logging_mixin.py:188} INFO - [2025-11-19T01:24:01.981+0000] {dag.py:3089} INFO - Sync 1 DAGs
[2025-11-19T01:24:01.993+0000] {logging_mixin.py:188} INFO - [2025-11-19T01:24:01.993+0000] {dag.py:3947} INFO - Setting next_dagrun for etl_label_studio to 2025-11-18 03:00:00+00:00, run_after=2025-11-19 03:00:00+00:00
[2025-11-19T01:24:02.001+0000] {processor.py:183} INFO - Processing /opt/airflow/dags/pipeline_label_studio.py took 0.064 seconds
[2025-11-19T01:24:32.239+0000] {processor.py:161} INFO - Started process (PID=2195) to work on /opt/airflow/dags/pipeline_label_studio.py
[2025-11-19T01:24:32.239+0000] {processor.py:830} INFO - Processing file /opt/airflow/dags/pipeline_label_studio.py for tasks to queue
[2025-11-19T01:24:32.240+0000] {logging_mixin.py:188} INFO - [2025-11-19T01:24:32.240+0000] {dagbag.py:545} INFO - Filling up the DagBag from /opt/airflow/dags/pipeline_label_studio.py
[2025-11-19T01:24:32.246+0000] {processor.py:840} INFO - DAG(s) 'etl_label_studio' retrieved from /opt/airflow/dags/pipeline_label_studio.py
[2025-11-19T01:24:32.262+0000] {logging_mixin.py:188} INFO - [2025-11-19T01:24:32.262+0000] {dag.py:3089} INFO - Sync 1 DAGs
[2025-11-19T01:24:32.275+0000] {logging_mixin.py:188} INFO - [2025-11-19T01:24:32.275+0000] {dag.py:3947} INFO - Setting next_dagrun for etl_label_studio to 2025-11-18 03:00:00+00:00, run_after=2025-11-19 03:00:00+00:00
[2025-11-19T01:24:32.283+0000] {processor.py:183} INFO - Processing /opt/airflow/dags/pipeline_label_studio.py took 0.047 seconds
[2025-11-19T01:25:02.577+0000] {processor.py:161} INFO - Started process (PID=2209) to work on /opt/airflow/dags/pipeline_label_studio.py
[2025-11-19T01:25:02.579+0000] {processor.py:830} INFO - Processing file /opt/airflow/dags/pipeline_label_studio.py for tasks to queue
[2025-11-19T01:25:02.583+0000] {logging_mixin.py:188} INFO - [2025-11-19T01:25:02.582+0000] {dagbag.py:545} INFO - Filling up the DagBag from /opt/airflow/dags/pipeline_label_studio.py
[2025-11-19T01:25:02.604+0000] {processor.py:840} INFO - DAG(s) 'etl_label_studio' retrieved from /opt/airflow/dags/pipeline_label_studio.py
[2025-11-19T01:25:02.637+0000] {logging_mixin.py:188} INFO - [2025-11-19T01:25:02.637+0000] {dag.py:3089} INFO - Sync 1 DAGs
[2025-11-19T01:25:02.660+0000] {logging_mixin.py:188} INFO - [2025-11-19T01:25:02.660+0000] {dag.py:3947} INFO - Setting next_dagrun for etl_label_studio to 2025-11-18 03:00:00+00:00, run_after=2025-11-19 03:00:00+00:00
[2025-11-19T01:25:02.670+0000] {processor.py:183} INFO - Processing /opt/airflow/dags/pipeline_label_studio.py took 0.102 seconds
[2025-11-19T01:25:32.915+0000] {processor.py:161} INFO - Started process (PID=2225) to work on /opt/airflow/dags/pipeline_label_studio.py
[2025-11-19T01:25:32.916+0000] {processor.py:830} INFO - Processing file /opt/airflow/dags/pipeline_label_studio.py for tasks to queue
[2025-11-19T01:25:32.917+0000] {logging_mixin.py:188} INFO - [2025-11-19T01:25:32.917+0000] {dagbag.py:545} INFO - Filling up the DagBag from /opt/airflow/dags/pipeline_label_studio.py
[2025-11-19T01:25:32.923+0000] {processor.py:840} INFO - DAG(s) 'etl_label_studio' retrieved from /opt/airflow/dags/pipeline_label_studio.py
[2025-11-19T01:25:32.941+0000] {logging_mixin.py:188} INFO - [2025-11-19T01:25:32.941+0000] {dag.py:3089} INFO - Sync 1 DAGs
[2025-11-19T01:25:32.956+0000] {logging_mixin.py:188} INFO - [2025-11-19T01:25:32.956+0000] {dag.py:3947} INFO - Setting next_dagrun for etl_label_studio to 2025-11-18 03:00:00+00:00, run_after=2025-11-19 03:00:00+00:00
[2025-11-19T01:25:32.968+0000] {processor.py:183} INFO - Processing /opt/airflow/dags/pipeline_label_studio.py took 0.059 seconds
[2025-11-19T01:26:03.238+0000] {processor.py:161} INFO - Started process (PID=2240) to work on /opt/airflow/dags/pipeline_label_studio.py
[2025-11-19T01:26:03.239+0000] {processor.py:830} INFO - Processing file /opt/airflow/dags/pipeline_label_studio.py for tasks to queue
[2025-11-19T01:26:03.249+0000] {logging_mixin.py:188} INFO - [2025-11-19T01:26:03.248+0000] {dagbag.py:545} INFO - Filling up the DagBag from /opt/airflow/dags/pipeline_label_studio.py
[2025-11-19T01:26:03.262+0000] {processor.py:840} INFO - DAG(s) 'etl_label_studio' retrieved from /opt/airflow/dags/pipeline_label_studio.py
[2025-11-19T01:26:03.285+0000] {logging_mixin.py:188} INFO - [2025-11-19T01:26:03.285+0000] {dag.py:3089} INFO - Sync 1 DAGs
[2025-11-19T01:26:03.311+0000] {logging_mixin.py:188} INFO - [2025-11-19T01:26:03.310+0000] {dag.py:3947} INFO - Setting next_dagrun for etl_label_studio to 2025-11-18 03:00:00+00:00, run_after=2025-11-19 03:00:00+00:00
[2025-11-19T01:26:03.321+0000] {processor.py:183} INFO - Processing /opt/airflow/dags/pipeline_label_studio.py took 0.087 seconds
[2025-11-19T01:26:33.566+0000] {processor.py:161} INFO - Started process (PID=2255) to work on /opt/airflow/dags/pipeline_label_studio.py
[2025-11-19T01:26:33.567+0000] {processor.py:830} INFO - Processing file /opt/airflow/dags/pipeline_label_studio.py for tasks to queue
[2025-11-19T01:26:33.568+0000] {logging_mixin.py:188} INFO - [2025-11-19T01:26:33.568+0000] {dagbag.py:545} INFO - Filling up the DagBag from /opt/airflow/dags/pipeline_label_studio.py
[2025-11-19T01:26:33.574+0000] {processor.py:840} INFO - DAG(s) 'etl_label_studio' retrieved from /opt/airflow/dags/pipeline_label_studio.py
[2025-11-19T01:26:33.589+0000] {logging_mixin.py:188} INFO - [2025-11-19T01:26:33.589+0000] {dag.py:3089} INFO - Sync 1 DAGs
[2025-11-19T01:26:33.602+0000] {logging_mixin.py:188} INFO - [2025-11-19T01:26:33.602+0000] {dag.py:3947} INFO - Setting next_dagrun for etl_label_studio to 2025-11-18 03:00:00+00:00, run_after=2025-11-19 03:00:00+00:00
[2025-11-19T01:26:33.610+0000] {processor.py:183} INFO - Processing /opt/airflow/dags/pipeline_label_studio.py took 0.048 seconds
[2025-11-19T01:27:03.914+0000] {processor.py:161} INFO - Started process (PID=2269) to work on /opt/airflow/dags/pipeline_label_studio.py
[2025-11-19T01:27:03.915+0000] {processor.py:830} INFO - Processing file /opt/airflow/dags/pipeline_label_studio.py for tasks to queue
[2025-11-19T01:27:03.916+0000] {logging_mixin.py:188} INFO - [2025-11-19T01:27:03.916+0000] {dagbag.py:545} INFO - Filling up the DagBag from /opt/airflow/dags/pipeline_label_studio.py
[2025-11-19T01:27:03.929+0000] {processor.py:840} INFO - DAG(s) 'etl_label_studio' retrieved from /opt/airflow/dags/pipeline_label_studio.py
[2025-11-19T01:27:03.966+0000] {logging_mixin.py:188} INFO - [2025-11-19T01:27:03.966+0000] {dag.py:3089} INFO - Sync 1 DAGs
[2025-11-19T01:27:03.988+0000] {logging_mixin.py:188} INFO - [2025-11-19T01:27:03.988+0000] {dag.py:3947} INFO - Setting next_dagrun for etl_label_studio to 2025-11-18 03:00:00+00:00, run_after=2025-11-19 03:00:00+00:00
[2025-11-19T01:27:03.998+0000] {processor.py:183} INFO - Processing /opt/airflow/dags/pipeline_label_studio.py took 0.093 seconds
[2025-11-19T01:27:34.217+0000] {processor.py:161} INFO - Started process (PID=2285) to work on /opt/airflow/dags/pipeline_label_studio.py
[2025-11-19T01:27:34.218+0000] {processor.py:830} INFO - Processing file /opt/airflow/dags/pipeline_label_studio.py for tasks to queue
[2025-11-19T01:27:34.219+0000] {logging_mixin.py:188} INFO - [2025-11-19T01:27:34.219+0000] {dagbag.py:545} INFO - Filling up the DagBag from /opt/airflow/dags/pipeline_label_studio.py
[2025-11-19T01:27:34.228+0000] {processor.py:840} INFO - DAG(s) 'etl_label_studio' retrieved from /opt/airflow/dags/pipeline_label_studio.py
[2025-11-19T01:27:34.251+0000] {logging_mixin.py:188} INFO - [2025-11-19T01:27:34.251+0000] {dag.py:3089} INFO - Sync 1 DAGs
[2025-11-19T01:27:34.267+0000] {logging_mixin.py:188} INFO - [2025-11-19T01:27:34.267+0000] {dag.py:3947} INFO - Setting next_dagrun for etl_label_studio to 2025-11-18 03:00:00+00:00, run_after=2025-11-19 03:00:00+00:00
[2025-11-19T01:27:34.279+0000] {processor.py:183} INFO - Processing /opt/airflow/dags/pipeline_label_studio.py took 0.066 seconds
[2025-11-19T01:28:04.497+0000] {processor.py:161} INFO - Started process (PID=2299) to work on /opt/airflow/dags/pipeline_label_studio.py
[2025-11-19T01:28:04.498+0000] {processor.py:830} INFO - Processing file /opt/airflow/dags/pipeline_label_studio.py for tasks to queue
[2025-11-19T01:28:04.500+0000] {logging_mixin.py:188} INFO - [2025-11-19T01:28:04.499+0000] {dagbag.py:545} INFO - Filling up the DagBag from /opt/airflow/dags/pipeline_label_studio.py
[2025-11-19T01:28:04.510+0000] {processor.py:840} INFO - DAG(s) 'etl_label_studio' retrieved from /opt/airflow/dags/pipeline_label_studio.py
[2025-11-19T01:28:04.540+0000] {logging_mixin.py:188} INFO - [2025-11-19T01:28:04.540+0000] {dag.py:3089} INFO - Sync 1 DAGs
[2025-11-19T01:28:04.563+0000] {logging_mixin.py:188} INFO - [2025-11-19T01:28:04.562+0000] {dag.py:3947} INFO - Setting next_dagrun for etl_label_studio to 2025-11-18 03:00:00+00:00, run_after=2025-11-19 03:00:00+00:00
[2025-11-19T01:28:04.572+0000] {processor.py:183} INFO - Processing /opt/airflow/dags/pipeline_label_studio.py took 0.079 seconds
[2025-11-19T01:28:34.846+0000] {processor.py:161} INFO - Started process (PID=2314) to work on /opt/airflow/dags/pipeline_label_studio.py
[2025-11-19T01:28:34.847+0000] {processor.py:830} INFO - Processing file /opt/airflow/dags/pipeline_label_studio.py for tasks to queue
[2025-11-19T01:28:34.850+0000] {logging_mixin.py:188} INFO - [2025-11-19T01:28:34.849+0000] {dagbag.py:545} INFO - Filling up the DagBag from /opt/airflow/dags/pipeline_label_studio.py
[2025-11-19T01:28:34.878+0000] {processor.py:840} INFO - DAG(s) 'etl_label_studio' retrieved from /opt/airflow/dags/pipeline_label_studio.py
[2025-11-19T01:28:34.904+0000] {logging_mixin.py:188} INFO - [2025-11-19T01:28:34.904+0000] {dag.py:3089} INFO - Sync 1 DAGs
[2025-11-19T01:28:34.922+0000] {logging_mixin.py:188} INFO - [2025-11-19T01:28:34.922+0000] {dag.py:3947} INFO - Setting next_dagrun for etl_label_studio to 2025-11-18 03:00:00+00:00, run_after=2025-11-19 03:00:00+00:00
[2025-11-19T01:28:34.936+0000] {processor.py:183} INFO - Processing /opt/airflow/dags/pipeline_label_studio.py took 0.097 seconds
[2025-11-19T01:29:05.102+0000] {processor.py:161} INFO - Started process (PID=2329) to work on /opt/airflow/dags/pipeline_label_studio.py
[2025-11-19T01:29:05.103+0000] {processor.py:830} INFO - Processing file /opt/airflow/dags/pipeline_label_studio.py for tasks to queue
[2025-11-19T01:29:05.104+0000] {logging_mixin.py:188} INFO - [2025-11-19T01:29:05.104+0000] {dagbag.py:545} INFO - Filling up the DagBag from /opt/airflow/dags/pipeline_label_studio.py
[2025-11-19T01:29:05.119+0000] {processor.py:840} INFO - DAG(s) 'etl_label_studio' retrieved from /opt/airflow/dags/pipeline_label_studio.py
[2025-11-19T01:29:05.145+0000] {logging_mixin.py:188} INFO - [2025-11-19T01:29:05.145+0000] {dag.py:3089} INFO - Sync 1 DAGs
[2025-11-19T01:29:05.163+0000] {logging_mixin.py:188} INFO - [2025-11-19T01:29:05.163+0000] {dag.py:3947} INFO - Setting next_dagrun for etl_label_studio to 2025-11-18 03:00:00+00:00, run_after=2025-11-19 03:00:00+00:00
[2025-11-19T01:29:05.176+0000] {processor.py:183} INFO - Processing /opt/airflow/dags/pipeline_label_studio.py took 0.078 seconds
[2025-11-19T01:29:35.396+0000] {processor.py:161} INFO - Started process (PID=2345) to work on /opt/airflow/dags/pipeline_label_studio.py
[2025-11-19T01:29:35.396+0000] {processor.py:830} INFO - Processing file /opt/airflow/dags/pipeline_label_studio.py for tasks to queue
[2025-11-19T01:29:35.398+0000] {logging_mixin.py:188} INFO - [2025-11-19T01:29:35.397+0000] {dagbag.py:545} INFO - Filling up the DagBag from /opt/airflow/dags/pipeline_label_studio.py
[2025-11-19T01:29:35.408+0000] {processor.py:840} INFO - DAG(s) 'etl_label_studio' retrieved from /opt/airflow/dags/pipeline_label_studio.py
[2025-11-19T01:29:35.432+0000] {logging_mixin.py:188} INFO - [2025-11-19T01:29:35.431+0000] {dag.py:3089} INFO - Sync 1 DAGs
[2025-11-19T01:29:35.458+0000] {logging_mixin.py:188} INFO - [2025-11-19T01:29:35.458+0000] {dag.py:3947} INFO - Setting next_dagrun for etl_label_studio to 2025-11-18 03:00:00+00:00, run_after=2025-11-19 03:00:00+00:00
[2025-11-19T01:29:35.476+0000] {processor.py:183} INFO - Processing /opt/airflow/dags/pipeline_label_studio.py took 0.083 seconds
[2025-11-19T01:30:05.737+0000] {processor.py:161} INFO - Started process (PID=2359) to work on /opt/airflow/dags/pipeline_label_studio.py
[2025-11-19T01:30:05.738+0000] {processor.py:830} INFO - Processing file /opt/airflow/dags/pipeline_label_studio.py for tasks to queue
[2025-11-19T01:30:05.740+0000] {logging_mixin.py:188} INFO - [2025-11-19T01:30:05.740+0000] {dagbag.py:545} INFO - Filling up the DagBag from /opt/airflow/dags/pipeline_label_studio.py
[2025-11-19T01:30:05.752+0000] {processor.py:840} INFO - DAG(s) 'etl_label_studio' retrieved from /opt/airflow/dags/pipeline_label_studio.py
[2025-11-19T01:30:05.782+0000] {logging_mixin.py:188} INFO - [2025-11-19T01:30:05.782+0000] {dag.py:3089} INFO - Sync 1 DAGs
[2025-11-19T01:30:05.797+0000] {logging_mixin.py:188} INFO - [2025-11-19T01:30:05.797+0000] {dag.py:3947} INFO - Setting next_dagrun for etl_label_studio to 2025-11-18 03:00:00+00:00, run_after=2025-11-19 03:00:00+00:00
[2025-11-19T01:30:05.806+0000] {processor.py:183} INFO - Processing /opt/airflow/dags/pipeline_label_studio.py took 0.082 seconds
[2025-11-19T01:30:36.025+0000] {processor.py:161} INFO - Started process (PID=2375) to work on /opt/airflow/dags/pipeline_label_studio.py
[2025-11-19T01:30:36.025+0000] {processor.py:830} INFO - Processing file /opt/airflow/dags/pipeline_label_studio.py for tasks to queue
[2025-11-19T01:30:36.026+0000] {logging_mixin.py:188} INFO - [2025-11-19T01:30:36.026+0000] {dagbag.py:545} INFO - Filling up the DagBag from /opt/airflow/dags/pipeline_label_studio.py
[2025-11-19T01:30:36.031+0000] {processor.py:840} INFO - DAG(s) 'etl_label_studio' retrieved from /opt/airflow/dags/pipeline_label_studio.py
[2025-11-19T01:30:36.045+0000] {logging_mixin.py:188} INFO - [2025-11-19T01:30:36.045+0000] {dag.py:3089} INFO - Sync 1 DAGs
[2025-11-19T01:30:36.055+0000] {logging_mixin.py:188} INFO - [2025-11-19T01:30:36.055+0000] {dag.py:3947} INFO - Setting next_dagrun for etl_label_studio to 2025-11-18 03:00:00+00:00, run_after=2025-11-19 03:00:00+00:00
[2025-11-19T01:30:36.062+0000] {processor.py:183} INFO - Processing /opt/airflow/dags/pipeline_label_studio.py took 0.040 seconds
[2025-11-19T01:31:06.324+0000] {processor.py:161} INFO - Started process (PID=2388) to work on /opt/airflow/dags/pipeline_label_studio.py
[2025-11-19T01:31:06.325+0000] {processor.py:830} INFO - Processing file /opt/airflow/dags/pipeline_label_studio.py for tasks to queue
[2025-11-19T01:31:06.328+0000] {logging_mixin.py:188} INFO - [2025-11-19T01:31:06.327+0000] {dagbag.py:545} INFO - Filling up the DagBag from /opt/airflow/dags/pipeline_label_studio.py
[2025-11-19T01:31:06.347+0000] {processor.py:840} INFO - DAG(s) 'etl_label_studio' retrieved from /opt/airflow/dags/pipeline_label_studio.py
[2025-11-19T01:31:06.383+0000] {logging_mixin.py:188} INFO - [2025-11-19T01:31:06.383+0000] {dag.py:3089} INFO - Sync 1 DAGs
[2025-11-19T01:31:06.402+0000] {logging_mixin.py:188} INFO - [2025-11-19T01:31:06.402+0000] {dag.py:3947} INFO - Setting next_dagrun for etl_label_studio to 2025-11-18 03:00:00+00:00, run_after=2025-11-19 03:00:00+00:00
[2025-11-19T01:31:06.416+0000] {processor.py:183} INFO - Processing /opt/airflow/dags/pipeline_label_studio.py took 0.099 seconds
[2025-11-19T01:31:36.658+0000] {processor.py:161} INFO - Started process (PID=2405) to work on /opt/airflow/dags/pipeline_label_studio.py
[2025-11-19T01:31:36.659+0000] {processor.py:830} INFO - Processing file /opt/airflow/dags/pipeline_label_studio.py for tasks to queue
[2025-11-19T01:31:36.660+0000] {logging_mixin.py:188} INFO - [2025-11-19T01:31:36.660+0000] {dagbag.py:545} INFO - Filling up the DagBag from /opt/airflow/dags/pipeline_label_studio.py
[2025-11-19T01:31:36.669+0000] {processor.py:840} INFO - DAG(s) 'etl_label_studio' retrieved from /opt/airflow/dags/pipeline_label_studio.py
[2025-11-19T01:31:36.693+0000] {logging_mixin.py:188} INFO - [2025-11-19T01:31:36.693+0000] {dag.py:3089} INFO - Sync 1 DAGs
[2025-11-19T01:31:36.709+0000] {logging_mixin.py:188} INFO - [2025-11-19T01:31:36.709+0000] {dag.py:3947} INFO - Setting next_dagrun for etl_label_studio to 2025-11-18 03:00:00+00:00, run_after=2025-11-19 03:00:00+00:00
[2025-11-19T01:31:36.719+0000] {processor.py:183} INFO - Processing /opt/airflow/dags/pipeline_label_studio.py took 0.063 seconds
[2025-11-19T01:32:06.892+0000] {processor.py:161} INFO - Started process (PID=2419) to work on /opt/airflow/dags/pipeline_label_studio.py
[2025-11-19T01:32:06.893+0000] {processor.py:830} INFO - Processing file /opt/airflow/dags/pipeline_label_studio.py for tasks to queue
[2025-11-19T01:32:06.895+0000] {logging_mixin.py:188} INFO - [2025-11-19T01:32:06.894+0000] {dagbag.py:545} INFO - Filling up the DagBag from /opt/airflow/dags/pipeline_label_studio.py
[2025-11-19T01:32:06.906+0000] {processor.py:840} INFO - DAG(s) 'etl_label_studio' retrieved from /opt/airflow/dags/pipeline_label_studio.py
[2025-11-19T01:32:06.939+0000] {logging_mixin.py:188} INFO - [2025-11-19T01:32:06.939+0000] {dag.py:3089} INFO - Sync 1 DAGs
[2025-11-19T01:32:06.955+0000] {logging_mixin.py:188} INFO - [2025-11-19T01:32:06.954+0000] {dag.py:3947} INFO - Setting next_dagrun for etl_label_studio to 2025-11-18 03:00:00+00:00, run_after=2025-11-19 03:00:00+00:00
[2025-11-19T01:32:06.978+0000] {processor.py:183} INFO - Processing /opt/airflow/dags/pipeline_label_studio.py took 0.090 seconds
[2025-11-19T01:32:37.149+0000] {processor.py:161} INFO - Started process (PID=2434) to work on /opt/airflow/dags/pipeline_label_studio.py
[2025-11-19T01:32:37.150+0000] {processor.py:830} INFO - Processing file /opt/airflow/dags/pipeline_label_studio.py for tasks to queue
[2025-11-19T01:32:37.151+0000] {logging_mixin.py:188} INFO - [2025-11-19T01:32:37.151+0000] {dagbag.py:545} INFO - Filling up the DagBag from /opt/airflow/dags/pipeline_label_studio.py
[2025-11-19T01:32:37.165+0000] {processor.py:840} INFO - DAG(s) 'etl_label_studio' retrieved from /opt/airflow/dags/pipeline_label_studio.py
[2025-11-19T01:32:37.193+0000] {logging_mixin.py:188} INFO - [2025-11-19T01:32:37.193+0000] {dag.py:3089} INFO - Sync 1 DAGs
[2025-11-19T01:32:37.210+0000] {logging_mixin.py:188} INFO - [2025-11-19T01:32:37.209+0000] {dag.py:3947} INFO - Setting next_dagrun for etl_label_studio to 2025-11-18 03:00:00+00:00, run_after=2025-11-19 03:00:00+00:00
[2025-11-19T01:32:37.226+0000] {processor.py:183} INFO - Processing /opt/airflow/dags/pipeline_label_studio.py took 0.082 seconds
[2025-11-19T01:33:07.448+0000] {processor.py:161} INFO - Started process (PID=2449) to work on /opt/airflow/dags/pipeline_label_studio.py
[2025-11-19T01:33:07.449+0000] {processor.py:830} INFO - Processing file /opt/airflow/dags/pipeline_label_studio.py for tasks to queue
[2025-11-19T01:33:07.451+0000] {logging_mixin.py:188} INFO - [2025-11-19T01:33:07.451+0000] {dagbag.py:545} INFO - Filling up the DagBag from /opt/airflow/dags/pipeline_label_studio.py
[2025-11-19T01:33:07.467+0000] {processor.py:840} INFO - DAG(s) 'etl_label_studio' retrieved from /opt/airflow/dags/pipeline_label_studio.py
[2025-11-19T01:33:07.506+0000] {logging_mixin.py:188} INFO - [2025-11-19T01:33:07.506+0000] {dag.py:3089} INFO - Sync 1 DAGs
[2025-11-19T01:33:07.523+0000] {logging_mixin.py:188} INFO - [2025-11-19T01:33:07.523+0000] {dag.py:3947} INFO - Setting next_dagrun for etl_label_studio to 2025-11-18 03:00:00+00:00, run_after=2025-11-19 03:00:00+00:00
[2025-11-19T01:33:07.533+0000] {processor.py:183} INFO - Processing /opt/airflow/dags/pipeline_label_studio.py took 0.097 seconds
[2025-11-19T01:33:37.689+0000] {processor.py:161} INFO - Started process (PID=2464) to work on /opt/airflow/dags/pipeline_label_studio.py
[2025-11-19T01:33:37.689+0000] {processor.py:830} INFO - Processing file /opt/airflow/dags/pipeline_label_studio.py for tasks to queue
[2025-11-19T01:33:37.691+0000] {logging_mixin.py:188} INFO - [2025-11-19T01:33:37.691+0000] {dagbag.py:545} INFO - Filling up the DagBag from /opt/airflow/dags/pipeline_label_studio.py
[2025-11-19T01:33:37.701+0000] {processor.py:840} INFO - DAG(s) 'etl_label_studio' retrieved from /opt/airflow/dags/pipeline_label_studio.py
[2025-11-19T01:33:37.719+0000] {logging_mixin.py:188} INFO - [2025-11-19T01:33:37.718+0000] {dag.py:3089} INFO - Sync 1 DAGs
[2025-11-19T01:33:37.731+0000] {logging_mixin.py:188} INFO - [2025-11-19T01:33:37.731+0000] {dag.py:3947} INFO - Setting next_dagrun for etl_label_studio to 2025-11-18 03:00:00+00:00, run_after=2025-11-19 03:00:00+00:00
[2025-11-19T01:33:37.740+0000] {processor.py:183} INFO - Processing /opt/airflow/dags/pipeline_label_studio.py took 0.054 seconds
[2025-11-19T01:34:08.006+0000] {processor.py:161} INFO - Started process (PID=2479) to work on /opt/airflow/dags/pipeline_label_studio.py
[2025-11-19T01:34:08.007+0000] {processor.py:830} INFO - Processing file /opt/airflow/dags/pipeline_label_studio.py for tasks to queue
[2025-11-19T01:34:08.011+0000] {logging_mixin.py:188} INFO - [2025-11-19T01:34:08.011+0000] {dagbag.py:545} INFO - Filling up the DagBag from /opt/airflow/dags/pipeline_label_studio.py
[2025-11-19T01:34:08.031+0000] {processor.py:840} INFO - DAG(s) 'etl_label_studio' retrieved from /opt/airflow/dags/pipeline_label_studio.py
[2025-11-19T01:34:08.080+0000] {logging_mixin.py:188} INFO - [2025-11-19T01:34:08.080+0000] {dag.py:3089} INFO - Sync 1 DAGs
[2025-11-19T01:34:08.105+0000] {logging_mixin.py:188} INFO - [2025-11-19T01:34:08.104+0000] {dag.py:3947} INFO - Setting next_dagrun for etl_label_studio to 2025-11-18 03:00:00+00:00, run_after=2025-11-19 03:00:00+00:00
[2025-11-19T01:34:08.118+0000] {processor.py:183} INFO - Processing /opt/airflow/dags/pipeline_label_studio.py took 0.121 seconds
[2025-11-19T01:34:38.248+0000] {processor.py:161} INFO - Started process (PID=2494) to work on /opt/airflow/dags/pipeline_label_studio.py
[2025-11-19T01:34:38.248+0000] {processor.py:830} INFO - Processing file /opt/airflow/dags/pipeline_label_studio.py for tasks to queue
[2025-11-19T01:34:38.250+0000] {logging_mixin.py:188} INFO - [2025-11-19T01:34:38.250+0000] {dagbag.py:545} INFO - Filling up the DagBag from /opt/airflow/dags/pipeline_label_studio.py
[2025-11-19T01:34:38.262+0000] {processor.py:840} INFO - DAG(s) 'etl_label_studio' retrieved from /opt/airflow/dags/pipeline_label_studio.py
[2025-11-19T01:34:38.291+0000] {logging_mixin.py:188} INFO - [2025-11-19T01:34:38.291+0000] {dag.py:3089} INFO - Sync 1 DAGs
[2025-11-19T01:34:38.308+0000] {logging_mixin.py:188} INFO - [2025-11-19T01:34:38.308+0000] {dag.py:3947} INFO - Setting next_dagrun for etl_label_studio to 2025-11-18 03:00:00+00:00, run_after=2025-11-19 03:00:00+00:00
[2025-11-19T01:34:38.327+0000] {processor.py:183} INFO - Processing /opt/airflow/dags/pipeline_label_studio.py took 0.084 seconds
[2025-11-19T01:35:08.496+0000] {processor.py:161} INFO - Started process (PID=2509) to work on /opt/airflow/dags/pipeline_label_studio.py
[2025-11-19T01:35:08.497+0000] {processor.py:830} INFO - Processing file /opt/airflow/dags/pipeline_label_studio.py for tasks to queue
[2025-11-19T01:35:08.498+0000] {logging_mixin.py:188} INFO - [2025-11-19T01:35:08.498+0000] {dagbag.py:545} INFO - Filling up the DagBag from /opt/airflow/dags/pipeline_label_studio.py
[2025-11-19T01:35:08.507+0000] {processor.py:840} INFO - DAG(s) 'etl_label_studio' retrieved from /opt/airflow/dags/pipeline_label_studio.py
[2025-11-19T01:35:08.528+0000] {logging_mixin.py:188} INFO - [2025-11-19T01:35:08.528+0000] {dag.py:3089} INFO - Sync 1 DAGs
[2025-11-19T01:35:08.550+0000] {logging_mixin.py:188} INFO - [2025-11-19T01:35:08.550+0000] {dag.py:3947} INFO - Setting next_dagrun for etl_label_studio to 2025-11-18 03:00:00+00:00, run_after=2025-11-19 03:00:00+00:00
[2025-11-19T01:35:08.561+0000] {processor.py:183} INFO - Processing /opt/airflow/dags/pipeline_label_studio.py took 0.067 seconds
[2025-11-19T01:35:38.803+0000] {processor.py:161} INFO - Started process (PID=2523) to work on /opt/airflow/dags/pipeline_label_studio.py
[2025-11-19T01:35:38.803+0000] {processor.py:830} INFO - Processing file /opt/airflow/dags/pipeline_label_studio.py for tasks to queue
[2025-11-19T01:35:38.805+0000] {logging_mixin.py:188} INFO - [2025-11-19T01:35:38.805+0000] {dagbag.py:545} INFO - Filling up the DagBag from /opt/airflow/dags/pipeline_label_studio.py
[2025-11-19T01:35:38.820+0000] {processor.py:840} INFO - DAG(s) 'etl_label_studio' retrieved from /opt/airflow/dags/pipeline_label_studio.py
[2025-11-19T01:35:38.851+0000] {logging_mixin.py:188} INFO - [2025-11-19T01:35:38.851+0000] {dag.py:3089} INFO - Sync 1 DAGs
[2025-11-19T01:35:38.869+0000] {logging_mixin.py:188} INFO - [2025-11-19T01:35:38.869+0000] {dag.py:3947} INFO - Setting next_dagrun for etl_label_studio to 2025-11-18 03:00:00+00:00, run_after=2025-11-19 03:00:00+00:00
[2025-11-19T01:35:38.882+0000] {processor.py:183} INFO - Processing /opt/airflow/dags/pipeline_label_studio.py took 0.083 seconds
[2025-11-19T01:36:09.110+0000] {processor.py:161} INFO - Started process (PID=2538) to work on /opt/airflow/dags/pipeline_label_studio.py
[2025-11-19T01:36:09.111+0000] {processor.py:830} INFO - Processing file /opt/airflow/dags/pipeline_label_studio.py for tasks to queue
[2025-11-19T01:36:09.114+0000] {logging_mixin.py:188} INFO - [2025-11-19T01:36:09.113+0000] {dagbag.py:545} INFO - Filling up the DagBag from /opt/airflow/dags/pipeline_label_studio.py
[2025-11-19T01:36:09.128+0000] {processor.py:840} INFO - DAG(s) 'etl_label_studio' retrieved from /opt/airflow/dags/pipeline_label_studio.py
[2025-11-19T01:36:09.166+0000] {logging_mixin.py:188} INFO - [2025-11-19T01:36:09.166+0000] {dag.py:3089} INFO - Sync 1 DAGs
[2025-11-19T01:36:09.186+0000] {logging_mixin.py:188} INFO - [2025-11-19T01:36:09.186+0000] {dag.py:3947} INFO - Setting next_dagrun for etl_label_studio to 2025-11-18 03:00:00+00:00, run_after=2025-11-19 03:00:00+00:00
[2025-11-19T01:36:09.197+0000] {processor.py:183} INFO - Processing /opt/airflow/dags/pipeline_label_studio.py took 0.094 seconds
[2025-11-19T01:36:39.316+0000] {processor.py:161} INFO - Started process (PID=2553) to work on /opt/airflow/dags/pipeline_label_studio.py
[2025-11-19T01:36:39.316+0000] {processor.py:830} INFO - Processing file /opt/airflow/dags/pipeline_label_studio.py for tasks to queue
[2025-11-19T01:36:39.318+0000] {logging_mixin.py:188} INFO - [2025-11-19T01:36:39.318+0000] {dagbag.py:545} INFO - Filling up the DagBag from /opt/airflow/dags/pipeline_label_studio.py
[2025-11-19T01:36:39.328+0000] {processor.py:840} INFO - DAG(s) 'etl_label_studio' retrieved from /opt/airflow/dags/pipeline_label_studio.py
[2025-11-19T01:36:39.357+0000] {logging_mixin.py:188} INFO - [2025-11-19T01:36:39.356+0000] {dag.py:3089} INFO - Sync 1 DAGs
[2025-11-19T01:36:39.371+0000] {logging_mixin.py:188} INFO - [2025-11-19T01:36:39.371+0000] {dag.py:3947} INFO - Setting next_dagrun for etl_label_studio to 2025-11-18 03:00:00+00:00, run_after=2025-11-19 03:00:00+00:00
[2025-11-19T01:36:39.381+0000] {processor.py:183} INFO - Processing /opt/airflow/dags/pipeline_label_studio.py took 0.069 seconds
[2025-11-19T01:37:09.615+0000] {processor.py:161} INFO - Started process (PID=2569) to work on /opt/airflow/dags/pipeline_label_studio.py
[2025-11-19T01:37:09.616+0000] {processor.py:830} INFO - Processing file /opt/airflow/dags/pipeline_label_studio.py for tasks to queue
[2025-11-19T01:37:09.618+0000] {logging_mixin.py:188} INFO - [2025-11-19T01:37:09.618+0000] {dagbag.py:545} INFO - Filling up the DagBag from /opt/airflow/dags/pipeline_label_studio.py
[2025-11-19T01:37:09.638+0000] {processor.py:840} INFO - DAG(s) 'etl_label_studio' retrieved from /opt/airflow/dags/pipeline_label_studio.py
[2025-11-19T01:37:09.672+0000] {logging_mixin.py:188} INFO - [2025-11-19T01:37:09.672+0000] {dag.py:3089} INFO - Sync 1 DAGs
[2025-11-19T01:37:09.687+0000] {logging_mixin.py:188} INFO - [2025-11-19T01:37:09.687+0000] {dag.py:3947} INFO - Setting next_dagrun for etl_label_studio to 2025-11-18 03:00:00+00:00, run_after=2025-11-19 03:00:00+00:00
[2025-11-19T01:37:09.697+0000] {processor.py:183} INFO - Processing /opt/airflow/dags/pipeline_label_studio.py took 0.089 seconds
[2025-11-19T01:37:39.913+0000] {processor.py:161} INFO - Started process (PID=2585) to work on /opt/airflow/dags/pipeline_label_studio.py
[2025-11-19T01:37:39.913+0000] {processor.py:830} INFO - Processing file /opt/airflow/dags/pipeline_label_studio.py for tasks to queue
[2025-11-19T01:37:39.915+0000] {logging_mixin.py:188} INFO - [2025-11-19T01:37:39.914+0000] {dagbag.py:545} INFO - Filling up the DagBag from /opt/airflow/dags/pipeline_label_studio.py
[2025-11-19T01:37:39.923+0000] {processor.py:840} INFO - DAG(s) 'etl_label_studio' retrieved from /opt/airflow/dags/pipeline_label_studio.py
[2025-11-19T01:37:39.943+0000] {logging_mixin.py:188} INFO - [2025-11-19T01:37:39.943+0000] {dag.py:3089} INFO - Sync 1 DAGs
[2025-11-19T01:37:39.957+0000] {logging_mixin.py:188} INFO - [2025-11-19T01:37:39.957+0000] {dag.py:3947} INFO - Setting next_dagrun for etl_label_studio to 2025-11-18 03:00:00+00:00, run_after=2025-11-19 03:00:00+00:00
[2025-11-19T01:37:39.967+0000] {processor.py:183} INFO - Processing /opt/airflow/dags/pipeline_label_studio.py took 0.057 seconds
[2025-11-19T01:38:10.201+0000] {processor.py:161} INFO - Started process (PID=2599) to work on /opt/airflow/dags/pipeline_label_studio.py
[2025-11-19T01:38:10.202+0000] {processor.py:830} INFO - Processing file /opt/airflow/dags/pipeline_label_studio.py for tasks to queue
[2025-11-19T01:38:10.203+0000] {logging_mixin.py:188} INFO - [2025-11-19T01:38:10.203+0000] {dagbag.py:545} INFO - Filling up the DagBag from /opt/airflow/dags/pipeline_label_studio.py
[2025-11-19T01:38:10.213+0000] {processor.py:840} INFO - DAG(s) 'etl_label_studio' retrieved from /opt/airflow/dags/pipeline_label_studio.py
[2025-11-19T01:38:10.231+0000] {logging_mixin.py:188} INFO - [2025-11-19T01:38:10.231+0000] {dag.py:3089} INFO - Sync 1 DAGs
[2025-11-19T01:38:10.244+0000] {logging_mixin.py:188} INFO - [2025-11-19T01:38:10.244+0000] {dag.py:3947} INFO - Setting next_dagrun for etl_label_studio to 2025-11-18 03:00:00+00:00, run_after=2025-11-19 03:00:00+00:00
[2025-11-19T01:38:10.253+0000] {processor.py:183} INFO - Processing /opt/airflow/dags/pipeline_label_studio.py took 0.056 seconds
[2025-11-19T01:38:40.481+0000] {processor.py:161} INFO - Started process (PID=2614) to work on /opt/airflow/dags/pipeline_label_studio.py
[2025-11-19T01:38:40.481+0000] {processor.py:830} INFO - Processing file /opt/airflow/dags/pipeline_label_studio.py for tasks to queue
[2025-11-19T01:38:40.484+0000] {logging_mixin.py:188} INFO - [2025-11-19T01:38:40.482+0000] {dagbag.py:545} INFO - Filling up the DagBag from /opt/airflow/dags/pipeline_label_studio.py
[2025-11-19T01:38:40.497+0000] {processor.py:840} INFO - DAG(s) 'etl_label_studio' retrieved from /opt/airflow/dags/pipeline_label_studio.py
[2025-11-19T01:38:40.529+0000] {logging_mixin.py:188} INFO - [2025-11-19T01:38:40.529+0000] {dag.py:3089} INFO - Sync 1 DAGs
[2025-11-19T01:38:40.552+0000] {logging_mixin.py:188} INFO - [2025-11-19T01:38:40.552+0000] {dag.py:3947} INFO - Setting next_dagrun for etl_label_studio to 2025-11-18 03:00:00+00:00, run_after=2025-11-19 03:00:00+00:00
[2025-11-19T01:38:40.568+0000] {processor.py:183} INFO - Processing /opt/airflow/dags/pipeline_label_studio.py took 0.093 seconds
[2025-11-19T01:39:10.788+0000] {processor.py:161} INFO - Started process (PID=2630) to work on /opt/airflow/dags/pipeline_label_studio.py
[2025-11-19T01:39:10.789+0000] {processor.py:830} INFO - Processing file /opt/airflow/dags/pipeline_label_studio.py for tasks to queue
[2025-11-19T01:39:10.794+0000] {logging_mixin.py:188} INFO - [2025-11-19T01:39:10.793+0000] {dagbag.py:545} INFO - Filling up the DagBag from /opt/airflow/dags/pipeline_label_studio.py
[2025-11-19T01:39:10.804+0000] {processor.py:840} INFO - DAG(s) 'etl_label_studio' retrieved from /opt/airflow/dags/pipeline_label_studio.py
[2025-11-19T01:39:10.826+0000] {logging_mixin.py:188} INFO - [2025-11-19T01:39:10.825+0000] {dag.py:3089} INFO - Sync 1 DAGs
[2025-11-19T01:39:10.842+0000] {logging_mixin.py:188} INFO - [2025-11-19T01:39:10.842+0000] {dag.py:3947} INFO - Setting next_dagrun for etl_label_studio to 2025-11-18 03:00:00+00:00, run_after=2025-11-19 03:00:00+00:00
[2025-11-19T01:39:10.852+0000] {processor.py:183} INFO - Processing /opt/airflow/dags/pipeline_label_studio.py took 0.072 seconds
[2025-11-19T01:39:41.063+0000] {processor.py:161} INFO - Started process (PID=2645) to work on /opt/airflow/dags/pipeline_label_studio.py
[2025-11-19T01:39:41.063+0000] {processor.py:830} INFO - Processing file /opt/airflow/dags/pipeline_label_studio.py for tasks to queue
[2025-11-19T01:39:41.064+0000] {logging_mixin.py:188} INFO - [2025-11-19T01:39:41.064+0000] {dagbag.py:545} INFO - Filling up the DagBag from /opt/airflow/dags/pipeline_label_studio.py
[2025-11-19T01:39:41.069+0000] {processor.py:840} INFO - DAG(s) 'etl_label_studio' retrieved from /opt/airflow/dags/pipeline_label_studio.py
[2025-11-19T01:39:41.082+0000] {logging_mixin.py:188} INFO - [2025-11-19T01:39:41.082+0000] {dag.py:3089} INFO - Sync 1 DAGs
[2025-11-19T01:39:41.093+0000] {logging_mixin.py:188} INFO - [2025-11-19T01:39:41.093+0000] {dag.py:3947} INFO - Setting next_dagrun for etl_label_studio to 2025-11-18 03:00:00+00:00, run_after=2025-11-19 03:00:00+00:00
[2025-11-19T01:39:41.101+0000] {processor.py:183} INFO - Processing /opt/airflow/dags/pipeline_label_studio.py took 0.042 seconds
[2025-11-19T01:40:11.324+0000] {processor.py:161} INFO - Started process (PID=2660) to work on /opt/airflow/dags/pipeline_label_studio.py
[2025-11-19T01:40:11.324+0000] {processor.py:830} INFO - Processing file /opt/airflow/dags/pipeline_label_studio.py for tasks to queue
[2025-11-19T01:40:11.326+0000] {logging_mixin.py:188} INFO - [2025-11-19T01:40:11.326+0000] {dagbag.py:545} INFO - Filling up the DagBag from /opt/airflow/dags/pipeline_label_studio.py
[2025-11-19T01:40:11.337+0000] {processor.py:840} INFO - DAG(s) 'etl_label_studio' retrieved from /opt/airflow/dags/pipeline_label_studio.py
[2025-11-19T01:40:11.353+0000] {logging_mixin.py:188} INFO - [2025-11-19T01:40:11.353+0000] {dag.py:3089} INFO - Sync 1 DAGs
[2025-11-19T01:40:11.365+0000] {logging_mixin.py:188} INFO - [2025-11-19T01:40:11.365+0000] {dag.py:3947} INFO - Setting next_dagrun for etl_label_studio to 2025-11-18 03:00:00+00:00, run_after=2025-11-19 03:00:00+00:00
[2025-11-19T01:40:11.375+0000] {processor.py:183} INFO - Processing /opt/airflow/dags/pipeline_label_studio.py took 0.056 seconds
[2025-11-19T01:40:41.564+0000] {processor.py:161} INFO - Started process (PID=2675) to work on /opt/airflow/dags/pipeline_label_studio.py
[2025-11-19T01:40:41.564+0000] {processor.py:830} INFO - Processing file /opt/airflow/dags/pipeline_label_studio.py for tasks to queue
[2025-11-19T01:40:41.565+0000] {logging_mixin.py:188} INFO - [2025-11-19T01:40:41.565+0000] {dagbag.py:545} INFO - Filling up the DagBag from /opt/airflow/dags/pipeline_label_studio.py
[2025-11-19T01:40:41.570+0000] {processor.py:840} INFO - DAG(s) 'etl_label_studio' retrieved from /opt/airflow/dags/pipeline_label_studio.py
[2025-11-19T01:40:41.586+0000] {logging_mixin.py:188} INFO - [2025-11-19T01:40:41.586+0000] {dag.py:3089} INFO - Sync 1 DAGs
[2025-11-19T01:40:41.599+0000] {logging_mixin.py:188} INFO - [2025-11-19T01:40:41.599+0000] {dag.py:3947} INFO - Setting next_dagrun for etl_label_studio to 2025-11-18 03:00:00+00:00, run_after=2025-11-19 03:00:00+00:00
[2025-11-19T01:40:41.608+0000] {processor.py:183} INFO - Processing /opt/airflow/dags/pipeline_label_studio.py took 0.047 seconds
[2025-11-19T01:41:11.835+0000] {processor.py:161} INFO - Started process (PID=2690) to work on /opt/airflow/dags/pipeline_label_studio.py
[2025-11-19T01:41:11.835+0000] {processor.py:830} INFO - Processing file /opt/airflow/dags/pipeline_label_studio.py for tasks to queue
[2025-11-19T01:41:11.836+0000] {logging_mixin.py:188} INFO - [2025-11-19T01:41:11.836+0000] {dagbag.py:545} INFO - Filling up the DagBag from /opt/airflow/dags/pipeline_label_studio.py
[2025-11-19T01:41:11.841+0000] {processor.py:840} INFO - DAG(s) 'etl_label_studio' retrieved from /opt/airflow/dags/pipeline_label_studio.py
[2025-11-19T01:41:11.855+0000] {logging_mixin.py:188} INFO - [2025-11-19T01:41:11.855+0000] {dag.py:3089} INFO - Sync 1 DAGs
[2025-11-19T01:41:11.866+0000] {logging_mixin.py:188} INFO - [2025-11-19T01:41:11.866+0000] {dag.py:3947} INFO - Setting next_dagrun for etl_label_studio to 2025-11-18 03:00:00+00:00, run_after=2025-11-19 03:00:00+00:00
[2025-11-19T01:41:11.875+0000] {processor.py:183} INFO - Processing /opt/airflow/dags/pipeline_label_studio.py took 0.043 seconds
[2025-11-19T01:41:42.112+0000] {processor.py:161} INFO - Started process (PID=2705) to work on /opt/airflow/dags/pipeline_label_studio.py
[2025-11-19T01:41:42.113+0000] {processor.py:830} INFO - Processing file /opt/airflow/dags/pipeline_label_studio.py for tasks to queue
[2025-11-19T01:41:42.114+0000] {logging_mixin.py:188} INFO - [2025-11-19T01:41:42.114+0000] {dagbag.py:545} INFO - Filling up the DagBag from /opt/airflow/dags/pipeline_label_studio.py
[2025-11-19T01:41:42.121+0000] {processor.py:840} INFO - DAG(s) 'etl_label_studio' retrieved from /opt/airflow/dags/pipeline_label_studio.py
[2025-11-19T01:41:42.136+0000] {logging_mixin.py:188} INFO - [2025-11-19T01:41:42.136+0000] {dag.py:3089} INFO - Sync 1 DAGs
[2025-11-19T01:41:42.147+0000] {logging_mixin.py:188} INFO - [2025-11-19T01:41:42.147+0000] {dag.py:3947} INFO - Setting next_dagrun for etl_label_studio to 2025-11-18 03:00:00+00:00, run_after=2025-11-19 03:00:00+00:00
[2025-11-19T01:41:42.154+0000] {processor.py:183} INFO - Processing /opt/airflow/dags/pipeline_label_studio.py took 0.045 seconds
[2025-11-19T01:42:12.388+0000] {processor.py:161} INFO - Started process (PID=2720) to work on /opt/airflow/dags/pipeline_label_studio.py
[2025-11-19T01:42:12.388+0000] {processor.py:830} INFO - Processing file /opt/airflow/dags/pipeline_label_studio.py for tasks to queue
[2025-11-19T01:42:12.389+0000] {logging_mixin.py:188} INFO - [2025-11-19T01:42:12.389+0000] {dagbag.py:545} INFO - Filling up the DagBag from /opt/airflow/dags/pipeline_label_studio.py
[2025-11-19T01:42:12.393+0000] {processor.py:840} INFO - DAG(s) 'etl_label_studio' retrieved from /opt/airflow/dags/pipeline_label_studio.py
[2025-11-19T01:42:12.411+0000] {logging_mixin.py:188} INFO - [2025-11-19T01:42:12.411+0000] {dag.py:3089} INFO - Sync 1 DAGs
[2025-11-19T01:42:12.432+0000] {logging_mixin.py:188} INFO - [2025-11-19T01:42:12.432+0000] {dag.py:3947} INFO - Setting next_dagrun for etl_label_studio to 2025-11-18 03:00:00+00:00, run_after=2025-11-19 03:00:00+00:00
[2025-11-19T01:42:12.450+0000] {processor.py:183} INFO - Processing /opt/airflow/dags/pipeline_label_studio.py took 0.066 seconds
[2025-11-19T01:42:42.718+0000] {processor.py:161} INFO - Started process (PID=2735) to work on /opt/airflow/dags/pipeline_label_studio.py
[2025-11-19T01:42:42.719+0000] {processor.py:830} INFO - Processing file /opt/airflow/dags/pipeline_label_studio.py for tasks to queue
[2025-11-19T01:42:42.721+0000] {logging_mixin.py:188} INFO - [2025-11-19T01:42:42.720+0000] {dagbag.py:545} INFO - Filling up the DagBag from /opt/airflow/dags/pipeline_label_studio.py
[2025-11-19T01:42:42.729+0000] {processor.py:840} INFO - DAG(s) 'etl_label_studio' retrieved from /opt/airflow/dags/pipeline_label_studio.py
[2025-11-19T01:42:42.749+0000] {logging_mixin.py:188} INFO - [2025-11-19T01:42:42.749+0000] {dag.py:3089} INFO - Sync 1 DAGs
[2025-11-19T01:42:42.763+0000] {logging_mixin.py:188} INFO - [2025-11-19T01:42:42.763+0000] {dag.py:3947} INFO - Setting next_dagrun for etl_label_studio to 2025-11-18 03:00:00+00:00, run_after=2025-11-19 03:00:00+00:00
[2025-11-19T01:42:42.772+0000] {processor.py:183} INFO - Processing /opt/airflow/dags/pipeline_label_studio.py took 0.056 seconds
[2025-11-19T01:43:12.977+0000] {processor.py:161} INFO - Started process (PID=2749) to work on /opt/airflow/dags/pipeline_label_studio.py
[2025-11-19T01:43:12.977+0000] {processor.py:830} INFO - Processing file /opt/airflow/dags/pipeline_label_studio.py for tasks to queue
[2025-11-19T01:43:12.978+0000] {logging_mixin.py:188} INFO - [2025-11-19T01:43:12.978+0000] {dagbag.py:545} INFO - Filling up the DagBag from /opt/airflow/dags/pipeline_label_studio.py
[2025-11-19T01:43:12.984+0000] {processor.py:840} INFO - DAG(s) 'etl_label_studio' retrieved from /opt/airflow/dags/pipeline_label_studio.py
[2025-11-19T01:43:13.000+0000] {logging_mixin.py:188} INFO - [2025-11-19T01:43:13.000+0000] {dag.py:3089} INFO - Sync 1 DAGs
[2025-11-19T01:43:13.012+0000] {logging_mixin.py:188} INFO - [2025-11-19T01:43:13.012+0000] {dag.py:3947} INFO - Setting next_dagrun for etl_label_studio to 2025-11-18 03:00:00+00:00, run_after=2025-11-19 03:00:00+00:00
[2025-11-19T01:43:13.020+0000] {processor.py:183} INFO - Processing /opt/airflow/dags/pipeline_label_studio.py took 0.046 seconds
[2025-11-19T01:43:43.228+0000] {processor.py:161} INFO - Started process (PID=2765) to work on /opt/airflow/dags/pipeline_label_studio.py
[2025-11-19T01:43:43.228+0000] {processor.py:830} INFO - Processing file /opt/airflow/dags/pipeline_label_studio.py for tasks to queue
[2025-11-19T01:43:43.229+0000] {logging_mixin.py:188} INFO - [2025-11-19T01:43:43.229+0000] {dagbag.py:545} INFO - Filling up the DagBag from /opt/airflow/dags/pipeline_label_studio.py
[2025-11-19T01:43:43.237+0000] {processor.py:840} INFO - DAG(s) 'etl_label_studio' retrieved from /opt/airflow/dags/pipeline_label_studio.py
[2025-11-19T01:43:43.255+0000] {logging_mixin.py:188} INFO - [2025-11-19T01:43:43.255+0000] {dag.py:3089} INFO - Sync 1 DAGs
[2025-11-19T01:43:43.268+0000] {logging_mixin.py:188} INFO - [2025-11-19T01:43:43.268+0000] {dag.py:3947} INFO - Setting next_dagrun for etl_label_studio to 2025-11-18 03:00:00+00:00, run_after=2025-11-19 03:00:00+00:00
[2025-11-19T01:43:43.277+0000] {processor.py:183} INFO - Processing /opt/airflow/dags/pipeline_label_studio.py took 0.054 seconds
[2025-11-19T01:44:13.491+0000] {processor.py:161} INFO - Started process (PID=2780) to work on /opt/airflow/dags/pipeline_label_studio.py
[2025-11-19T01:44:13.492+0000] {processor.py:830} INFO - Processing file /opt/airflow/dags/pipeline_label_studio.py for tasks to queue
[2025-11-19T01:44:13.493+0000] {logging_mixin.py:188} INFO - [2025-11-19T01:44:13.492+0000] {dagbag.py:545} INFO - Filling up the DagBag from /opt/airflow/dags/pipeline_label_studio.py
[2025-11-19T01:44:13.498+0000] {processor.py:840} INFO - DAG(s) 'etl_label_studio' retrieved from /opt/airflow/dags/pipeline_label_studio.py
[2025-11-19T01:44:13.517+0000] {logging_mixin.py:188} INFO - [2025-11-19T01:44:13.517+0000] {dag.py:3089} INFO - Sync 1 DAGs
[2025-11-19T01:44:13.530+0000] {logging_mixin.py:188} INFO - [2025-11-19T01:44:13.530+0000] {dag.py:3947} INFO - Setting next_dagrun for etl_label_studio to 2025-11-18 03:00:00+00:00, run_after=2025-11-19 03:00:00+00:00
[2025-11-19T01:44:13.538+0000] {processor.py:183} INFO - Processing /opt/airflow/dags/pipeline_label_studio.py took 0.050 seconds
[2025-11-19T01:44:43.716+0000] {processor.py:161} INFO - Started process (PID=2795) to work on /opt/airflow/dags/pipeline_label_studio.py
[2025-11-19T01:44:43.716+0000] {processor.py:830} INFO - Processing file /opt/airflow/dags/pipeline_label_studio.py for tasks to queue
[2025-11-19T01:44:43.717+0000] {logging_mixin.py:188} INFO - [2025-11-19T01:44:43.717+0000] {dagbag.py:545} INFO - Filling up the DagBag from /opt/airflow/dags/pipeline_label_studio.py
[2025-11-19T01:44:43.721+0000] {processor.py:840} INFO - DAG(s) 'etl_label_studio' retrieved from /opt/airflow/dags/pipeline_label_studio.py
[2025-11-19T01:44:43.733+0000] {logging_mixin.py:188} INFO - [2025-11-19T01:44:43.733+0000] {dag.py:3089} INFO - Sync 1 DAGs
[2025-11-19T01:44:43.742+0000] {logging_mixin.py:188} INFO - [2025-11-19T01:44:43.742+0000] {dag.py:3947} INFO - Setting next_dagrun for etl_label_studio to 2025-11-18 03:00:00+00:00, run_after=2025-11-19 03:00:00+00:00
[2025-11-19T01:44:43.749+0000] {processor.py:183} INFO - Processing /opt/airflow/dags/pipeline_label_studio.py took 0.036 seconds
[2025-11-19T01:45:13.952+0000] {processor.py:161} INFO - Started process (PID=2810) to work on /opt/airflow/dags/pipeline_label_studio.py
[2025-11-19T01:45:13.953+0000] {processor.py:830} INFO - Processing file /opt/airflow/dags/pipeline_label_studio.py for tasks to queue
[2025-11-19T01:45:13.954+0000] {logging_mixin.py:188} INFO - [2025-11-19T01:45:13.954+0000] {dagbag.py:545} INFO - Filling up the DagBag from /opt/airflow/dags/pipeline_label_studio.py
[2025-11-19T01:45:13.959+0000] {processor.py:840} INFO - DAG(s) 'etl_label_studio' retrieved from /opt/airflow/dags/pipeline_label_studio.py
[2025-11-19T01:45:13.977+0000] {logging_mixin.py:188} INFO - [2025-11-19T01:45:13.976+0000] {dag.py:3089} INFO - Sync 1 DAGs
[2025-11-19T01:45:13.989+0000] {logging_mixin.py:188} INFO - [2025-11-19T01:45:13.989+0000] {dag.py:3947} INFO - Setting next_dagrun for etl_label_studio to 2025-11-18 03:00:00+00:00, run_after=2025-11-19 03:00:00+00:00
[2025-11-19T01:45:14.001+0000] {processor.py:183} INFO - Processing /opt/airflow/dags/pipeline_label_studio.py took 0.052 seconds
[2025-11-19T01:45:44.224+0000] {processor.py:161} INFO - Started process (PID=2825) to work on /opt/airflow/dags/pipeline_label_studio.py
[2025-11-19T01:45:44.224+0000] {processor.py:830} INFO - Processing file /opt/airflow/dags/pipeline_label_studio.py for tasks to queue
[2025-11-19T01:45:44.225+0000] {logging_mixin.py:188} INFO - [2025-11-19T01:45:44.225+0000] {dagbag.py:545} INFO - Filling up the DagBag from /opt/airflow/dags/pipeline_label_studio.py
[2025-11-19T01:45:44.231+0000] {processor.py:840} INFO - DAG(s) 'etl_label_studio' retrieved from /opt/airflow/dags/pipeline_label_studio.py
[2025-11-19T01:45:44.246+0000] {logging_mixin.py:188} INFO - [2025-11-19T01:45:44.246+0000] {dag.py:3089} INFO - Sync 1 DAGs
[2025-11-19T01:45:44.257+0000] {logging_mixin.py:188} INFO - [2025-11-19T01:45:44.257+0000] {dag.py:3947} INFO - Setting next_dagrun for etl_label_studio to 2025-11-18 03:00:00+00:00, run_after=2025-11-19 03:00:00+00:00
[2025-11-19T01:45:44.265+0000] {processor.py:183} INFO - Processing /opt/airflow/dags/pipeline_label_studio.py took 0.044 seconds
[2025-11-19T01:46:32.859+0000] {processor.py:161} INFO - Started process (PID=174) to work on /opt/airflow/dags/pipeline_label_studio.py
[2025-11-19T01:46:32.859+0000] {processor.py:830} INFO - Processing file /opt/airflow/dags/pipeline_label_studio.py for tasks to queue
[2025-11-19T01:46:32.860+0000] {logging_mixin.py:188} INFO - [2025-11-19T01:46:32.860+0000] {dagbag.py:545} INFO - Filling up the DagBag from /opt/airflow/dags/pipeline_label_studio.py
[2025-11-19T01:46:32.866+0000] {processor.py:840} INFO - DAG(s) 'etl_label_studio' retrieved from /opt/airflow/dags/pipeline_label_studio.py
[2025-11-19T01:46:32.874+0000] {logging_mixin.py:188} INFO - [2025-11-19T01:46:32.874+0000] {dag.py:3089} INFO - Sync 1 DAGs
[2025-11-19T01:46:32.884+0000] {logging_mixin.py:188} INFO - [2025-11-19T01:46:32.884+0000] {dag.py:3947} INFO - Setting next_dagrun for etl_label_studio to 2025-11-18 03:00:00+00:00, run_after=2025-11-19 03:00:00+00:00
[2025-11-19T01:46:32.891+0000] {processor.py:183} INFO - Processing /opt/airflow/dags/pipeline_label_studio.py took 0.036 seconds
[2025-11-19T01:47:03.268+0000] {processor.py:161} INFO - Started process (PID=191) to work on /opt/airflow/dags/pipeline_label_studio.py
[2025-11-19T01:47:03.268+0000] {processor.py:830} INFO - Processing file /opt/airflow/dags/pipeline_label_studio.py for tasks to queue
[2025-11-19T01:47:03.269+0000] {logging_mixin.py:188} INFO - [2025-11-19T01:47:03.269+0000] {dagbag.py:545} INFO - Filling up the DagBag from /opt/airflow/dags/pipeline_label_studio.py
[2025-11-19T01:47:03.273+0000] {processor.py:840} INFO - DAG(s) 'etl_label_studio' retrieved from /opt/airflow/dags/pipeline_label_studio.py
[2025-11-19T01:47:03.309+0000] {logging_mixin.py:188} INFO - [2025-11-19T01:47:03.309+0000] {dag.py:3089} INFO - Sync 1 DAGs
[2025-11-19T01:47:03.317+0000] {logging_mixin.py:188} INFO - [2025-11-19T01:47:03.317+0000] {dag.py:3947} INFO - Setting next_dagrun for etl_label_studio to 2025-11-18 03:00:00+00:00, run_after=2025-11-19 03:00:00+00:00
[2025-11-19T01:47:03.323+0000] {processor.py:183} INFO - Processing /opt/airflow/dags/pipeline_label_studio.py took 0.058 seconds
