[2025-11-19T00:00:19.333+0000] {processor.py:161} INFO - Started process (PID=10790) to work on /opt/airflow/dags/pipeline_strava_activities.py
[2025-11-19T00:00:19.334+0000] {processor.py:830} INFO - Processing file /opt/airflow/dags/pipeline_strava_activities.py for tasks to queue
[2025-11-19T00:00:19.336+0000] {logging_mixin.py:188} INFO - [2025-11-19T00:00:19.336+0000] {dagbag.py:545} INFO - Filling up the DagBag from /opt/airflow/dags/pipeline_strava_activities.py
[2025-11-19T00:00:19.347+0000] {processor.py:840} INFO - DAG(s) 'etl_strava_activities' retrieved from /opt/airflow/dags/pipeline_strava_activities.py
[2025-11-19T00:00:19.375+0000] {logging_mixin.py:188} INFO - [2025-11-19T00:00:19.374+0000] {dag.py:3089} INFO - Sync 1 DAGs
[2025-11-19T00:00:19.405+0000] {logging_mixin.py:188} INFO - [2025-11-19T00:00:19.405+0000] {dag.py:3947} INFO - Setting next_dagrun for etl_strava_activities to 2025-11-18 03:00:00+00:00, run_after=2025-11-19 03:00:00+00:00
[2025-11-19T00:00:19.429+0000] {processor.py:183} INFO - Processing /opt/airflow/dags/pipeline_strava_activities.py took 0.102 seconds
[2025-11-19T00:00:49.724+0000] {processor.py:161} INFO - Started process (PID=10804) to work on /opt/airflow/dags/pipeline_strava_activities.py
[2025-11-19T00:00:49.725+0000] {processor.py:830} INFO - Processing file /opt/airflow/dags/pipeline_strava_activities.py for tasks to queue
[2025-11-19T00:00:49.726+0000] {logging_mixin.py:188} INFO - [2025-11-19T00:00:49.726+0000] {dagbag.py:545} INFO - Filling up the DagBag from /opt/airflow/dags/pipeline_strava_activities.py
[2025-11-19T00:00:49.738+0000] {processor.py:840} INFO - DAG(s) 'etl_strava_activities' retrieved from /opt/airflow/dags/pipeline_strava_activities.py
[2025-11-19T00:00:49.765+0000] {logging_mixin.py:188} INFO - [2025-11-19T00:00:49.764+0000] {dag.py:3089} INFO - Sync 1 DAGs
[2025-11-19T00:00:49.777+0000] {logging_mixin.py:188} INFO - [2025-11-19T00:00:49.777+0000] {dag.py:3947} INFO - Setting next_dagrun for etl_strava_activities to 2025-11-18 03:00:00+00:00, run_after=2025-11-19 03:00:00+00:00
[2025-11-19T00:00:49.785+0000] {processor.py:183} INFO - Processing /opt/airflow/dags/pipeline_strava_activities.py took 0.067 seconds
[2025-11-19T00:01:20.084+0000] {processor.py:161} INFO - Started process (PID=10819) to work on /opt/airflow/dags/pipeline_strava_activities.py
[2025-11-19T00:01:20.085+0000] {processor.py:830} INFO - Processing file /opt/airflow/dags/pipeline_strava_activities.py for tasks to queue
[2025-11-19T00:01:20.089+0000] {logging_mixin.py:188} INFO - [2025-11-19T00:01:20.088+0000] {dagbag.py:545} INFO - Filling up the DagBag from /opt/airflow/dags/pipeline_strava_activities.py
[2025-11-19T00:01:20.104+0000] {processor.py:840} INFO - DAG(s) 'etl_strava_activities' retrieved from /opt/airflow/dags/pipeline_strava_activities.py
[2025-11-19T00:01:20.131+0000] {logging_mixin.py:188} INFO - [2025-11-19T00:01:20.131+0000] {dag.py:3089} INFO - Sync 1 DAGs
[2025-11-19T00:01:20.145+0000] {logging_mixin.py:188} INFO - [2025-11-19T00:01:20.145+0000] {dag.py:3947} INFO - Setting next_dagrun for etl_strava_activities to 2025-11-18 03:00:00+00:00, run_after=2025-11-19 03:00:00+00:00
[2025-11-19T00:01:20.153+0000] {processor.py:183} INFO - Processing /opt/airflow/dags/pipeline_strava_activities.py took 0.076 seconds
[2025-11-19T00:01:50.457+0000] {processor.py:161} INFO - Started process (PID=10834) to work on /opt/airflow/dags/pipeline_strava_activities.py
[2025-11-19T00:01:50.459+0000] {processor.py:830} INFO - Processing file /opt/airflow/dags/pipeline_strava_activities.py for tasks to queue
[2025-11-19T00:01:50.460+0000] {logging_mixin.py:188} INFO - [2025-11-19T00:01:50.460+0000] {dagbag.py:545} INFO - Filling up the DagBag from /opt/airflow/dags/pipeline_strava_activities.py
[2025-11-19T00:01:50.471+0000] {processor.py:840} INFO - DAG(s) 'etl_strava_activities' retrieved from /opt/airflow/dags/pipeline_strava_activities.py
[2025-11-19T00:01:50.493+0000] {logging_mixin.py:188} INFO - [2025-11-19T00:01:50.493+0000] {dag.py:3089} INFO - Sync 1 DAGs
[2025-11-19T00:01:50.522+0000] {logging_mixin.py:188} INFO - [2025-11-19T00:01:50.522+0000] {dag.py:3947} INFO - Setting next_dagrun for etl_strava_activities to 2025-11-18 03:00:00+00:00, run_after=2025-11-19 03:00:00+00:00
[2025-11-19T00:01:50.551+0000] {processor.py:183} INFO - Processing /opt/airflow/dags/pipeline_strava_activities.py took 0.100 seconds
[2025-11-19T00:02:20.860+0000] {processor.py:161} INFO - Started process (PID=10849) to work on /opt/airflow/dags/pipeline_strava_activities.py
[2025-11-19T00:02:20.861+0000] {processor.py:830} INFO - Processing file /opt/airflow/dags/pipeline_strava_activities.py for tasks to queue
[2025-11-19T00:02:20.862+0000] {logging_mixin.py:188} INFO - [2025-11-19T00:02:20.862+0000] {dagbag.py:545} INFO - Filling up the DagBag from /opt/airflow/dags/pipeline_strava_activities.py
[2025-11-19T00:02:20.872+0000] {processor.py:840} INFO - DAG(s) 'etl_strava_activities' retrieved from /opt/airflow/dags/pipeline_strava_activities.py
[2025-11-19T00:02:20.894+0000] {logging_mixin.py:188} INFO - [2025-11-19T00:02:20.894+0000] {dag.py:3089} INFO - Sync 1 DAGs
[2025-11-19T00:02:20.909+0000] {logging_mixin.py:188} INFO - [2025-11-19T00:02:20.909+0000] {dag.py:3947} INFO - Setting next_dagrun for etl_strava_activities to 2025-11-18 03:00:00+00:00, run_after=2025-11-19 03:00:00+00:00
[2025-11-19T00:02:20.918+0000] {processor.py:183} INFO - Processing /opt/airflow/dags/pipeline_strava_activities.py took 0.062 seconds
[2025-11-19T00:02:51.187+0000] {processor.py:161} INFO - Started process (PID=10865) to work on /opt/airflow/dags/pipeline_strava_activities.py
[2025-11-19T00:02:51.188+0000] {processor.py:830} INFO - Processing file /opt/airflow/dags/pipeline_strava_activities.py for tasks to queue
[2025-11-19T00:02:51.189+0000] {logging_mixin.py:188} INFO - [2025-11-19T00:02:51.189+0000] {dagbag.py:545} INFO - Filling up the DagBag from /opt/airflow/dags/pipeline_strava_activities.py
[2025-11-19T00:02:51.199+0000] {processor.py:840} INFO - DAG(s) 'etl_strava_activities' retrieved from /opt/airflow/dags/pipeline_strava_activities.py
[2025-11-19T00:02:51.220+0000] {logging_mixin.py:188} INFO - [2025-11-19T00:02:51.220+0000] {dag.py:3089} INFO - Sync 1 DAGs
[2025-11-19T00:02:51.233+0000] {logging_mixin.py:188} INFO - [2025-11-19T00:02:51.233+0000] {dag.py:3947} INFO - Setting next_dagrun for etl_strava_activities to 2025-11-18 03:00:00+00:00, run_after=2025-11-19 03:00:00+00:00
[2025-11-19T00:02:51.242+0000] {processor.py:183} INFO - Processing /opt/airflow/dags/pipeline_strava_activities.py took 0.060 seconds
[2025-11-19T00:03:21.496+0000] {processor.py:161} INFO - Started process (PID=10879) to work on /opt/airflow/dags/pipeline_strava_activities.py
[2025-11-19T00:03:21.496+0000] {processor.py:830} INFO - Processing file /opt/airflow/dags/pipeline_strava_activities.py for tasks to queue
[2025-11-19T00:03:21.498+0000] {logging_mixin.py:188} INFO - [2025-11-19T00:03:21.497+0000] {dagbag.py:545} INFO - Filling up the DagBag from /opt/airflow/dags/pipeline_strava_activities.py
[2025-11-19T00:03:21.508+0000] {processor.py:840} INFO - DAG(s) 'etl_strava_activities' retrieved from /opt/airflow/dags/pipeline_strava_activities.py
[2025-11-19T00:03:21.556+0000] {logging_mixin.py:188} INFO - [2025-11-19T00:03:21.556+0000] {dag.py:3089} INFO - Sync 1 DAGs
[2025-11-19T00:03:21.575+0000] {logging_mixin.py:188} INFO - [2025-11-19T00:03:21.575+0000] {dag.py:3947} INFO - Setting next_dagrun for etl_strava_activities to 2025-11-18 03:00:00+00:00, run_after=2025-11-19 03:00:00+00:00
[2025-11-19T00:03:21.584+0000] {processor.py:183} INFO - Processing /opt/airflow/dags/pipeline_strava_activities.py took 0.092 seconds
[2025-11-19T00:03:51.825+0000] {processor.py:161} INFO - Started process (PID=10894) to work on /opt/airflow/dags/pipeline_strava_activities.py
[2025-11-19T00:03:51.827+0000] {processor.py:830} INFO - Processing file /opt/airflow/dags/pipeline_strava_activities.py for tasks to queue
[2025-11-19T00:03:51.829+0000] {logging_mixin.py:188} INFO - [2025-11-19T00:03:51.828+0000] {dagbag.py:545} INFO - Filling up the DagBag from /opt/airflow/dags/pipeline_strava_activities.py
[2025-11-19T00:03:51.850+0000] {processor.py:840} INFO - DAG(s) 'etl_strava_activities' retrieved from /opt/airflow/dags/pipeline_strava_activities.py
[2025-11-19T00:03:51.886+0000] {logging_mixin.py:188} INFO - [2025-11-19T00:03:51.886+0000] {dag.py:3089} INFO - Sync 1 DAGs
[2025-11-19T00:03:51.903+0000] {logging_mixin.py:188} INFO - [2025-11-19T00:03:51.903+0000] {dag.py:3947} INFO - Setting next_dagrun for etl_strava_activities to 2025-11-18 03:00:00+00:00, run_after=2025-11-19 03:00:00+00:00
[2025-11-19T00:03:51.912+0000] {processor.py:183} INFO - Processing /opt/airflow/dags/pipeline_strava_activities.py took 0.093 seconds
[2025-11-19T00:04:22.161+0000] {processor.py:161} INFO - Started process (PID=10910) to work on /opt/airflow/dags/pipeline_strava_activities.py
[2025-11-19T00:04:22.162+0000] {processor.py:830} INFO - Processing file /opt/airflow/dags/pipeline_strava_activities.py for tasks to queue
[2025-11-19T00:04:22.163+0000] {logging_mixin.py:188} INFO - [2025-11-19T00:04:22.163+0000] {dagbag.py:545} INFO - Filling up the DagBag from /opt/airflow/dags/pipeline_strava_activities.py
[2025-11-19T00:04:22.174+0000] {processor.py:840} INFO - DAG(s) 'etl_strava_activities' retrieved from /opt/airflow/dags/pipeline_strava_activities.py
[2025-11-19T00:04:22.194+0000] {logging_mixin.py:188} INFO - [2025-11-19T00:04:22.194+0000] {dag.py:3089} INFO - Sync 1 DAGs
[2025-11-19T00:04:22.207+0000] {logging_mixin.py:188} INFO - [2025-11-19T00:04:22.207+0000] {dag.py:3947} INFO - Setting next_dagrun for etl_strava_activities to 2025-11-18 03:00:00+00:00, run_after=2025-11-19 03:00:00+00:00
[2025-11-19T00:04:22.216+0000] {processor.py:183} INFO - Processing /opt/airflow/dags/pipeline_strava_activities.py took 0.058 seconds
[2025-11-19T00:04:52.476+0000] {processor.py:161} INFO - Started process (PID=10925) to work on /opt/airflow/dags/pipeline_strava_activities.py
[2025-11-19T00:04:52.478+0000] {processor.py:830} INFO - Processing file /opt/airflow/dags/pipeline_strava_activities.py for tasks to queue
[2025-11-19T00:04:52.479+0000] {logging_mixin.py:188} INFO - [2025-11-19T00:04:52.479+0000] {dagbag.py:545} INFO - Filling up the DagBag from /opt/airflow/dags/pipeline_strava_activities.py
[2025-11-19T00:04:52.489+0000] {processor.py:840} INFO - DAG(s) 'etl_strava_activities' retrieved from /opt/airflow/dags/pipeline_strava_activities.py
[2025-11-19T00:04:52.505+0000] {logging_mixin.py:188} INFO - [2025-11-19T00:04:52.505+0000] {dag.py:3089} INFO - Sync 1 DAGs
[2025-11-19T00:04:52.515+0000] {logging_mixin.py:188} INFO - [2025-11-19T00:04:52.515+0000] {dag.py:3947} INFO - Setting next_dagrun for etl_strava_activities to 2025-11-18 03:00:00+00:00, run_after=2025-11-19 03:00:00+00:00
[2025-11-19T00:04:52.524+0000] {processor.py:183} INFO - Processing /opt/airflow/dags/pipeline_strava_activities.py took 0.054 seconds
[2025-11-19T00:05:22.838+0000] {processor.py:161} INFO - Started process (PID=10939) to work on /opt/airflow/dags/pipeline_strava_activities.py
[2025-11-19T00:05:22.839+0000] {processor.py:830} INFO - Processing file /opt/airflow/dags/pipeline_strava_activities.py for tasks to queue
[2025-11-19T00:05:22.842+0000] {logging_mixin.py:188} INFO - [2025-11-19T00:05:22.842+0000] {dagbag.py:545} INFO - Filling up the DagBag from /opt/airflow/dags/pipeline_strava_activities.py
[2025-11-19T00:05:22.869+0000] {processor.py:840} INFO - DAG(s) 'etl_strava_activities' retrieved from /opt/airflow/dags/pipeline_strava_activities.py
[2025-11-19T00:05:22.898+0000] {logging_mixin.py:188} INFO - [2025-11-19T00:05:22.898+0000] {dag.py:3089} INFO - Sync 1 DAGs
[2025-11-19T00:05:22.916+0000] {logging_mixin.py:188} INFO - [2025-11-19T00:05:22.915+0000] {dag.py:3947} INFO - Setting next_dagrun for etl_strava_activities to 2025-11-18 03:00:00+00:00, run_after=2025-11-19 03:00:00+00:00
[2025-11-19T00:05:22.931+0000] {processor.py:183} INFO - Processing /opt/airflow/dags/pipeline_strava_activities.py took 0.111 seconds
[2025-11-19T00:05:53.229+0000] {processor.py:161} INFO - Started process (PID=10954) to work on /opt/airflow/dags/pipeline_strava_activities.py
[2025-11-19T00:05:53.230+0000] {processor.py:830} INFO - Processing file /opt/airflow/dags/pipeline_strava_activities.py for tasks to queue
[2025-11-19T00:05:53.232+0000] {logging_mixin.py:188} INFO - [2025-11-19T00:05:53.231+0000] {dagbag.py:545} INFO - Filling up the DagBag from /opt/airflow/dags/pipeline_strava_activities.py
[2025-11-19T00:05:53.256+0000] {processor.py:840} INFO - DAG(s) 'etl_strava_activities' retrieved from /opt/airflow/dags/pipeline_strava_activities.py
[2025-11-19T00:05:53.295+0000] {logging_mixin.py:188} INFO - [2025-11-19T00:05:53.295+0000] {dag.py:3089} INFO - Sync 1 DAGs
[2025-11-19T00:05:53.312+0000] {logging_mixin.py:188} INFO - [2025-11-19T00:05:53.312+0000] {dag.py:3947} INFO - Setting next_dagrun for etl_strava_activities to 2025-11-18 03:00:00+00:00, run_after=2025-11-19 03:00:00+00:00
[2025-11-19T00:05:53.321+0000] {processor.py:183} INFO - Processing /opt/airflow/dags/pipeline_strava_activities.py took 0.098 seconds
[2025-11-19T00:06:23.594+0000] {processor.py:161} INFO - Started process (PID=10969) to work on /opt/airflow/dags/pipeline_strava_activities.py
[2025-11-19T00:06:23.594+0000] {processor.py:830} INFO - Processing file /opt/airflow/dags/pipeline_strava_activities.py for tasks to queue
[2025-11-19T00:06:23.596+0000] {logging_mixin.py:188} INFO - [2025-11-19T00:06:23.596+0000] {dagbag.py:545} INFO - Filling up the DagBag from /opt/airflow/dags/pipeline_strava_activities.py
[2025-11-19T00:06:23.611+0000] {processor.py:840} INFO - DAG(s) 'etl_strava_activities' retrieved from /opt/airflow/dags/pipeline_strava_activities.py
[2025-11-19T00:06:23.633+0000] {logging_mixin.py:188} INFO - [2025-11-19T00:06:23.633+0000] {dag.py:3089} INFO - Sync 1 DAGs
[2025-11-19T00:06:23.646+0000] {logging_mixin.py:188} INFO - [2025-11-19T00:06:23.646+0000] {dag.py:3947} INFO - Setting next_dagrun for etl_strava_activities to 2025-11-18 03:00:00+00:00, run_after=2025-11-19 03:00:00+00:00
[2025-11-19T00:06:23.654+0000] {processor.py:183} INFO - Processing /opt/airflow/dags/pipeline_strava_activities.py took 0.065 seconds
[2025-11-19T00:06:53.886+0000] {processor.py:161} INFO - Started process (PID=10985) to work on /opt/airflow/dags/pipeline_strava_activities.py
[2025-11-19T00:06:53.887+0000] {processor.py:830} INFO - Processing file /opt/airflow/dags/pipeline_strava_activities.py for tasks to queue
[2025-11-19T00:06:53.889+0000] {logging_mixin.py:188} INFO - [2025-11-19T00:06:53.888+0000] {dagbag.py:545} INFO - Filling up the DagBag from /opt/airflow/dags/pipeline_strava_activities.py
[2025-11-19T00:06:53.896+0000] {processor.py:840} INFO - DAG(s) 'etl_strava_activities' retrieved from /opt/airflow/dags/pipeline_strava_activities.py
[2025-11-19T00:06:53.914+0000] {logging_mixin.py:188} INFO - [2025-11-19T00:06:53.914+0000] {dag.py:3089} INFO - Sync 1 DAGs
[2025-11-19T00:06:53.926+0000] {logging_mixin.py:188} INFO - [2025-11-19T00:06:53.926+0000] {dag.py:3947} INFO - Setting next_dagrun for etl_strava_activities to 2025-11-18 03:00:00+00:00, run_after=2025-11-19 03:00:00+00:00
[2025-11-19T00:06:53.934+0000] {processor.py:183} INFO - Processing /opt/airflow/dags/pipeline_strava_activities.py took 0.053 seconds
[2025-11-19T00:07:24.244+0000] {processor.py:161} INFO - Started process (PID=10999) to work on /opt/airflow/dags/pipeline_strava_activities.py
[2025-11-19T00:07:24.245+0000] {processor.py:830} INFO - Processing file /opt/airflow/dags/pipeline_strava_activities.py for tasks to queue
[2025-11-19T00:07:24.247+0000] {logging_mixin.py:188} INFO - [2025-11-19T00:07:24.246+0000] {dagbag.py:545} INFO - Filling up the DagBag from /opt/airflow/dags/pipeline_strava_activities.py
[2025-11-19T00:07:24.257+0000] {processor.py:840} INFO - DAG(s) 'etl_strava_activities' retrieved from /opt/airflow/dags/pipeline_strava_activities.py
[2025-11-19T00:07:24.279+0000] {logging_mixin.py:188} INFO - [2025-11-19T00:07:24.278+0000] {dag.py:3089} INFO - Sync 1 DAGs
[2025-11-19T00:07:24.292+0000] {logging_mixin.py:188} INFO - [2025-11-19T00:07:24.292+0000] {dag.py:3947} INFO - Setting next_dagrun for etl_strava_activities to 2025-11-18 03:00:00+00:00, run_after=2025-11-19 03:00:00+00:00
[2025-11-19T00:07:24.300+0000] {processor.py:183} INFO - Processing /opt/airflow/dags/pipeline_strava_activities.py took 0.061 seconds
[2025-11-19T00:07:54.544+0000] {processor.py:161} INFO - Started process (PID=11015) to work on /opt/airflow/dags/pipeline_strava_activities.py
[2025-11-19T00:07:54.545+0000] {processor.py:830} INFO - Processing file /opt/airflow/dags/pipeline_strava_activities.py for tasks to queue
[2025-11-19T00:07:54.547+0000] {logging_mixin.py:188} INFO - [2025-11-19T00:07:54.547+0000] {dagbag.py:545} INFO - Filling up the DagBag from /opt/airflow/dags/pipeline_strava_activities.py
[2025-11-19T00:07:54.558+0000] {processor.py:840} INFO - DAG(s) 'etl_strava_activities' retrieved from /opt/airflow/dags/pipeline_strava_activities.py
[2025-11-19T00:07:54.573+0000] {logging_mixin.py:188} INFO - [2025-11-19T00:07:54.573+0000] {dag.py:3089} INFO - Sync 1 DAGs
[2025-11-19T00:07:54.584+0000] {logging_mixin.py:188} INFO - [2025-11-19T00:07:54.584+0000] {dag.py:3947} INFO - Setting next_dagrun for etl_strava_activities to 2025-11-18 03:00:00+00:00, run_after=2025-11-19 03:00:00+00:00
[2025-11-19T00:07:54.593+0000] {processor.py:183} INFO - Processing /opt/airflow/dags/pipeline_strava_activities.py took 0.052 seconds
[2025-11-19T00:08:24.843+0000] {processor.py:161} INFO - Started process (PID=11029) to work on /opt/airflow/dags/pipeline_strava_activities.py
[2025-11-19T00:08:24.844+0000] {processor.py:830} INFO - Processing file /opt/airflow/dags/pipeline_strava_activities.py for tasks to queue
[2025-11-19T00:08:24.845+0000] {logging_mixin.py:188} INFO - [2025-11-19T00:08:24.845+0000] {dagbag.py:545} INFO - Filling up the DagBag from /opt/airflow/dags/pipeline_strava_activities.py
[2025-11-19T00:08:24.853+0000] {processor.py:840} INFO - DAG(s) 'etl_strava_activities' retrieved from /opt/airflow/dags/pipeline_strava_activities.py
[2025-11-19T00:08:24.874+0000] {logging_mixin.py:188} INFO - [2025-11-19T00:08:24.874+0000] {dag.py:3089} INFO - Sync 1 DAGs
[2025-11-19T00:08:24.889+0000] {logging_mixin.py:188} INFO - [2025-11-19T00:08:24.889+0000] {dag.py:3947} INFO - Setting next_dagrun for etl_strava_activities to 2025-11-18 03:00:00+00:00, run_after=2025-11-19 03:00:00+00:00
[2025-11-19T00:08:24.898+0000] {processor.py:183} INFO - Processing /opt/airflow/dags/pipeline_strava_activities.py took 0.059 seconds
[2025-11-19T00:08:55.169+0000] {processor.py:161} INFO - Started process (PID=11044) to work on /opt/airflow/dags/pipeline_strava_activities.py
[2025-11-19T00:08:55.170+0000] {processor.py:830} INFO - Processing file /opt/airflow/dags/pipeline_strava_activities.py for tasks to queue
[2025-11-19T00:08:55.172+0000] {logging_mixin.py:188} INFO - [2025-11-19T00:08:55.171+0000] {dagbag.py:545} INFO - Filling up the DagBag from /opt/airflow/dags/pipeline_strava_activities.py
[2025-11-19T00:08:55.185+0000] {processor.py:840} INFO - DAG(s) 'etl_strava_activities' retrieved from /opt/airflow/dags/pipeline_strava_activities.py
[2025-11-19T00:08:55.212+0000] {logging_mixin.py:188} INFO - [2025-11-19T00:08:55.212+0000] {dag.py:3089} INFO - Sync 1 DAGs
[2025-11-19T00:08:55.231+0000] {logging_mixin.py:188} INFO - [2025-11-19T00:08:55.231+0000] {dag.py:3947} INFO - Setting next_dagrun for etl_strava_activities to 2025-11-18 03:00:00+00:00, run_after=2025-11-19 03:00:00+00:00
[2025-11-19T00:08:55.239+0000] {processor.py:183} INFO - Processing /opt/airflow/dags/pipeline_strava_activities.py took 0.078 seconds
[2025-11-19T00:09:25.503+0000] {processor.py:161} INFO - Started process (PID=11060) to work on /opt/airflow/dags/pipeline_strava_activities.py
[2025-11-19T00:09:25.504+0000] {processor.py:830} INFO - Processing file /opt/airflow/dags/pipeline_strava_activities.py for tasks to queue
[2025-11-19T00:09:25.507+0000] {logging_mixin.py:188} INFO - [2025-11-19T00:09:25.506+0000] {dagbag.py:545} INFO - Filling up the DagBag from /opt/airflow/dags/pipeline_strava_activities.py
[2025-11-19T00:09:25.519+0000] {processor.py:840} INFO - DAG(s) 'etl_strava_activities' retrieved from /opt/airflow/dags/pipeline_strava_activities.py
[2025-11-19T00:09:25.551+0000] {logging_mixin.py:188} INFO - [2025-11-19T00:09:25.550+0000] {dag.py:3089} INFO - Sync 1 DAGs
[2025-11-19T00:09:25.566+0000] {logging_mixin.py:188} INFO - [2025-11-19T00:09:25.566+0000] {dag.py:3947} INFO - Setting next_dagrun for etl_strava_activities to 2025-11-18 03:00:00+00:00, run_after=2025-11-19 03:00:00+00:00
[2025-11-19T00:09:25.575+0000] {processor.py:183} INFO - Processing /opt/airflow/dags/pipeline_strava_activities.py took 0.076 seconds
[2025-11-19T00:09:55.836+0000] {processor.py:161} INFO - Started process (PID=11074) to work on /opt/airflow/dags/pipeline_strava_activities.py
[2025-11-19T00:09:55.838+0000] {processor.py:830} INFO - Processing file /opt/airflow/dags/pipeline_strava_activities.py for tasks to queue
[2025-11-19T00:09:55.840+0000] {logging_mixin.py:188} INFO - [2025-11-19T00:09:55.840+0000] {dagbag.py:545} INFO - Filling up the DagBag from /opt/airflow/dags/pipeline_strava_activities.py
[2025-11-19T00:09:55.854+0000] {processor.py:840} INFO - DAG(s) 'etl_strava_activities' retrieved from /opt/airflow/dags/pipeline_strava_activities.py
[2025-11-19T00:09:55.879+0000] {logging_mixin.py:188} INFO - [2025-11-19T00:09:55.879+0000] {dag.py:3089} INFO - Sync 1 DAGs
[2025-11-19T00:09:55.893+0000] {logging_mixin.py:188} INFO - [2025-11-19T00:09:55.893+0000] {dag.py:3947} INFO - Setting next_dagrun for etl_strava_activities to 2025-11-18 03:00:00+00:00, run_after=2025-11-19 03:00:00+00:00
[2025-11-19T00:09:55.901+0000] {processor.py:183} INFO - Processing /opt/airflow/dags/pipeline_strava_activities.py took 0.072 seconds
[2025-11-19T00:10:26.168+0000] {processor.py:161} INFO - Started process (PID=11090) to work on /opt/airflow/dags/pipeline_strava_activities.py
[2025-11-19T00:10:26.169+0000] {processor.py:830} INFO - Processing file /opt/airflow/dags/pipeline_strava_activities.py for tasks to queue
[2025-11-19T00:10:26.171+0000] {logging_mixin.py:188} INFO - [2025-11-19T00:10:26.171+0000] {dagbag.py:545} INFO - Filling up the DagBag from /opt/airflow/dags/pipeline_strava_activities.py
[2025-11-19T00:10:26.184+0000] {processor.py:840} INFO - DAG(s) 'etl_strava_activities' retrieved from /opt/airflow/dags/pipeline_strava_activities.py
[2025-11-19T00:10:26.199+0000] {logging_mixin.py:188} INFO - [2025-11-19T00:10:26.199+0000] {dag.py:3089} INFO - Sync 1 DAGs
[2025-11-19T00:10:26.211+0000] {logging_mixin.py:188} INFO - [2025-11-19T00:10:26.211+0000] {dag.py:3947} INFO - Setting next_dagrun for etl_strava_activities to 2025-11-18 03:00:00+00:00, run_after=2025-11-19 03:00:00+00:00
[2025-11-19T00:10:26.220+0000] {processor.py:183} INFO - Processing /opt/airflow/dags/pipeline_strava_activities.py took 0.056 seconds
[2025-11-19T00:10:56.487+0000] {processor.py:161} INFO - Started process (PID=11104) to work on /opt/airflow/dags/pipeline_strava_activities.py
[2025-11-19T00:10:56.488+0000] {processor.py:830} INFO - Processing file /opt/airflow/dags/pipeline_strava_activities.py for tasks to queue
[2025-11-19T00:10:56.490+0000] {logging_mixin.py:188} INFO - [2025-11-19T00:10:56.490+0000] {dagbag.py:545} INFO - Filling up the DagBag from /opt/airflow/dags/pipeline_strava_activities.py
[2025-11-19T00:10:56.503+0000] {processor.py:840} INFO - DAG(s) 'etl_strava_activities' retrieved from /opt/airflow/dags/pipeline_strava_activities.py
[2025-11-19T00:10:56.523+0000] {logging_mixin.py:188} INFO - [2025-11-19T00:10:56.523+0000] {dag.py:3089} INFO - Sync 1 DAGs
[2025-11-19T00:10:56.539+0000] {logging_mixin.py:188} INFO - [2025-11-19T00:10:56.539+0000] {dag.py:3947} INFO - Setting next_dagrun for etl_strava_activities to 2025-11-18 03:00:00+00:00, run_after=2025-11-19 03:00:00+00:00
[2025-11-19T00:10:56.548+0000] {processor.py:183} INFO - Processing /opt/airflow/dags/pipeline_strava_activities.py took 0.069 seconds
[2025-11-19T00:11:26.810+0000] {processor.py:161} INFO - Started process (PID=11119) to work on /opt/airflow/dags/pipeline_strava_activities.py
[2025-11-19T00:11:26.811+0000] {processor.py:830} INFO - Processing file /opt/airflow/dags/pipeline_strava_activities.py for tasks to queue
[2025-11-19T00:11:26.812+0000] {logging_mixin.py:188} INFO - [2025-11-19T00:11:26.812+0000] {dagbag.py:545} INFO - Filling up the DagBag from /opt/airflow/dags/pipeline_strava_activities.py
[2025-11-19T00:11:26.822+0000] {processor.py:840} INFO - DAG(s) 'etl_strava_activities' retrieved from /opt/airflow/dags/pipeline_strava_activities.py
[2025-11-19T00:11:26.843+0000] {logging_mixin.py:188} INFO - [2025-11-19T00:11:26.843+0000] {dag.py:3089} INFO - Sync 1 DAGs
[2025-11-19T00:11:26.856+0000] {logging_mixin.py:188} INFO - [2025-11-19T00:11:26.856+0000] {dag.py:3947} INFO - Setting next_dagrun for etl_strava_activities to 2025-11-18 03:00:00+00:00, run_after=2025-11-19 03:00:00+00:00
[2025-11-19T00:11:26.865+0000] {processor.py:183} INFO - Processing /opt/airflow/dags/pipeline_strava_activities.py took 0.059 seconds
[2025-11-19T00:11:57.162+0000] {processor.py:161} INFO - Started process (PID=11134) to work on /opt/airflow/dags/pipeline_strava_activities.py
[2025-11-19T00:11:57.163+0000] {processor.py:830} INFO - Processing file /opt/airflow/dags/pipeline_strava_activities.py for tasks to queue
[2025-11-19T00:11:57.166+0000] {logging_mixin.py:188} INFO - [2025-11-19T00:11:57.166+0000] {dagbag.py:545} INFO - Filling up the DagBag from /opt/airflow/dags/pipeline_strava_activities.py
[2025-11-19T00:11:57.173+0000] {processor.py:840} INFO - DAG(s) 'etl_strava_activities' retrieved from /opt/airflow/dags/pipeline_strava_activities.py
[2025-11-19T00:11:57.190+0000] {logging_mixin.py:188} INFO - [2025-11-19T00:11:57.189+0000] {dag.py:3089} INFO - Sync 1 DAGs
[2025-11-19T00:11:57.204+0000] {logging_mixin.py:188} INFO - [2025-11-19T00:11:57.203+0000] {dag.py:3947} INFO - Setting next_dagrun for etl_strava_activities to 2025-11-18 03:00:00+00:00, run_after=2025-11-19 03:00:00+00:00
[2025-11-19T00:11:57.212+0000] {processor.py:183} INFO - Processing /opt/airflow/dags/pipeline_strava_activities.py took 0.056 seconds
[2025-11-19T00:12:27.479+0000] {processor.py:161} INFO - Started process (PID=11150) to work on /opt/airflow/dags/pipeline_strava_activities.py
[2025-11-19T00:12:27.480+0000] {processor.py:830} INFO - Processing file /opt/airflow/dags/pipeline_strava_activities.py for tasks to queue
[2025-11-19T00:12:27.482+0000] {logging_mixin.py:188} INFO - [2025-11-19T00:12:27.482+0000] {dagbag.py:545} INFO - Filling up the DagBag from /opt/airflow/dags/pipeline_strava_activities.py
[2025-11-19T00:12:27.502+0000] {processor.py:840} INFO - DAG(s) 'etl_strava_activities' retrieved from /opt/airflow/dags/pipeline_strava_activities.py
[2025-11-19T00:12:27.510+0000] {logging_mixin.py:188} INFO - [2025-11-19T00:12:27.510+0000] {dag.py:3089} INFO - Sync 1 DAGs
[2025-11-19T00:12:27.523+0000] {logging_mixin.py:188} INFO - [2025-11-19T00:12:27.522+0000] {dag.py:3947} INFO - Setting next_dagrun for etl_strava_activities to 2025-11-18 03:00:00+00:00, run_after=2025-11-19 03:00:00+00:00
[2025-11-19T00:12:27.530+0000] {processor.py:183} INFO - Processing /opt/airflow/dags/pipeline_strava_activities.py took 0.056 seconds
[2025-11-19T00:12:57.768+0000] {processor.py:161} INFO - Started process (PID=11165) to work on /opt/airflow/dags/pipeline_strava_activities.py
[2025-11-19T00:12:57.770+0000] {processor.py:830} INFO - Processing file /opt/airflow/dags/pipeline_strava_activities.py for tasks to queue
[2025-11-19T00:12:57.771+0000] {logging_mixin.py:188} INFO - [2025-11-19T00:12:57.771+0000] {dagbag.py:545} INFO - Filling up the DagBag from /opt/airflow/dags/pipeline_strava_activities.py
[2025-11-19T00:12:57.787+0000] {processor.py:840} INFO - DAG(s) 'etl_strava_activities' retrieved from /opt/airflow/dags/pipeline_strava_activities.py
[2025-11-19T00:12:57.906+0000] {logging_mixin.py:188} INFO - [2025-11-19T00:12:57.905+0000] {dag.py:3089} INFO - Sync 1 DAGs
[2025-11-19T00:12:57.920+0000] {logging_mixin.py:188} INFO - [2025-11-19T00:12:57.920+0000] {dag.py:3947} INFO - Setting next_dagrun for etl_strava_activities to 2025-11-18 03:00:00+00:00, run_after=2025-11-19 03:00:00+00:00
[2025-11-19T00:12:57.931+0000] {processor.py:183} INFO - Processing /opt/airflow/dags/pipeline_strava_activities.py took 0.168 seconds
[2025-11-19T00:13:28.202+0000] {processor.py:161} INFO - Started process (PID=11179) to work on /opt/airflow/dags/pipeline_strava_activities.py
[2025-11-19T00:13:28.204+0000] {processor.py:830} INFO - Processing file /opt/airflow/dags/pipeline_strava_activities.py for tasks to queue
[2025-11-19T00:13:28.206+0000] {logging_mixin.py:188} INFO - [2025-11-19T00:13:28.205+0000] {dagbag.py:545} INFO - Filling up the DagBag from /opt/airflow/dags/pipeline_strava_activities.py
[2025-11-19T00:13:28.228+0000] {processor.py:840} INFO - DAG(s) 'etl_strava_activities' retrieved from /opt/airflow/dags/pipeline_strava_activities.py
[2025-11-19T00:13:28.279+0000] {logging_mixin.py:188} INFO - [2025-11-19T00:13:28.278+0000] {dag.py:3089} INFO - Sync 1 DAGs
[2025-11-19T00:13:28.312+0000] {logging_mixin.py:188} INFO - [2025-11-19T00:13:28.312+0000] {dag.py:3947} INFO - Setting next_dagrun for etl_strava_activities to 2025-11-18 03:00:00+00:00, run_after=2025-11-19 03:00:00+00:00
[2025-11-19T00:13:28.328+0000] {processor.py:183} INFO - Processing /opt/airflow/dags/pipeline_strava_activities.py took 0.133 seconds
[2025-11-19T00:13:58.572+0000] {processor.py:161} INFO - Started process (PID=11194) to work on /opt/airflow/dags/pipeline_strava_activities.py
[2025-11-19T00:13:58.573+0000] {processor.py:830} INFO - Processing file /opt/airflow/dags/pipeline_strava_activities.py for tasks to queue
[2025-11-19T00:13:58.577+0000] {logging_mixin.py:188} INFO - [2025-11-19T00:13:58.577+0000] {dagbag.py:545} INFO - Filling up the DagBag from /opt/airflow/dags/pipeline_strava_activities.py
[2025-11-19T00:13:58.595+0000] {processor.py:840} INFO - DAG(s) 'etl_strava_activities' retrieved from /opt/airflow/dags/pipeline_strava_activities.py
[2025-11-19T00:13:58.629+0000] {logging_mixin.py:188} INFO - [2025-11-19T00:13:58.629+0000] {dag.py:3089} INFO - Sync 1 DAGs
[2025-11-19T00:13:58.646+0000] {logging_mixin.py:188} INFO - [2025-11-19T00:13:58.646+0000] {dag.py:3947} INFO - Setting next_dagrun for etl_strava_activities to 2025-11-18 03:00:00+00:00, run_after=2025-11-19 03:00:00+00:00
[2025-11-19T00:13:58.657+0000] {processor.py:183} INFO - Processing /opt/airflow/dags/pipeline_strava_activities.py took 0.092 seconds
[2025-11-19T00:14:28.947+0000] {processor.py:161} INFO - Started process (PID=11209) to work on /opt/airflow/dags/pipeline_strava_activities.py
[2025-11-19T00:14:28.948+0000] {processor.py:830} INFO - Processing file /opt/airflow/dags/pipeline_strava_activities.py for tasks to queue
[2025-11-19T00:14:28.950+0000] {logging_mixin.py:188} INFO - [2025-11-19T00:14:28.950+0000] {dagbag.py:545} INFO - Filling up the DagBag from /opt/airflow/dags/pipeline_strava_activities.py
[2025-11-19T00:14:28.962+0000] {processor.py:840} INFO - DAG(s) 'etl_strava_activities' retrieved from /opt/airflow/dags/pipeline_strava_activities.py
[2025-11-19T00:14:28.986+0000] {logging_mixin.py:188} INFO - [2025-11-19T00:14:28.986+0000] {dag.py:3089} INFO - Sync 1 DAGs
[2025-11-19T00:14:28.999+0000] {logging_mixin.py:188} INFO - [2025-11-19T00:14:28.999+0000] {dag.py:3947} INFO - Setting next_dagrun for etl_strava_activities to 2025-11-18 03:00:00+00:00, run_after=2025-11-19 03:00:00+00:00
[2025-11-19T00:14:29.008+0000] {processor.py:183} INFO - Processing /opt/airflow/dags/pipeline_strava_activities.py took 0.067 seconds
[2025-11-19T00:14:59.261+0000] {processor.py:161} INFO - Started process (PID=11224) to work on /opt/airflow/dags/pipeline_strava_activities.py
[2025-11-19T00:14:59.262+0000] {processor.py:830} INFO - Processing file /opt/airflow/dags/pipeline_strava_activities.py for tasks to queue
[2025-11-19T00:14:59.264+0000] {logging_mixin.py:188} INFO - [2025-11-19T00:14:59.264+0000] {dagbag.py:545} INFO - Filling up the DagBag from /opt/airflow/dags/pipeline_strava_activities.py
[2025-11-19T00:14:59.278+0000] {processor.py:840} INFO - DAG(s) 'etl_strava_activities' retrieved from /opt/airflow/dags/pipeline_strava_activities.py
[2025-11-19T00:14:59.304+0000] {logging_mixin.py:188} INFO - [2025-11-19T00:14:59.304+0000] {dag.py:3089} INFO - Sync 1 DAGs
[2025-11-19T00:14:59.319+0000] {logging_mixin.py:188} INFO - [2025-11-19T00:14:59.319+0000] {dag.py:3947} INFO - Setting next_dagrun for etl_strava_activities to 2025-11-18 03:00:00+00:00, run_after=2025-11-19 03:00:00+00:00
[2025-11-19T00:14:59.328+0000] {processor.py:183} INFO - Processing /opt/airflow/dags/pipeline_strava_activities.py took 0.074 seconds
[2025-11-19T00:15:29.608+0000] {processor.py:161} INFO - Started process (PID=11239) to work on /opt/airflow/dags/pipeline_strava_activities.py
[2025-11-19T00:15:29.608+0000] {processor.py:830} INFO - Processing file /opt/airflow/dags/pipeline_strava_activities.py for tasks to queue
[2025-11-19T00:15:29.610+0000] {logging_mixin.py:188} INFO - [2025-11-19T00:15:29.610+0000] {dagbag.py:545} INFO - Filling up the DagBag from /opt/airflow/dags/pipeline_strava_activities.py
[2025-11-19T00:15:29.622+0000] {processor.py:840} INFO - DAG(s) 'etl_strava_activities' retrieved from /opt/airflow/dags/pipeline_strava_activities.py
[2025-11-19T00:15:29.642+0000] {logging_mixin.py:188} INFO - [2025-11-19T00:15:29.642+0000] {dag.py:3089} INFO - Sync 1 DAGs
[2025-11-19T00:15:29.654+0000] {logging_mixin.py:188} INFO - [2025-11-19T00:15:29.653+0000] {dag.py:3947} INFO - Setting next_dagrun for etl_strava_activities to 2025-11-18 03:00:00+00:00, run_after=2025-11-19 03:00:00+00:00
[2025-11-19T00:15:29.663+0000] {processor.py:183} INFO - Processing /opt/airflow/dags/pipeline_strava_activities.py took 0.071 seconds
[2025-11-19T00:15:59.934+0000] {processor.py:161} INFO - Started process (PID=11254) to work on /opt/airflow/dags/pipeline_strava_activities.py
[2025-11-19T00:15:59.935+0000] {processor.py:830} INFO - Processing file /opt/airflow/dags/pipeline_strava_activities.py for tasks to queue
[2025-11-19T00:15:59.936+0000] {logging_mixin.py:188} INFO - [2025-11-19T00:15:59.936+0000] {dagbag.py:545} INFO - Filling up the DagBag from /opt/airflow/dags/pipeline_strava_activities.py
[2025-11-19T00:15:59.949+0000] {processor.py:840} INFO - DAG(s) 'etl_strava_activities' retrieved from /opt/airflow/dags/pipeline_strava_activities.py
[2025-11-19T00:15:59.972+0000] {logging_mixin.py:188} INFO - [2025-11-19T00:15:59.972+0000] {dag.py:3089} INFO - Sync 1 DAGs
[2025-11-19T00:15:59.986+0000] {logging_mixin.py:188} INFO - [2025-11-19T00:15:59.986+0000] {dag.py:3947} INFO - Setting next_dagrun for etl_strava_activities to 2025-11-18 03:00:00+00:00, run_after=2025-11-19 03:00:00+00:00
[2025-11-19T00:15:59.994+0000] {processor.py:183} INFO - Processing /opt/airflow/dags/pipeline_strava_activities.py took 0.068 seconds
[2025-11-19T00:16:30.277+0000] {processor.py:161} INFO - Started process (PID=11270) to work on /opt/airflow/dags/pipeline_strava_activities.py
[2025-11-19T00:16:30.277+0000] {processor.py:830} INFO - Processing file /opt/airflow/dags/pipeline_strava_activities.py for tasks to queue
[2025-11-19T00:16:30.279+0000] {logging_mixin.py:188} INFO - [2025-11-19T00:16:30.278+0000] {dagbag.py:545} INFO - Filling up the DagBag from /opt/airflow/dags/pipeline_strava_activities.py
[2025-11-19T00:16:30.295+0000] {processor.py:840} INFO - DAG(s) 'etl_strava_activities' retrieved from /opt/airflow/dags/pipeline_strava_activities.py
[2025-11-19T00:16:30.324+0000] {logging_mixin.py:188} INFO - [2025-11-19T00:16:30.323+0000] {dag.py:3089} INFO - Sync 1 DAGs
[2025-11-19T00:16:30.344+0000] {logging_mixin.py:188} INFO - [2025-11-19T00:16:30.344+0000] {dag.py:3947} INFO - Setting next_dagrun for etl_strava_activities to 2025-11-18 03:00:00+00:00, run_after=2025-11-19 03:00:00+00:00
[2025-11-19T00:16:30.353+0000] {processor.py:183} INFO - Processing /opt/airflow/dags/pipeline_strava_activities.py took 0.080 seconds
[2025-11-19T00:17:00.620+0000] {processor.py:161} INFO - Started process (PID=11285) to work on /opt/airflow/dags/pipeline_strava_activities.py
[2025-11-19T00:17:00.621+0000] {processor.py:830} INFO - Processing file /opt/airflow/dags/pipeline_strava_activities.py for tasks to queue
[2025-11-19T00:17:00.623+0000] {logging_mixin.py:188} INFO - [2025-11-19T00:17:00.623+0000] {dagbag.py:545} INFO - Filling up the DagBag from /opt/airflow/dags/pipeline_strava_activities.py
[2025-11-19T00:17:00.638+0000] {processor.py:840} INFO - DAG(s) 'etl_strava_activities' retrieved from /opt/airflow/dags/pipeline_strava_activities.py
[2025-11-19T00:17:00.660+0000] {logging_mixin.py:188} INFO - [2025-11-19T00:17:00.660+0000] {dag.py:3089} INFO - Sync 1 DAGs
[2025-11-19T00:17:00.676+0000] {logging_mixin.py:188} INFO - [2025-11-19T00:17:00.676+0000] {dag.py:3947} INFO - Setting next_dagrun for etl_strava_activities to 2025-11-18 03:00:00+00:00, run_after=2025-11-19 03:00:00+00:00
[2025-11-19T00:17:00.684+0000] {processor.py:183} INFO - Processing /opt/airflow/dags/pipeline_strava_activities.py took 0.070 seconds
[2025-11-19T00:17:30.946+0000] {processor.py:161} INFO - Started process (PID=11300) to work on /opt/airflow/dags/pipeline_strava_activities.py
[2025-11-19T00:17:30.947+0000] {processor.py:830} INFO - Processing file /opt/airflow/dags/pipeline_strava_activities.py for tasks to queue
[2025-11-19T00:17:30.948+0000] {logging_mixin.py:188} INFO - [2025-11-19T00:17:30.948+0000] {dagbag.py:545} INFO - Filling up the DagBag from /opt/airflow/dags/pipeline_strava_activities.py
[2025-11-19T00:17:30.958+0000] {processor.py:840} INFO - DAG(s) 'etl_strava_activities' retrieved from /opt/airflow/dags/pipeline_strava_activities.py
[2025-11-19T00:17:30.979+0000] {logging_mixin.py:188} INFO - [2025-11-19T00:17:30.979+0000] {dag.py:3089} INFO - Sync 1 DAGs
[2025-11-19T00:17:30.995+0000] {logging_mixin.py:188} INFO - [2025-11-19T00:17:30.995+0000] {dag.py:3947} INFO - Setting next_dagrun for etl_strava_activities to 2025-11-18 03:00:00+00:00, run_after=2025-11-19 03:00:00+00:00
[2025-11-19T00:17:31.005+0000] {processor.py:183} INFO - Processing /opt/airflow/dags/pipeline_strava_activities.py took 0.061 seconds
[2025-11-19T00:18:01.261+0000] {processor.py:161} INFO - Started process (PID=11314) to work on /opt/airflow/dags/pipeline_strava_activities.py
[2025-11-19T00:18:01.262+0000] {processor.py:830} INFO - Processing file /opt/airflow/dags/pipeline_strava_activities.py for tasks to queue
[2025-11-19T00:18:01.264+0000] {logging_mixin.py:188} INFO - [2025-11-19T00:18:01.264+0000] {dagbag.py:545} INFO - Filling up the DagBag from /opt/airflow/dags/pipeline_strava_activities.py
[2025-11-19T00:18:01.281+0000] {processor.py:840} INFO - DAG(s) 'etl_strava_activities' retrieved from /opt/airflow/dags/pipeline_strava_activities.py
[2025-11-19T00:18:01.313+0000] {logging_mixin.py:188} INFO - [2025-11-19T00:18:01.313+0000] {dag.py:3089} INFO - Sync 1 DAGs
[2025-11-19T00:18:01.331+0000] {logging_mixin.py:188} INFO - [2025-11-19T00:18:01.331+0000] {dag.py:3947} INFO - Setting next_dagrun for etl_strava_activities to 2025-11-18 03:00:00+00:00, run_after=2025-11-19 03:00:00+00:00
[2025-11-19T00:18:01.342+0000] {processor.py:183} INFO - Processing /opt/airflow/dags/pipeline_strava_activities.py took 0.088 seconds
[2025-11-19T00:18:31.577+0000] {processor.py:161} INFO - Started process (PID=11330) to work on /opt/airflow/dags/pipeline_strava_activities.py
[2025-11-19T00:18:31.578+0000] {processor.py:830} INFO - Processing file /opt/airflow/dags/pipeline_strava_activities.py for tasks to queue
[2025-11-19T00:18:31.579+0000] {logging_mixin.py:188} INFO - [2025-11-19T00:18:31.579+0000] {dagbag.py:545} INFO - Filling up the DagBag from /opt/airflow/dags/pipeline_strava_activities.py
[2025-11-19T00:18:31.589+0000] {processor.py:840} INFO - DAG(s) 'etl_strava_activities' retrieved from /opt/airflow/dags/pipeline_strava_activities.py
[2025-11-19T00:18:31.608+0000] {logging_mixin.py:188} INFO - [2025-11-19T00:18:31.608+0000] {dag.py:3089} INFO - Sync 1 DAGs
[2025-11-19T00:18:31.620+0000] {logging_mixin.py:188} INFO - [2025-11-19T00:18:31.620+0000] {dag.py:3947} INFO - Setting next_dagrun for etl_strava_activities to 2025-11-18 03:00:00+00:00, run_after=2025-11-19 03:00:00+00:00
[2025-11-19T00:18:31.628+0000] {processor.py:183} INFO - Processing /opt/airflow/dags/pipeline_strava_activities.py took 0.055 seconds
[2025-11-19T00:19:01.864+0000] {processor.py:161} INFO - Started process (PID=11344) to work on /opt/airflow/dags/pipeline_strava_activities.py
[2025-11-19T00:19:01.865+0000] {processor.py:830} INFO - Processing file /opt/airflow/dags/pipeline_strava_activities.py for tasks to queue
[2025-11-19T00:19:01.868+0000] {logging_mixin.py:188} INFO - [2025-11-19T00:19:01.867+0000] {dagbag.py:545} INFO - Filling up the DagBag from /opt/airflow/dags/pipeline_strava_activities.py
[2025-11-19T00:19:01.879+0000] {processor.py:840} INFO - DAG(s) 'etl_strava_activities' retrieved from /opt/airflow/dags/pipeline_strava_activities.py
[2025-11-19T00:19:01.903+0000] {logging_mixin.py:188} INFO - [2025-11-19T00:19:01.902+0000] {dag.py:3089} INFO - Sync 1 DAGs
[2025-11-19T00:19:01.917+0000] {logging_mixin.py:188} INFO - [2025-11-19T00:19:01.917+0000] {dag.py:3947} INFO - Setting next_dagrun for etl_strava_activities to 2025-11-18 03:00:00+00:00, run_after=2025-11-19 03:00:00+00:00
[2025-11-19T00:19:01.926+0000] {processor.py:183} INFO - Processing /opt/airflow/dags/pipeline_strava_activities.py took 0.070 seconds
[2025-11-19T00:19:32.194+0000] {processor.py:161} INFO - Started process (PID=11359) to work on /opt/airflow/dags/pipeline_strava_activities.py
[2025-11-19T00:19:32.195+0000] {processor.py:830} INFO - Processing file /opt/airflow/dags/pipeline_strava_activities.py for tasks to queue
[2025-11-19T00:19:32.197+0000] {logging_mixin.py:188} INFO - [2025-11-19T00:19:32.197+0000] {dagbag.py:545} INFO - Filling up the DagBag from /opt/airflow/dags/pipeline_strava_activities.py
[2025-11-19T00:19:32.207+0000] {processor.py:840} INFO - DAG(s) 'etl_strava_activities' retrieved from /opt/airflow/dags/pipeline_strava_activities.py
[2025-11-19T00:19:32.223+0000] {logging_mixin.py:188} INFO - [2025-11-19T00:19:32.223+0000] {dag.py:3089} INFO - Sync 1 DAGs
[2025-11-19T00:19:32.234+0000] {logging_mixin.py:188} INFO - [2025-11-19T00:19:32.234+0000] {dag.py:3947} INFO - Setting next_dagrun for etl_strava_activities to 2025-11-18 03:00:00+00:00, run_after=2025-11-19 03:00:00+00:00
[2025-11-19T00:19:32.241+0000] {processor.py:183} INFO - Processing /opt/airflow/dags/pipeline_strava_activities.py took 0.054 seconds
[2025-11-19T00:20:02.513+0000] {processor.py:161} INFO - Started process (PID=11375) to work on /opt/airflow/dags/pipeline_strava_activities.py
[2025-11-19T00:20:02.514+0000] {processor.py:830} INFO - Processing file /opt/airflow/dags/pipeline_strava_activities.py for tasks to queue
[2025-11-19T00:20:02.516+0000] {logging_mixin.py:188} INFO - [2025-11-19T00:20:02.516+0000] {dagbag.py:545} INFO - Filling up the DagBag from /opt/airflow/dags/pipeline_strava_activities.py
[2025-11-19T00:20:02.529+0000] {processor.py:840} INFO - DAG(s) 'etl_strava_activities' retrieved from /opt/airflow/dags/pipeline_strava_activities.py
[2025-11-19T00:20:02.563+0000] {logging_mixin.py:188} INFO - [2025-11-19T00:20:02.562+0000] {dag.py:3089} INFO - Sync 1 DAGs
[2025-11-19T00:20:02.580+0000] {logging_mixin.py:188} INFO - [2025-11-19T00:20:02.580+0000] {dag.py:3947} INFO - Setting next_dagrun for etl_strava_activities to 2025-11-18 03:00:00+00:00, run_after=2025-11-19 03:00:00+00:00
[2025-11-19T00:20:02.588+0000] {processor.py:183} INFO - Processing /opt/airflow/dags/pipeline_strava_activities.py took 0.089 seconds
[2025-11-19T00:20:32.839+0000] {processor.py:161} INFO - Started process (PID=11389) to work on /opt/airflow/dags/pipeline_strava_activities.py
[2025-11-19T00:20:32.839+0000] {processor.py:830} INFO - Processing file /opt/airflow/dags/pipeline_strava_activities.py for tasks to queue
[2025-11-19T00:20:32.841+0000] {logging_mixin.py:188} INFO - [2025-11-19T00:20:32.841+0000] {dagbag.py:545} INFO - Filling up the DagBag from /opt/airflow/dags/pipeline_strava_activities.py
[2025-11-19T00:20:32.853+0000] {processor.py:840} INFO - DAG(s) 'etl_strava_activities' retrieved from /opt/airflow/dags/pipeline_strava_activities.py
[2025-11-19T00:20:32.880+0000] {logging_mixin.py:188} INFO - [2025-11-19T00:20:32.880+0000] {dag.py:3089} INFO - Sync 1 DAGs
[2025-11-19T00:20:32.894+0000] {logging_mixin.py:188} INFO - [2025-11-19T00:20:32.894+0000] {dag.py:3947} INFO - Setting next_dagrun for etl_strava_activities to 2025-11-18 03:00:00+00:00, run_after=2025-11-19 03:00:00+00:00
[2025-11-19T00:20:32.903+0000] {processor.py:183} INFO - Processing /opt/airflow/dags/pipeline_strava_activities.py took 0.070 seconds
[2025-11-19T00:21:03.175+0000] {processor.py:161} INFO - Started process (PID=11405) to work on /opt/airflow/dags/pipeline_strava_activities.py
[2025-11-19T00:21:03.175+0000] {processor.py:830} INFO - Processing file /opt/airflow/dags/pipeline_strava_activities.py for tasks to queue
[2025-11-19T00:21:03.177+0000] {logging_mixin.py:188} INFO - [2025-11-19T00:21:03.176+0000] {dagbag.py:545} INFO - Filling up the DagBag from /opt/airflow/dags/pipeline_strava_activities.py
[2025-11-19T00:21:03.187+0000] {processor.py:840} INFO - DAG(s) 'etl_strava_activities' retrieved from /opt/airflow/dags/pipeline_strava_activities.py
[2025-11-19T00:21:03.216+0000] {logging_mixin.py:188} INFO - [2025-11-19T00:21:03.216+0000] {dag.py:3089} INFO - Sync 1 DAGs
[2025-11-19T00:21:03.231+0000] {logging_mixin.py:188} INFO - [2025-11-19T00:21:03.231+0000] {dag.py:3947} INFO - Setting next_dagrun for etl_strava_activities to 2025-11-18 03:00:00+00:00, run_after=2025-11-19 03:00:00+00:00
[2025-11-19T00:21:03.241+0000] {processor.py:183} INFO - Processing /opt/airflow/dags/pipeline_strava_activities.py took 0.071 seconds
[2025-11-19T00:21:33.487+0000] {processor.py:161} INFO - Started process (PID=11419) to work on /opt/airflow/dags/pipeline_strava_activities.py
[2025-11-19T00:21:33.487+0000] {processor.py:830} INFO - Processing file /opt/airflow/dags/pipeline_strava_activities.py for tasks to queue
[2025-11-19T00:21:33.489+0000] {logging_mixin.py:188} INFO - [2025-11-19T00:21:33.488+0000] {dagbag.py:545} INFO - Filling up the DagBag from /opt/airflow/dags/pipeline_strava_activities.py
[2025-11-19T00:21:33.499+0000] {processor.py:840} INFO - DAG(s) 'etl_strava_activities' retrieved from /opt/airflow/dags/pipeline_strava_activities.py
[2025-11-19T00:21:33.521+0000] {logging_mixin.py:188} INFO - [2025-11-19T00:21:33.521+0000] {dag.py:3089} INFO - Sync 1 DAGs
[2025-11-19T00:21:33.534+0000] {logging_mixin.py:188} INFO - [2025-11-19T00:21:33.534+0000] {dag.py:3947} INFO - Setting next_dagrun for etl_strava_activities to 2025-11-18 03:00:00+00:00, run_after=2025-11-19 03:00:00+00:00
[2025-11-19T00:21:33.543+0000] {processor.py:183} INFO - Processing /opt/airflow/dags/pipeline_strava_activities.py took 0.060 seconds
[2025-11-19T00:22:03.835+0000] {processor.py:161} INFO - Started process (PID=11434) to work on /opt/airflow/dags/pipeline_strava_activities.py
[2025-11-19T00:22:03.836+0000] {processor.py:830} INFO - Processing file /opt/airflow/dags/pipeline_strava_activities.py for tasks to queue
[2025-11-19T00:22:03.839+0000] {logging_mixin.py:188} INFO - [2025-11-19T00:22:03.838+0000] {dagbag.py:545} INFO - Filling up the DagBag from /opt/airflow/dags/pipeline_strava_activities.py
[2025-11-19T00:22:03.852+0000] {processor.py:840} INFO - DAG(s) 'etl_strava_activities' retrieved from /opt/airflow/dags/pipeline_strava_activities.py
[2025-11-19T00:22:03.881+0000] {logging_mixin.py:188} INFO - [2025-11-19T00:22:03.881+0000] {dag.py:3089} INFO - Sync 1 DAGs
[2025-11-19T00:22:03.896+0000] {logging_mixin.py:188} INFO - [2025-11-19T00:22:03.896+0000] {dag.py:3947} INFO - Setting next_dagrun for etl_strava_activities to 2025-11-18 03:00:00+00:00, run_after=2025-11-19 03:00:00+00:00
[2025-11-19T00:22:03.908+0000] {processor.py:183} INFO - Processing /opt/airflow/dags/pipeline_strava_activities.py took 0.086 seconds
[2025-11-19T00:22:34.189+0000] {processor.py:161} INFO - Started process (PID=11449) to work on /opt/airflow/dags/pipeline_strava_activities.py
[2025-11-19T00:22:34.191+0000] {processor.py:830} INFO - Processing file /opt/airflow/dags/pipeline_strava_activities.py for tasks to queue
[2025-11-19T00:22:34.201+0000] {logging_mixin.py:188} INFO - [2025-11-19T00:22:34.200+0000] {dagbag.py:545} INFO - Filling up the DagBag from /opt/airflow/dags/pipeline_strava_activities.py
[2025-11-19T00:22:34.214+0000] {processor.py:840} INFO - DAG(s) 'etl_strava_activities' retrieved from /opt/airflow/dags/pipeline_strava_activities.py
[2025-11-19T00:22:34.244+0000] {logging_mixin.py:188} INFO - [2025-11-19T00:22:34.244+0000] {dag.py:3089} INFO - Sync 1 DAGs
[2025-11-19T00:22:34.259+0000] {logging_mixin.py:188} INFO - [2025-11-19T00:22:34.259+0000] {dag.py:3947} INFO - Setting next_dagrun for etl_strava_activities to 2025-11-18 03:00:00+00:00, run_after=2025-11-19 03:00:00+00:00
[2025-11-19T00:22:34.267+0000] {processor.py:183} INFO - Processing /opt/airflow/dags/pipeline_strava_activities.py took 0.090 seconds
[2025-11-19T00:23:04.531+0000] {processor.py:161} INFO - Started process (PID=11464) to work on /opt/airflow/dags/pipeline_strava_activities.py
[2025-11-19T00:23:04.532+0000] {processor.py:830} INFO - Processing file /opt/airflow/dags/pipeline_strava_activities.py for tasks to queue
[2025-11-19T00:23:04.534+0000] {logging_mixin.py:188} INFO - [2025-11-19T00:23:04.534+0000] {dagbag.py:545} INFO - Filling up the DagBag from /opt/airflow/dags/pipeline_strava_activities.py
[2025-11-19T00:23:04.547+0000] {processor.py:840} INFO - DAG(s) 'etl_strava_activities' retrieved from /opt/airflow/dags/pipeline_strava_activities.py
[2025-11-19T00:23:04.577+0000] {logging_mixin.py:188} INFO - [2025-11-19T00:23:04.577+0000] {dag.py:3089} INFO - Sync 1 DAGs
[2025-11-19T00:23:04.592+0000] {logging_mixin.py:188} INFO - [2025-11-19T00:23:04.591+0000] {dag.py:3947} INFO - Setting next_dagrun for etl_strava_activities to 2025-11-18 03:00:00+00:00, run_after=2025-11-19 03:00:00+00:00
[2025-11-19T00:23:04.601+0000] {processor.py:183} INFO - Processing /opt/airflow/dags/pipeline_strava_activities.py took 0.075 seconds
[2025-11-19T00:23:34.843+0000] {processor.py:161} INFO - Started process (PID=11479) to work on /opt/airflow/dags/pipeline_strava_activities.py
[2025-11-19T00:23:34.844+0000] {processor.py:830} INFO - Processing file /opt/airflow/dags/pipeline_strava_activities.py for tasks to queue
[2025-11-19T00:23:34.846+0000] {logging_mixin.py:188} INFO - [2025-11-19T00:23:34.846+0000] {dagbag.py:545} INFO - Filling up the DagBag from /opt/airflow/dags/pipeline_strava_activities.py
[2025-11-19T00:23:34.859+0000] {processor.py:840} INFO - DAG(s) 'etl_strava_activities' retrieved from /opt/airflow/dags/pipeline_strava_activities.py
[2025-11-19T00:23:34.881+0000] {logging_mixin.py:188} INFO - [2025-11-19T00:23:34.881+0000] {dag.py:3089} INFO - Sync 1 DAGs
[2025-11-19T00:23:34.896+0000] {logging_mixin.py:188} INFO - [2025-11-19T00:23:34.896+0000] {dag.py:3947} INFO - Setting next_dagrun for etl_strava_activities to 2025-11-18 03:00:00+00:00, run_after=2025-11-19 03:00:00+00:00
[2025-11-19T00:23:34.905+0000] {processor.py:183} INFO - Processing /opt/airflow/dags/pipeline_strava_activities.py took 0.068 seconds
[2025-11-19T00:24:05.187+0000] {processor.py:161} INFO - Started process (PID=11494) to work on /opt/airflow/dags/pipeline_strava_activities.py
[2025-11-19T00:24:05.188+0000] {processor.py:830} INFO - Processing file /opt/airflow/dags/pipeline_strava_activities.py for tasks to queue
[2025-11-19T00:24:05.191+0000] {logging_mixin.py:188} INFO - [2025-11-19T00:24:05.190+0000] {dagbag.py:545} INFO - Filling up the DagBag from /opt/airflow/dags/pipeline_strava_activities.py
[2025-11-19T00:24:05.205+0000] {processor.py:840} INFO - DAG(s) 'etl_strava_activities' retrieved from /opt/airflow/dags/pipeline_strava_activities.py
[2025-11-19T00:24:05.238+0000] {logging_mixin.py:188} INFO - [2025-11-19T00:24:05.238+0000] {dag.py:3089} INFO - Sync 1 DAGs
[2025-11-19T00:24:05.251+0000] {logging_mixin.py:188} INFO - [2025-11-19T00:24:05.251+0000] {dag.py:3947} INFO - Setting next_dagrun for etl_strava_activities to 2025-11-18 03:00:00+00:00, run_after=2025-11-19 03:00:00+00:00
[2025-11-19T00:24:05.259+0000] {processor.py:183} INFO - Processing /opt/airflow/dags/pipeline_strava_activities.py took 0.092 seconds
[2025-11-19T00:24:35.507+0000] {processor.py:161} INFO - Started process (PID=11510) to work on /opt/airflow/dags/pipeline_strava_activities.py
[2025-11-19T00:24:35.508+0000] {processor.py:830} INFO - Processing file /opt/airflow/dags/pipeline_strava_activities.py for tasks to queue
[2025-11-19T00:24:35.509+0000] {logging_mixin.py:188} INFO - [2025-11-19T00:24:35.509+0000] {dagbag.py:545} INFO - Filling up the DagBag from /opt/airflow/dags/pipeline_strava_activities.py
[2025-11-19T00:24:35.518+0000] {processor.py:840} INFO - DAG(s) 'etl_strava_activities' retrieved from /opt/airflow/dags/pipeline_strava_activities.py
[2025-11-19T00:24:35.536+0000] {logging_mixin.py:188} INFO - [2025-11-19T00:24:35.535+0000] {dag.py:3089} INFO - Sync 1 DAGs
[2025-11-19T00:24:35.547+0000] {logging_mixin.py:188} INFO - [2025-11-19T00:24:35.547+0000] {dag.py:3947} INFO - Setting next_dagrun for etl_strava_activities to 2025-11-18 03:00:00+00:00, run_after=2025-11-19 03:00:00+00:00
[2025-11-19T00:24:35.554+0000] {processor.py:183} INFO - Processing /opt/airflow/dags/pipeline_strava_activities.py took 0.052 seconds
[2025-11-19T00:25:05.859+0000] {processor.py:161} INFO - Started process (PID=11524) to work on /opt/airflow/dags/pipeline_strava_activities.py
[2025-11-19T00:25:05.861+0000] {processor.py:830} INFO - Processing file /opt/airflow/dags/pipeline_strava_activities.py for tasks to queue
[2025-11-19T00:25:05.869+0000] {logging_mixin.py:188} INFO - [2025-11-19T00:25:05.868+0000] {dagbag.py:545} INFO - Filling up the DagBag from /opt/airflow/dags/pipeline_strava_activities.py
[2025-11-19T00:25:05.881+0000] {processor.py:840} INFO - DAG(s) 'etl_strava_activities' retrieved from /opt/airflow/dags/pipeline_strava_activities.py
[2025-11-19T00:25:05.908+0000] {logging_mixin.py:188} INFO - [2025-11-19T00:25:05.908+0000] {dag.py:3089} INFO - Sync 1 DAGs
[2025-11-19T00:25:05.922+0000] {logging_mixin.py:188} INFO - [2025-11-19T00:25:05.922+0000] {dag.py:3947} INFO - Setting next_dagrun for etl_strava_activities to 2025-11-18 03:00:00+00:00, run_after=2025-11-19 03:00:00+00:00
[2025-11-19T00:25:05.930+0000] {processor.py:183} INFO - Processing /opt/airflow/dags/pipeline_strava_activities.py took 0.093 seconds
[2025-11-19T00:25:36.229+0000] {processor.py:161} INFO - Started process (PID=11539) to work on /opt/airflow/dags/pipeline_strava_activities.py
[2025-11-19T00:25:36.230+0000] {processor.py:830} INFO - Processing file /opt/airflow/dags/pipeline_strava_activities.py for tasks to queue
[2025-11-19T00:25:36.232+0000] {logging_mixin.py:188} INFO - [2025-11-19T00:25:36.232+0000] {dagbag.py:545} INFO - Filling up the DagBag from /opt/airflow/dags/pipeline_strava_activities.py
[2025-11-19T00:25:36.249+0000] {processor.py:840} INFO - DAG(s) 'etl_strava_activities' retrieved from /opt/airflow/dags/pipeline_strava_activities.py
[2025-11-19T00:25:36.274+0000] {logging_mixin.py:188} INFO - [2025-11-19T00:25:36.274+0000] {dag.py:3089} INFO - Sync 1 DAGs
[2025-11-19T00:25:36.292+0000] {logging_mixin.py:188} INFO - [2025-11-19T00:25:36.292+0000] {dag.py:3947} INFO - Setting next_dagrun for etl_strava_activities to 2025-11-18 03:00:00+00:00, run_after=2025-11-19 03:00:00+00:00
[2025-11-19T00:25:36.300+0000] {processor.py:183} INFO - Processing /opt/airflow/dags/pipeline_strava_activities.py took 0.085 seconds
[2025-11-19T00:26:06.570+0000] {processor.py:161} INFO - Started process (PID=11553) to work on /opt/airflow/dags/pipeline_strava_activities.py
[2025-11-19T00:26:06.570+0000] {processor.py:830} INFO - Processing file /opt/airflow/dags/pipeline_strava_activities.py for tasks to queue
[2025-11-19T00:26:06.572+0000] {logging_mixin.py:188} INFO - [2025-11-19T00:26:06.572+0000] {dagbag.py:545} INFO - Filling up the DagBag from /opt/airflow/dags/pipeline_strava_activities.py
[2025-11-19T00:26:06.581+0000] {processor.py:840} INFO - DAG(s) 'etl_strava_activities' retrieved from /opt/airflow/dags/pipeline_strava_activities.py
[2025-11-19T00:26:06.599+0000] {logging_mixin.py:188} INFO - [2025-11-19T00:26:06.599+0000] {dag.py:3089} INFO - Sync 1 DAGs
[2025-11-19T00:26:06.612+0000] {logging_mixin.py:188} INFO - [2025-11-19T00:26:06.612+0000] {dag.py:3947} INFO - Setting next_dagrun for etl_strava_activities to 2025-11-18 03:00:00+00:00, run_after=2025-11-19 03:00:00+00:00
[2025-11-19T00:26:06.620+0000] {processor.py:183} INFO - Processing /opt/airflow/dags/pipeline_strava_activities.py took 0.054 seconds
[2025-11-19T00:26:36.918+0000] {processor.py:161} INFO - Started process (PID=11570) to work on /opt/airflow/dags/pipeline_strava_activities.py
[2025-11-19T00:26:36.920+0000] {processor.py:830} INFO - Processing file /opt/airflow/dags/pipeline_strava_activities.py for tasks to queue
[2025-11-19T00:26:36.922+0000] {logging_mixin.py:188} INFO - [2025-11-19T00:26:36.921+0000] {dagbag.py:545} INFO - Filling up the DagBag from /opt/airflow/dags/pipeline_strava_activities.py
[2025-11-19T00:26:36.935+0000] {processor.py:840} INFO - DAG(s) 'etl_strava_activities' retrieved from /opt/airflow/dags/pipeline_strava_activities.py
[2025-11-19T00:26:36.958+0000] {logging_mixin.py:188} INFO - [2025-11-19T00:26:36.958+0000] {dag.py:3089} INFO - Sync 1 DAGs
[2025-11-19T00:26:36.971+0000] {logging_mixin.py:188} INFO - [2025-11-19T00:26:36.971+0000] {dag.py:3947} INFO - Setting next_dagrun for etl_strava_activities to 2025-11-18 03:00:00+00:00, run_after=2025-11-19 03:00:00+00:00
[2025-11-19T00:26:36.980+0000] {processor.py:183} INFO - Processing /opt/airflow/dags/pipeline_strava_activities.py took 0.071 seconds
[2025-11-19T00:27:07.359+0000] {processor.py:161} INFO - Started process (PID=11584) to work on /opt/airflow/dags/pipeline_strava_activities.py
[2025-11-19T00:27:07.360+0000] {processor.py:830} INFO - Processing file /opt/airflow/dags/pipeline_strava_activities.py for tasks to queue
[2025-11-19T00:27:07.362+0000] {logging_mixin.py:188} INFO - [2025-11-19T00:27:07.362+0000] {dagbag.py:545} INFO - Filling up the DagBag from /opt/airflow/dags/pipeline_strava_activities.py
[2025-11-19T00:27:07.374+0000] {processor.py:840} INFO - DAG(s) 'etl_strava_activities' retrieved from /opt/airflow/dags/pipeline_strava_activities.py
[2025-11-19T00:27:07.393+0000] {logging_mixin.py:188} INFO - [2025-11-19T00:27:07.393+0000] {dag.py:3089} INFO - Sync 1 DAGs
[2025-11-19T00:27:07.406+0000] {logging_mixin.py:188} INFO - [2025-11-19T00:27:07.405+0000] {dag.py:3947} INFO - Setting next_dagrun for etl_strava_activities to 2025-11-18 03:00:00+00:00, run_after=2025-11-19 03:00:00+00:00
[2025-11-19T00:27:07.413+0000] {processor.py:183} INFO - Processing /opt/airflow/dags/pipeline_strava_activities.py took 0.062 seconds
[2025-11-19T00:27:37.691+0000] {processor.py:161} INFO - Started process (PID=11600) to work on /opt/airflow/dags/pipeline_strava_activities.py
[2025-11-19T00:27:37.692+0000] {processor.py:830} INFO - Processing file /opt/airflow/dags/pipeline_strava_activities.py for tasks to queue
[2025-11-19T00:27:37.694+0000] {logging_mixin.py:188} INFO - [2025-11-19T00:27:37.694+0000] {dagbag.py:545} INFO - Filling up the DagBag from /opt/airflow/dags/pipeline_strava_activities.py
[2025-11-19T00:27:37.707+0000] {processor.py:840} INFO - DAG(s) 'etl_strava_activities' retrieved from /opt/airflow/dags/pipeline_strava_activities.py
[2025-11-19T00:27:37.728+0000] {logging_mixin.py:188} INFO - [2025-11-19T00:27:37.728+0000] {dag.py:3089} INFO - Sync 1 DAGs
[2025-11-19T00:27:37.741+0000] {logging_mixin.py:188} INFO - [2025-11-19T00:27:37.741+0000] {dag.py:3947} INFO - Setting next_dagrun for etl_strava_activities to 2025-11-18 03:00:00+00:00, run_after=2025-11-19 03:00:00+00:00
[2025-11-19T00:27:37.753+0000] {processor.py:183} INFO - Processing /opt/airflow/dags/pipeline_strava_activities.py took 0.068 seconds
[2025-11-19T00:28:08.020+0000] {processor.py:161} INFO - Started process (PID=11614) to work on /opt/airflow/dags/pipeline_strava_activities.py
[2025-11-19T00:28:08.020+0000] {processor.py:830} INFO - Processing file /opt/airflow/dags/pipeline_strava_activities.py for tasks to queue
[2025-11-19T00:28:08.023+0000] {logging_mixin.py:188} INFO - [2025-11-19T00:28:08.022+0000] {dagbag.py:545} INFO - Filling up the DagBag from /opt/airflow/dags/pipeline_strava_activities.py
[2025-11-19T00:28:08.037+0000] {processor.py:840} INFO - DAG(s) 'etl_strava_activities' retrieved from /opt/airflow/dags/pipeline_strava_activities.py
[2025-11-19T00:28:08.061+0000] {logging_mixin.py:188} INFO - [2025-11-19T00:28:08.060+0000] {dag.py:3089} INFO - Sync 1 DAGs
[2025-11-19T00:28:08.076+0000] {logging_mixin.py:188} INFO - [2025-11-19T00:28:08.075+0000] {dag.py:3947} INFO - Setting next_dagrun for etl_strava_activities to 2025-11-18 03:00:00+00:00, run_after=2025-11-19 03:00:00+00:00
[2025-11-19T00:28:08.088+0000] {processor.py:183} INFO - Processing /opt/airflow/dags/pipeline_strava_activities.py took 0.075 seconds
[2025-11-19T00:28:38.502+0000] {processor.py:161} INFO - Started process (PID=11629) to work on /opt/airflow/dags/pipeline_strava_activities.py
[2025-11-19T00:28:38.503+0000] {processor.py:830} INFO - Processing file /opt/airflow/dags/pipeline_strava_activities.py for tasks to queue
[2025-11-19T00:28:38.505+0000] {logging_mixin.py:188} INFO - [2025-11-19T00:28:38.505+0000] {dagbag.py:545} INFO - Filling up the DagBag from /opt/airflow/dags/pipeline_strava_activities.py
[2025-11-19T00:28:38.519+0000] {processor.py:840} INFO - DAG(s) 'etl_strava_activities' retrieved from /opt/airflow/dags/pipeline_strava_activities.py
[2025-11-19T00:28:38.540+0000] {logging_mixin.py:188} INFO - [2025-11-19T00:28:38.540+0000] {dag.py:3089} INFO - Sync 1 DAGs
[2025-11-19T00:28:38.554+0000] {logging_mixin.py:188} INFO - [2025-11-19T00:28:38.554+0000] {dag.py:3947} INFO - Setting next_dagrun for etl_strava_activities to 2025-11-18 03:00:00+00:00, run_after=2025-11-19 03:00:00+00:00
[2025-11-19T00:28:38.564+0000] {processor.py:183} INFO - Processing /opt/airflow/dags/pipeline_strava_activities.py took 0.069 seconds
[2025-11-19T00:29:08.798+0000] {processor.py:161} INFO - Started process (PID=11644) to work on /opt/airflow/dags/pipeline_strava_activities.py
[2025-11-19T00:29:08.799+0000] {processor.py:830} INFO - Processing file /opt/airflow/dags/pipeline_strava_activities.py for tasks to queue
[2025-11-19T00:29:08.800+0000] {logging_mixin.py:188} INFO - [2025-11-19T00:29:08.800+0000] {dagbag.py:545} INFO - Filling up the DagBag from /opt/airflow/dags/pipeline_strava_activities.py
[2025-11-19T00:29:08.814+0000] {processor.py:840} INFO - DAG(s) 'etl_strava_activities' retrieved from /opt/airflow/dags/pipeline_strava_activities.py
[2025-11-19T00:29:08.837+0000] {logging_mixin.py:188} INFO - [2025-11-19T00:29:08.837+0000] {dag.py:3089} INFO - Sync 1 DAGs
[2025-11-19T00:29:08.853+0000] {logging_mixin.py:188} INFO - [2025-11-19T00:29:08.853+0000] {dag.py:3947} INFO - Setting next_dagrun for etl_strava_activities to 2025-11-18 03:00:00+00:00, run_after=2025-11-19 03:00:00+00:00
[2025-11-19T00:29:08.865+0000] {processor.py:183} INFO - Processing /opt/airflow/dags/pipeline_strava_activities.py took 0.070 seconds
[2025-11-19T00:29:39.123+0000] {processor.py:161} INFO - Started process (PID=11660) to work on /opt/airflow/dags/pipeline_strava_activities.py
[2025-11-19T00:29:39.124+0000] {processor.py:830} INFO - Processing file /opt/airflow/dags/pipeline_strava_activities.py for tasks to queue
[2025-11-19T00:29:39.126+0000] {logging_mixin.py:188} INFO - [2025-11-19T00:29:39.126+0000] {dagbag.py:545} INFO - Filling up the DagBag from /opt/airflow/dags/pipeline_strava_activities.py
[2025-11-19T00:29:39.137+0000] {processor.py:840} INFO - DAG(s) 'etl_strava_activities' retrieved from /opt/airflow/dags/pipeline_strava_activities.py
[2025-11-19T00:29:39.154+0000] {logging_mixin.py:188} INFO - [2025-11-19T00:29:39.154+0000] {dag.py:3089} INFO - Sync 1 DAGs
[2025-11-19T00:29:39.166+0000] {logging_mixin.py:188} INFO - [2025-11-19T00:29:39.165+0000] {dag.py:3947} INFO - Setting next_dagrun for etl_strava_activities to 2025-11-18 03:00:00+00:00, run_after=2025-11-19 03:00:00+00:00
[2025-11-19T00:29:39.174+0000] {processor.py:183} INFO - Processing /opt/airflow/dags/pipeline_strava_activities.py took 0.056 seconds
[2025-11-19T00:30:09.478+0000] {processor.py:161} INFO - Started process (PID=11673) to work on /opt/airflow/dags/pipeline_strava_activities.py
[2025-11-19T00:30:09.478+0000] {processor.py:830} INFO - Processing file /opt/airflow/dags/pipeline_strava_activities.py for tasks to queue
[2025-11-19T00:30:09.483+0000] {logging_mixin.py:188} INFO - [2025-11-19T00:30:09.482+0000] {dagbag.py:545} INFO - Filling up the DagBag from /opt/airflow/dags/pipeline_strava_activities.py
[2025-11-19T00:30:09.497+0000] {processor.py:840} INFO - DAG(s) 'etl_strava_activities' retrieved from /opt/airflow/dags/pipeline_strava_activities.py
[2025-11-19T00:30:09.522+0000] {logging_mixin.py:188} INFO - [2025-11-19T00:30:09.522+0000] {dag.py:3089} INFO - Sync 1 DAGs
[2025-11-19T00:30:09.535+0000] {logging_mixin.py:188} INFO - [2025-11-19T00:30:09.535+0000] {dag.py:3947} INFO - Setting next_dagrun for etl_strava_activities to 2025-11-18 03:00:00+00:00, run_after=2025-11-19 03:00:00+00:00
[2025-11-19T00:30:09.547+0000] {processor.py:183} INFO - Processing /opt/airflow/dags/pipeline_strava_activities.py took 0.077 seconds
[2025-11-19T00:30:39.813+0000] {processor.py:161} INFO - Started process (PID=11690) to work on /opt/airflow/dags/pipeline_strava_activities.py
[2025-11-19T00:30:39.814+0000] {processor.py:830} INFO - Processing file /opt/airflow/dags/pipeline_strava_activities.py for tasks to queue
[2025-11-19T00:30:39.815+0000] {logging_mixin.py:188} INFO - [2025-11-19T00:30:39.815+0000] {dagbag.py:545} INFO - Filling up the DagBag from /opt/airflow/dags/pipeline_strava_activities.py
[2025-11-19T00:30:39.824+0000] {processor.py:840} INFO - DAG(s) 'etl_strava_activities' retrieved from /opt/airflow/dags/pipeline_strava_activities.py
[2025-11-19T00:30:39.841+0000] {logging_mixin.py:188} INFO - [2025-11-19T00:30:39.841+0000] {dag.py:3089} INFO - Sync 1 DAGs
[2025-11-19T00:30:39.853+0000] {logging_mixin.py:188} INFO - [2025-11-19T00:30:39.853+0000] {dag.py:3947} INFO - Setting next_dagrun for etl_strava_activities to 2025-11-18 03:00:00+00:00, run_after=2025-11-19 03:00:00+00:00
[2025-11-19T00:30:39.861+0000] {processor.py:183} INFO - Processing /opt/airflow/dags/pipeline_strava_activities.py took 0.051 seconds
[2025-11-19T00:31:10.140+0000] {processor.py:161} INFO - Started process (PID=11717) to work on /opt/airflow/dags/pipeline_strava_activities.py
[2025-11-19T00:31:10.141+0000] {processor.py:830} INFO - Processing file /opt/airflow/dags/pipeline_strava_activities.py for tasks to queue
[2025-11-19T00:31:10.142+0000] {logging_mixin.py:188} INFO - [2025-11-19T00:31:10.142+0000] {dagbag.py:545} INFO - Filling up the DagBag from /opt/airflow/dags/pipeline_strava_activities.py
[2025-11-19T00:31:10.150+0000] {processor.py:840} INFO - DAG(s) 'etl_strava_activities' retrieved from /opt/airflow/dags/pipeline_strava_activities.py
[2025-11-19T00:31:10.212+0000] {logging_mixin.py:188} INFO - [2025-11-19T00:31:10.212+0000] {dag.py:3089} INFO - Sync 1 DAGs
[2025-11-19T00:31:10.255+0000] {logging_mixin.py:188} INFO - [2025-11-19T00:31:10.254+0000] {dag.py:3947} INFO - Setting next_dagrun for etl_strava_activities to 2025-11-18 03:00:00+00:00, run_after=2025-11-19 03:00:00+00:00
[2025-11-19T00:31:10.282+0000] {processor.py:183} INFO - Processing /opt/airflow/dags/pipeline_strava_activities.py took 0.145 seconds
[2025-11-19T00:31:40.533+0000] {processor.py:161} INFO - Started process (PID=11731) to work on /opt/airflow/dags/pipeline_strava_activities.py
[2025-11-19T00:31:40.533+0000] {processor.py:830} INFO - Processing file /opt/airflow/dags/pipeline_strava_activities.py for tasks to queue
[2025-11-19T00:31:40.535+0000] {logging_mixin.py:188} INFO - [2025-11-19T00:31:40.535+0000] {dagbag.py:545} INFO - Filling up the DagBag from /opt/airflow/dags/pipeline_strava_activities.py
[2025-11-19T00:31:40.557+0000] {processor.py:840} INFO - DAG(s) 'etl_strava_activities' retrieved from /opt/airflow/dags/pipeline_strava_activities.py
[2025-11-19T00:31:40.584+0000] {logging_mixin.py:188} INFO - [2025-11-19T00:31:40.584+0000] {dag.py:3089} INFO - Sync 1 DAGs
[2025-11-19T00:31:40.606+0000] {logging_mixin.py:188} INFO - [2025-11-19T00:31:40.605+0000] {dag.py:3947} INFO - Setting next_dagrun for etl_strava_activities to 2025-11-18 03:00:00+00:00, run_after=2025-11-19 03:00:00+00:00
[2025-11-19T00:31:40.621+0000] {processor.py:183} INFO - Processing /opt/airflow/dags/pipeline_strava_activities.py took 0.096 seconds
[2025-11-19T00:32:10.964+0000] {processor.py:161} INFO - Started process (PID=11747) to work on /opt/airflow/dags/pipeline_strava_activities.py
[2025-11-19T00:32:10.965+0000] {processor.py:830} INFO - Processing file /opt/airflow/dags/pipeline_strava_activities.py for tasks to queue
[2025-11-19T00:32:10.968+0000] {logging_mixin.py:188} INFO - [2025-11-19T00:32:10.968+0000] {dagbag.py:545} INFO - Filling up the DagBag from /opt/airflow/dags/pipeline_strava_activities.py
[2025-11-19T00:32:10.982+0000] {processor.py:840} INFO - DAG(s) 'etl_strava_activities' retrieved from /opt/airflow/dags/pipeline_strava_activities.py
[2025-11-19T00:32:11.002+0000] {logging_mixin.py:188} INFO - [2025-11-19T00:32:11.002+0000] {dag.py:3089} INFO - Sync 1 DAGs
[2025-11-19T00:32:11.017+0000] {logging_mixin.py:188} INFO - [2025-11-19T00:32:11.017+0000] {dag.py:3947} INFO - Setting next_dagrun for etl_strava_activities to 2025-11-18 03:00:00+00:00, run_after=2025-11-19 03:00:00+00:00
[2025-11-19T00:32:11.028+0000] {processor.py:183} INFO - Processing /opt/airflow/dags/pipeline_strava_activities.py took 0.070 seconds
[2025-11-19T00:32:41.297+0000] {processor.py:161} INFO - Started process (PID=11761) to work on /opt/airflow/dags/pipeline_strava_activities.py
[2025-11-19T00:32:41.298+0000] {processor.py:830} INFO - Processing file /opt/airflow/dags/pipeline_strava_activities.py for tasks to queue
[2025-11-19T00:32:41.300+0000] {logging_mixin.py:188} INFO - [2025-11-19T00:32:41.300+0000] {dagbag.py:545} INFO - Filling up the DagBag from /opt/airflow/dags/pipeline_strava_activities.py
[2025-11-19T00:32:41.312+0000] {processor.py:840} INFO - DAG(s) 'etl_strava_activities' retrieved from /opt/airflow/dags/pipeline_strava_activities.py
[2025-11-19T00:32:41.324+0000] {logging_mixin.py:188} INFO - [2025-11-19T00:32:41.323+0000] {dag.py:3089} INFO - Sync 1 DAGs
[2025-11-19T00:32:41.340+0000] {logging_mixin.py:188} INFO - [2025-11-19T00:32:41.340+0000] {dag.py:3947} INFO - Setting next_dagrun for etl_strava_activities to 2025-11-18 03:00:00+00:00, run_after=2025-11-19 03:00:00+00:00
[2025-11-19T00:32:41.350+0000] {processor.py:183} INFO - Processing /opt/airflow/dags/pipeline_strava_activities.py took 0.058 seconds
[2025-11-19T00:33:11.580+0000] {processor.py:161} INFO - Started process (PID=11789) to work on /opt/airflow/dags/pipeline_strava_activities.py
[2025-11-19T00:33:11.581+0000] {processor.py:830} INFO - Processing file /opt/airflow/dags/pipeline_strava_activities.py for tasks to queue
[2025-11-19T00:33:11.582+0000] {logging_mixin.py:188} INFO - [2025-11-19T00:33:11.582+0000] {dagbag.py:545} INFO - Filling up the DagBag from /opt/airflow/dags/pipeline_strava_activities.py
[2025-11-19T00:33:11.590+0000] {processor.py:840} INFO - DAG(s) 'etl_strava_activities' retrieved from /opt/airflow/dags/pipeline_strava_activities.py
[2025-11-19T00:33:11.638+0000] {logging_mixin.py:188} INFO - [2025-11-19T00:33:11.638+0000] {dag.py:3089} INFO - Sync 1 DAGs
[2025-11-19T00:33:11.647+0000] {logging_mixin.py:188} INFO - [2025-11-19T00:33:11.647+0000] {dag.py:3947} INFO - Setting next_dagrun for etl_strava_activities to 2025-11-18 03:00:00+00:00, run_after=2025-11-19 03:00:00+00:00
[2025-11-19T00:33:11.654+0000] {processor.py:183} INFO - Processing /opt/airflow/dags/pipeline_strava_activities.py took 0.077 seconds
[2025-11-19T00:33:41.912+0000] {processor.py:161} INFO - Started process (PID=11803) to work on /opt/airflow/dags/pipeline_strava_activities.py
[2025-11-19T00:33:41.913+0000] {processor.py:830} INFO - Processing file /opt/airflow/dags/pipeline_strava_activities.py for tasks to queue
[2025-11-19T00:33:41.915+0000] {logging_mixin.py:188} INFO - [2025-11-19T00:33:41.915+0000] {dagbag.py:545} INFO - Filling up the DagBag from /opt/airflow/dags/pipeline_strava_activities.py
[2025-11-19T00:33:41.928+0000] {processor.py:840} INFO - DAG(s) 'etl_strava_activities' retrieved from /opt/airflow/dags/pipeline_strava_activities.py
[2025-11-19T00:33:41.949+0000] {logging_mixin.py:188} INFO - [2025-11-19T00:33:41.949+0000] {dag.py:3089} INFO - Sync 1 DAGs
[2025-11-19T00:33:41.962+0000] {logging_mixin.py:188} INFO - [2025-11-19T00:33:41.962+0000] {dag.py:3947} INFO - Setting next_dagrun for etl_strava_activities to 2025-11-18 03:00:00+00:00, run_after=2025-11-19 03:00:00+00:00
[2025-11-19T00:33:41.971+0000] {processor.py:183} INFO - Processing /opt/airflow/dags/pipeline_strava_activities.py took 0.066 seconds
[2025-11-19T00:34:12.205+0000] {processor.py:161} INFO - Started process (PID=11818) to work on /opt/airflow/dags/pipeline_strava_activities.py
[2025-11-19T00:34:12.206+0000] {processor.py:830} INFO - Processing file /opt/airflow/dags/pipeline_strava_activities.py for tasks to queue
[2025-11-19T00:34:12.208+0000] {logging_mixin.py:188} INFO - [2025-11-19T00:34:12.208+0000] {dagbag.py:545} INFO - Filling up the DagBag from /opt/airflow/dags/pipeline_strava_activities.py
[2025-11-19T00:34:12.217+0000] {processor.py:840} INFO - DAG(s) 'etl_strava_activities' retrieved from /opt/airflow/dags/pipeline_strava_activities.py
[2025-11-19T00:34:12.236+0000] {logging_mixin.py:188} INFO - [2025-11-19T00:34:12.236+0000] {dag.py:3089} INFO - Sync 1 DAGs
[2025-11-19T00:34:12.250+0000] {logging_mixin.py:188} INFO - [2025-11-19T00:34:12.249+0000] {dag.py:3947} INFO - Setting next_dagrun for etl_strava_activities to 2025-11-18 03:00:00+00:00, run_after=2025-11-19 03:00:00+00:00
[2025-11-19T00:34:12.260+0000] {processor.py:183} INFO - Processing /opt/airflow/dags/pipeline_strava_activities.py took 0.059 seconds
[2025-11-19T00:35:00.297+0000] {processor.py:161} INFO - Started process (PID=167) to work on /opt/airflow/dags/pipeline_strava_activities.py
[2025-11-19T00:35:00.300+0000] {processor.py:830} INFO - Processing file /opt/airflow/dags/pipeline_strava_activities.py for tasks to queue
[2025-11-19T00:35:00.301+0000] {logging_mixin.py:188} INFO - [2025-11-19T00:35:00.301+0000] {dagbag.py:545} INFO - Filling up the DagBag from /opt/airflow/dags/pipeline_strava_activities.py
[2025-11-19T00:35:00.327+0000] {processor.py:840} INFO - DAG(s) 'etl_strava_activities' retrieved from /opt/airflow/dags/pipeline_strava_activities.py
[2025-11-19T00:35:00.371+0000] {logging_mixin.py:188} INFO - [2025-11-19T00:35:00.371+0000] {dag.py:3089} INFO - Sync 1 DAGs
[2025-11-19T00:35:00.405+0000] {logging_mixin.py:188} INFO - [2025-11-19T00:35:00.405+0000] {dag.py:3947} INFO - Setting next_dagrun for etl_strava_activities to 2025-11-18 03:00:00+00:00, run_after=2025-11-19 03:00:00+00:00
[2025-11-19T00:35:00.421+0000] {processor.py:183} INFO - Processing /opt/airflow/dags/pipeline_strava_activities.py took 0.133 seconds
[2025-11-19T00:35:30.642+0000] {processor.py:161} INFO - Started process (PID=195) to work on /opt/airflow/dags/pipeline_strava_activities.py
[2025-11-19T00:35:30.642+0000] {processor.py:830} INFO - Processing file /opt/airflow/dags/pipeline_strava_activities.py for tasks to queue
[2025-11-19T00:35:30.644+0000] {logging_mixin.py:188} INFO - [2025-11-19T00:35:30.644+0000] {dagbag.py:545} INFO - Filling up the DagBag from /opt/airflow/dags/pipeline_strava_activities.py
[2025-11-19T00:35:30.652+0000] {processor.py:840} INFO - DAG(s) 'etl_strava_activities' retrieved from /opt/airflow/dags/pipeline_strava_activities.py
[2025-11-19T00:35:30.947+0000] {logging_mixin.py:188} INFO - [2025-11-19T00:35:30.947+0000] {dag.py:3089} INFO - Sync 1 DAGs
[2025-11-19T00:35:30.982+0000] {logging_mixin.py:188} INFO - [2025-11-19T00:35:30.981+0000] {dag.py:3947} INFO - Setting next_dagrun for etl_strava_activities to 2025-11-18 03:00:00+00:00, run_after=2025-11-19 03:00:00+00:00
[2025-11-19T00:35:30.997+0000] {processor.py:183} INFO - Processing /opt/airflow/dags/pipeline_strava_activities.py took 0.367 seconds
[2025-11-19T00:36:01.276+0000] {processor.py:161} INFO - Started process (PID=210) to work on /opt/airflow/dags/pipeline_strava_activities.py
[2025-11-19T00:36:01.277+0000] {processor.py:830} INFO - Processing file /opt/airflow/dags/pipeline_strava_activities.py for tasks to queue
[2025-11-19T00:36:01.281+0000] {logging_mixin.py:188} INFO - [2025-11-19T00:36:01.281+0000] {dagbag.py:545} INFO - Filling up the DagBag from /opt/airflow/dags/pipeline_strava_activities.py
[2025-11-19T00:36:01.299+0000] {processor.py:840} INFO - DAG(s) 'etl_strava_activities' retrieved from /opt/airflow/dags/pipeline_strava_activities.py
[2025-11-19T00:36:01.354+0000] {logging_mixin.py:188} INFO - [2025-11-19T00:36:01.354+0000] {dag.py:3089} INFO - Sync 1 DAGs
[2025-11-19T00:36:01.380+0000] {logging_mixin.py:188} INFO - [2025-11-19T00:36:01.380+0000] {dag.py:3947} INFO - Setting next_dagrun for etl_strava_activities to 2025-11-18 03:00:00+00:00, run_after=2025-11-19 03:00:00+00:00
[2025-11-19T00:36:01.398+0000] {processor.py:183} INFO - Processing /opt/airflow/dags/pipeline_strava_activities.py took 0.129 seconds
[2025-11-19T00:36:31.694+0000] {processor.py:161} INFO - Started process (PID=236) to work on /opt/airflow/dags/pipeline_strava_activities.py
[2025-11-19T00:36:31.695+0000] {processor.py:830} INFO - Processing file /opt/airflow/dags/pipeline_strava_activities.py for tasks to queue
[2025-11-19T00:36:31.697+0000] {logging_mixin.py:188} INFO - [2025-11-19T00:36:31.697+0000] {dagbag.py:545} INFO - Filling up the DagBag from /opt/airflow/dags/pipeline_strava_activities.py
[2025-11-19T00:36:31.715+0000] {processor.py:840} INFO - DAG(s) 'etl_strava_activities' retrieved from /opt/airflow/dags/pipeline_strava_activities.py
[2025-11-19T00:36:31.751+0000] {logging_mixin.py:188} INFO - [2025-11-19T00:36:31.751+0000] {dag.py:3089} INFO - Sync 1 DAGs
[2025-11-19T00:36:31.768+0000] {logging_mixin.py:188} INFO - [2025-11-19T00:36:31.768+0000] {dag.py:3947} INFO - Setting next_dagrun for etl_strava_activities to 2025-11-18 03:00:00+00:00, run_after=2025-11-19 03:00:00+00:00
[2025-11-19T00:36:31.778+0000] {processor.py:183} INFO - Processing /opt/airflow/dags/pipeline_strava_activities.py took 0.093 seconds
[2025-11-19T00:37:02.048+0000] {processor.py:161} INFO - Started process (PID=251) to work on /opt/airflow/dags/pipeline_strava_activities.py
[2025-11-19T00:37:02.050+0000] {processor.py:830} INFO - Processing file /opt/airflow/dags/pipeline_strava_activities.py for tasks to queue
[2025-11-19T00:37:02.052+0000] {logging_mixin.py:188} INFO - [2025-11-19T00:37:02.052+0000] {dagbag.py:545} INFO - Filling up the DagBag from /opt/airflow/dags/pipeline_strava_activities.py
[2025-11-19T00:37:02.066+0000] {processor.py:840} INFO - DAG(s) 'etl_strava_activities' retrieved from /opt/airflow/dags/pipeline_strava_activities.py
[2025-11-19T00:37:02.091+0000] {logging_mixin.py:188} INFO - [2025-11-19T00:37:02.091+0000] {dag.py:3089} INFO - Sync 1 DAGs
[2025-11-19T00:37:02.106+0000] {logging_mixin.py:188} INFO - [2025-11-19T00:37:02.106+0000] {dag.py:3947} INFO - Setting next_dagrun for etl_strava_activities to 2025-11-18 03:00:00+00:00, run_after=2025-11-19 03:00:00+00:00
[2025-11-19T00:37:02.115+0000] {processor.py:183} INFO - Processing /opt/airflow/dags/pipeline_strava_activities.py took 0.074 seconds
[2025-11-19T00:37:32.365+0000] {processor.py:161} INFO - Started process (PID=266) to work on /opt/airflow/dags/pipeline_strava_activities.py
[2025-11-19T00:37:32.367+0000] {processor.py:830} INFO - Processing file /opt/airflow/dags/pipeline_strava_activities.py for tasks to queue
[2025-11-19T00:37:32.369+0000] {logging_mixin.py:188} INFO - [2025-11-19T00:37:32.368+0000] {dagbag.py:545} INFO - Filling up the DagBag from /opt/airflow/dags/pipeline_strava_activities.py
[2025-11-19T00:37:32.381+0000] {processor.py:840} INFO - DAG(s) 'etl_strava_activities' retrieved from /opt/airflow/dags/pipeline_strava_activities.py
[2025-11-19T00:37:32.404+0000] {logging_mixin.py:188} INFO - [2025-11-19T00:37:32.404+0000] {dag.py:3089} INFO - Sync 1 DAGs
[2025-11-19T00:37:32.418+0000] {logging_mixin.py:188} INFO - [2025-11-19T00:37:32.418+0000] {dag.py:3947} INFO - Setting next_dagrun for etl_strava_activities to 2025-11-18 03:00:00+00:00, run_after=2025-11-19 03:00:00+00:00
[2025-11-19T00:37:32.427+0000] {processor.py:183} INFO - Processing /opt/airflow/dags/pipeline_strava_activities.py took 0.068 seconds
[2025-11-19T00:38:02.689+0000] {processor.py:161} INFO - Started process (PID=294) to work on /opt/airflow/dags/pipeline_strava_activities.py
[2025-11-19T00:38:02.689+0000] {processor.py:830} INFO - Processing file /opt/airflow/dags/pipeline_strava_activities.py for tasks to queue
[2025-11-19T00:38:02.690+0000] {logging_mixin.py:188} INFO - [2025-11-19T00:38:02.690+0000] {dagbag.py:545} INFO - Filling up the DagBag from /opt/airflow/dags/pipeline_strava_activities.py
[2025-11-19T00:38:02.700+0000] {processor.py:840} INFO - DAG(s) 'etl_strava_activities' retrieved from /opt/airflow/dags/pipeline_strava_activities.py
[2025-11-19T00:38:02.720+0000] {logging_mixin.py:188} INFO - [2025-11-19T00:38:02.720+0000] {dag.py:3089} INFO - Sync 1 DAGs
[2025-11-19T00:38:02.743+0000] {logging_mixin.py:188} INFO - [2025-11-19T00:38:02.743+0000] {dag.py:3947} INFO - Setting next_dagrun for etl_strava_activities to 2025-11-18 03:00:00+00:00, run_after=2025-11-19 03:00:00+00:00
[2025-11-19T00:38:02.753+0000] {processor.py:183} INFO - Processing /opt/airflow/dags/pipeline_strava_activities.py took 0.068 seconds
[2025-11-19T00:38:33.004+0000] {processor.py:161} INFO - Started process (PID=309) to work on /opt/airflow/dags/pipeline_strava_activities.py
[2025-11-19T00:38:33.005+0000] {processor.py:830} INFO - Processing file /opt/airflow/dags/pipeline_strava_activities.py for tasks to queue
[2025-11-19T00:38:33.007+0000] {logging_mixin.py:188} INFO - [2025-11-19T00:38:33.006+0000] {dagbag.py:545} INFO - Filling up the DagBag from /opt/airflow/dags/pipeline_strava_activities.py
[2025-11-19T00:38:33.018+0000] {processor.py:840} INFO - DAG(s) 'etl_strava_activities' retrieved from /opt/airflow/dags/pipeline_strava_activities.py
[2025-11-19T00:38:33.038+0000] {logging_mixin.py:188} INFO - [2025-11-19T00:38:33.038+0000] {dag.py:3089} INFO - Sync 1 DAGs
[2025-11-19T00:38:33.052+0000] {logging_mixin.py:188} INFO - [2025-11-19T00:38:33.052+0000] {dag.py:3947} INFO - Setting next_dagrun for etl_strava_activities to 2025-11-18 03:00:00+00:00, run_after=2025-11-19 03:00:00+00:00
[2025-11-19T00:38:33.061+0000] {processor.py:183} INFO - Processing /opt/airflow/dags/pipeline_strava_activities.py took 0.062 seconds
[2025-11-19T00:39:03.319+0000] {processor.py:161} INFO - Started process (PID=323) to work on /opt/airflow/dags/pipeline_strava_activities.py
[2025-11-19T00:39:03.320+0000] {processor.py:830} INFO - Processing file /opt/airflow/dags/pipeline_strava_activities.py for tasks to queue
[2025-11-19T00:39:03.321+0000] {logging_mixin.py:188} INFO - [2025-11-19T00:39:03.321+0000] {dagbag.py:545} INFO - Filling up the DagBag from /opt/airflow/dags/pipeline_strava_activities.py
[2025-11-19T00:39:03.340+0000] {processor.py:840} INFO - DAG(s) 'etl_strava_activities' retrieved from /opt/airflow/dags/pipeline_strava_activities.py
[2025-11-19T00:39:03.369+0000] {logging_mixin.py:188} INFO - [2025-11-19T00:39:03.369+0000] {dag.py:3089} INFO - Sync 1 DAGs
[2025-11-19T00:39:03.386+0000] {logging_mixin.py:188} INFO - [2025-11-19T00:39:03.386+0000] {dag.py:3947} INFO - Setting next_dagrun for etl_strava_activities to 2025-11-18 03:00:00+00:00, run_after=2025-11-19 03:00:00+00:00
[2025-11-19T00:39:03.400+0000] {processor.py:183} INFO - Processing /opt/airflow/dags/pipeline_strava_activities.py took 0.085 seconds
[2025-11-19T00:39:33.664+0000] {processor.py:161} INFO - Started process (PID=339) to work on /opt/airflow/dags/pipeline_strava_activities.py
[2025-11-19T00:39:33.665+0000] {processor.py:830} INFO - Processing file /opt/airflow/dags/pipeline_strava_activities.py for tasks to queue
[2025-11-19T00:39:33.666+0000] {logging_mixin.py:188} INFO - [2025-11-19T00:39:33.666+0000] {dagbag.py:545} INFO - Filling up the DagBag from /opt/airflow/dags/pipeline_strava_activities.py
[2025-11-19T00:39:33.675+0000] {processor.py:840} INFO - DAG(s) 'etl_strava_activities' retrieved from /opt/airflow/dags/pipeline_strava_activities.py
[2025-11-19T00:39:33.689+0000] {logging_mixin.py:188} INFO - [2025-11-19T00:39:33.689+0000] {dag.py:3089} INFO - Sync 1 DAGs
[2025-11-19T00:39:33.702+0000] {logging_mixin.py:188} INFO - [2025-11-19T00:39:33.702+0000] {dag.py:3947} INFO - Setting next_dagrun for etl_strava_activities to 2025-11-18 03:00:00+00:00, run_after=2025-11-19 03:00:00+00:00
[2025-11-19T00:39:33.709+0000] {processor.py:183} INFO - Processing /opt/airflow/dags/pipeline_strava_activities.py took 0.048 seconds
[2025-11-19T00:40:04.061+0000] {processor.py:161} INFO - Started process (PID=354) to work on /opt/airflow/dags/pipeline_strava_activities.py
[2025-11-19T00:40:04.062+0000] {processor.py:830} INFO - Processing file /opt/airflow/dags/pipeline_strava_activities.py for tasks to queue
[2025-11-19T00:40:04.065+0000] {logging_mixin.py:188} INFO - [2025-11-19T00:40:04.064+0000] {dagbag.py:545} INFO - Filling up the DagBag from /opt/airflow/dags/pipeline_strava_activities.py
[2025-11-19T00:40:04.080+0000] {processor.py:840} INFO - DAG(s) 'etl_strava_activities' retrieved from /opt/airflow/dags/pipeline_strava_activities.py
[2025-11-19T00:40:04.110+0000] {logging_mixin.py:188} INFO - [2025-11-19T00:40:04.110+0000] {dag.py:3089} INFO - Sync 1 DAGs
[2025-11-19T00:40:04.130+0000] {logging_mixin.py:188} INFO - [2025-11-19T00:40:04.130+0000] {dag.py:3947} INFO - Setting next_dagrun for etl_strava_activities to 2025-11-18 03:00:00+00:00, run_after=2025-11-19 03:00:00+00:00
[2025-11-19T00:40:04.142+0000] {processor.py:183} INFO - Processing /opt/airflow/dags/pipeline_strava_activities.py took 0.093 seconds
[2025-11-19T00:40:34.393+0000] {processor.py:161} INFO - Started process (PID=381) to work on /opt/airflow/dags/pipeline_strava_activities.py
[2025-11-19T00:40:34.394+0000] {processor.py:830} INFO - Processing file /opt/airflow/dags/pipeline_strava_activities.py for tasks to queue
[2025-11-19T00:40:34.396+0000] {logging_mixin.py:188} INFO - [2025-11-19T00:40:34.395+0000] {dagbag.py:545} INFO - Filling up the DagBag from /opt/airflow/dags/pipeline_strava_activities.py
[2025-11-19T00:40:34.405+0000] {processor.py:840} INFO - DAG(s) 'etl_strava_activities' retrieved from /opt/airflow/dags/pipeline_strava_activities.py
[2025-11-19T00:40:34.419+0000] {logging_mixin.py:188} INFO - [2025-11-19T00:40:34.418+0000] {dag.py:3089} INFO - Sync 1 DAGs
[2025-11-19T00:40:34.429+0000] {logging_mixin.py:188} INFO - [2025-11-19T00:40:34.429+0000] {dag.py:3947} INFO - Setting next_dagrun for etl_strava_activities to 2025-11-18 03:00:00+00:00, run_after=2025-11-19 03:00:00+00:00
[2025-11-19T00:40:34.436+0000] {processor.py:183} INFO - Processing /opt/airflow/dags/pipeline_strava_activities.py took 0.046 seconds
[2025-11-19T00:41:04.712+0000] {processor.py:161} INFO - Started process (PID=395) to work on /opt/airflow/dags/pipeline_strava_activities.py
[2025-11-19T00:41:04.713+0000] {processor.py:830} INFO - Processing file /opt/airflow/dags/pipeline_strava_activities.py for tasks to queue
[2025-11-19T00:41:04.717+0000] {logging_mixin.py:188} INFO - [2025-11-19T00:41:04.716+0000] {dagbag.py:545} INFO - Filling up the DagBag from /opt/airflow/dags/pipeline_strava_activities.py
[2025-11-19T00:41:04.736+0000] {processor.py:840} INFO - DAG(s) 'etl_strava_activities' retrieved from /opt/airflow/dags/pipeline_strava_activities.py
[2025-11-19T00:41:04.759+0000] {logging_mixin.py:188} INFO - [2025-11-19T00:41:04.759+0000] {dag.py:3089} INFO - Sync 1 DAGs
[2025-11-19T00:41:04.774+0000] {logging_mixin.py:188} INFO - [2025-11-19T00:41:04.774+0000] {dag.py:3947} INFO - Setting next_dagrun for etl_strava_activities to 2025-11-18 03:00:00+00:00, run_after=2025-11-19 03:00:00+00:00
[2025-11-19T00:41:04.782+0000] {processor.py:183} INFO - Processing /opt/airflow/dags/pipeline_strava_activities.py took 0.080 seconds
[2025-11-19T00:41:35.006+0000] {processor.py:161} INFO - Started process (PID=411) to work on /opt/airflow/dags/pipeline_strava_activities.py
[2025-11-19T00:41:35.007+0000] {processor.py:830} INFO - Processing file /opt/airflow/dags/pipeline_strava_activities.py for tasks to queue
[2025-11-19T00:41:35.008+0000] {logging_mixin.py:188} INFO - [2025-11-19T00:41:35.008+0000] {dagbag.py:545} INFO - Filling up the DagBag from /opt/airflow/dags/pipeline_strava_activities.py
[2025-11-19T00:41:35.016+0000] {processor.py:840} INFO - DAG(s) 'etl_strava_activities' retrieved from /opt/airflow/dags/pipeline_strava_activities.py
[2025-11-19T00:41:35.036+0000] {logging_mixin.py:188} INFO - [2025-11-19T00:41:35.036+0000] {dag.py:3089} INFO - Sync 1 DAGs
[2025-11-19T00:41:35.052+0000] {logging_mixin.py:188} INFO - [2025-11-19T00:41:35.052+0000] {dag.py:3947} INFO - Setting next_dagrun for etl_strava_activities to 2025-11-18 03:00:00+00:00, run_after=2025-11-19 03:00:00+00:00
[2025-11-19T00:41:35.062+0000] {processor.py:183} INFO - Processing /opt/airflow/dags/pipeline_strava_activities.py took 0.059 seconds
[2025-11-19T00:42:05.289+0000] {processor.py:161} INFO - Started process (PID=426) to work on /opt/airflow/dags/pipeline_strava_activities.py
[2025-11-19T00:42:05.290+0000] {processor.py:830} INFO - Processing file /opt/airflow/dags/pipeline_strava_activities.py for tasks to queue
[2025-11-19T00:42:05.294+0000] {logging_mixin.py:188} INFO - [2025-11-19T00:42:05.294+0000] {dagbag.py:545} INFO - Filling up the DagBag from /opt/airflow/dags/pipeline_strava_activities.py
[2025-11-19T00:42:05.309+0000] {processor.py:840} INFO - DAG(s) 'etl_strava_activities' retrieved from /opt/airflow/dags/pipeline_strava_activities.py
[2025-11-19T00:42:05.345+0000] {logging_mixin.py:188} INFO - [2025-11-19T00:42:05.344+0000] {dag.py:3089} INFO - Sync 1 DAGs
[2025-11-19T00:42:05.361+0000] {logging_mixin.py:188} INFO - [2025-11-19T00:42:05.361+0000] {dag.py:3947} INFO - Setting next_dagrun for etl_strava_activities to 2025-11-18 03:00:00+00:00, run_after=2025-11-19 03:00:00+00:00
[2025-11-19T00:42:05.370+0000] {processor.py:183} INFO - Processing /opt/airflow/dags/pipeline_strava_activities.py took 0.088 seconds
[2025-11-19T00:42:35.645+0000] {processor.py:161} INFO - Started process (PID=440) to work on /opt/airflow/dags/pipeline_strava_activities.py
[2025-11-19T00:42:35.646+0000] {processor.py:830} INFO - Processing file /opt/airflow/dags/pipeline_strava_activities.py for tasks to queue
[2025-11-19T00:42:35.649+0000] {logging_mixin.py:188} INFO - [2025-11-19T00:42:35.648+0000] {dagbag.py:545} INFO - Filling up the DagBag from /opt/airflow/dags/pipeline_strava_activities.py
[2025-11-19T00:42:35.661+0000] {processor.py:840} INFO - DAG(s) 'etl_strava_activities' retrieved from /opt/airflow/dags/pipeline_strava_activities.py
[2025-11-19T00:42:35.681+0000] {logging_mixin.py:188} INFO - [2025-11-19T00:42:35.681+0000] {dag.py:3089} INFO - Sync 1 DAGs
[2025-11-19T00:42:35.696+0000] {logging_mixin.py:188} INFO - [2025-11-19T00:42:35.696+0000] {dag.py:3947} INFO - Setting next_dagrun for etl_strava_activities to 2025-11-18 03:00:00+00:00, run_after=2025-11-19 03:00:00+00:00
[2025-11-19T00:42:35.705+0000] {processor.py:183} INFO - Processing /opt/airflow/dags/pipeline_strava_activities.py took 0.066 seconds
[2025-11-19T00:43:06.003+0000] {processor.py:161} INFO - Started process (PID=456) to work on /opt/airflow/dags/pipeline_strava_activities.py
[2025-11-19T00:43:06.003+0000] {processor.py:830} INFO - Processing file /opt/airflow/dags/pipeline_strava_activities.py for tasks to queue
[2025-11-19T00:43:06.005+0000] {logging_mixin.py:188} INFO - [2025-11-19T00:43:06.005+0000] {dagbag.py:545} INFO - Filling up the DagBag from /opt/airflow/dags/pipeline_strava_activities.py
[2025-11-19T00:43:06.018+0000] {processor.py:840} INFO - DAG(s) 'etl_strava_activities' retrieved from /opt/airflow/dags/pipeline_strava_activities.py
[2025-11-19T00:43:06.048+0000] {logging_mixin.py:188} INFO - [2025-11-19T00:43:06.048+0000] {dag.py:3089} INFO - Sync 1 DAGs
[2025-11-19T00:43:06.064+0000] {logging_mixin.py:188} INFO - [2025-11-19T00:43:06.064+0000] {dag.py:3947} INFO - Setting next_dagrun for etl_strava_activities to 2025-11-18 03:00:00+00:00, run_after=2025-11-19 03:00:00+00:00
[2025-11-19T00:43:06.080+0000] {processor.py:183} INFO - Processing /opt/airflow/dags/pipeline_strava_activities.py took 0.085 seconds
[2025-11-19T00:43:36.293+0000] {processor.py:161} INFO - Started process (PID=471) to work on /opt/airflow/dags/pipeline_strava_activities.py
[2025-11-19T00:43:36.294+0000] {processor.py:830} INFO - Processing file /opt/airflow/dags/pipeline_strava_activities.py for tasks to queue
[2025-11-19T00:43:36.295+0000] {logging_mixin.py:188} INFO - [2025-11-19T00:43:36.295+0000] {dagbag.py:545} INFO - Filling up the DagBag from /opt/airflow/dags/pipeline_strava_activities.py
[2025-11-19T00:43:36.304+0000] {processor.py:840} INFO - DAG(s) 'etl_strava_activities' retrieved from /opt/airflow/dags/pipeline_strava_activities.py
[2025-11-19T00:43:36.327+0000] {logging_mixin.py:188} INFO - [2025-11-19T00:43:36.327+0000] {dag.py:3089} INFO - Sync 1 DAGs
[2025-11-19T00:43:36.342+0000] {logging_mixin.py:188} INFO - [2025-11-19T00:43:36.341+0000] {dag.py:3947} INFO - Setting next_dagrun for etl_strava_activities to 2025-11-18 03:00:00+00:00, run_after=2025-11-19 03:00:00+00:00
[2025-11-19T00:43:36.349+0000] {processor.py:183} INFO - Processing /opt/airflow/dags/pipeline_strava_activities.py took 0.059 seconds
[2025-11-19T00:44:06.611+0000] {processor.py:161} INFO - Started process (PID=486) to work on /opt/airflow/dags/pipeline_strava_activities.py
[2025-11-19T00:44:06.611+0000] {processor.py:830} INFO - Processing file /opt/airflow/dags/pipeline_strava_activities.py for tasks to queue
[2025-11-19T00:44:06.613+0000] {logging_mixin.py:188} INFO - [2025-11-19T00:44:06.613+0000] {dagbag.py:545} INFO - Filling up the DagBag from /opt/airflow/dags/pipeline_strava_activities.py
[2025-11-19T00:44:06.624+0000] {processor.py:840} INFO - DAG(s) 'etl_strava_activities' retrieved from /opt/airflow/dags/pipeline_strava_activities.py
[2025-11-19T00:44:06.644+0000] {logging_mixin.py:188} INFO - [2025-11-19T00:44:06.644+0000] {dag.py:3089} INFO - Sync 1 DAGs
[2025-11-19T00:44:06.659+0000] {logging_mixin.py:188} INFO - [2025-11-19T00:44:06.658+0000] {dag.py:3947} INFO - Setting next_dagrun for etl_strava_activities to 2025-11-18 03:00:00+00:00, run_after=2025-11-19 03:00:00+00:00
[2025-11-19T00:44:06.669+0000] {processor.py:183} INFO - Processing /opt/airflow/dags/pipeline_strava_activities.py took 0.061 seconds
[2025-11-19T00:44:36.899+0000] {processor.py:161} INFO - Started process (PID=499) to work on /opt/airflow/dags/pipeline_strava_activities.py
[2025-11-19T00:44:36.899+0000] {processor.py:830} INFO - Processing file /opt/airflow/dags/pipeline_strava_activities.py for tasks to queue
[2025-11-19T00:44:36.901+0000] {logging_mixin.py:188} INFO - [2025-11-19T00:44:36.901+0000] {dagbag.py:545} INFO - Filling up the DagBag from /opt/airflow/dags/pipeline_strava_activities.py
[2025-11-19T00:44:36.920+0000] {processor.py:840} INFO - DAG(s) 'etl_strava_activities' retrieved from /opt/airflow/dags/pipeline_strava_activities.py
[2025-11-19T00:44:36.957+0000] {logging_mixin.py:188} INFO - [2025-11-19T00:44:36.957+0000] {dag.py:3089} INFO - Sync 1 DAGs
[2025-11-19T00:44:36.975+0000] {logging_mixin.py:188} INFO - [2025-11-19T00:44:36.975+0000] {dag.py:3947} INFO - Setting next_dagrun for etl_strava_activities to 2025-11-18 03:00:00+00:00, run_after=2025-11-19 03:00:00+00:00
[2025-11-19T00:44:36.986+0000] {processor.py:183} INFO - Processing /opt/airflow/dags/pipeline_strava_activities.py took 0.093 seconds
[2025-11-19T00:45:07.255+0000] {processor.py:161} INFO - Started process (PID=516) to work on /opt/airflow/dags/pipeline_strava_activities.py
[2025-11-19T00:45:07.257+0000] {processor.py:830} INFO - Processing file /opt/airflow/dags/pipeline_strava_activities.py for tasks to queue
[2025-11-19T00:45:07.259+0000] {logging_mixin.py:188} INFO - [2025-11-19T00:45:07.258+0000] {dagbag.py:545} INFO - Filling up the DagBag from /opt/airflow/dags/pipeline_strava_activities.py
[2025-11-19T00:45:07.274+0000] {processor.py:840} INFO - DAG(s) 'etl_strava_activities' retrieved from /opt/airflow/dags/pipeline_strava_activities.py
[2025-11-19T00:45:07.304+0000] {logging_mixin.py:188} INFO - [2025-11-19T00:45:07.304+0000] {dag.py:3089} INFO - Sync 1 DAGs
[2025-11-19T00:45:07.333+0000] {logging_mixin.py:188} INFO - [2025-11-19T00:45:07.332+0000] {dag.py:3947} INFO - Setting next_dagrun for etl_strava_activities to 2025-11-18 03:00:00+00:00, run_after=2025-11-19 03:00:00+00:00
[2025-11-19T00:45:07.353+0000] {processor.py:183} INFO - Processing /opt/airflow/dags/pipeline_strava_activities.py took 0.104 seconds
[2025-11-19T00:45:37.605+0000] {processor.py:161} INFO - Started process (PID=531) to work on /opt/airflow/dags/pipeline_strava_activities.py
[2025-11-19T00:45:37.605+0000] {processor.py:830} INFO - Processing file /opt/airflow/dags/pipeline_strava_activities.py for tasks to queue
[2025-11-19T00:45:37.607+0000] {logging_mixin.py:188} INFO - [2025-11-19T00:45:37.607+0000] {dagbag.py:545} INFO - Filling up the DagBag from /opt/airflow/dags/pipeline_strava_activities.py
[2025-11-19T00:45:37.616+0000] {processor.py:840} INFO - DAG(s) 'etl_strava_activities' retrieved from /opt/airflow/dags/pipeline_strava_activities.py
[2025-11-19T00:45:37.642+0000] {logging_mixin.py:188} INFO - [2025-11-19T00:45:37.642+0000] {dag.py:3089} INFO - Sync 1 DAGs
[2025-11-19T00:45:37.658+0000] {logging_mixin.py:188} INFO - [2025-11-19T00:45:37.657+0000] {dag.py:3947} INFO - Setting next_dagrun for etl_strava_activities to 2025-11-18 03:00:00+00:00, run_after=2025-11-19 03:00:00+00:00
[2025-11-19T00:45:37.666+0000] {processor.py:183} INFO - Processing /opt/airflow/dags/pipeline_strava_activities.py took 0.064 seconds
[2025-11-19T00:46:07.916+0000] {processor.py:161} INFO - Started process (PID=545) to work on /opt/airflow/dags/pipeline_strava_activities.py
[2025-11-19T00:46:07.916+0000] {processor.py:830} INFO - Processing file /opt/airflow/dags/pipeline_strava_activities.py for tasks to queue
[2025-11-19T00:46:07.918+0000] {logging_mixin.py:188} INFO - [2025-11-19T00:46:07.918+0000] {dagbag.py:545} INFO - Filling up the DagBag from /opt/airflow/dags/pipeline_strava_activities.py
[2025-11-19T00:46:07.936+0000] {processor.py:840} INFO - DAG(s) 'etl_strava_activities' retrieved from /opt/airflow/dags/pipeline_strava_activities.py
[2025-11-19T00:46:07.969+0000] {logging_mixin.py:188} INFO - [2025-11-19T00:46:07.969+0000] {dag.py:3089} INFO - Sync 1 DAGs
[2025-11-19T00:46:07.993+0000] {logging_mixin.py:188} INFO - [2025-11-19T00:46:07.993+0000] {dag.py:3947} INFO - Setting next_dagrun for etl_strava_activities to 2025-11-18 03:00:00+00:00, run_after=2025-11-19 03:00:00+00:00
[2025-11-19T00:46:08.004+0000] {processor.py:183} INFO - Processing /opt/airflow/dags/pipeline_strava_activities.py took 0.095 seconds
[2025-11-19T00:46:38.280+0000] {processor.py:161} INFO - Started process (PID=560) to work on /opt/airflow/dags/pipeline_strava_activities.py
[2025-11-19T00:46:38.281+0000] {processor.py:830} INFO - Processing file /opt/airflow/dags/pipeline_strava_activities.py for tasks to queue
[2025-11-19T00:46:38.282+0000] {logging_mixin.py:188} INFO - [2025-11-19T00:46:38.282+0000] {dagbag.py:545} INFO - Filling up the DagBag from /opt/airflow/dags/pipeline_strava_activities.py
[2025-11-19T00:46:38.293+0000] {processor.py:840} INFO - DAG(s) 'etl_strava_activities' retrieved from /opt/airflow/dags/pipeline_strava_activities.py
[2025-11-19T00:46:38.312+0000] {logging_mixin.py:188} INFO - [2025-11-19T00:46:38.312+0000] {dag.py:3089} INFO - Sync 1 DAGs
[2025-11-19T00:46:38.330+0000] {logging_mixin.py:188} INFO - [2025-11-19T00:46:38.330+0000] {dag.py:3947} INFO - Setting next_dagrun for etl_strava_activities to 2025-11-18 03:00:00+00:00, run_after=2025-11-19 03:00:00+00:00
[2025-11-19T00:46:38.339+0000] {processor.py:183} INFO - Processing /opt/airflow/dags/pipeline_strava_activities.py took 0.063 seconds
[2025-11-19T00:47:08.597+0000] {processor.py:161} INFO - Started process (PID=575) to work on /opt/airflow/dags/pipeline_strava_activities.py
[2025-11-19T00:47:08.599+0000] {processor.py:830} INFO - Processing file /opt/airflow/dags/pipeline_strava_activities.py for tasks to queue
[2025-11-19T00:47:08.604+0000] {logging_mixin.py:188} INFO - [2025-11-19T00:47:08.604+0000] {dagbag.py:545} INFO - Filling up the DagBag from /opt/airflow/dags/pipeline_strava_activities.py
[2025-11-19T00:47:08.623+0000] {processor.py:840} INFO - DAG(s) 'etl_strava_activities' retrieved from /opt/airflow/dags/pipeline_strava_activities.py
[2025-11-19T00:47:08.656+0000] {logging_mixin.py:188} INFO - [2025-11-19T00:47:08.656+0000] {dag.py:3089} INFO - Sync 1 DAGs
[2025-11-19T00:47:08.670+0000] {logging_mixin.py:188} INFO - [2025-11-19T00:47:08.670+0000] {dag.py:3947} INFO - Setting next_dagrun for etl_strava_activities to 2025-11-18 03:00:00+00:00, run_after=2025-11-19 03:00:00+00:00
[2025-11-19T00:47:08.680+0000] {processor.py:183} INFO - Processing /opt/airflow/dags/pipeline_strava_activities.py took 0.087 seconds
[2025-11-19T00:47:38.963+0000] {processor.py:161} INFO - Started process (PID=589) to work on /opt/airflow/dags/pipeline_strava_activities.py
[2025-11-19T00:47:38.965+0000] {processor.py:830} INFO - Processing file /opt/airflow/dags/pipeline_strava_activities.py for tasks to queue
[2025-11-19T00:47:38.970+0000] {logging_mixin.py:188} INFO - [2025-11-19T00:47:38.969+0000] {dagbag.py:545} INFO - Filling up the DagBag from /opt/airflow/dags/pipeline_strava_activities.py
[2025-11-19T00:47:38.989+0000] {processor.py:840} INFO - DAG(s) 'etl_strava_activities' retrieved from /opt/airflow/dags/pipeline_strava_activities.py
[2025-11-19T00:47:39.019+0000] {logging_mixin.py:188} INFO - [2025-11-19T00:47:39.019+0000] {dag.py:3089} INFO - Sync 1 DAGs
[2025-11-19T00:47:39.032+0000] {logging_mixin.py:188} INFO - [2025-11-19T00:47:39.032+0000] {dag.py:3947} INFO - Setting next_dagrun for etl_strava_activities to 2025-11-18 03:00:00+00:00, run_after=2025-11-19 03:00:00+00:00
[2025-11-19T00:47:39.041+0000] {processor.py:183} INFO - Processing /opt/airflow/dags/pipeline_strava_activities.py took 0.090 seconds
[2025-11-19T00:48:09.329+0000] {processor.py:161} INFO - Started process (PID=606) to work on /opt/airflow/dags/pipeline_strava_activities.py
[2025-11-19T00:48:09.329+0000] {processor.py:830} INFO - Processing file /opt/airflow/dags/pipeline_strava_activities.py for tasks to queue
[2025-11-19T00:48:09.331+0000] {logging_mixin.py:188} INFO - [2025-11-19T00:48:09.330+0000] {dagbag.py:545} INFO - Filling up the DagBag from /opt/airflow/dags/pipeline_strava_activities.py
[2025-11-19T00:48:09.340+0000] {processor.py:840} INFO - DAG(s) 'etl_strava_activities' retrieved from /opt/airflow/dags/pipeline_strava_activities.py
[2025-11-19T00:48:09.358+0000] {logging_mixin.py:188} INFO - [2025-11-19T00:48:09.358+0000] {dag.py:3089} INFO - Sync 1 DAGs
[2025-11-19T00:48:09.372+0000] {logging_mixin.py:188} INFO - [2025-11-19T00:48:09.372+0000] {dag.py:3947} INFO - Setting next_dagrun for etl_strava_activities to 2025-11-18 03:00:00+00:00, run_after=2025-11-19 03:00:00+00:00
[2025-11-19T00:48:09.379+0000] {processor.py:183} INFO - Processing /opt/airflow/dags/pipeline_strava_activities.py took 0.055 seconds
[2025-11-19T00:48:39.655+0000] {processor.py:161} INFO - Started process (PID=620) to work on /opt/airflow/dags/pipeline_strava_activities.py
[2025-11-19T00:48:39.656+0000] {processor.py:830} INFO - Processing file /opt/airflow/dags/pipeline_strava_activities.py for tasks to queue
[2025-11-19T00:48:39.658+0000] {logging_mixin.py:188} INFO - [2025-11-19T00:48:39.657+0000] {dagbag.py:545} INFO - Filling up the DagBag from /opt/airflow/dags/pipeline_strava_activities.py
[2025-11-19T00:48:39.667+0000] {processor.py:840} INFO - DAG(s) 'etl_strava_activities' retrieved from /opt/airflow/dags/pipeline_strava_activities.py
[2025-11-19T00:48:39.687+0000] {logging_mixin.py:188} INFO - [2025-11-19T00:48:39.687+0000] {dag.py:3089} INFO - Sync 1 DAGs
[2025-11-19T00:48:39.699+0000] {logging_mixin.py:188} INFO - [2025-11-19T00:48:39.699+0000] {dag.py:3947} INFO - Setting next_dagrun for etl_strava_activities to 2025-11-18 03:00:00+00:00, run_after=2025-11-19 03:00:00+00:00
[2025-11-19T00:48:39.709+0000] {processor.py:183} INFO - Processing /opt/airflow/dags/pipeline_strava_activities.py took 0.058 seconds
[2025-11-19T00:49:10.003+0000] {processor.py:161} INFO - Started process (PID=635) to work on /opt/airflow/dags/pipeline_strava_activities.py
[2025-11-19T00:49:10.004+0000] {processor.py:830} INFO - Processing file /opt/airflow/dags/pipeline_strava_activities.py for tasks to queue
[2025-11-19T00:49:10.005+0000] {logging_mixin.py:188} INFO - [2025-11-19T00:49:10.005+0000] {dagbag.py:545} INFO - Filling up the DagBag from /opt/airflow/dags/pipeline_strava_activities.py
[2025-11-19T00:49:10.013+0000] {processor.py:840} INFO - DAG(s) 'etl_strava_activities' retrieved from /opt/airflow/dags/pipeline_strava_activities.py
[2025-11-19T00:49:10.032+0000] {logging_mixin.py:188} INFO - [2025-11-19T00:49:10.032+0000] {dag.py:3089} INFO - Sync 1 DAGs
[2025-11-19T00:49:10.044+0000] {logging_mixin.py:188} INFO - [2025-11-19T00:49:10.044+0000] {dag.py:3947} INFO - Setting next_dagrun for etl_strava_activities to 2025-11-18 03:00:00+00:00, run_after=2025-11-19 03:00:00+00:00
[2025-11-19T00:49:10.054+0000] {processor.py:183} INFO - Processing /opt/airflow/dags/pipeline_strava_activities.py took 0.061 seconds
[2025-11-19T00:49:40.270+0000] {processor.py:161} INFO - Started process (PID=650) to work on /opt/airflow/dags/pipeline_strava_activities.py
[2025-11-19T00:49:40.271+0000] {processor.py:830} INFO - Processing file /opt/airflow/dags/pipeline_strava_activities.py for tasks to queue
[2025-11-19T00:49:40.273+0000] {logging_mixin.py:188} INFO - [2025-11-19T00:49:40.272+0000] {dagbag.py:545} INFO - Filling up the DagBag from /opt/airflow/dags/pipeline_strava_activities.py
[2025-11-19T00:49:40.283+0000] {processor.py:840} INFO - DAG(s) 'etl_strava_activities' retrieved from /opt/airflow/dags/pipeline_strava_activities.py
[2025-11-19T00:49:40.325+0000] {logging_mixin.py:188} INFO - [2025-11-19T00:49:40.325+0000] {dag.py:3089} INFO - Sync 1 DAGs
[2025-11-19T00:49:40.344+0000] {logging_mixin.py:188} INFO - [2025-11-19T00:49:40.344+0000] {dag.py:3947} INFO - Setting next_dagrun for etl_strava_activities to 2025-11-18 03:00:00+00:00, run_after=2025-11-19 03:00:00+00:00
[2025-11-19T00:49:40.355+0000] {processor.py:183} INFO - Processing /opt/airflow/dags/pipeline_strava_activities.py took 0.091 seconds
[2025-11-19T00:50:10.642+0000] {processor.py:161} INFO - Started process (PID=665) to work on /opt/airflow/dags/pipeline_strava_activities.py
[2025-11-19T00:50:10.643+0000] {processor.py:830} INFO - Processing file /opt/airflow/dags/pipeline_strava_activities.py for tasks to queue
[2025-11-19T00:50:10.647+0000] {logging_mixin.py:188} INFO - [2025-11-19T00:50:10.647+0000] {dagbag.py:545} INFO - Filling up the DagBag from /opt/airflow/dags/pipeline_strava_activities.py
[2025-11-19T00:50:10.662+0000] {processor.py:840} INFO - DAG(s) 'etl_strava_activities' retrieved from /opt/airflow/dags/pipeline_strava_activities.py
[2025-11-19T00:50:10.695+0000] {logging_mixin.py:188} INFO - [2025-11-19T00:50:10.695+0000] {dag.py:3089} INFO - Sync 1 DAGs
[2025-11-19T00:50:10.716+0000] {logging_mixin.py:188} INFO - [2025-11-19T00:50:10.716+0000] {dag.py:3947} INFO - Setting next_dagrun for etl_strava_activities to 2025-11-18 03:00:00+00:00, run_after=2025-11-19 03:00:00+00:00
[2025-11-19T00:50:10.730+0000] {processor.py:183} INFO - Processing /opt/airflow/dags/pipeline_strava_activities.py took 0.098 seconds
[2025-11-19T00:50:40.975+0000] {processor.py:161} INFO - Started process (PID=680) to work on /opt/airflow/dags/pipeline_strava_activities.py
[2025-11-19T00:50:40.976+0000] {processor.py:830} INFO - Processing file /opt/airflow/dags/pipeline_strava_activities.py for tasks to queue
[2025-11-19T00:50:40.977+0000] {logging_mixin.py:188} INFO - [2025-11-19T00:50:40.977+0000] {dagbag.py:545} INFO - Filling up the DagBag from /opt/airflow/dags/pipeline_strava_activities.py
[2025-11-19T00:50:40.986+0000] {processor.py:840} INFO - DAG(s) 'etl_strava_activities' retrieved from /opt/airflow/dags/pipeline_strava_activities.py
[2025-11-19T00:50:41.009+0000] {logging_mixin.py:188} INFO - [2025-11-19T00:50:41.009+0000] {dag.py:3089} INFO - Sync 1 DAGs
[2025-11-19T00:50:41.024+0000] {logging_mixin.py:188} INFO - [2025-11-19T00:50:41.024+0000] {dag.py:3947} INFO - Setting next_dagrun for etl_strava_activities to 2025-11-18 03:00:00+00:00, run_after=2025-11-19 03:00:00+00:00
[2025-11-19T00:50:41.033+0000] {processor.py:183} INFO - Processing /opt/airflow/dags/pipeline_strava_activities.py took 0.062 seconds
[2025-11-19T00:51:11.333+0000] {processor.py:161} INFO - Started process (PID=695) to work on /opt/airflow/dags/pipeline_strava_activities.py
[2025-11-19T00:51:11.334+0000] {processor.py:830} INFO - Processing file /opt/airflow/dags/pipeline_strava_activities.py for tasks to queue
[2025-11-19T00:51:11.335+0000] {logging_mixin.py:188} INFO - [2025-11-19T00:51:11.335+0000] {dagbag.py:545} INFO - Filling up the DagBag from /opt/airflow/dags/pipeline_strava_activities.py
[2025-11-19T00:51:11.348+0000] {processor.py:840} INFO - DAG(s) 'etl_strava_activities' retrieved from /opt/airflow/dags/pipeline_strava_activities.py
[2025-11-19T00:51:11.380+0000] {logging_mixin.py:188} INFO - [2025-11-19T00:51:11.379+0000] {dag.py:3089} INFO - Sync 1 DAGs
[2025-11-19T00:51:11.402+0000] {logging_mixin.py:188} INFO - [2025-11-19T00:51:11.402+0000] {dag.py:3947} INFO - Setting next_dagrun for etl_strava_activities to 2025-11-18 03:00:00+00:00, run_after=2025-11-19 03:00:00+00:00
[2025-11-19T00:51:11.412+0000] {processor.py:183} INFO - Processing /opt/airflow/dags/pipeline_strava_activities.py took 0.083 seconds
[2025-11-19T00:51:41.654+0000] {processor.py:161} INFO - Started process (PID=711) to work on /opt/airflow/dags/pipeline_strava_activities.py
[2025-11-19T00:51:41.655+0000] {processor.py:830} INFO - Processing file /opt/airflow/dags/pipeline_strava_activities.py for tasks to queue
[2025-11-19T00:51:41.657+0000] {logging_mixin.py:188} INFO - [2025-11-19T00:51:41.657+0000] {dagbag.py:545} INFO - Filling up the DagBag from /opt/airflow/dags/pipeline_strava_activities.py
[2025-11-19T00:51:41.705+0000] {processor.py:840} INFO - DAG(s) 'etl_strava_activities' retrieved from /opt/airflow/dags/pipeline_strava_activities.py
[2025-11-19T00:51:41.738+0000] {logging_mixin.py:188} INFO - [2025-11-19T00:51:41.738+0000] {dag.py:3089} INFO - Sync 1 DAGs
[2025-11-19T00:51:41.754+0000] {logging_mixin.py:188} INFO - [2025-11-19T00:51:41.754+0000] {dag.py:3947} INFO - Setting next_dagrun for etl_strava_activities to 2025-11-18 03:00:00+00:00, run_after=2025-11-19 03:00:00+00:00
[2025-11-19T00:51:41.770+0000] {processor.py:183} INFO - Processing /opt/airflow/dags/pipeline_strava_activities.py took 0.129 seconds
[2025-11-19T00:52:12.055+0000] {processor.py:161} INFO - Started process (PID=725) to work on /opt/airflow/dags/pipeline_strava_activities.py
[2025-11-19T00:52:12.056+0000] {processor.py:830} INFO - Processing file /opt/airflow/dags/pipeline_strava_activities.py for tasks to queue
[2025-11-19T00:52:12.059+0000] {logging_mixin.py:188} INFO - [2025-11-19T00:52:12.058+0000] {dagbag.py:545} INFO - Filling up the DagBag from /opt/airflow/dags/pipeline_strava_activities.py
[2025-11-19T00:52:12.079+0000] {processor.py:840} INFO - DAG(s) 'etl_strava_activities' retrieved from /opt/airflow/dags/pipeline_strava_activities.py
[2025-11-19T00:52:12.102+0000] {logging_mixin.py:188} INFO - [2025-11-19T00:52:12.101+0000] {dag.py:3089} INFO - Sync 1 DAGs
[2025-11-19T00:52:12.121+0000] {logging_mixin.py:188} INFO - [2025-11-19T00:52:12.121+0000] {dag.py:3947} INFO - Setting next_dagrun for etl_strava_activities to 2025-11-18 03:00:00+00:00, run_after=2025-11-19 03:00:00+00:00
[2025-11-19T00:52:12.131+0000] {processor.py:183} INFO - Processing /opt/airflow/dags/pipeline_strava_activities.py took 0.082 seconds
[2025-11-19T00:52:42.395+0000] {processor.py:161} INFO - Started process (PID=741) to work on /opt/airflow/dags/pipeline_strava_activities.py
[2025-11-19T00:52:42.396+0000] {processor.py:830} INFO - Processing file /opt/airflow/dags/pipeline_strava_activities.py for tasks to queue
[2025-11-19T00:52:42.398+0000] {logging_mixin.py:188} INFO - [2025-11-19T00:52:42.398+0000] {dagbag.py:545} INFO - Filling up the DagBag from /opt/airflow/dags/pipeline_strava_activities.py
[2025-11-19T00:52:42.410+0000] {processor.py:840} INFO - DAG(s) 'etl_strava_activities' retrieved from /opt/airflow/dags/pipeline_strava_activities.py
[2025-11-19T00:52:42.440+0000] {logging_mixin.py:188} INFO - [2025-11-19T00:52:42.440+0000] {dag.py:3089} INFO - Sync 1 DAGs
[2025-11-19T00:52:42.454+0000] {logging_mixin.py:188} INFO - [2025-11-19T00:52:42.454+0000] {dag.py:3947} INFO - Setting next_dagrun for etl_strava_activities to 2025-11-18 03:00:00+00:00, run_after=2025-11-19 03:00:00+00:00
[2025-11-19T00:52:42.463+0000] {processor.py:183} INFO - Processing /opt/airflow/dags/pipeline_strava_activities.py took 0.074 seconds
[2025-11-19T00:53:12.726+0000] {processor.py:161} INFO - Started process (PID=755) to work on /opt/airflow/dags/pipeline_strava_activities.py
[2025-11-19T00:53:12.727+0000] {processor.py:830} INFO - Processing file /opt/airflow/dags/pipeline_strava_activities.py for tasks to queue
[2025-11-19T00:53:12.729+0000] {logging_mixin.py:188} INFO - [2025-11-19T00:53:12.728+0000] {dagbag.py:545} INFO - Filling up the DagBag from /opt/airflow/dags/pipeline_strava_activities.py
[2025-11-19T00:53:12.754+0000] {processor.py:840} INFO - DAG(s) 'etl_strava_activities' retrieved from /opt/airflow/dags/pipeline_strava_activities.py
[2025-11-19T00:53:12.796+0000] {logging_mixin.py:188} INFO - [2025-11-19T00:53:12.795+0000] {dag.py:3089} INFO - Sync 1 DAGs
[2025-11-19T00:53:12.825+0000] {logging_mixin.py:188} INFO - [2025-11-19T00:53:12.824+0000] {dag.py:3947} INFO - Setting next_dagrun for etl_strava_activities to 2025-11-18 03:00:00+00:00, run_after=2025-11-19 03:00:00+00:00
[2025-11-19T00:53:12.844+0000] {processor.py:183} INFO - Processing /opt/airflow/dags/pipeline_strava_activities.py took 0.130 seconds
[2025-11-19T00:53:43.086+0000] {processor.py:161} INFO - Started process (PID=771) to work on /opt/airflow/dags/pipeline_strava_activities.py
[2025-11-19T00:53:43.087+0000] {processor.py:830} INFO - Processing file /opt/airflow/dags/pipeline_strava_activities.py for tasks to queue
[2025-11-19T00:53:43.089+0000] {logging_mixin.py:188} INFO - [2025-11-19T00:53:43.089+0000] {dagbag.py:545} INFO - Filling up the DagBag from /opt/airflow/dags/pipeline_strava_activities.py
[2025-11-19T00:53:43.108+0000] {processor.py:840} INFO - DAG(s) 'etl_strava_activities' retrieved from /opt/airflow/dags/pipeline_strava_activities.py
[2025-11-19T00:53:43.142+0000] {logging_mixin.py:188} INFO - [2025-11-19T00:53:43.142+0000] {dag.py:3089} INFO - Sync 1 DAGs
[2025-11-19T00:53:43.170+0000] {logging_mixin.py:188} INFO - [2025-11-19T00:53:43.170+0000] {dag.py:3947} INFO - Setting next_dagrun for etl_strava_activities to 2025-11-18 03:00:00+00:00, run_after=2025-11-19 03:00:00+00:00
[2025-11-19T00:53:43.181+0000] {processor.py:183} INFO - Processing /opt/airflow/dags/pipeline_strava_activities.py took 0.100 seconds
[2025-11-19T00:54:13.439+0000] {processor.py:161} INFO - Started process (PID=785) to work on /opt/airflow/dags/pipeline_strava_activities.py
[2025-11-19T00:54:13.439+0000] {processor.py:830} INFO - Processing file /opt/airflow/dags/pipeline_strava_activities.py for tasks to queue
[2025-11-19T00:54:13.441+0000] {logging_mixin.py:188} INFO - [2025-11-19T00:54:13.441+0000] {dagbag.py:545} INFO - Filling up the DagBag from /opt/airflow/dags/pipeline_strava_activities.py
[2025-11-19T00:54:13.460+0000] {processor.py:840} INFO - DAG(s) 'etl_strava_activities' retrieved from /opt/airflow/dags/pipeline_strava_activities.py
[2025-11-19T00:54:13.496+0000] {logging_mixin.py:188} INFO - [2025-11-19T00:54:13.496+0000] {dag.py:3089} INFO - Sync 1 DAGs
[2025-11-19T00:54:13.513+0000] {logging_mixin.py:188} INFO - [2025-11-19T00:54:13.513+0000] {dag.py:3947} INFO - Setting next_dagrun for etl_strava_activities to 2025-11-18 03:00:00+00:00, run_after=2025-11-19 03:00:00+00:00
[2025-11-19T00:54:13.524+0000] {processor.py:183} INFO - Processing /opt/airflow/dags/pipeline_strava_activities.py took 0.089 seconds
[2025-11-19T00:54:43.804+0000] {processor.py:161} INFO - Started process (PID=801) to work on /opt/airflow/dags/pipeline_strava_activities.py
[2025-11-19T00:54:43.805+0000] {processor.py:830} INFO - Processing file /opt/airflow/dags/pipeline_strava_activities.py for tasks to queue
[2025-11-19T00:54:43.807+0000] {logging_mixin.py:188} INFO - [2025-11-19T00:54:43.807+0000] {dagbag.py:545} INFO - Filling up the DagBag from /opt/airflow/dags/pipeline_strava_activities.py
[2025-11-19T00:54:43.824+0000] {processor.py:840} INFO - DAG(s) 'etl_strava_activities' retrieved from /opt/airflow/dags/pipeline_strava_activities.py
[2025-11-19T00:54:43.859+0000] {logging_mixin.py:188} INFO - [2025-11-19T00:54:43.859+0000] {dag.py:3089} INFO - Sync 1 DAGs
[2025-11-19T00:54:43.881+0000] {logging_mixin.py:188} INFO - [2025-11-19T00:54:43.880+0000] {dag.py:3947} INFO - Setting next_dagrun for etl_strava_activities to 2025-11-18 03:00:00+00:00, run_after=2025-11-19 03:00:00+00:00
[2025-11-19T00:54:43.903+0000] {processor.py:183} INFO - Processing /opt/airflow/dags/pipeline_strava_activities.py took 0.107 seconds
[2025-11-19T00:55:14.196+0000] {processor.py:161} INFO - Started process (PID=815) to work on /opt/airflow/dags/pipeline_strava_activities.py
[2025-11-19T00:55:14.197+0000] {processor.py:830} INFO - Processing file /opt/airflow/dags/pipeline_strava_activities.py for tasks to queue
[2025-11-19T00:55:14.201+0000] {logging_mixin.py:188} INFO - [2025-11-19T00:55:14.200+0000] {dagbag.py:545} INFO - Filling up the DagBag from /opt/airflow/dags/pipeline_strava_activities.py
[2025-11-19T00:55:14.216+0000] {processor.py:840} INFO - DAG(s) 'etl_strava_activities' retrieved from /opt/airflow/dags/pipeline_strava_activities.py
[2025-11-19T00:55:14.251+0000] {logging_mixin.py:188} INFO - [2025-11-19T00:55:14.251+0000] {dag.py:3089} INFO - Sync 1 DAGs
[2025-11-19T00:55:14.269+0000] {logging_mixin.py:188} INFO - [2025-11-19T00:55:14.268+0000] {dag.py:3947} INFO - Setting next_dagrun for etl_strava_activities to 2025-11-18 03:00:00+00:00, run_after=2025-11-19 03:00:00+00:00
[2025-11-19T00:55:14.279+0000] {processor.py:183} INFO - Processing /opt/airflow/dags/pipeline_strava_activities.py took 0.090 seconds
[2025-11-19T00:55:44.549+0000] {processor.py:161} INFO - Started process (PID=830) to work on /opt/airflow/dags/pipeline_strava_activities.py
[2025-11-19T00:55:44.550+0000] {processor.py:830} INFO - Processing file /opt/airflow/dags/pipeline_strava_activities.py for tasks to queue
[2025-11-19T00:55:44.552+0000] {logging_mixin.py:188} INFO - [2025-11-19T00:55:44.552+0000] {dagbag.py:545} INFO - Filling up the DagBag from /opt/airflow/dags/pipeline_strava_activities.py
[2025-11-19T00:55:44.567+0000] {processor.py:840} INFO - DAG(s) 'etl_strava_activities' retrieved from /opt/airflow/dags/pipeline_strava_activities.py
[2025-11-19T00:55:44.594+0000] {logging_mixin.py:188} INFO - [2025-11-19T00:55:44.594+0000] {dag.py:3089} INFO - Sync 1 DAGs
[2025-11-19T00:55:44.619+0000] {logging_mixin.py:188} INFO - [2025-11-19T00:55:44.619+0000] {dag.py:3947} INFO - Setting next_dagrun for etl_strava_activities to 2025-11-18 03:00:00+00:00, run_after=2025-11-19 03:00:00+00:00
[2025-11-19T00:55:44.632+0000] {processor.py:183} INFO - Processing /opt/airflow/dags/pipeline_strava_activities.py took 0.092 seconds
[2025-11-19T00:56:14.920+0000] {processor.py:161} INFO - Started process (PID=845) to work on /opt/airflow/dags/pipeline_strava_activities.py
[2025-11-19T00:56:14.921+0000] {processor.py:830} INFO - Processing file /opt/airflow/dags/pipeline_strava_activities.py for tasks to queue
[2025-11-19T00:56:14.923+0000] {logging_mixin.py:188} INFO - [2025-11-19T00:56:14.922+0000] {dagbag.py:545} INFO - Filling up the DagBag from /opt/airflow/dags/pipeline_strava_activities.py
[2025-11-19T00:56:14.934+0000] {processor.py:840} INFO - DAG(s) 'etl_strava_activities' retrieved from /opt/airflow/dags/pipeline_strava_activities.py
[2025-11-19T00:56:14.954+0000] {logging_mixin.py:188} INFO - [2025-11-19T00:56:14.954+0000] {dag.py:3089} INFO - Sync 1 DAGs
[2025-11-19T00:56:14.967+0000] {logging_mixin.py:188} INFO - [2025-11-19T00:56:14.967+0000] {dag.py:3947} INFO - Setting next_dagrun for etl_strava_activities to 2025-11-18 03:00:00+00:00, run_after=2025-11-19 03:00:00+00:00
[2025-11-19T00:56:14.977+0000] {processor.py:183} INFO - Processing /opt/airflow/dags/pipeline_strava_activities.py took 0.062 seconds
[2025-11-19T00:56:45.237+0000] {processor.py:161} INFO - Started process (PID=861) to work on /opt/airflow/dags/pipeline_strava_activities.py
[2025-11-19T00:56:45.238+0000] {processor.py:830} INFO - Processing file /opt/airflow/dags/pipeline_strava_activities.py for tasks to queue
[2025-11-19T00:56:45.240+0000] {logging_mixin.py:188} INFO - [2025-11-19T00:56:45.239+0000] {dagbag.py:545} INFO - Filling up the DagBag from /opt/airflow/dags/pipeline_strava_activities.py
[2025-11-19T00:56:45.250+0000] {processor.py:840} INFO - DAG(s) 'etl_strava_activities' retrieved from /opt/airflow/dags/pipeline_strava_activities.py
[2025-11-19T00:56:45.270+0000] {logging_mixin.py:188} INFO - [2025-11-19T00:56:45.270+0000] {dag.py:3089} INFO - Sync 1 DAGs
[2025-11-19T00:56:45.283+0000] {logging_mixin.py:188} INFO - [2025-11-19T00:56:45.283+0000] {dag.py:3947} INFO - Setting next_dagrun for etl_strava_activities to 2025-11-18 03:00:00+00:00, run_after=2025-11-19 03:00:00+00:00
[2025-11-19T00:56:45.290+0000] {processor.py:183} INFO - Processing /opt/airflow/dags/pipeline_strava_activities.py took 0.057 seconds
[2025-11-19T00:57:15.564+0000] {processor.py:161} INFO - Started process (PID=875) to work on /opt/airflow/dags/pipeline_strava_activities.py
[2025-11-19T00:57:15.564+0000] {processor.py:830} INFO - Processing file /opt/airflow/dags/pipeline_strava_activities.py for tasks to queue
[2025-11-19T00:57:15.567+0000] {logging_mixin.py:188} INFO - [2025-11-19T00:57:15.566+0000] {dagbag.py:545} INFO - Filling up the DagBag from /opt/airflow/dags/pipeline_strava_activities.py
[2025-11-19T00:57:15.582+0000] {processor.py:840} INFO - DAG(s) 'etl_strava_activities' retrieved from /opt/airflow/dags/pipeline_strava_activities.py
[2025-11-19T00:57:15.616+0000] {logging_mixin.py:188} INFO - [2025-11-19T00:57:15.616+0000] {dag.py:3089} INFO - Sync 1 DAGs
[2025-11-19T00:57:15.635+0000] {logging_mixin.py:188} INFO - [2025-11-19T00:57:15.635+0000] {dag.py:3947} INFO - Setting next_dagrun for etl_strava_activities to 2025-11-18 03:00:00+00:00, run_after=2025-11-19 03:00:00+00:00
[2025-11-19T00:57:15.644+0000] {processor.py:183} INFO - Processing /opt/airflow/dags/pipeline_strava_activities.py took 0.087 seconds
[2025-11-19T00:57:45.858+0000] {processor.py:161} INFO - Started process (PID=891) to work on /opt/airflow/dags/pipeline_strava_activities.py
[2025-11-19T00:57:45.859+0000] {processor.py:830} INFO - Processing file /opt/airflow/dags/pipeline_strava_activities.py for tasks to queue
[2025-11-19T00:57:45.863+0000] {logging_mixin.py:188} INFO - [2025-11-19T00:57:45.862+0000] {dagbag.py:545} INFO - Filling up the DagBag from /opt/airflow/dags/pipeline_strava_activities.py
[2025-11-19T00:57:45.879+0000] {processor.py:840} INFO - DAG(s) 'etl_strava_activities' retrieved from /opt/airflow/dags/pipeline_strava_activities.py
[2025-11-19T00:57:45.940+0000] {logging_mixin.py:188} INFO - [2025-11-19T00:57:45.940+0000] {dag.py:3089} INFO - Sync 1 DAGs
[2025-11-19T00:57:45.955+0000] {logging_mixin.py:188} INFO - [2025-11-19T00:57:45.955+0000] {dag.py:3947} INFO - Setting next_dagrun for etl_strava_activities to 2025-11-18 03:00:00+00:00, run_after=2025-11-19 03:00:00+00:00
[2025-11-19T00:57:45.965+0000] {processor.py:183} INFO - Processing /opt/airflow/dags/pipeline_strava_activities.py took 0.113 seconds
[2025-11-19T00:58:16.232+0000] {processor.py:161} INFO - Started process (PID=905) to work on /opt/airflow/dags/pipeline_strava_activities.py
[2025-11-19T00:58:16.233+0000] {processor.py:830} INFO - Processing file /opt/airflow/dags/pipeline_strava_activities.py for tasks to queue
[2025-11-19T00:58:16.235+0000] {logging_mixin.py:188} INFO - [2025-11-19T00:58:16.235+0000] {dagbag.py:545} INFO - Filling up the DagBag from /opt/airflow/dags/pipeline_strava_activities.py
[2025-11-19T00:58:16.247+0000] {processor.py:840} INFO - DAG(s) 'etl_strava_activities' retrieved from /opt/airflow/dags/pipeline_strava_activities.py
[2025-11-19T00:58:16.271+0000] {logging_mixin.py:188} INFO - [2025-11-19T00:58:16.271+0000] {dag.py:3089} INFO - Sync 1 DAGs
[2025-11-19T00:58:16.286+0000] {logging_mixin.py:188} INFO - [2025-11-19T00:58:16.286+0000] {dag.py:3947} INFO - Setting next_dagrun for etl_strava_activities to 2025-11-18 03:00:00+00:00, run_after=2025-11-19 03:00:00+00:00
[2025-11-19T00:58:16.295+0000] {processor.py:183} INFO - Processing /opt/airflow/dags/pipeline_strava_activities.py took 0.068 seconds
[2025-11-19T00:58:46.550+0000] {processor.py:161} INFO - Started process (PID=921) to work on /opt/airflow/dags/pipeline_strava_activities.py
[2025-11-19T00:58:46.550+0000] {processor.py:830} INFO - Processing file /opt/airflow/dags/pipeline_strava_activities.py for tasks to queue
[2025-11-19T00:58:46.552+0000] {logging_mixin.py:188} INFO - [2025-11-19T00:58:46.551+0000] {dagbag.py:545} INFO - Filling up the DagBag from /opt/airflow/dags/pipeline_strava_activities.py
[2025-11-19T00:58:46.566+0000] {processor.py:840} INFO - DAG(s) 'etl_strava_activities' retrieved from /opt/airflow/dags/pipeline_strava_activities.py
[2025-11-19T00:58:46.596+0000] {logging_mixin.py:188} INFO - [2025-11-19T00:58:46.596+0000] {dag.py:3089} INFO - Sync 1 DAGs
[2025-11-19T00:58:46.615+0000] {logging_mixin.py:188} INFO - [2025-11-19T00:58:46.615+0000] {dag.py:3947} INFO - Setting next_dagrun for etl_strava_activities to 2025-11-18 03:00:00+00:00, run_after=2025-11-19 03:00:00+00:00
[2025-11-19T00:58:46.627+0000] {processor.py:183} INFO - Processing /opt/airflow/dags/pipeline_strava_activities.py took 0.081 seconds
[2025-11-19T00:59:16.865+0000] {processor.py:161} INFO - Started process (PID=1395) to work on /opt/airflow/dags/pipeline_strava_activities.py
[2025-11-19T00:59:16.866+0000] {processor.py:830} INFO - Processing file /opt/airflow/dags/pipeline_strava_activities.py for tasks to queue
[2025-11-19T00:59:16.869+0000] {logging_mixin.py:188} INFO - [2025-11-19T00:59:16.869+0000] {dagbag.py:545} INFO - Filling up the DagBag from /opt/airflow/dags/pipeline_strava_activities.py
[2025-11-19T00:59:16.883+0000] {processor.py:840} INFO - DAG(s) 'etl_strava_activities' retrieved from /opt/airflow/dags/pipeline_strava_activities.py
[2025-11-19T00:59:16.911+0000] {logging_mixin.py:188} INFO - [2025-11-19T00:59:16.911+0000] {dag.py:3089} INFO - Sync 1 DAGs
[2025-11-19T00:59:16.928+0000] {logging_mixin.py:188} INFO - [2025-11-19T00:59:16.928+0000] {dag.py:3947} INFO - Setting next_dagrun for etl_strava_activities to 2025-11-18 03:00:00+00:00, run_after=2025-11-19 03:00:00+00:00
[2025-11-19T00:59:16.941+0000] {processor.py:183} INFO - Processing /opt/airflow/dags/pipeline_strava_activities.py took 0.079 seconds
[2025-11-19T00:59:47.190+0000] {processor.py:161} INFO - Started process (PID=1854) to work on /opt/airflow/dags/pipeline_strava_activities.py
[2025-11-19T00:59:47.191+0000] {processor.py:830} INFO - Processing file /opt/airflow/dags/pipeline_strava_activities.py for tasks to queue
[2025-11-19T00:59:47.193+0000] {logging_mixin.py:188} INFO - [2025-11-19T00:59:47.192+0000] {dagbag.py:545} INFO - Filling up the DagBag from /opt/airflow/dags/pipeline_strava_activities.py
[2025-11-19T00:59:47.206+0000] {processor.py:840} INFO - DAG(s) 'etl_strava_activities' retrieved from /opt/airflow/dags/pipeline_strava_activities.py
[2025-11-19T00:59:47.231+0000] {logging_mixin.py:188} INFO - [2025-11-19T00:59:47.231+0000] {dag.py:3089} INFO - Sync 1 DAGs
[2025-11-19T00:59:47.252+0000] {logging_mixin.py:188} INFO - [2025-11-19T00:59:47.252+0000] {dag.py:3947} INFO - Setting next_dagrun for etl_strava_activities to 2025-11-18 03:00:00+00:00, run_after=2025-11-19 03:00:00+00:00
[2025-11-19T00:59:47.264+0000] {processor.py:183} INFO - Processing /opt/airflow/dags/pipeline_strava_activities.py took 0.080 seconds
[2025-11-19T01:00:17.521+0000] {processor.py:161} INFO - Started process (PID=1869) to work on /opt/airflow/dags/pipeline_strava_activities.py
[2025-11-19T01:00:17.522+0000] {processor.py:830} INFO - Processing file /opt/airflow/dags/pipeline_strava_activities.py for tasks to queue
[2025-11-19T01:00:17.523+0000] {logging_mixin.py:188} INFO - [2025-11-19T01:00:17.523+0000] {dagbag.py:545} INFO - Filling up the DagBag from /opt/airflow/dags/pipeline_strava_activities.py
[2025-11-19T01:00:17.536+0000] {processor.py:840} INFO - DAG(s) 'etl_strava_activities' retrieved from /opt/airflow/dags/pipeline_strava_activities.py
[2025-11-19T01:00:17.553+0000] {logging_mixin.py:188} INFO - [2025-11-19T01:00:17.553+0000] {dag.py:3089} INFO - Sync 1 DAGs
[2025-11-19T01:00:17.564+0000] {logging_mixin.py:188} INFO - [2025-11-19T01:00:17.564+0000] {dag.py:3947} INFO - Setting next_dagrun for etl_strava_activities to 2025-11-18 03:00:00+00:00, run_after=2025-11-19 03:00:00+00:00
[2025-11-19T01:00:17.572+0000] {processor.py:183} INFO - Processing /opt/airflow/dags/pipeline_strava_activities.py took 0.056 seconds
[2025-11-19T01:00:47.818+0000] {processor.py:161} INFO - Started process (PID=1885) to work on /opt/airflow/dags/pipeline_strava_activities.py
[2025-11-19T01:00:47.818+0000] {processor.py:830} INFO - Processing file /opt/airflow/dags/pipeline_strava_activities.py for tasks to queue
[2025-11-19T01:00:47.820+0000] {logging_mixin.py:188} INFO - [2025-11-19T01:00:47.820+0000] {dagbag.py:545} INFO - Filling up the DagBag from /opt/airflow/dags/pipeline_strava_activities.py
[2025-11-19T01:00:47.830+0000] {processor.py:840} INFO - DAG(s) 'etl_strava_activities' retrieved from /opt/airflow/dags/pipeline_strava_activities.py
[2025-11-19T01:00:47.858+0000] {logging_mixin.py:188} INFO - [2025-11-19T01:00:47.858+0000] {dag.py:3089} INFO - Sync 1 DAGs
[2025-11-19T01:00:47.875+0000] {logging_mixin.py:188} INFO - [2025-11-19T01:00:47.875+0000] {dag.py:3947} INFO - Setting next_dagrun for etl_strava_activities to 2025-11-18 03:00:00+00:00, run_after=2025-11-19 03:00:00+00:00
[2025-11-19T01:00:47.885+0000] {processor.py:183} INFO - Processing /opt/airflow/dags/pipeline_strava_activities.py took 0.072 seconds
[2025-11-19T01:01:18.167+0000] {processor.py:161} INFO - Started process (PID=1899) to work on /opt/airflow/dags/pipeline_strava_activities.py
[2025-11-19T01:01:18.168+0000] {processor.py:830} INFO - Processing file /opt/airflow/dags/pipeline_strava_activities.py for tasks to queue
[2025-11-19T01:01:18.170+0000] {logging_mixin.py:188} INFO - [2025-11-19T01:01:18.169+0000] {dagbag.py:545} INFO - Filling up the DagBag from /opt/airflow/dags/pipeline_strava_activities.py
[2025-11-19T01:01:18.184+0000] {processor.py:840} INFO - DAG(s) 'etl_strava_activities' retrieved from /opt/airflow/dags/pipeline_strava_activities.py
[2025-11-19T01:01:18.207+0000] {logging_mixin.py:188} INFO - [2025-11-19T01:01:18.207+0000] {dag.py:3089} INFO - Sync 1 DAGs
[2025-11-19T01:01:18.220+0000] {logging_mixin.py:188} INFO - [2025-11-19T01:01:18.219+0000] {dag.py:3947} INFO - Setting next_dagrun for etl_strava_activities to 2025-11-18 03:00:00+00:00, run_after=2025-11-19 03:00:00+00:00
[2025-11-19T01:01:18.228+0000] {processor.py:183} INFO - Processing /opt/airflow/dags/pipeline_strava_activities.py took 0.066 seconds
[2025-11-19T01:01:48.453+0000] {processor.py:161} INFO - Started process (PID=1915) to work on /opt/airflow/dags/pipeline_strava_activities.py
[2025-11-19T01:01:48.454+0000] {processor.py:830} INFO - Processing file /opt/airflow/dags/pipeline_strava_activities.py for tasks to queue
[2025-11-19T01:01:48.456+0000] {logging_mixin.py:188} INFO - [2025-11-19T01:01:48.455+0000] {dagbag.py:545} INFO - Filling up the DagBag from /opt/airflow/dags/pipeline_strava_activities.py
[2025-11-19T01:01:48.466+0000] {processor.py:840} INFO - DAG(s) 'etl_strava_activities' retrieved from /opt/airflow/dags/pipeline_strava_activities.py
[2025-11-19T01:01:48.482+0000] {logging_mixin.py:188} INFO - [2025-11-19T01:01:48.481+0000] {dag.py:3089} INFO - Sync 1 DAGs
[2025-11-19T01:01:48.498+0000] {logging_mixin.py:188} INFO - [2025-11-19T01:01:48.498+0000] {dag.py:3947} INFO - Setting next_dagrun for etl_strava_activities to 2025-11-18 03:00:00+00:00, run_after=2025-11-19 03:00:00+00:00
[2025-11-19T01:01:48.509+0000] {processor.py:183} INFO - Processing /opt/airflow/dags/pipeline_strava_activities.py took 0.061 seconds
[2025-11-19T01:02:18.760+0000] {processor.py:161} INFO - Started process (PID=1930) to work on /opt/airflow/dags/pipeline_strava_activities.py
[2025-11-19T01:02:18.761+0000] {processor.py:830} INFO - Processing file /opt/airflow/dags/pipeline_strava_activities.py for tasks to queue
[2025-11-19T01:02:18.763+0000] {logging_mixin.py:188} INFO - [2025-11-19T01:02:18.762+0000] {dagbag.py:545} INFO - Filling up the DagBag from /opt/airflow/dags/pipeline_strava_activities.py
[2025-11-19T01:02:18.777+0000] {processor.py:840} INFO - DAG(s) 'etl_strava_activities' retrieved from /opt/airflow/dags/pipeline_strava_activities.py
[2025-11-19T01:02:18.801+0000] {logging_mixin.py:188} INFO - [2025-11-19T01:02:18.801+0000] {dag.py:3089} INFO - Sync 1 DAGs
[2025-11-19T01:02:18.816+0000] {logging_mixin.py:188} INFO - [2025-11-19T01:02:18.816+0000] {dag.py:3947} INFO - Setting next_dagrun for etl_strava_activities to 2025-11-18 03:00:00+00:00, run_after=2025-11-19 03:00:00+00:00
[2025-11-19T01:02:18.829+0000] {processor.py:183} INFO - Processing /opt/airflow/dags/pipeline_strava_activities.py took 0.074 seconds
[2025-11-19T01:02:49.091+0000] {processor.py:161} INFO - Started process (PID=1945) to work on /opt/airflow/dags/pipeline_strava_activities.py
[2025-11-19T01:02:49.091+0000] {processor.py:830} INFO - Processing file /opt/airflow/dags/pipeline_strava_activities.py for tasks to queue
[2025-11-19T01:02:49.093+0000] {logging_mixin.py:188} INFO - [2025-11-19T01:02:49.092+0000] {dagbag.py:545} INFO - Filling up the DagBag from /opt/airflow/dags/pipeline_strava_activities.py
[2025-11-19T01:02:49.109+0000] {processor.py:840} INFO - DAG(s) 'etl_strava_activities' retrieved from /opt/airflow/dags/pipeline_strava_activities.py
[2025-11-19T01:02:49.134+0000] {logging_mixin.py:188} INFO - [2025-11-19T01:02:49.134+0000] {dag.py:3089} INFO - Sync 1 DAGs
[2025-11-19T01:02:49.153+0000] {logging_mixin.py:188} INFO - [2025-11-19T01:02:49.153+0000] {dag.py:3947} INFO - Setting next_dagrun for etl_strava_activities to 2025-11-18 03:00:00+00:00, run_after=2025-11-19 03:00:00+00:00
[2025-11-19T01:02:49.167+0000] {processor.py:183} INFO - Processing /opt/airflow/dags/pipeline_strava_activities.py took 0.081 seconds
[2025-11-19T01:03:19.440+0000] {processor.py:161} INFO - Started process (PID=1960) to work on /opt/airflow/dags/pipeline_strava_activities.py
[2025-11-19T01:03:19.441+0000] {processor.py:830} INFO - Processing file /opt/airflow/dags/pipeline_strava_activities.py for tasks to queue
[2025-11-19T01:03:19.443+0000] {logging_mixin.py:188} INFO - [2025-11-19T01:03:19.442+0000] {dagbag.py:545} INFO - Filling up the DagBag from /opt/airflow/dags/pipeline_strava_activities.py
[2025-11-19T01:03:19.453+0000] {processor.py:840} INFO - DAG(s) 'etl_strava_activities' retrieved from /opt/airflow/dags/pipeline_strava_activities.py
[2025-11-19T01:03:19.474+0000] {logging_mixin.py:188} INFO - [2025-11-19T01:03:19.474+0000] {dag.py:3089} INFO - Sync 1 DAGs
[2025-11-19T01:03:19.489+0000] {logging_mixin.py:188} INFO - [2025-11-19T01:03:19.489+0000] {dag.py:3947} INFO - Setting next_dagrun for etl_strava_activities to 2025-11-18 03:00:00+00:00, run_after=2025-11-19 03:00:00+00:00
[2025-11-19T01:03:19.497+0000] {processor.py:183} INFO - Processing /opt/airflow/dags/pipeline_strava_activities.py took 0.060 seconds
[2025-11-19T01:03:49.744+0000] {processor.py:161} INFO - Started process (PID=1975) to work on /opt/airflow/dags/pipeline_strava_activities.py
[2025-11-19T01:03:49.744+0000] {processor.py:830} INFO - Processing file /opt/airflow/dags/pipeline_strava_activities.py for tasks to queue
[2025-11-19T01:03:49.746+0000] {logging_mixin.py:188} INFO - [2025-11-19T01:03:49.746+0000] {dagbag.py:545} INFO - Filling up the DagBag from /opt/airflow/dags/pipeline_strava_activities.py
[2025-11-19T01:03:49.753+0000] {processor.py:840} INFO - DAG(s) 'etl_strava_activities' retrieved from /opt/airflow/dags/pipeline_strava_activities.py
[2025-11-19T01:03:49.768+0000] {logging_mixin.py:188} INFO - [2025-11-19T01:03:49.767+0000] {dag.py:3089} INFO - Sync 1 DAGs
[2025-11-19T01:03:49.779+0000] {logging_mixin.py:188} INFO - [2025-11-19T01:03:49.778+0000] {dag.py:3947} INFO - Setting next_dagrun for etl_strava_activities to 2025-11-18 03:00:00+00:00, run_after=2025-11-19 03:00:00+00:00
[2025-11-19T01:03:49.786+0000] {processor.py:183} INFO - Processing /opt/airflow/dags/pipeline_strava_activities.py took 0.045 seconds
[2025-11-19T01:04:20.093+0000] {processor.py:161} INFO - Started process (PID=1989) to work on /opt/airflow/dags/pipeline_strava_activities.py
[2025-11-19T01:04:20.094+0000] {processor.py:830} INFO - Processing file /opt/airflow/dags/pipeline_strava_activities.py for tasks to queue
[2025-11-19T01:04:20.098+0000] {logging_mixin.py:188} INFO - [2025-11-19T01:04:20.097+0000] {dagbag.py:545} INFO - Filling up the DagBag from /opt/airflow/dags/pipeline_strava_activities.py
[2025-11-19T01:04:20.116+0000] {processor.py:840} INFO - DAG(s) 'etl_strava_activities' retrieved from /opt/airflow/dags/pipeline_strava_activities.py
[2025-11-19T01:04:20.144+0000] {logging_mixin.py:188} INFO - [2025-11-19T01:04:20.144+0000] {dag.py:3089} INFO - Sync 1 DAGs
[2025-11-19T01:04:20.161+0000] {logging_mixin.py:188} INFO - [2025-11-19T01:04:20.161+0000] {dag.py:3947} INFO - Setting next_dagrun for etl_strava_activities to 2025-11-18 03:00:00+00:00, run_after=2025-11-19 03:00:00+00:00
[2025-11-19T01:04:20.169+0000] {processor.py:183} INFO - Processing /opt/airflow/dags/pipeline_strava_activities.py took 0.083 seconds
[2025-11-19T01:04:50.390+0000] {processor.py:161} INFO - Started process (PID=2005) to work on /opt/airflow/dags/pipeline_strava_activities.py
[2025-11-19T01:04:50.391+0000] {processor.py:830} INFO - Processing file /opt/airflow/dags/pipeline_strava_activities.py for tasks to queue
[2025-11-19T01:04:50.393+0000] {logging_mixin.py:188} INFO - [2025-11-19T01:04:50.393+0000] {dagbag.py:545} INFO - Filling up the DagBag from /opt/airflow/dags/pipeline_strava_activities.py
[2025-11-19T01:04:50.405+0000] {processor.py:840} INFO - DAG(s) 'etl_strava_activities' retrieved from /opt/airflow/dags/pipeline_strava_activities.py
[2025-11-19T01:04:50.431+0000] {logging_mixin.py:188} INFO - [2025-11-19T01:04:50.431+0000] {dag.py:3089} INFO - Sync 1 DAGs
[2025-11-19T01:04:50.446+0000] {logging_mixin.py:188} INFO - [2025-11-19T01:04:50.446+0000] {dag.py:3947} INFO - Setting next_dagrun for etl_strava_activities to 2025-11-18 03:00:00+00:00, run_after=2025-11-19 03:00:00+00:00
[2025-11-19T01:04:50.457+0000] {processor.py:183} INFO - Processing /opt/airflow/dags/pipeline_strava_activities.py took 0.070 seconds
[2025-11-19T01:05:20.759+0000] {processor.py:161} INFO - Started process (PID=2020) to work on /opt/airflow/dags/pipeline_strava_activities.py
[2025-11-19T01:05:20.761+0000] {processor.py:830} INFO - Processing file /opt/airflow/dags/pipeline_strava_activities.py for tasks to queue
[2025-11-19T01:05:20.764+0000] {logging_mixin.py:188} INFO - [2025-11-19T01:05:20.764+0000] {dagbag.py:545} INFO - Filling up the DagBag from /opt/airflow/dags/pipeline_strava_activities.py
[2025-11-19T01:05:20.789+0000] {processor.py:840} INFO - DAG(s) 'etl_strava_activities' retrieved from /opt/airflow/dags/pipeline_strava_activities.py
[2025-11-19T01:05:20.822+0000] {logging_mixin.py:188} INFO - [2025-11-19T01:05:20.822+0000] {dag.py:3089} INFO - Sync 1 DAGs
[2025-11-19T01:05:20.846+0000] {logging_mixin.py:188} INFO - [2025-11-19T01:05:20.845+0000] {dag.py:3947} INFO - Setting next_dagrun for etl_strava_activities to 2025-11-18 03:00:00+00:00, run_after=2025-11-19 03:00:00+00:00
[2025-11-19T01:05:20.865+0000] {processor.py:183} INFO - Processing /opt/airflow/dags/pipeline_strava_activities.py took 0.111 seconds
[2025-11-19T01:05:51.149+0000] {processor.py:161} INFO - Started process (PID=2034) to work on /opt/airflow/dags/pipeline_strava_activities.py
[2025-11-19T01:05:51.150+0000] {processor.py:830} INFO - Processing file /opt/airflow/dags/pipeline_strava_activities.py for tasks to queue
[2025-11-19T01:05:51.152+0000] {logging_mixin.py:188} INFO - [2025-11-19T01:05:51.151+0000] {dagbag.py:545} INFO - Filling up the DagBag from /opt/airflow/dags/pipeline_strava_activities.py
[2025-11-19T01:05:51.164+0000] {processor.py:840} INFO - DAG(s) 'etl_strava_activities' retrieved from /opt/airflow/dags/pipeline_strava_activities.py
[2025-11-19T01:05:51.186+0000] {logging_mixin.py:188} INFO - [2025-11-19T01:05:51.186+0000] {dag.py:3089} INFO - Sync 1 DAGs
[2025-11-19T01:05:51.200+0000] {logging_mixin.py:188} INFO - [2025-11-19T01:05:51.200+0000] {dag.py:3947} INFO - Setting next_dagrun for etl_strava_activities to 2025-11-18 03:00:00+00:00, run_after=2025-11-19 03:00:00+00:00
[2025-11-19T01:05:51.208+0000] {processor.py:183} INFO - Processing /opt/airflow/dags/pipeline_strava_activities.py took 0.066 seconds
[2025-11-19T01:06:21.489+0000] {processor.py:161} INFO - Started process (PID=2050) to work on /opt/airflow/dags/pipeline_strava_activities.py
[2025-11-19T01:06:21.490+0000] {processor.py:830} INFO - Processing file /opt/airflow/dags/pipeline_strava_activities.py for tasks to queue
[2025-11-19T01:06:21.491+0000] {logging_mixin.py:188} INFO - [2025-11-19T01:06:21.491+0000] {dagbag.py:545} INFO - Filling up the DagBag from /opt/airflow/dags/pipeline_strava_activities.py
[2025-11-19T01:06:21.503+0000] {processor.py:840} INFO - DAG(s) 'etl_strava_activities' retrieved from /opt/airflow/dags/pipeline_strava_activities.py
[2025-11-19T01:06:21.524+0000] {logging_mixin.py:188} INFO - [2025-11-19T01:06:21.524+0000] {dag.py:3089} INFO - Sync 1 DAGs
[2025-11-19T01:06:21.537+0000] {logging_mixin.py:188} INFO - [2025-11-19T01:06:21.537+0000] {dag.py:3947} INFO - Setting next_dagrun for etl_strava_activities to 2025-11-18 03:00:00+00:00, run_after=2025-11-19 03:00:00+00:00
[2025-11-19T01:06:21.546+0000] {processor.py:183} INFO - Processing /opt/airflow/dags/pipeline_strava_activities.py took 0.061 seconds
[2025-11-19T01:06:51.763+0000] {processor.py:161} INFO - Started process (PID=2065) to work on /opt/airflow/dags/pipeline_strava_activities.py
[2025-11-19T01:06:51.764+0000] {processor.py:830} INFO - Processing file /opt/airflow/dags/pipeline_strava_activities.py for tasks to queue
[2025-11-19T01:06:51.766+0000] {logging_mixin.py:188} INFO - [2025-11-19T01:06:51.765+0000] {dagbag.py:545} INFO - Filling up the DagBag from /opt/airflow/dags/pipeline_strava_activities.py
[2025-11-19T01:06:51.780+0000] {processor.py:840} INFO - DAG(s) 'etl_strava_activities' retrieved from /opt/airflow/dags/pipeline_strava_activities.py
[2025-11-19T01:06:51.806+0000] {logging_mixin.py:188} INFO - [2025-11-19T01:06:51.806+0000] {dag.py:3089} INFO - Sync 1 DAGs
[2025-11-19T01:06:51.823+0000] {logging_mixin.py:188} INFO - [2025-11-19T01:06:51.823+0000] {dag.py:3947} INFO - Setting next_dagrun for etl_strava_activities to 2025-11-18 03:00:00+00:00, run_after=2025-11-19 03:00:00+00:00
[2025-11-19T01:06:51.833+0000] {processor.py:183} INFO - Processing /opt/airflow/dags/pipeline_strava_activities.py took 0.077 seconds
[2025-11-19T01:07:37.255+0000] {processor.py:161} INFO - Started process (PID=168) to work on /opt/airflow/dags/pipeline_strava_activities.py
[2025-11-19T01:07:37.257+0000] {processor.py:830} INFO - Processing file /opt/airflow/dags/pipeline_strava_activities.py for tasks to queue
[2025-11-19T01:07:37.259+0000] {logging_mixin.py:188} INFO - [2025-11-19T01:07:37.259+0000] {dagbag.py:545} INFO - Filling up the DagBag from /opt/airflow/dags/pipeline_strava_activities.py
[2025-11-19T01:07:37.268+0000] {processor.py:840} INFO - DAG(s) 'etl_strava_activities' retrieved from /opt/airflow/dags/pipeline_strava_activities.py
[2025-11-19T01:07:37.285+0000] {logging_mixin.py:188} INFO - [2025-11-19T01:07:37.285+0000] {dag.py:3089} INFO - Sync 1 DAGs
[2025-11-19T01:07:37.296+0000] {logging_mixin.py:188} INFO - [2025-11-19T01:07:37.296+0000] {dag.py:3947} INFO - Setting next_dagrun for etl_strava_activities to 2025-11-18 03:00:00+00:00, run_after=2025-11-19 03:00:00+00:00
[2025-11-19T01:07:37.307+0000] {processor.py:183} INFO - Processing /opt/airflow/dags/pipeline_strava_activities.py took 0.055 seconds
[2025-11-19T01:08:07.574+0000] {processor.py:161} INFO - Started process (PID=184) to work on /opt/airflow/dags/pipeline_strava_activities.py
[2025-11-19T01:08:07.575+0000] {processor.py:830} INFO - Processing file /opt/airflow/dags/pipeline_strava_activities.py for tasks to queue
[2025-11-19T01:08:07.579+0000] {logging_mixin.py:188} INFO - [2025-11-19T01:08:07.579+0000] {dagbag.py:545} INFO - Filling up the DagBag from /opt/airflow/dags/pipeline_strava_activities.py
[2025-11-19T01:08:07.611+0000] {processor.py:840} INFO - DAG(s) 'etl_strava_activities' retrieved from /opt/airflow/dags/pipeline_strava_activities.py
[2025-11-19T01:08:07.713+0000] {logging_mixin.py:188} INFO - [2025-11-19T01:08:07.713+0000] {dag.py:3089} INFO - Sync 1 DAGs
[2025-11-19T01:08:07.729+0000] {logging_mixin.py:188} INFO - [2025-11-19T01:08:07.729+0000] {dag.py:3947} INFO - Setting next_dagrun for etl_strava_activities to 2025-11-18 03:00:00+00:00, run_after=2025-11-19 03:00:00+00:00
[2025-11-19T01:08:07.738+0000] {processor.py:183} INFO - Processing /opt/airflow/dags/pipeline_strava_activities.py took 0.169 seconds
[2025-11-19T01:08:37.976+0000] {processor.py:161} INFO - Started process (PID=199) to work on /opt/airflow/dags/pipeline_strava_activities.py
[2025-11-19T01:08:37.976+0000] {processor.py:830} INFO - Processing file /opt/airflow/dags/pipeline_strava_activities.py for tasks to queue
[2025-11-19T01:08:37.977+0000] {logging_mixin.py:188} INFO - [2025-11-19T01:08:37.977+0000] {dagbag.py:545} INFO - Filling up the DagBag from /opt/airflow/dags/pipeline_strava_activities.py
[2025-11-19T01:08:37.983+0000] {processor.py:840} INFO - DAG(s) 'etl_strava_activities' retrieved from /opt/airflow/dags/pipeline_strava_activities.py
[2025-11-19T01:08:37.998+0000] {logging_mixin.py:188} INFO - [2025-11-19T01:08:37.998+0000] {dag.py:3089} INFO - Sync 1 DAGs
[2025-11-19T01:08:38.011+0000] {logging_mixin.py:188} INFO - [2025-11-19T01:08:38.011+0000] {dag.py:3947} INFO - Setting next_dagrun for etl_strava_activities to 2025-11-18 03:00:00+00:00, run_after=2025-11-19 03:00:00+00:00
[2025-11-19T01:08:38.021+0000] {processor.py:183} INFO - Processing /opt/airflow/dags/pipeline_strava_activities.py took 0.047 seconds
[2025-11-19T01:09:08.295+0000] {processor.py:161} INFO - Started process (PID=213) to work on /opt/airflow/dags/pipeline_strava_activities.py
[2025-11-19T01:09:08.296+0000] {processor.py:830} INFO - Processing file /opt/airflow/dags/pipeline_strava_activities.py for tasks to queue
[2025-11-19T01:09:08.298+0000] {logging_mixin.py:188} INFO - [2025-11-19T01:09:08.297+0000] {dagbag.py:545} INFO - Filling up the DagBag from /opt/airflow/dags/pipeline_strava_activities.py
[2025-11-19T01:09:08.309+0000] {processor.py:840} INFO - DAG(s) 'etl_strava_activities' retrieved from /opt/airflow/dags/pipeline_strava_activities.py
[2025-11-19T01:09:08.396+0000] {logging_mixin.py:188} INFO - [2025-11-19T01:09:08.396+0000] {dag.py:3089} INFO - Sync 1 DAGs
[2025-11-19T01:09:08.414+0000] {logging_mixin.py:188} INFO - [2025-11-19T01:09:08.413+0000] {dag.py:3947} INFO - Setting next_dagrun for etl_strava_activities to 2025-11-18 03:00:00+00:00, run_after=2025-11-19 03:00:00+00:00
[2025-11-19T01:09:08.425+0000] {processor.py:183} INFO - Processing /opt/airflow/dags/pipeline_strava_activities.py took 0.135 seconds
[2025-11-19T01:09:38.704+0000] {processor.py:161} INFO - Started process (PID=229) to work on /opt/airflow/dags/pipeline_strava_activities.py
[2025-11-19T01:09:38.705+0000] {processor.py:830} INFO - Processing file /opt/airflow/dags/pipeline_strava_activities.py for tasks to queue
[2025-11-19T01:09:38.706+0000] {logging_mixin.py:188} INFO - [2025-11-19T01:09:38.706+0000] {dagbag.py:545} INFO - Filling up the DagBag from /opt/airflow/dags/pipeline_strava_activities.py
[2025-11-19T01:09:38.716+0000] {processor.py:840} INFO - DAG(s) 'etl_strava_activities' retrieved from /opt/airflow/dags/pipeline_strava_activities.py
[2025-11-19T01:09:38.736+0000] {logging_mixin.py:188} INFO - [2025-11-19T01:09:38.736+0000] {dag.py:3089} INFO - Sync 1 DAGs
[2025-11-19T01:09:38.749+0000] {logging_mixin.py:188} INFO - [2025-11-19T01:09:38.749+0000] {dag.py:3947} INFO - Setting next_dagrun for etl_strava_activities to 2025-11-18 03:00:00+00:00, run_after=2025-11-19 03:00:00+00:00
[2025-11-19T01:09:38.758+0000] {processor.py:183} INFO - Processing /opt/airflow/dags/pipeline_strava_activities.py took 0.058 seconds
[2025-11-19T01:10:53.856+0000] {processor.py:161} INFO - Started process (PID=169) to work on /opt/airflow/dags/pipeline_strava_activities.py
[2025-11-19T01:10:53.857+0000] {processor.py:830} INFO - Processing file /opt/airflow/dags/pipeline_strava_activities.py for tasks to queue
[2025-11-19T01:10:53.859+0000] {logging_mixin.py:188} INFO - [2025-11-19T01:10:53.859+0000] {dagbag.py:545} INFO - Filling up the DagBag from /opt/airflow/dags/pipeline_strava_activities.py
[2025-11-19T01:10:53.876+0000] {processor.py:840} INFO - DAG(s) 'etl_strava_activities' retrieved from /opt/airflow/dags/pipeline_strava_activities.py
[2025-11-19T01:10:53.898+0000] {logging_mixin.py:188} INFO - [2025-11-19T01:10:53.898+0000] {dag.py:3089} INFO - Sync 1 DAGs
[2025-11-19T01:10:53.914+0000] {logging_mixin.py:188} INFO - [2025-11-19T01:10:53.914+0000] {dag.py:3947} INFO - Setting next_dagrun for etl_strava_activities to 2025-11-18 03:00:00+00:00, run_after=2025-11-19 03:00:00+00:00
[2025-11-19T01:10:53.928+0000] {processor.py:183} INFO - Processing /opt/airflow/dags/pipeline_strava_activities.py took 0.078 seconds
[2025-11-19T01:11:24.171+0000] {processor.py:161} INFO - Started process (PID=184) to work on /opt/airflow/dags/pipeline_strava_activities.py
[2025-11-19T01:11:24.172+0000] {processor.py:830} INFO - Processing file /opt/airflow/dags/pipeline_strava_activities.py for tasks to queue
[2025-11-19T01:11:24.173+0000] {logging_mixin.py:188} INFO - [2025-11-19T01:11:24.173+0000] {dagbag.py:545} INFO - Filling up the DagBag from /opt/airflow/dags/pipeline_strava_activities.py
[2025-11-19T01:11:24.181+0000] {processor.py:840} INFO - DAG(s) 'etl_strava_activities' retrieved from /opt/airflow/dags/pipeline_strava_activities.py
[2025-11-19T01:11:24.304+0000] {logging_mixin.py:188} INFO - [2025-11-19T01:11:24.304+0000] {dag.py:3089} INFO - Sync 1 DAGs
[2025-11-19T01:11:24.317+0000] {logging_mixin.py:188} INFO - [2025-11-19T01:11:24.317+0000] {dag.py:3947} INFO - Setting next_dagrun for etl_strava_activities to 2025-11-18 03:00:00+00:00, run_after=2025-11-19 03:00:00+00:00
[2025-11-19T01:11:24.326+0000] {processor.py:183} INFO - Processing /opt/airflow/dags/pipeline_strava_activities.py took 0.157 seconds
[2025-11-19T01:11:54.584+0000] {processor.py:161} INFO - Started process (PID=198) to work on /opt/airflow/dags/pipeline_strava_activities.py
[2025-11-19T01:11:54.585+0000] {processor.py:830} INFO - Processing file /opt/airflow/dags/pipeline_strava_activities.py for tasks to queue
[2025-11-19T01:11:54.586+0000] {logging_mixin.py:188} INFO - [2025-11-19T01:11:54.586+0000] {dagbag.py:545} INFO - Filling up the DagBag from /opt/airflow/dags/pipeline_strava_activities.py
[2025-11-19T01:11:54.595+0000] {processor.py:840} INFO - DAG(s) 'etl_strava_activities' retrieved from /opt/airflow/dags/pipeline_strava_activities.py
[2025-11-19T01:11:54.614+0000] {logging_mixin.py:188} INFO - [2025-11-19T01:11:54.614+0000] {dag.py:3089} INFO - Sync 1 DAGs
[2025-11-19T01:11:54.632+0000] {logging_mixin.py:188} INFO - [2025-11-19T01:11:54.632+0000] {dag.py:3947} INFO - Setting next_dagrun for etl_strava_activities to 2025-11-18 03:00:00+00:00, run_after=2025-11-19 03:00:00+00:00
[2025-11-19T01:11:54.649+0000] {processor.py:183} INFO - Processing /opt/airflow/dags/pipeline_strava_activities.py took 0.068 seconds
[2025-11-19T01:12:24.880+0000] {processor.py:161} INFO - Started process (PID=225) to work on /opt/airflow/dags/pipeline_strava_activities.py
[2025-11-19T01:12:24.881+0000] {processor.py:830} INFO - Processing file /opt/airflow/dags/pipeline_strava_activities.py for tasks to queue
[2025-11-19T01:12:24.882+0000] {logging_mixin.py:188} INFO - [2025-11-19T01:12:24.882+0000] {dagbag.py:545} INFO - Filling up the DagBag from /opt/airflow/dags/pipeline_strava_activities.py
[2025-11-19T01:12:24.890+0000] {processor.py:840} INFO - DAG(s) 'etl_strava_activities' retrieved from /opt/airflow/dags/pipeline_strava_activities.py
[2025-11-19T01:12:24.908+0000] {logging_mixin.py:188} INFO - [2025-11-19T01:12:24.908+0000] {dag.py:3089} INFO - Sync 1 DAGs
[2025-11-19T01:12:24.920+0000] {logging_mixin.py:188} INFO - [2025-11-19T01:12:24.920+0000] {dag.py:3947} INFO - Setting next_dagrun for etl_strava_activities to 2025-11-18 03:00:00+00:00, run_after=2025-11-19 03:00:00+00:00
[2025-11-19T01:12:24.929+0000] {processor.py:183} INFO - Processing /opt/airflow/dags/pipeline_strava_activities.py took 0.060 seconds
[2025-11-19T01:12:55.151+0000] {processor.py:161} INFO - Started process (PID=1119) to work on /opt/airflow/dags/pipeline_strava_activities.py
[2025-11-19T01:12:55.151+0000] {processor.py:830} INFO - Processing file /opt/airflow/dags/pipeline_strava_activities.py for tasks to queue
[2025-11-19T01:12:55.152+0000] {logging_mixin.py:188} INFO - [2025-11-19T01:12:55.152+0000] {dagbag.py:545} INFO - Filling up the DagBag from /opt/airflow/dags/pipeline_strava_activities.py
[2025-11-19T01:12:55.161+0000] {processor.py:840} INFO - DAG(s) 'etl_strava_activities' retrieved from /opt/airflow/dags/pipeline_strava_activities.py
[2025-11-19T01:12:55.181+0000] {logging_mixin.py:188} INFO - [2025-11-19T01:12:55.181+0000] {dag.py:3089} INFO - Sync 1 DAGs
[2025-11-19T01:12:55.196+0000] {logging_mixin.py:188} INFO - [2025-11-19T01:12:55.195+0000] {dag.py:3947} INFO - Setting next_dagrun for etl_strava_activities to 2025-11-18 03:00:00+00:00, run_after=2025-11-19 03:00:00+00:00
[2025-11-19T01:12:55.206+0000] {processor.py:183} INFO - Processing /opt/airflow/dags/pipeline_strava_activities.py took 0.059 seconds
[2025-11-19T01:13:25.471+0000] {processor.py:161} INFO - Started process (PID=1134) to work on /opt/airflow/dags/pipeline_strava_activities.py
[2025-11-19T01:13:25.471+0000] {processor.py:830} INFO - Processing file /opt/airflow/dags/pipeline_strava_activities.py for tasks to queue
[2025-11-19T01:13:25.473+0000] {logging_mixin.py:188} INFO - [2025-11-19T01:13:25.472+0000] {dagbag.py:545} INFO - Filling up the DagBag from /opt/airflow/dags/pipeline_strava_activities.py
[2025-11-19T01:13:25.490+0000] {processor.py:840} INFO - DAG(s) 'etl_strava_activities' retrieved from /opt/airflow/dags/pipeline_strava_activities.py
[2025-11-19T01:13:25.519+0000] {logging_mixin.py:188} INFO - [2025-11-19T01:13:25.519+0000] {dag.py:3089} INFO - Sync 1 DAGs
[2025-11-19T01:13:25.540+0000] {logging_mixin.py:188} INFO - [2025-11-19T01:13:25.539+0000] {dag.py:3947} INFO - Setting next_dagrun for etl_strava_activities to 2025-11-18 03:00:00+00:00, run_after=2025-11-19 03:00:00+00:00
[2025-11-19T01:13:25.552+0000] {processor.py:183} INFO - Processing /opt/airflow/dags/pipeline_strava_activities.py took 0.086 seconds
[2025-11-19T01:13:55.826+0000] {processor.py:161} INFO - Started process (PID=1149) to work on /opt/airflow/dags/pipeline_strava_activities.py
[2025-11-19T01:13:55.827+0000] {processor.py:830} INFO - Processing file /opt/airflow/dags/pipeline_strava_activities.py for tasks to queue
[2025-11-19T01:13:55.830+0000] {logging_mixin.py:188} INFO - [2025-11-19T01:13:55.829+0000] {dagbag.py:545} INFO - Filling up the DagBag from /opt/airflow/dags/pipeline_strava_activities.py
[2025-11-19T01:13:55.843+0000] {processor.py:840} INFO - DAG(s) 'etl_strava_activities' retrieved from /opt/airflow/dags/pipeline_strava_activities.py
[2025-11-19T01:13:55.868+0000] {logging_mixin.py:188} INFO - [2025-11-19T01:13:55.868+0000] {dag.py:3089} INFO - Sync 1 DAGs
[2025-11-19T01:13:55.882+0000] {logging_mixin.py:188} INFO - [2025-11-19T01:13:55.882+0000] {dag.py:3947} INFO - Setting next_dagrun for etl_strava_activities to 2025-11-18 03:00:00+00:00, run_after=2025-11-19 03:00:00+00:00
[2025-11-19T01:13:55.891+0000] {processor.py:183} INFO - Processing /opt/airflow/dags/pipeline_strava_activities.py took 0.070 seconds
[2025-11-19T01:14:26.193+0000] {processor.py:161} INFO - Started process (PID=1164) to work on /opt/airflow/dags/pipeline_strava_activities.py
[2025-11-19T01:14:26.194+0000] {processor.py:830} INFO - Processing file /opt/airflow/dags/pipeline_strava_activities.py for tasks to queue
[2025-11-19T01:14:26.194+0000] {logging_mixin.py:188} INFO - [2025-11-19T01:14:26.194+0000] {dagbag.py:545} INFO - Filling up the DagBag from /opt/airflow/dags/pipeline_strava_activities.py
[2025-11-19T01:14:26.204+0000] {processor.py:840} INFO - DAG(s) 'etl_strava_activities' retrieved from /opt/airflow/dags/pipeline_strava_activities.py
[2025-11-19T01:14:26.227+0000] {logging_mixin.py:188} INFO - [2025-11-19T01:14:26.227+0000] {dag.py:3089} INFO - Sync 1 DAGs
[2025-11-19T01:14:26.245+0000] {logging_mixin.py:188} INFO - [2025-11-19T01:14:26.245+0000] {dag.py:3947} INFO - Setting next_dagrun for etl_strava_activities to 2025-11-18 03:00:00+00:00, run_after=2025-11-19 03:00:00+00:00
[2025-11-19T01:14:26.254+0000] {processor.py:183} INFO - Processing /opt/airflow/dags/pipeline_strava_activities.py took 0.064 seconds
[2025-11-19T01:14:41.375+0000] {processor.py:161} INFO - Started process (PID=1177) to work on /opt/airflow/dags/pipeline_strava_activities.py
[2025-11-19T01:14:41.376+0000] {processor.py:830} INFO - Processing file /opt/airflow/dags/pipeline_strava_activities.py for tasks to queue
[2025-11-19T01:14:41.377+0000] {logging_mixin.py:188} INFO - [2025-11-19T01:14:41.377+0000] {dagbag.py:545} INFO - Filling up the DagBag from /opt/airflow/dags/pipeline_strava_activities.py
[2025-11-19T01:14:41.384+0000] {processor.py:840} INFO - DAG(s) 'etl_strava_activities' retrieved from /opt/airflow/dags/pipeline_strava_activities.py
[2025-11-19T01:14:41.435+0000] {logging_mixin.py:188} INFO - [2025-11-19T01:14:41.435+0000] {dag.py:3089} INFO - Sync 1 DAGs
[2025-11-19T01:14:41.445+0000] {logging_mixin.py:188} INFO - [2025-11-19T01:14:41.445+0000] {dag.py:3947} INFO - Setting next_dagrun for etl_strava_activities to 2025-11-18 03:00:00+00:00, run_after=2025-11-19 03:00:00+00:00
[2025-11-19T01:14:41.453+0000] {processor.py:183} INFO - Processing /opt/airflow/dags/pipeline_strava_activities.py took 0.082 seconds
[2025-11-19T01:15:11.712+0000] {processor.py:161} INFO - Started process (PID=1866) to work on /opt/airflow/dags/pipeline_strava_activities.py
[2025-11-19T01:15:11.714+0000] {processor.py:830} INFO - Processing file /opt/airflow/dags/pipeline_strava_activities.py for tasks to queue
[2025-11-19T01:15:11.718+0000] {logging_mixin.py:188} INFO - [2025-11-19T01:15:11.717+0000] {dagbag.py:545} INFO - Filling up the DagBag from /opt/airflow/dags/pipeline_strava_activities.py
[2025-11-19T01:15:11.732+0000] {processor.py:840} INFO - DAG(s) 'etl_strava_activities' retrieved from /opt/airflow/dags/pipeline_strava_activities.py
[2025-11-19T01:15:11.772+0000] {logging_mixin.py:188} INFO - [2025-11-19T01:15:11.772+0000] {dag.py:3089} INFO - Sync 1 DAGs
[2025-11-19T01:15:11.796+0000] {logging_mixin.py:188} INFO - [2025-11-19T01:15:11.796+0000] {dag.py:3947} INFO - Setting next_dagrun for etl_strava_activities to 2025-11-18 03:00:00+00:00, run_after=2025-11-19 03:00:00+00:00
[2025-11-19T01:15:11.823+0000] {processor.py:183} INFO - Processing /opt/airflow/dags/pipeline_strava_activities.py took 0.128 seconds
[2025-11-19T01:15:41.931+0000] {processor.py:161} INFO - Started process (PID=1932) to work on /opt/airflow/dags/pipeline_strava_activities.py
[2025-11-19T01:15:41.932+0000] {processor.py:830} INFO - Processing file /opt/airflow/dags/pipeline_strava_activities.py for tasks to queue
[2025-11-19T01:15:41.935+0000] {logging_mixin.py:188} INFO - [2025-11-19T01:15:41.934+0000] {dagbag.py:545} INFO - Filling up the DagBag from /opt/airflow/dags/pipeline_strava_activities.py
[2025-11-19T01:15:41.949+0000] {processor.py:840} INFO - DAG(s) 'etl_strava_activities' retrieved from /opt/airflow/dags/pipeline_strava_activities.py
[2025-11-19T01:15:41.978+0000] {logging_mixin.py:188} INFO - [2025-11-19T01:15:41.978+0000] {dag.py:3089} INFO - Sync 1 DAGs
[2025-11-19T01:15:41.999+0000] {logging_mixin.py:188} INFO - [2025-11-19T01:15:41.999+0000] {dag.py:3947} INFO - Setting next_dagrun for etl_strava_activities to 2025-11-18 03:00:00+00:00, run_after=2025-11-19 03:00:00+00:00
[2025-11-19T01:15:42.011+0000] {processor.py:183} INFO - Processing /opt/airflow/dags/pipeline_strava_activities.py took 0.089 seconds
[2025-11-19T01:16:12.210+0000] {processor.py:161} INFO - Started process (PID=1947) to work on /opt/airflow/dags/pipeline_strava_activities.py
[2025-11-19T01:16:12.211+0000] {processor.py:830} INFO - Processing file /opt/airflow/dags/pipeline_strava_activities.py for tasks to queue
[2025-11-19T01:16:12.213+0000] {logging_mixin.py:188} INFO - [2025-11-19T01:16:12.213+0000] {dagbag.py:545} INFO - Filling up the DagBag from /opt/airflow/dags/pipeline_strava_activities.py
[2025-11-19T01:16:12.230+0000] {processor.py:840} INFO - DAG(s) 'etl_strava_activities' retrieved from /opt/airflow/dags/pipeline_strava_activities.py
[2025-11-19T01:16:12.252+0000] {logging_mixin.py:188} INFO - [2025-11-19T01:16:12.252+0000] {dag.py:3089} INFO - Sync 1 DAGs
[2025-11-19T01:16:12.266+0000] {logging_mixin.py:188} INFO - [2025-11-19T01:16:12.266+0000] {dag.py:3947} INFO - Setting next_dagrun for etl_strava_activities to 2025-11-18 03:00:00+00:00, run_after=2025-11-19 03:00:00+00:00
[2025-11-19T01:16:12.275+0000] {processor.py:183} INFO - Processing /opt/airflow/dags/pipeline_strava_activities.py took 0.071 seconds
[2025-11-19T01:16:42.511+0000] {processor.py:161} INFO - Started process (PID=1962) to work on /opt/airflow/dags/pipeline_strava_activities.py
[2025-11-19T01:16:42.514+0000] {processor.py:830} INFO - Processing file /opt/airflow/dags/pipeline_strava_activities.py for tasks to queue
[2025-11-19T01:16:42.516+0000] {logging_mixin.py:188} INFO - [2025-11-19T01:16:42.516+0000] {dagbag.py:545} INFO - Filling up the DagBag from /opt/airflow/dags/pipeline_strava_activities.py
[2025-11-19T01:16:42.529+0000] {processor.py:840} INFO - DAG(s) 'etl_strava_activities' retrieved from /opt/airflow/dags/pipeline_strava_activities.py
[2025-11-19T01:16:42.549+0000] {logging_mixin.py:188} INFO - [2025-11-19T01:16:42.549+0000] {dag.py:3089} INFO - Sync 1 DAGs
[2025-11-19T01:16:42.566+0000] {logging_mixin.py:188} INFO - [2025-11-19T01:16:42.566+0000] {dag.py:3947} INFO - Setting next_dagrun for etl_strava_activities to 2025-11-18 03:00:00+00:00, run_after=2025-11-19 03:00:00+00:00
[2025-11-19T01:16:42.581+0000] {processor.py:183} INFO - Processing /opt/airflow/dags/pipeline_strava_activities.py took 0.074 seconds
[2025-11-19T01:17:12.795+0000] {processor.py:161} INFO - Started process (PID=1977) to work on /opt/airflow/dags/pipeline_strava_activities.py
[2025-11-19T01:17:12.795+0000] {processor.py:830} INFO - Processing file /opt/airflow/dags/pipeline_strava_activities.py for tasks to queue
[2025-11-19T01:17:12.796+0000] {logging_mixin.py:188} INFO - [2025-11-19T01:17:12.796+0000] {dagbag.py:545} INFO - Filling up the DagBag from /opt/airflow/dags/pipeline_strava_activities.py
[2025-11-19T01:17:12.804+0000] {processor.py:840} INFO - DAG(s) 'etl_strava_activities' retrieved from /opt/airflow/dags/pipeline_strava_activities.py
[2025-11-19T01:17:12.819+0000] {logging_mixin.py:188} INFO - [2025-11-19T01:17:12.819+0000] {dag.py:3089} INFO - Sync 1 DAGs
[2025-11-19T01:17:12.830+0000] {logging_mixin.py:188} INFO - [2025-11-19T01:17:12.830+0000] {dag.py:3947} INFO - Setting next_dagrun for etl_strava_activities to 2025-11-18 03:00:00+00:00, run_after=2025-11-19 03:00:00+00:00
[2025-11-19T01:17:12.838+0000] {processor.py:183} INFO - Processing /opt/airflow/dags/pipeline_strava_activities.py took 0.047 seconds
[2025-11-19T01:17:43.044+0000] {processor.py:161} INFO - Started process (PID=1992) to work on /opt/airflow/dags/pipeline_strava_activities.py
[2025-11-19T01:17:43.045+0000] {processor.py:830} INFO - Processing file /opt/airflow/dags/pipeline_strava_activities.py for tasks to queue
[2025-11-19T01:17:43.047+0000] {logging_mixin.py:188} INFO - [2025-11-19T01:17:43.046+0000] {dagbag.py:545} INFO - Filling up the DagBag from /opt/airflow/dags/pipeline_strava_activities.py
[2025-11-19T01:17:43.055+0000] {processor.py:840} INFO - DAG(s) 'etl_strava_activities' retrieved from /opt/airflow/dags/pipeline_strava_activities.py
[2025-11-19T01:17:43.073+0000] {logging_mixin.py:188} INFO - [2025-11-19T01:17:43.073+0000] {dag.py:3089} INFO - Sync 1 DAGs
[2025-11-19T01:17:43.086+0000] {logging_mixin.py:188} INFO - [2025-11-19T01:17:43.086+0000] {dag.py:3947} INFO - Setting next_dagrun for etl_strava_activities to 2025-11-18 03:00:00+00:00, run_after=2025-11-19 03:00:00+00:00
[2025-11-19T01:17:43.093+0000] {processor.py:183} INFO - Processing /opt/airflow/dags/pipeline_strava_activities.py took 0.055 seconds
[2025-11-19T01:18:13.331+0000] {processor.py:161} INFO - Started process (PID=2007) to work on /opt/airflow/dags/pipeline_strava_activities.py
[2025-11-19T01:18:13.331+0000] {processor.py:830} INFO - Processing file /opt/airflow/dags/pipeline_strava_activities.py for tasks to queue
[2025-11-19T01:18:13.333+0000] {logging_mixin.py:188} INFO - [2025-11-19T01:18:13.332+0000] {dagbag.py:545} INFO - Filling up the DagBag from /opt/airflow/dags/pipeline_strava_activities.py
[2025-11-19T01:18:13.341+0000] {processor.py:840} INFO - DAG(s) 'etl_strava_activities' retrieved from /opt/airflow/dags/pipeline_strava_activities.py
[2025-11-19T01:18:13.358+0000] {logging_mixin.py:188} INFO - [2025-11-19T01:18:13.358+0000] {dag.py:3089} INFO - Sync 1 DAGs
[2025-11-19T01:18:13.370+0000] {logging_mixin.py:188} INFO - [2025-11-19T01:18:13.370+0000] {dag.py:3947} INFO - Setting next_dagrun for etl_strava_activities to 2025-11-18 03:00:00+00:00, run_after=2025-11-19 03:00:00+00:00
[2025-11-19T01:18:13.379+0000] {processor.py:183} INFO - Processing /opt/airflow/dags/pipeline_strava_activities.py took 0.054 seconds
[2025-11-19T01:18:43.675+0000] {processor.py:161} INFO - Started process (PID=2022) to work on /opt/airflow/dags/pipeline_strava_activities.py
[2025-11-19T01:18:43.676+0000] {processor.py:830} INFO - Processing file /opt/airflow/dags/pipeline_strava_activities.py for tasks to queue
[2025-11-19T01:18:43.679+0000] {logging_mixin.py:188} INFO - [2025-11-19T01:18:43.678+0000] {dagbag.py:545} INFO - Filling up the DagBag from /opt/airflow/dags/pipeline_strava_activities.py
[2025-11-19T01:18:43.688+0000] {processor.py:840} INFO - DAG(s) 'etl_strava_activities' retrieved from /opt/airflow/dags/pipeline_strava_activities.py
[2025-11-19T01:18:43.714+0000] {logging_mixin.py:188} INFO - [2025-11-19T01:18:43.714+0000] {dag.py:3089} INFO - Sync 1 DAGs
[2025-11-19T01:18:43.732+0000] {logging_mixin.py:188} INFO - [2025-11-19T01:18:43.732+0000] {dag.py:3947} INFO - Setting next_dagrun for etl_strava_activities to 2025-11-18 03:00:00+00:00, run_after=2025-11-19 03:00:00+00:00
[2025-11-19T01:18:43.748+0000] {processor.py:183} INFO - Processing /opt/airflow/dags/pipeline_strava_activities.py took 0.084 seconds
[2025-11-19T01:19:13.984+0000] {processor.py:161} INFO - Started process (PID=2037) to work on /opt/airflow/dags/pipeline_strava_activities.py
[2025-11-19T01:19:13.985+0000] {processor.py:830} INFO - Processing file /opt/airflow/dags/pipeline_strava_activities.py for tasks to queue
[2025-11-19T01:19:13.986+0000] {logging_mixin.py:188} INFO - [2025-11-19T01:19:13.985+0000] {dagbag.py:545} INFO - Filling up the DagBag from /opt/airflow/dags/pipeline_strava_activities.py
[2025-11-19T01:19:13.992+0000] {processor.py:840} INFO - DAG(s) 'etl_strava_activities' retrieved from /opt/airflow/dags/pipeline_strava_activities.py
[2025-11-19T01:19:14.009+0000] {logging_mixin.py:188} INFO - [2025-11-19T01:19:14.009+0000] {dag.py:3089} INFO - Sync 1 DAGs
[2025-11-19T01:19:14.028+0000] {logging_mixin.py:188} INFO - [2025-11-19T01:19:14.028+0000] {dag.py:3947} INFO - Setting next_dagrun for etl_strava_activities to 2025-11-18 03:00:00+00:00, run_after=2025-11-19 03:00:00+00:00
[2025-11-19T01:19:14.035+0000] {processor.py:183} INFO - Processing /opt/airflow/dags/pipeline_strava_activities.py took 0.055 seconds
[2025-11-19T01:19:44.305+0000] {processor.py:161} INFO - Started process (PID=2052) to work on /opt/airflow/dags/pipeline_strava_activities.py
[2025-11-19T01:19:44.306+0000] {processor.py:830} INFO - Processing file /opt/airflow/dags/pipeline_strava_activities.py for tasks to queue
[2025-11-19T01:19:44.307+0000] {logging_mixin.py:188} INFO - [2025-11-19T01:19:44.307+0000] {dagbag.py:545} INFO - Filling up the DagBag from /opt/airflow/dags/pipeline_strava_activities.py
[2025-11-19T01:19:44.313+0000] {processor.py:840} INFO - DAG(s) 'etl_strava_activities' retrieved from /opt/airflow/dags/pipeline_strava_activities.py
[2025-11-19T01:19:44.327+0000] {logging_mixin.py:188} INFO - [2025-11-19T01:19:44.327+0000] {dag.py:3089} INFO - Sync 1 DAGs
[2025-11-19T01:19:44.337+0000] {logging_mixin.py:188} INFO - [2025-11-19T01:19:44.337+0000] {dag.py:3947} INFO - Setting next_dagrun for etl_strava_activities to 2025-11-18 03:00:00+00:00, run_after=2025-11-19 03:00:00+00:00
[2025-11-19T01:19:44.344+0000] {processor.py:183} INFO - Processing /opt/airflow/dags/pipeline_strava_activities.py took 0.043 seconds
[2025-11-19T01:20:14.591+0000] {processor.py:161} INFO - Started process (PID=2067) to work on /opt/airflow/dags/pipeline_strava_activities.py
[2025-11-19T01:20:14.592+0000] {processor.py:830} INFO - Processing file /opt/airflow/dags/pipeline_strava_activities.py for tasks to queue
[2025-11-19T01:20:14.594+0000] {logging_mixin.py:188} INFO - [2025-11-19T01:20:14.594+0000] {dagbag.py:545} INFO - Filling up the DagBag from /opt/airflow/dags/pipeline_strava_activities.py
[2025-11-19T01:20:14.602+0000] {processor.py:840} INFO - DAG(s) 'etl_strava_activities' retrieved from /opt/airflow/dags/pipeline_strava_activities.py
[2025-11-19T01:20:14.620+0000] {logging_mixin.py:188} INFO - [2025-11-19T01:20:14.620+0000] {dag.py:3089} INFO - Sync 1 DAGs
[2025-11-19T01:20:14.634+0000] {logging_mixin.py:188} INFO - [2025-11-19T01:20:14.634+0000] {dag.py:3947} INFO - Setting next_dagrun for etl_strava_activities to 2025-11-18 03:00:00+00:00, run_after=2025-11-19 03:00:00+00:00
[2025-11-19T01:20:14.643+0000] {processor.py:183} INFO - Processing /opt/airflow/dags/pipeline_strava_activities.py took 0.057 seconds
[2025-11-19T01:20:44.906+0000] {processor.py:161} INFO - Started process (PID=2082) to work on /opt/airflow/dags/pipeline_strava_activities.py
[2025-11-19T01:20:44.907+0000] {processor.py:830} INFO - Processing file /opt/airflow/dags/pipeline_strava_activities.py for tasks to queue
[2025-11-19T01:20:44.908+0000] {logging_mixin.py:188} INFO - [2025-11-19T01:20:44.908+0000] {dagbag.py:545} INFO - Filling up the DagBag from /opt/airflow/dags/pipeline_strava_activities.py
[2025-11-19T01:20:44.914+0000] {processor.py:840} INFO - DAG(s) 'etl_strava_activities' retrieved from /opt/airflow/dags/pipeline_strava_activities.py
[2025-11-19T01:20:44.928+0000] {logging_mixin.py:188} INFO - [2025-11-19T01:20:44.928+0000] {dag.py:3089} INFO - Sync 1 DAGs
[2025-11-19T01:20:44.940+0000] {logging_mixin.py:188} INFO - [2025-11-19T01:20:44.939+0000] {dag.py:3947} INFO - Setting next_dagrun for etl_strava_activities to 2025-11-18 03:00:00+00:00, run_after=2025-11-19 03:00:00+00:00
[2025-11-19T01:20:44.947+0000] {processor.py:183} INFO - Processing /opt/airflow/dags/pipeline_strava_activities.py took 0.045 seconds
[2025-11-19T01:21:15.199+0000] {processor.py:161} INFO - Started process (PID=2097) to work on /opt/airflow/dags/pipeline_strava_activities.py
[2025-11-19T01:21:15.200+0000] {processor.py:830} INFO - Processing file /opt/airflow/dags/pipeline_strava_activities.py for tasks to queue
[2025-11-19T01:21:15.202+0000] {logging_mixin.py:188} INFO - [2025-11-19T01:21:15.201+0000] {dagbag.py:545} INFO - Filling up the DagBag from /opt/airflow/dags/pipeline_strava_activities.py
[2025-11-19T01:21:15.208+0000] {processor.py:840} INFO - DAG(s) 'etl_strava_activities' retrieved from /opt/airflow/dags/pipeline_strava_activities.py
[2025-11-19T01:21:15.232+0000] {logging_mixin.py:188} INFO - [2025-11-19T01:21:15.232+0000] {dag.py:3089} INFO - Sync 1 DAGs
[2025-11-19T01:21:15.245+0000] {logging_mixin.py:188} INFO - [2025-11-19T01:21:15.245+0000] {dag.py:3947} INFO - Setting next_dagrun for etl_strava_activities to 2025-11-18 03:00:00+00:00, run_after=2025-11-19 03:00:00+00:00
[2025-11-19T01:21:15.255+0000] {processor.py:183} INFO - Processing /opt/airflow/dags/pipeline_strava_activities.py took 0.063 seconds
[2025-11-19T01:21:45.545+0000] {processor.py:161} INFO - Started process (PID=2112) to work on /opt/airflow/dags/pipeline_strava_activities.py
[2025-11-19T01:21:45.547+0000] {processor.py:830} INFO - Processing file /opt/airflow/dags/pipeline_strava_activities.py for tasks to queue
[2025-11-19T01:21:45.549+0000] {logging_mixin.py:188} INFO - [2025-11-19T01:21:45.548+0000] {dagbag.py:545} INFO - Filling up the DagBag from /opt/airflow/dags/pipeline_strava_activities.py
[2025-11-19T01:21:45.559+0000] {processor.py:840} INFO - DAG(s) 'etl_strava_activities' retrieved from /opt/airflow/dags/pipeline_strava_activities.py
[2025-11-19T01:21:45.580+0000] {logging_mixin.py:188} INFO - [2025-11-19T01:21:45.580+0000] {dag.py:3089} INFO - Sync 1 DAGs
[2025-11-19T01:21:45.601+0000] {logging_mixin.py:188} INFO - [2025-11-19T01:21:45.601+0000] {dag.py:3947} INFO - Setting next_dagrun for etl_strava_activities to 2025-11-18 03:00:00+00:00, run_after=2025-11-19 03:00:00+00:00
[2025-11-19T01:21:45.611+0000] {processor.py:183} INFO - Processing /opt/airflow/dags/pipeline_strava_activities.py took 0.071 seconds
[2025-11-19T01:22:15.868+0000] {processor.py:161} INFO - Started process (PID=2127) to work on /opt/airflow/dags/pipeline_strava_activities.py
[2025-11-19T01:22:15.871+0000] {processor.py:830} INFO - Processing file /opt/airflow/dags/pipeline_strava_activities.py for tasks to queue
[2025-11-19T01:22:15.873+0000] {logging_mixin.py:188} INFO - [2025-11-19T01:22:15.873+0000] {dagbag.py:545} INFO - Filling up the DagBag from /opt/airflow/dags/pipeline_strava_activities.py
[2025-11-19T01:22:15.887+0000] {processor.py:840} INFO - DAG(s) 'etl_strava_activities' retrieved from /opt/airflow/dags/pipeline_strava_activities.py
[2025-11-19T01:22:15.918+0000] {logging_mixin.py:188} INFO - [2025-11-19T01:22:15.918+0000] {dag.py:3089} INFO - Sync 1 DAGs
[2025-11-19T01:22:15.932+0000] {logging_mixin.py:188} INFO - [2025-11-19T01:22:15.932+0000] {dag.py:3947} INFO - Setting next_dagrun for etl_strava_activities to 2025-11-18 03:00:00+00:00, run_after=2025-11-19 03:00:00+00:00
[2025-11-19T01:22:15.941+0000] {processor.py:183} INFO - Processing /opt/airflow/dags/pipeline_strava_activities.py took 0.079 seconds
[2025-11-19T01:22:46.217+0000] {processor.py:161} INFO - Started process (PID=2142) to work on /opt/airflow/dags/pipeline_strava_activities.py
[2025-11-19T01:22:46.218+0000] {processor.py:830} INFO - Processing file /opt/airflow/dags/pipeline_strava_activities.py for tasks to queue
[2025-11-19T01:22:46.220+0000] {logging_mixin.py:188} INFO - [2025-11-19T01:22:46.220+0000] {dagbag.py:545} INFO - Filling up the DagBag from /opt/airflow/dags/pipeline_strava_activities.py
[2025-11-19T01:22:46.233+0000] {processor.py:840} INFO - DAG(s) 'etl_strava_activities' retrieved from /opt/airflow/dags/pipeline_strava_activities.py
[2025-11-19T01:22:46.256+0000] {logging_mixin.py:188} INFO - [2025-11-19T01:22:46.256+0000] {dag.py:3089} INFO - Sync 1 DAGs
[2025-11-19T01:22:46.276+0000] {logging_mixin.py:188} INFO - [2025-11-19T01:22:46.275+0000] {dag.py:3947} INFO - Setting next_dagrun for etl_strava_activities to 2025-11-18 03:00:00+00:00, run_after=2025-11-19 03:00:00+00:00
[2025-11-19T01:22:46.285+0000] {processor.py:183} INFO - Processing /opt/airflow/dags/pipeline_strava_activities.py took 0.074 seconds
[2025-11-19T01:23:16.519+0000] {processor.py:161} INFO - Started process (PID=2157) to work on /opt/airflow/dags/pipeline_strava_activities.py
[2025-11-19T01:23:16.520+0000] {processor.py:830} INFO - Processing file /opt/airflow/dags/pipeline_strava_activities.py for tasks to queue
[2025-11-19T01:23:16.521+0000] {logging_mixin.py:188} INFO - [2025-11-19T01:23:16.521+0000] {dagbag.py:545} INFO - Filling up the DagBag from /opt/airflow/dags/pipeline_strava_activities.py
[2025-11-19T01:23:16.527+0000] {processor.py:840} INFO - DAG(s) 'etl_strava_activities' retrieved from /opt/airflow/dags/pipeline_strava_activities.py
[2025-11-19T01:23:16.545+0000] {logging_mixin.py:188} INFO - [2025-11-19T01:23:16.545+0000] {dag.py:3089} INFO - Sync 1 DAGs
[2025-11-19T01:23:16.558+0000] {logging_mixin.py:188} INFO - [2025-11-19T01:23:16.557+0000] {dag.py:3947} INFO - Setting next_dagrun for etl_strava_activities to 2025-11-18 03:00:00+00:00, run_after=2025-11-19 03:00:00+00:00
[2025-11-19T01:23:16.565+0000] {processor.py:183} INFO - Processing /opt/airflow/dags/pipeline_strava_activities.py took 0.051 seconds
[2025-11-19T01:23:46.770+0000] {processor.py:161} INFO - Started process (PID=2172) to work on /opt/airflow/dags/pipeline_strava_activities.py
[2025-11-19T01:23:46.771+0000] {processor.py:830} INFO - Processing file /opt/airflow/dags/pipeline_strava_activities.py for tasks to queue
[2025-11-19T01:23:46.772+0000] {logging_mixin.py:188} INFO - [2025-11-19T01:23:46.772+0000] {dagbag.py:545} INFO - Filling up the DagBag from /opt/airflow/dags/pipeline_strava_activities.py
[2025-11-19T01:23:46.780+0000] {processor.py:840} INFO - DAG(s) 'etl_strava_activities' retrieved from /opt/airflow/dags/pipeline_strava_activities.py
[2025-11-19T01:23:46.800+0000] {logging_mixin.py:188} INFO - [2025-11-19T01:23:46.800+0000] {dag.py:3089} INFO - Sync 1 DAGs
[2025-11-19T01:23:46.813+0000] {logging_mixin.py:188} INFO - [2025-11-19T01:23:46.813+0000] {dag.py:3947} INFO - Setting next_dagrun for etl_strava_activities to 2025-11-18 03:00:00+00:00, run_after=2025-11-19 03:00:00+00:00
[2025-11-19T01:23:46.822+0000] {processor.py:183} INFO - Processing /opt/airflow/dags/pipeline_strava_activities.py took 0.056 seconds
[2025-11-19T01:24:17.077+0000] {processor.py:161} INFO - Started process (PID=2187) to work on /opt/airflow/dags/pipeline_strava_activities.py
[2025-11-19T01:24:17.077+0000] {processor.py:830} INFO - Processing file /opt/airflow/dags/pipeline_strava_activities.py for tasks to queue
[2025-11-19T01:24:17.079+0000] {logging_mixin.py:188} INFO - [2025-11-19T01:24:17.079+0000] {dagbag.py:545} INFO - Filling up the DagBag from /opt/airflow/dags/pipeline_strava_activities.py
[2025-11-19T01:24:17.088+0000] {processor.py:840} INFO - DAG(s) 'etl_strava_activities' retrieved from /opt/airflow/dags/pipeline_strava_activities.py
[2025-11-19T01:24:17.108+0000] {logging_mixin.py:188} INFO - [2025-11-19T01:24:17.108+0000] {dag.py:3089} INFO - Sync 1 DAGs
[2025-11-19T01:24:17.122+0000] {logging_mixin.py:188} INFO - [2025-11-19T01:24:17.122+0000] {dag.py:3947} INFO - Setting next_dagrun for etl_strava_activities to 2025-11-18 03:00:00+00:00, run_after=2025-11-19 03:00:00+00:00
[2025-11-19T01:24:17.130+0000] {processor.py:183} INFO - Processing /opt/airflow/dags/pipeline_strava_activities.py took 0.058 seconds
[2025-11-19T01:24:47.412+0000] {processor.py:161} INFO - Started process (PID=2202) to work on /opt/airflow/dags/pipeline_strava_activities.py
[2025-11-19T01:24:47.413+0000] {processor.py:830} INFO - Processing file /opt/airflow/dags/pipeline_strava_activities.py for tasks to queue
[2025-11-19T01:24:47.415+0000] {logging_mixin.py:188} INFO - [2025-11-19T01:24:47.414+0000] {dagbag.py:545} INFO - Filling up the DagBag from /opt/airflow/dags/pipeline_strava_activities.py
[2025-11-19T01:24:47.423+0000] {processor.py:840} INFO - DAG(s) 'etl_strava_activities' retrieved from /opt/airflow/dags/pipeline_strava_activities.py
[2025-11-19T01:24:47.444+0000] {logging_mixin.py:188} INFO - [2025-11-19T01:24:47.444+0000] {dag.py:3089} INFO - Sync 1 DAGs
[2025-11-19T01:24:47.458+0000] {logging_mixin.py:188} INFO - [2025-11-19T01:24:47.458+0000] {dag.py:3947} INFO - Setting next_dagrun for etl_strava_activities to 2025-11-18 03:00:00+00:00, run_after=2025-11-19 03:00:00+00:00
[2025-11-19T01:24:47.466+0000] {processor.py:183} INFO - Processing /opt/airflow/dags/pipeline_strava_activities.py took 0.059 seconds
[2025-11-19T01:25:17.715+0000] {processor.py:161} INFO - Started process (PID=2217) to work on /opt/airflow/dags/pipeline_strava_activities.py
[2025-11-19T01:25:17.716+0000] {processor.py:830} INFO - Processing file /opt/airflow/dags/pipeline_strava_activities.py for tasks to queue
[2025-11-19T01:25:17.717+0000] {logging_mixin.py:188} INFO - [2025-11-19T01:25:17.717+0000] {dagbag.py:545} INFO - Filling up the DagBag from /opt/airflow/dags/pipeline_strava_activities.py
[2025-11-19T01:25:17.727+0000] {processor.py:840} INFO - DAG(s) 'etl_strava_activities' retrieved from /opt/airflow/dags/pipeline_strava_activities.py
[2025-11-19T01:25:17.750+0000] {logging_mixin.py:188} INFO - [2025-11-19T01:25:17.750+0000] {dag.py:3089} INFO - Sync 1 DAGs
[2025-11-19T01:25:17.765+0000] {logging_mixin.py:188} INFO - [2025-11-19T01:25:17.765+0000] {dag.py:3947} INFO - Setting next_dagrun for etl_strava_activities to 2025-11-18 03:00:00+00:00, run_after=2025-11-19 03:00:00+00:00
[2025-11-19T01:25:17.775+0000] {processor.py:183} INFO - Processing /opt/airflow/dags/pipeline_strava_activities.py took 0.064 seconds
[2025-11-19T01:25:48.045+0000] {processor.py:161} INFO - Started process (PID=2232) to work on /opt/airflow/dags/pipeline_strava_activities.py
[2025-11-19T01:25:48.047+0000] {processor.py:830} INFO - Processing file /opt/airflow/dags/pipeline_strava_activities.py for tasks to queue
[2025-11-19T01:25:48.049+0000] {logging_mixin.py:188} INFO - [2025-11-19T01:25:48.049+0000] {dagbag.py:545} INFO - Filling up the DagBag from /opt/airflow/dags/pipeline_strava_activities.py
[2025-11-19T01:25:48.066+0000] {processor.py:840} INFO - DAG(s) 'etl_strava_activities' retrieved from /opt/airflow/dags/pipeline_strava_activities.py
[2025-11-19T01:25:48.091+0000] {logging_mixin.py:188} INFO - [2025-11-19T01:25:48.091+0000] {dag.py:3089} INFO - Sync 1 DAGs
[2025-11-19T01:25:48.106+0000] {logging_mixin.py:188} INFO - [2025-11-19T01:25:48.105+0000] {dag.py:3947} INFO - Setting next_dagrun for etl_strava_activities to 2025-11-18 03:00:00+00:00, run_after=2025-11-19 03:00:00+00:00
[2025-11-19T01:25:48.116+0000] {processor.py:183} INFO - Processing /opt/airflow/dags/pipeline_strava_activities.py took 0.079 seconds
[2025-11-19T01:26:18.387+0000] {processor.py:161} INFO - Started process (PID=2247) to work on /opt/airflow/dags/pipeline_strava_activities.py
[2025-11-19T01:26:18.389+0000] {processor.py:830} INFO - Processing file /opt/airflow/dags/pipeline_strava_activities.py for tasks to queue
[2025-11-19T01:26:18.390+0000] {logging_mixin.py:188} INFO - [2025-11-19T01:26:18.390+0000] {dagbag.py:545} INFO - Filling up the DagBag from /opt/airflow/dags/pipeline_strava_activities.py
[2025-11-19T01:26:18.399+0000] {processor.py:840} INFO - DAG(s) 'etl_strava_activities' retrieved from /opt/airflow/dags/pipeline_strava_activities.py
[2025-11-19T01:26:18.429+0000] {logging_mixin.py:188} INFO - [2025-11-19T01:26:18.428+0000] {dag.py:3089} INFO - Sync 1 DAGs
[2025-11-19T01:26:18.443+0000] {logging_mixin.py:188} INFO - [2025-11-19T01:26:18.443+0000] {dag.py:3947} INFO - Setting next_dagrun for etl_strava_activities to 2025-11-18 03:00:00+00:00, run_after=2025-11-19 03:00:00+00:00
[2025-11-19T01:26:18.458+0000] {processor.py:183} INFO - Processing /opt/airflow/dags/pipeline_strava_activities.py took 0.077 seconds
[2025-11-19T01:26:48.774+0000] {processor.py:161} INFO - Started process (PID=2262) to work on /opt/airflow/dags/pipeline_strava_activities.py
[2025-11-19T01:26:48.775+0000] {processor.py:830} INFO - Processing file /opt/airflow/dags/pipeline_strava_activities.py for tasks to queue
[2025-11-19T01:26:48.776+0000] {logging_mixin.py:188} INFO - [2025-11-19T01:26:48.776+0000] {dagbag.py:545} INFO - Filling up the DagBag from /opt/airflow/dags/pipeline_strava_activities.py
[2025-11-19T01:26:48.786+0000] {processor.py:840} INFO - DAG(s) 'etl_strava_activities' retrieved from /opt/airflow/dags/pipeline_strava_activities.py
[2025-11-19T01:26:48.807+0000] {logging_mixin.py:188} INFO - [2025-11-19T01:26:48.807+0000] {dag.py:3089} INFO - Sync 1 DAGs
[2025-11-19T01:26:48.821+0000] {logging_mixin.py:188} INFO - [2025-11-19T01:26:48.821+0000] {dag.py:3947} INFO - Setting next_dagrun for etl_strava_activities to 2025-11-18 03:00:00+00:00, run_after=2025-11-19 03:00:00+00:00
[2025-11-19T01:26:48.830+0000] {processor.py:183} INFO - Processing /opt/airflow/dags/pipeline_strava_activities.py took 0.060 seconds
[2025-11-19T01:27:19.027+0000] {processor.py:161} INFO - Started process (PID=2277) to work on /opt/airflow/dags/pipeline_strava_activities.py
[2025-11-19T01:27:19.028+0000] {processor.py:830} INFO - Processing file /opt/airflow/dags/pipeline_strava_activities.py for tasks to queue
[2025-11-19T01:27:19.029+0000] {logging_mixin.py:188} INFO - [2025-11-19T01:27:19.029+0000] {dagbag.py:545} INFO - Filling up the DagBag from /opt/airflow/dags/pipeline_strava_activities.py
[2025-11-19T01:27:19.039+0000] {processor.py:840} INFO - DAG(s) 'etl_strava_activities' retrieved from /opt/airflow/dags/pipeline_strava_activities.py
[2025-11-19T01:27:19.064+0000] {logging_mixin.py:188} INFO - [2025-11-19T01:27:19.064+0000] {dag.py:3089} INFO - Sync 1 DAGs
[2025-11-19T01:27:19.089+0000] {logging_mixin.py:188} INFO - [2025-11-19T01:27:19.089+0000] {dag.py:3947} INFO - Setting next_dagrun for etl_strava_activities to 2025-11-18 03:00:00+00:00, run_after=2025-11-19 03:00:00+00:00
[2025-11-19T01:27:19.099+0000] {processor.py:183} INFO - Processing /opt/airflow/dags/pipeline_strava_activities.py took 0.077 seconds
[2025-11-19T01:27:49.346+0000] {processor.py:161} INFO - Started process (PID=2292) to work on /opt/airflow/dags/pipeline_strava_activities.py
[2025-11-19T01:27:49.347+0000] {processor.py:830} INFO - Processing file /opt/airflow/dags/pipeline_strava_activities.py for tasks to queue
[2025-11-19T01:27:49.348+0000] {logging_mixin.py:188} INFO - [2025-11-19T01:27:49.348+0000] {dagbag.py:545} INFO - Filling up the DagBag from /opt/airflow/dags/pipeline_strava_activities.py
[2025-11-19T01:27:49.358+0000] {processor.py:840} INFO - DAG(s) 'etl_strava_activities' retrieved from /opt/airflow/dags/pipeline_strava_activities.py
[2025-11-19T01:27:49.379+0000] {logging_mixin.py:188} INFO - [2025-11-19T01:27:49.379+0000] {dag.py:3089} INFO - Sync 1 DAGs
[2025-11-19T01:27:49.392+0000] {logging_mixin.py:188} INFO - [2025-11-19T01:27:49.392+0000] {dag.py:3947} INFO - Setting next_dagrun for etl_strava_activities to 2025-11-18 03:00:00+00:00, run_after=2025-11-19 03:00:00+00:00
[2025-11-19T01:27:49.400+0000] {processor.py:183} INFO - Processing /opt/airflow/dags/pipeline_strava_activities.py took 0.060 seconds
[2025-11-19T01:28:19.644+0000] {processor.py:161} INFO - Started process (PID=2307) to work on /opt/airflow/dags/pipeline_strava_activities.py
[2025-11-19T01:28:19.645+0000] {processor.py:830} INFO - Processing file /opt/airflow/dags/pipeline_strava_activities.py for tasks to queue
[2025-11-19T01:28:19.647+0000] {logging_mixin.py:188} INFO - [2025-11-19T01:28:19.647+0000] {dagbag.py:545} INFO - Filling up the DagBag from /opt/airflow/dags/pipeline_strava_activities.py
[2025-11-19T01:28:19.658+0000] {processor.py:840} INFO - DAG(s) 'etl_strava_activities' retrieved from /opt/airflow/dags/pipeline_strava_activities.py
[2025-11-19T01:28:19.685+0000] {logging_mixin.py:188} INFO - [2025-11-19T01:28:19.685+0000] {dag.py:3089} INFO - Sync 1 DAGs
[2025-11-19T01:28:19.700+0000] {logging_mixin.py:188} INFO - [2025-11-19T01:28:19.700+0000] {dag.py:3947} INFO - Setting next_dagrun for etl_strava_activities to 2025-11-18 03:00:00+00:00, run_after=2025-11-19 03:00:00+00:00
[2025-11-19T01:28:19.709+0000] {processor.py:183} INFO - Processing /opt/airflow/dags/pipeline_strava_activities.py took 0.075 seconds
[2025-11-19T01:28:49.966+0000] {processor.py:161} INFO - Started process (PID=2322) to work on /opt/airflow/dags/pipeline_strava_activities.py
[2025-11-19T01:28:49.967+0000] {processor.py:830} INFO - Processing file /opt/airflow/dags/pipeline_strava_activities.py for tasks to queue
[2025-11-19T01:28:49.968+0000] {logging_mixin.py:188} INFO - [2025-11-19T01:28:49.968+0000] {dagbag.py:545} INFO - Filling up the DagBag from /opt/airflow/dags/pipeline_strava_activities.py
[2025-11-19T01:28:49.976+0000] {processor.py:840} INFO - DAG(s) 'etl_strava_activities' retrieved from /opt/airflow/dags/pipeline_strava_activities.py
[2025-11-19T01:28:49.991+0000] {logging_mixin.py:188} INFO - [2025-11-19T01:28:49.991+0000] {dag.py:3089} INFO - Sync 1 DAGs
[2025-11-19T01:28:50.001+0000] {logging_mixin.py:188} INFO - [2025-11-19T01:28:50.001+0000] {dag.py:3947} INFO - Setting next_dagrun for etl_strava_activities to 2025-11-18 03:00:00+00:00, run_after=2025-11-19 03:00:00+00:00
[2025-11-19T01:28:50.009+0000] {processor.py:183} INFO - Processing /opt/airflow/dags/pipeline_strava_activities.py took 0.048 seconds
[2025-11-19T01:29:20.277+0000] {processor.py:161} INFO - Started process (PID=2337) to work on /opt/airflow/dags/pipeline_strava_activities.py
[2025-11-19T01:29:20.278+0000] {processor.py:830} INFO - Processing file /opt/airflow/dags/pipeline_strava_activities.py for tasks to queue
[2025-11-19T01:29:20.280+0000] {logging_mixin.py:188} INFO - [2025-11-19T01:29:20.279+0000] {dagbag.py:545} INFO - Filling up the DagBag from /opt/airflow/dags/pipeline_strava_activities.py
[2025-11-19T01:29:20.288+0000] {processor.py:840} INFO - DAG(s) 'etl_strava_activities' retrieved from /opt/airflow/dags/pipeline_strava_activities.py
[2025-11-19T01:29:20.315+0000] {logging_mixin.py:188} INFO - [2025-11-19T01:29:20.315+0000] {dag.py:3089} INFO - Sync 1 DAGs
[2025-11-19T01:29:20.329+0000] {logging_mixin.py:188} INFO - [2025-11-19T01:29:20.329+0000] {dag.py:3947} INFO - Setting next_dagrun for etl_strava_activities to 2025-11-18 03:00:00+00:00, run_after=2025-11-19 03:00:00+00:00
[2025-11-19T01:29:20.338+0000] {processor.py:183} INFO - Processing /opt/airflow/dags/pipeline_strava_activities.py took 0.073 seconds
[2025-11-19T01:29:50.557+0000] {processor.py:161} INFO - Started process (PID=2352) to work on /opt/airflow/dags/pipeline_strava_activities.py
[2025-11-19T01:29:50.558+0000] {processor.py:830} INFO - Processing file /opt/airflow/dags/pipeline_strava_activities.py for tasks to queue
[2025-11-19T01:29:50.558+0000] {logging_mixin.py:188} INFO - [2025-11-19T01:29:50.558+0000] {dagbag.py:545} INFO - Filling up the DagBag from /opt/airflow/dags/pipeline_strava_activities.py
[2025-11-19T01:29:50.564+0000] {processor.py:840} INFO - DAG(s) 'etl_strava_activities' retrieved from /opt/airflow/dags/pipeline_strava_activities.py
[2025-11-19T01:29:50.577+0000] {logging_mixin.py:188} INFO - [2025-11-19T01:29:50.577+0000] {dag.py:3089} INFO - Sync 1 DAGs
[2025-11-19T01:29:50.587+0000] {logging_mixin.py:188} INFO - [2025-11-19T01:29:50.587+0000] {dag.py:3947} INFO - Setting next_dagrun for etl_strava_activities to 2025-11-18 03:00:00+00:00, run_after=2025-11-19 03:00:00+00:00
[2025-11-19T01:29:50.594+0000] {processor.py:183} INFO - Processing /opt/airflow/dags/pipeline_strava_activities.py took 0.041 seconds
[2025-11-19T01:30:20.873+0000] {processor.py:161} INFO - Started process (PID=2367) to work on /opt/airflow/dags/pipeline_strava_activities.py
[2025-11-19T01:30:20.873+0000] {processor.py:830} INFO - Processing file /opt/airflow/dags/pipeline_strava_activities.py for tasks to queue
[2025-11-19T01:30:20.874+0000] {logging_mixin.py:188} INFO - [2025-11-19T01:30:20.874+0000] {dagbag.py:545} INFO - Filling up the DagBag from /opt/airflow/dags/pipeline_strava_activities.py
[2025-11-19T01:30:20.879+0000] {processor.py:840} INFO - DAG(s) 'etl_strava_activities' retrieved from /opt/airflow/dags/pipeline_strava_activities.py
[2025-11-19T01:30:20.891+0000] {logging_mixin.py:188} INFO - [2025-11-19T01:30:20.891+0000] {dag.py:3089} INFO - Sync 1 DAGs
[2025-11-19T01:30:20.901+0000] {logging_mixin.py:188} INFO - [2025-11-19T01:30:20.901+0000] {dag.py:3947} INFO - Setting next_dagrun for etl_strava_activities to 2025-11-18 03:00:00+00:00, run_after=2025-11-19 03:00:00+00:00
[2025-11-19T01:30:20.908+0000] {processor.py:183} INFO - Processing /opt/airflow/dags/pipeline_strava_activities.py took 0.039 seconds
[2025-11-19T01:30:51.162+0000] {processor.py:161} INFO - Started process (PID=2382) to work on /opt/airflow/dags/pipeline_strava_activities.py
[2025-11-19T01:30:51.163+0000] {processor.py:830} INFO - Processing file /opt/airflow/dags/pipeline_strava_activities.py for tasks to queue
[2025-11-19T01:30:51.165+0000] {logging_mixin.py:188} INFO - [2025-11-19T01:30:51.165+0000] {dagbag.py:545} INFO - Filling up the DagBag from /opt/airflow/dags/pipeline_strava_activities.py
[2025-11-19T01:30:51.174+0000] {processor.py:840} INFO - DAG(s) 'etl_strava_activities' retrieved from /opt/airflow/dags/pipeline_strava_activities.py
[2025-11-19T01:30:51.191+0000] {logging_mixin.py:188} INFO - [2025-11-19T01:30:51.191+0000] {dag.py:3089} INFO - Sync 1 DAGs
[2025-11-19T01:30:51.203+0000] {logging_mixin.py:188} INFO - [2025-11-19T01:30:51.203+0000] {dag.py:3947} INFO - Setting next_dagrun for etl_strava_activities to 2025-11-18 03:00:00+00:00, run_after=2025-11-19 03:00:00+00:00
[2025-11-19T01:30:51.212+0000] {processor.py:183} INFO - Processing /opt/airflow/dags/pipeline_strava_activities.py took 0.055 seconds
[2025-11-19T01:31:21.451+0000] {processor.py:161} INFO - Started process (PID=2397) to work on /opt/airflow/dags/pipeline_strava_activities.py
[2025-11-19T01:31:21.452+0000] {processor.py:830} INFO - Processing file /opt/airflow/dags/pipeline_strava_activities.py for tasks to queue
[2025-11-19T01:31:21.453+0000] {logging_mixin.py:188} INFO - [2025-11-19T01:31:21.453+0000] {dagbag.py:545} INFO - Filling up the DagBag from /opt/airflow/dags/pipeline_strava_activities.py
[2025-11-19T01:31:21.460+0000] {processor.py:840} INFO - DAG(s) 'etl_strava_activities' retrieved from /opt/airflow/dags/pipeline_strava_activities.py
[2025-11-19T01:31:21.481+0000] {logging_mixin.py:188} INFO - [2025-11-19T01:31:21.481+0000] {dag.py:3089} INFO - Sync 1 DAGs
[2025-11-19T01:31:21.505+0000] {logging_mixin.py:188} INFO - [2025-11-19T01:31:21.505+0000] {dag.py:3947} INFO - Setting next_dagrun for etl_strava_activities to 2025-11-18 03:00:00+00:00, run_after=2025-11-19 03:00:00+00:00
[2025-11-19T01:31:21.520+0000] {processor.py:183} INFO - Processing /opt/airflow/dags/pipeline_strava_activities.py took 0.073 seconds
[2025-11-19T01:31:51.772+0000] {processor.py:161} INFO - Started process (PID=2412) to work on /opt/airflow/dags/pipeline_strava_activities.py
[2025-11-19T01:31:51.773+0000] {processor.py:830} INFO - Processing file /opt/airflow/dags/pipeline_strava_activities.py for tasks to queue
[2025-11-19T01:31:51.773+0000] {logging_mixin.py:188} INFO - [2025-11-19T01:31:51.773+0000] {dagbag.py:545} INFO - Filling up the DagBag from /opt/airflow/dags/pipeline_strava_activities.py
[2025-11-19T01:31:51.779+0000] {processor.py:840} INFO - DAG(s) 'etl_strava_activities' retrieved from /opt/airflow/dags/pipeline_strava_activities.py
[2025-11-19T01:31:51.792+0000] {logging_mixin.py:188} INFO - [2025-11-19T01:31:51.792+0000] {dag.py:3089} INFO - Sync 1 DAGs
[2025-11-19T01:31:51.801+0000] {logging_mixin.py:188} INFO - [2025-11-19T01:31:51.801+0000] {dag.py:3947} INFO - Setting next_dagrun for etl_strava_activities to 2025-11-18 03:00:00+00:00, run_after=2025-11-19 03:00:00+00:00
[2025-11-19T01:31:51.809+0000] {processor.py:183} INFO - Processing /opt/airflow/dags/pipeline_strava_activities.py took 0.041 seconds
[2025-11-19T01:32:22.020+0000] {processor.py:161} INFO - Started process (PID=2427) to work on /opt/airflow/dags/pipeline_strava_activities.py
[2025-11-19T01:32:22.021+0000] {processor.py:830} INFO - Processing file /opt/airflow/dags/pipeline_strava_activities.py for tasks to queue
[2025-11-19T01:32:22.022+0000] {logging_mixin.py:188} INFO - [2025-11-19T01:32:22.021+0000] {dagbag.py:545} INFO - Filling up the DagBag from /opt/airflow/dags/pipeline_strava_activities.py
[2025-11-19T01:32:22.029+0000] {processor.py:840} INFO - DAG(s) 'etl_strava_activities' retrieved from /opt/airflow/dags/pipeline_strava_activities.py
[2025-11-19T01:32:22.044+0000] {logging_mixin.py:188} INFO - [2025-11-19T01:32:22.043+0000] {dag.py:3089} INFO - Sync 1 DAGs
[2025-11-19T01:32:22.055+0000] {logging_mixin.py:188} INFO - [2025-11-19T01:32:22.055+0000] {dag.py:3947} INFO - Setting next_dagrun for etl_strava_activities to 2025-11-18 03:00:00+00:00, run_after=2025-11-19 03:00:00+00:00
[2025-11-19T01:32:22.062+0000] {processor.py:183} INFO - Processing /opt/airflow/dags/pipeline_strava_activities.py took 0.047 seconds
[2025-11-19T01:32:52.293+0000] {processor.py:161} INFO - Started process (PID=2442) to work on /opt/airflow/dags/pipeline_strava_activities.py
[2025-11-19T01:32:52.294+0000] {processor.py:830} INFO - Processing file /opt/airflow/dags/pipeline_strava_activities.py for tasks to queue
[2025-11-19T01:32:52.294+0000] {logging_mixin.py:188} INFO - [2025-11-19T01:32:52.294+0000] {dagbag.py:545} INFO - Filling up the DagBag from /opt/airflow/dags/pipeline_strava_activities.py
[2025-11-19T01:32:52.300+0000] {processor.py:840} INFO - DAG(s) 'etl_strava_activities' retrieved from /opt/airflow/dags/pipeline_strava_activities.py
[2025-11-19T01:32:52.313+0000] {logging_mixin.py:188} INFO - [2025-11-19T01:32:52.313+0000] {dag.py:3089} INFO - Sync 1 DAGs
[2025-11-19T01:32:52.324+0000] {logging_mixin.py:188} INFO - [2025-11-19T01:32:52.324+0000] {dag.py:3947} INFO - Setting next_dagrun for etl_strava_activities to 2025-11-18 03:00:00+00:00, run_after=2025-11-19 03:00:00+00:00
[2025-11-19T01:32:52.331+0000] {processor.py:183} INFO - Processing /opt/airflow/dags/pipeline_strava_activities.py took 0.043 seconds
[2025-11-19T01:33:22.561+0000] {processor.py:161} INFO - Started process (PID=2457) to work on /opt/airflow/dags/pipeline_strava_activities.py
[2025-11-19T01:33:22.562+0000] {processor.py:830} INFO - Processing file /opt/airflow/dags/pipeline_strava_activities.py for tasks to queue
[2025-11-19T01:33:22.565+0000] {logging_mixin.py:188} INFO - [2025-11-19T01:33:22.564+0000] {dagbag.py:545} INFO - Filling up the DagBag from /opt/airflow/dags/pipeline_strava_activities.py
[2025-11-19T01:33:22.579+0000] {processor.py:840} INFO - DAG(s) 'etl_strava_activities' retrieved from /opt/airflow/dags/pipeline_strava_activities.py
[2025-11-19T01:33:22.598+0000] {logging_mixin.py:188} INFO - [2025-11-19T01:33:22.598+0000] {dag.py:3089} INFO - Sync 1 DAGs
[2025-11-19T01:33:22.610+0000] {logging_mixin.py:188} INFO - [2025-11-19T01:33:22.610+0000] {dag.py:3947} INFO - Setting next_dagrun for etl_strava_activities to 2025-11-18 03:00:00+00:00, run_after=2025-11-19 03:00:00+00:00
[2025-11-19T01:33:22.617+0000] {processor.py:183} INFO - Processing /opt/airflow/dags/pipeline_strava_activities.py took 0.061 seconds
[2025-11-19T01:33:52.854+0000] {processor.py:161} INFO - Started process (PID=2472) to work on /opt/airflow/dags/pipeline_strava_activities.py
[2025-11-19T01:33:52.855+0000] {processor.py:830} INFO - Processing file /opt/airflow/dags/pipeline_strava_activities.py for tasks to queue
[2025-11-19T01:33:52.856+0000] {logging_mixin.py:188} INFO - [2025-11-19T01:33:52.856+0000] {dagbag.py:545} INFO - Filling up the DagBag from /opt/airflow/dags/pipeline_strava_activities.py
[2025-11-19T01:33:52.864+0000] {processor.py:840} INFO - DAG(s) 'etl_strava_activities' retrieved from /opt/airflow/dags/pipeline_strava_activities.py
[2025-11-19T01:33:52.883+0000] {logging_mixin.py:188} INFO - [2025-11-19T01:33:52.883+0000] {dag.py:3089} INFO - Sync 1 DAGs
[2025-11-19T01:33:52.895+0000] {logging_mixin.py:188} INFO - [2025-11-19T01:33:52.895+0000] {dag.py:3947} INFO - Setting next_dagrun for etl_strava_activities to 2025-11-18 03:00:00+00:00, run_after=2025-11-19 03:00:00+00:00
[2025-11-19T01:33:52.903+0000] {processor.py:183} INFO - Processing /opt/airflow/dags/pipeline_strava_activities.py took 0.052 seconds
[2025-11-19T01:34:23.121+0000] {processor.py:161} INFO - Started process (PID=2487) to work on /opt/airflow/dags/pipeline_strava_activities.py
[2025-11-19T01:34:23.122+0000] {processor.py:830} INFO - Processing file /opt/airflow/dags/pipeline_strava_activities.py for tasks to queue
[2025-11-19T01:34:23.124+0000] {logging_mixin.py:188} INFO - [2025-11-19T01:34:23.123+0000] {dagbag.py:545} INFO - Filling up the DagBag from /opt/airflow/dags/pipeline_strava_activities.py
[2025-11-19T01:34:23.129+0000] {processor.py:840} INFO - DAG(s) 'etl_strava_activities' retrieved from /opt/airflow/dags/pipeline_strava_activities.py
[2025-11-19T01:34:23.144+0000] {logging_mixin.py:188} INFO - [2025-11-19T01:34:23.143+0000] {dag.py:3089} INFO - Sync 1 DAGs
[2025-11-19T01:34:23.154+0000] {logging_mixin.py:188} INFO - [2025-11-19T01:34:23.154+0000] {dag.py:3947} INFO - Setting next_dagrun for etl_strava_activities to 2025-11-18 03:00:00+00:00, run_after=2025-11-19 03:00:00+00:00
[2025-11-19T01:34:23.161+0000] {processor.py:183} INFO - Processing /opt/airflow/dags/pipeline_strava_activities.py took 0.045 seconds
[2025-11-19T01:34:53.371+0000] {processor.py:161} INFO - Started process (PID=2502) to work on /opt/airflow/dags/pipeline_strava_activities.py
[2025-11-19T01:34:53.372+0000] {processor.py:830} INFO - Processing file /opt/airflow/dags/pipeline_strava_activities.py for tasks to queue
[2025-11-19T01:34:53.374+0000] {logging_mixin.py:188} INFO - [2025-11-19T01:34:53.374+0000] {dagbag.py:545} INFO - Filling up the DagBag from /opt/airflow/dags/pipeline_strava_activities.py
[2025-11-19T01:34:53.379+0000] {processor.py:840} INFO - DAG(s) 'etl_strava_activities' retrieved from /opt/airflow/dags/pipeline_strava_activities.py
[2025-11-19T01:34:53.394+0000] {logging_mixin.py:188} INFO - [2025-11-19T01:34:53.394+0000] {dag.py:3089} INFO - Sync 1 DAGs
[2025-11-19T01:34:53.404+0000] {logging_mixin.py:188} INFO - [2025-11-19T01:34:53.404+0000] {dag.py:3947} INFO - Setting next_dagrun for etl_strava_activities to 2025-11-18 03:00:00+00:00, run_after=2025-11-19 03:00:00+00:00
[2025-11-19T01:34:53.412+0000] {processor.py:183} INFO - Processing /opt/airflow/dags/pipeline_strava_activities.py took 0.044 seconds
[2025-11-19T01:35:23.673+0000] {processor.py:161} INFO - Started process (PID=2517) to work on /opt/airflow/dags/pipeline_strava_activities.py
[2025-11-19T01:35:23.675+0000] {processor.py:830} INFO - Processing file /opt/airflow/dags/pipeline_strava_activities.py for tasks to queue
[2025-11-19T01:35:23.677+0000] {logging_mixin.py:188} INFO - [2025-11-19T01:35:23.676+0000] {dagbag.py:545} INFO - Filling up the DagBag from /opt/airflow/dags/pipeline_strava_activities.py
[2025-11-19T01:35:23.687+0000] {processor.py:840} INFO - DAG(s) 'etl_strava_activities' retrieved from /opt/airflow/dags/pipeline_strava_activities.py
[2025-11-19T01:35:23.754+0000] {logging_mixin.py:188} INFO - [2025-11-19T01:35:23.752+0000] {dag.py:3089} INFO - Sync 1 DAGs
[2025-11-19T01:35:23.805+0000] {logging_mixin.py:188} INFO - [2025-11-19T01:35:23.805+0000] {dag.py:3947} INFO - Setting next_dagrun for etl_strava_activities to 2025-11-18 03:00:00+00:00, run_after=2025-11-19 03:00:00+00:00
[2025-11-19T01:35:23.832+0000] {processor.py:183} INFO - Processing /opt/airflow/dags/pipeline_strava_activities.py took 0.164 seconds
[2025-11-19T01:35:53.933+0000] {processor.py:161} INFO - Started process (PID=2532) to work on /opt/airflow/dags/pipeline_strava_activities.py
[2025-11-19T01:35:53.933+0000] {processor.py:830} INFO - Processing file /opt/airflow/dags/pipeline_strava_activities.py for tasks to queue
[2025-11-19T01:35:53.936+0000] {logging_mixin.py:188} INFO - [2025-11-19T01:35:53.935+0000] {dagbag.py:545} INFO - Filling up the DagBag from /opt/airflow/dags/pipeline_strava_activities.py
[2025-11-19T01:35:53.945+0000] {processor.py:840} INFO - DAG(s) 'etl_strava_activities' retrieved from /opt/airflow/dags/pipeline_strava_activities.py
[2025-11-19T01:35:53.966+0000] {logging_mixin.py:188} INFO - [2025-11-19T01:35:53.966+0000] {dag.py:3089} INFO - Sync 1 DAGs
[2025-11-19T01:35:53.979+0000] {logging_mixin.py:188} INFO - [2025-11-19T01:35:53.979+0000] {dag.py:3947} INFO - Setting next_dagrun for etl_strava_activities to 2025-11-18 03:00:00+00:00, run_after=2025-11-19 03:00:00+00:00
[2025-11-19T01:35:53.987+0000] {processor.py:183} INFO - Processing /opt/airflow/dags/pipeline_strava_activities.py took 0.060 seconds
[2025-11-19T01:36:24.200+0000] {processor.py:161} INFO - Started process (PID=2547) to work on /opt/airflow/dags/pipeline_strava_activities.py
[2025-11-19T01:36:24.201+0000] {processor.py:830} INFO - Processing file /opt/airflow/dags/pipeline_strava_activities.py for tasks to queue
[2025-11-19T01:36:24.202+0000] {logging_mixin.py:188} INFO - [2025-11-19T01:36:24.202+0000] {dagbag.py:545} INFO - Filling up the DagBag from /opt/airflow/dags/pipeline_strava_activities.py
[2025-11-19T01:36:24.208+0000] {processor.py:840} INFO - DAG(s) 'etl_strava_activities' retrieved from /opt/airflow/dags/pipeline_strava_activities.py
[2025-11-19T01:36:24.223+0000] {logging_mixin.py:188} INFO - [2025-11-19T01:36:24.223+0000] {dag.py:3089} INFO - Sync 1 DAGs
[2025-11-19T01:36:24.234+0000] {logging_mixin.py:188} INFO - [2025-11-19T01:36:24.234+0000] {dag.py:3947} INFO - Setting next_dagrun for etl_strava_activities to 2025-11-18 03:00:00+00:00, run_after=2025-11-19 03:00:00+00:00
[2025-11-19T01:36:24.242+0000] {processor.py:183} INFO - Processing /opt/airflow/dags/pipeline_strava_activities.py took 0.045 seconds
[2025-11-19T01:36:54.428+0000] {processor.py:161} INFO - Started process (PID=2562) to work on /opt/airflow/dags/pipeline_strava_activities.py
[2025-11-19T01:36:54.429+0000] {processor.py:830} INFO - Processing file /opt/airflow/dags/pipeline_strava_activities.py for tasks to queue
[2025-11-19T01:36:54.431+0000] {logging_mixin.py:188} INFO - [2025-11-19T01:36:54.430+0000] {dagbag.py:545} INFO - Filling up the DagBag from /opt/airflow/dags/pipeline_strava_activities.py
[2025-11-19T01:36:54.441+0000] {processor.py:840} INFO - DAG(s) 'etl_strava_activities' retrieved from /opt/airflow/dags/pipeline_strava_activities.py
[2025-11-19T01:36:54.463+0000] {logging_mixin.py:188} INFO - [2025-11-19T01:36:54.462+0000] {dag.py:3089} INFO - Sync 1 DAGs
[2025-11-19T01:36:54.475+0000] {logging_mixin.py:188} INFO - [2025-11-19T01:36:54.475+0000] {dag.py:3947} INFO - Setting next_dagrun for etl_strava_activities to 2025-11-18 03:00:00+00:00, run_after=2025-11-19 03:00:00+00:00
[2025-11-19T01:36:54.484+0000] {processor.py:183} INFO - Processing /opt/airflow/dags/pipeline_strava_activities.py took 0.063 seconds
[2025-11-19T01:37:24.739+0000] {processor.py:161} INFO - Started process (PID=2577) to work on /opt/airflow/dags/pipeline_strava_activities.py
[2025-11-19T01:37:24.744+0000] {processor.py:830} INFO - Processing file /opt/airflow/dags/pipeline_strava_activities.py for tasks to queue
[2025-11-19T01:37:24.746+0000] {logging_mixin.py:188} INFO - [2025-11-19T01:37:24.746+0000] {dagbag.py:545} INFO - Filling up the DagBag from /opt/airflow/dags/pipeline_strava_activities.py
[2025-11-19T01:37:24.766+0000] {processor.py:840} INFO - DAG(s) 'etl_strava_activities' retrieved from /opt/airflow/dags/pipeline_strava_activities.py
[2025-11-19T01:37:24.822+0000] {logging_mixin.py:188} INFO - [2025-11-19T01:37:24.821+0000] {dag.py:3089} INFO - Sync 1 DAGs
[2025-11-19T01:37:24.849+0000] {logging_mixin.py:188} INFO - [2025-11-19T01:37:24.848+0000] {dag.py:3947} INFO - Setting next_dagrun for etl_strava_activities to 2025-11-18 03:00:00+00:00, run_after=2025-11-19 03:00:00+00:00
[2025-11-19T01:37:24.862+0000] {processor.py:183} INFO - Processing /opt/airflow/dags/pipeline_strava_activities.py took 0.131 seconds
[2025-11-19T01:37:55.094+0000] {processor.py:161} INFO - Started process (PID=2592) to work on /opt/airflow/dags/pipeline_strava_activities.py
[2025-11-19T01:37:55.095+0000] {processor.py:830} INFO - Processing file /opt/airflow/dags/pipeline_strava_activities.py for tasks to queue
[2025-11-19T01:37:55.097+0000] {logging_mixin.py:188} INFO - [2025-11-19T01:37:55.097+0000] {dagbag.py:545} INFO - Filling up the DagBag from /opt/airflow/dags/pipeline_strava_activities.py
[2025-11-19T01:37:55.117+0000] {processor.py:840} INFO - DAG(s) 'etl_strava_activities' retrieved from /opt/airflow/dags/pipeline_strava_activities.py
[2025-11-19T01:37:55.149+0000] {logging_mixin.py:188} INFO - [2025-11-19T01:37:55.148+0000] {dag.py:3089} INFO - Sync 1 DAGs
[2025-11-19T01:37:55.161+0000] {logging_mixin.py:188} INFO - [2025-11-19T01:37:55.161+0000] {dag.py:3947} INFO - Setting next_dagrun for etl_strava_activities to 2025-11-18 03:00:00+00:00, run_after=2025-11-19 03:00:00+00:00
[2025-11-19T01:37:55.169+0000] {processor.py:183} INFO - Processing /opt/airflow/dags/pipeline_strava_activities.py took 0.083 seconds
[2025-11-19T01:38:25.326+0000] {processor.py:161} INFO - Started process (PID=2607) to work on /opt/airflow/dags/pipeline_strava_activities.py
[2025-11-19T01:38:25.327+0000] {processor.py:830} INFO - Processing file /opt/airflow/dags/pipeline_strava_activities.py for tasks to queue
[2025-11-19T01:38:25.328+0000] {logging_mixin.py:188} INFO - [2025-11-19T01:38:25.328+0000] {dagbag.py:545} INFO - Filling up the DagBag from /opt/airflow/dags/pipeline_strava_activities.py
[2025-11-19T01:38:25.333+0000] {processor.py:840} INFO - DAG(s) 'etl_strava_activities' retrieved from /opt/airflow/dags/pipeline_strava_activities.py
[2025-11-19T01:38:25.348+0000] {logging_mixin.py:188} INFO - [2025-11-19T01:38:25.348+0000] {dag.py:3089} INFO - Sync 1 DAGs
[2025-11-19T01:38:25.361+0000] {logging_mixin.py:188} INFO - [2025-11-19T01:38:25.361+0000] {dag.py:3947} INFO - Setting next_dagrun for etl_strava_activities to 2025-11-18 03:00:00+00:00, run_after=2025-11-19 03:00:00+00:00
[2025-11-19T01:38:25.369+0000] {processor.py:183} INFO - Processing /opt/airflow/dags/pipeline_strava_activities.py took 0.047 seconds
[2025-11-19T01:38:55.593+0000] {processor.py:161} INFO - Started process (PID=2622) to work on /opt/airflow/dags/pipeline_strava_activities.py
[2025-11-19T01:38:55.593+0000] {processor.py:830} INFO - Processing file /opt/airflow/dags/pipeline_strava_activities.py for tasks to queue
[2025-11-19T01:38:55.595+0000] {logging_mixin.py:188} INFO - [2025-11-19T01:38:55.595+0000] {dagbag.py:545} INFO - Filling up the DagBag from /opt/airflow/dags/pipeline_strava_activities.py
[2025-11-19T01:38:55.604+0000] {processor.py:840} INFO - DAG(s) 'etl_strava_activities' retrieved from /opt/airflow/dags/pipeline_strava_activities.py
[2025-11-19T01:38:55.625+0000] {logging_mixin.py:188} INFO - [2025-11-19T01:38:55.625+0000] {dag.py:3089} INFO - Sync 1 DAGs
[2025-11-19T01:38:55.639+0000] {logging_mixin.py:188} INFO - [2025-11-19T01:38:55.639+0000] {dag.py:3947} INFO - Setting next_dagrun for etl_strava_activities to 2025-11-18 03:00:00+00:00, run_after=2025-11-19 03:00:00+00:00
[2025-11-19T01:38:55.649+0000] {processor.py:183} INFO - Processing /opt/airflow/dags/pipeline_strava_activities.py took 0.061 seconds
[2025-11-19T01:39:25.912+0000] {processor.py:161} INFO - Started process (PID=2637) to work on /opt/airflow/dags/pipeline_strava_activities.py
[2025-11-19T01:39:25.912+0000] {processor.py:830} INFO - Processing file /opt/airflow/dags/pipeline_strava_activities.py for tasks to queue
[2025-11-19T01:39:25.913+0000] {logging_mixin.py:188} INFO - [2025-11-19T01:39:25.913+0000] {dagbag.py:545} INFO - Filling up the DagBag from /opt/airflow/dags/pipeline_strava_activities.py
[2025-11-19T01:39:25.919+0000] {processor.py:840} INFO - DAG(s) 'etl_strava_activities' retrieved from /opt/airflow/dags/pipeline_strava_activities.py
[2025-11-19T01:39:25.932+0000] {logging_mixin.py:188} INFO - [2025-11-19T01:39:25.932+0000] {dag.py:3089} INFO - Sync 1 DAGs
[2025-11-19T01:39:25.941+0000] {logging_mixin.py:188} INFO - [2025-11-19T01:39:25.941+0000] {dag.py:3947} INFO - Setting next_dagrun for etl_strava_activities to 2025-11-18 03:00:00+00:00, run_after=2025-11-19 03:00:00+00:00
[2025-11-19T01:39:25.948+0000] {processor.py:183} INFO - Processing /opt/airflow/dags/pipeline_strava_activities.py took 0.040 seconds
[2025-11-19T01:39:56.190+0000] {processor.py:161} INFO - Started process (PID=2652) to work on /opt/airflow/dags/pipeline_strava_activities.py
[2025-11-19T01:39:56.191+0000] {processor.py:830} INFO - Processing file /opt/airflow/dags/pipeline_strava_activities.py for tasks to queue
[2025-11-19T01:39:56.192+0000] {logging_mixin.py:188} INFO - [2025-11-19T01:39:56.192+0000] {dagbag.py:545} INFO - Filling up the DagBag from /opt/airflow/dags/pipeline_strava_activities.py
[2025-11-19T01:39:56.199+0000] {processor.py:840} INFO - DAG(s) 'etl_strava_activities' retrieved from /opt/airflow/dags/pipeline_strava_activities.py
[2025-11-19T01:39:56.217+0000] {logging_mixin.py:188} INFO - [2025-11-19T01:39:56.216+0000] {dag.py:3089} INFO - Sync 1 DAGs
[2025-11-19T01:39:56.233+0000] {logging_mixin.py:188} INFO - [2025-11-19T01:39:56.233+0000] {dag.py:3947} INFO - Setting next_dagrun for etl_strava_activities to 2025-11-18 03:00:00+00:00, run_after=2025-11-19 03:00:00+00:00
[2025-11-19T01:39:56.241+0000] {processor.py:183} INFO - Processing /opt/airflow/dags/pipeline_strava_activities.py took 0.054 seconds
[2025-11-19T01:40:26.452+0000] {processor.py:161} INFO - Started process (PID=2667) to work on /opt/airflow/dags/pipeline_strava_activities.py
[2025-11-19T01:40:26.453+0000] {processor.py:830} INFO - Processing file /opt/airflow/dags/pipeline_strava_activities.py for tasks to queue
[2025-11-19T01:40:26.454+0000] {logging_mixin.py:188} INFO - [2025-11-19T01:40:26.454+0000] {dagbag.py:545} INFO - Filling up the DagBag from /opt/airflow/dags/pipeline_strava_activities.py
[2025-11-19T01:40:26.464+0000] {processor.py:840} INFO - DAG(s) 'etl_strava_activities' retrieved from /opt/airflow/dags/pipeline_strava_activities.py
[2025-11-19T01:40:26.481+0000] {logging_mixin.py:188} INFO - [2025-11-19T01:40:26.481+0000] {dag.py:3089} INFO - Sync 1 DAGs
[2025-11-19T01:40:26.492+0000] {logging_mixin.py:188} INFO - [2025-11-19T01:40:26.492+0000] {dag.py:3947} INFO - Setting next_dagrun for etl_strava_activities to 2025-11-18 03:00:00+00:00, run_after=2025-11-19 03:00:00+00:00
[2025-11-19T01:40:26.500+0000] {processor.py:183} INFO - Processing /opt/airflow/dags/pipeline_strava_activities.py took 0.052 seconds
[2025-11-19T01:40:56.729+0000] {processor.py:161} INFO - Started process (PID=2682) to work on /opt/airflow/dags/pipeline_strava_activities.py
[2025-11-19T01:40:56.729+0000] {processor.py:830} INFO - Processing file /opt/airflow/dags/pipeline_strava_activities.py for tasks to queue
[2025-11-19T01:40:56.730+0000] {logging_mixin.py:188} INFO - [2025-11-19T01:40:56.730+0000] {dagbag.py:545} INFO - Filling up the DagBag from /opt/airflow/dags/pipeline_strava_activities.py
[2025-11-19T01:40:56.735+0000] {processor.py:840} INFO - DAG(s) 'etl_strava_activities' retrieved from /opt/airflow/dags/pipeline_strava_activities.py
[2025-11-19T01:40:56.747+0000] {logging_mixin.py:188} INFO - [2025-11-19T01:40:56.747+0000] {dag.py:3089} INFO - Sync 1 DAGs
[2025-11-19T01:40:56.756+0000] {logging_mixin.py:188} INFO - [2025-11-19T01:40:56.756+0000] {dag.py:3947} INFO - Setting next_dagrun for etl_strava_activities to 2025-11-18 03:00:00+00:00, run_after=2025-11-19 03:00:00+00:00
[2025-11-19T01:40:56.763+0000] {processor.py:183} INFO - Processing /opt/airflow/dags/pipeline_strava_activities.py took 0.036 seconds
[2025-11-19T01:41:27.001+0000] {processor.py:161} INFO - Started process (PID=2697) to work on /opt/airflow/dags/pipeline_strava_activities.py
[2025-11-19T01:41:27.001+0000] {processor.py:830} INFO - Processing file /opt/airflow/dags/pipeline_strava_activities.py for tasks to queue
[2025-11-19T01:41:27.003+0000] {logging_mixin.py:188} INFO - [2025-11-19T01:41:27.003+0000] {dagbag.py:545} INFO - Filling up the DagBag from /opt/airflow/dags/pipeline_strava_activities.py
[2025-11-19T01:41:27.011+0000] {processor.py:840} INFO - DAG(s) 'etl_strava_activities' retrieved from /opt/airflow/dags/pipeline_strava_activities.py
[2025-11-19T01:41:27.027+0000] {logging_mixin.py:188} INFO - [2025-11-19T01:41:27.026+0000] {dag.py:3089} INFO - Sync 1 DAGs
[2025-11-19T01:41:27.039+0000] {logging_mixin.py:188} INFO - [2025-11-19T01:41:27.039+0000] {dag.py:3947} INFO - Setting next_dagrun for etl_strava_activities to 2025-11-18 03:00:00+00:00, run_after=2025-11-19 03:00:00+00:00
[2025-11-19T01:41:27.046+0000] {processor.py:183} INFO - Processing /opt/airflow/dags/pipeline_strava_activities.py took 0.051 seconds
[2025-11-19T01:41:57.259+0000] {processor.py:161} INFO - Started process (PID=2712) to work on /opt/airflow/dags/pipeline_strava_activities.py
[2025-11-19T01:41:57.259+0000] {processor.py:830} INFO - Processing file /opt/airflow/dags/pipeline_strava_activities.py for tasks to queue
[2025-11-19T01:41:57.260+0000] {logging_mixin.py:188} INFO - [2025-11-19T01:41:57.260+0000] {dagbag.py:545} INFO - Filling up the DagBag from /opt/airflow/dags/pipeline_strava_activities.py
[2025-11-19T01:41:57.265+0000] {processor.py:840} INFO - DAG(s) 'etl_strava_activities' retrieved from /opt/airflow/dags/pipeline_strava_activities.py
[2025-11-19T01:41:57.285+0000] {logging_mixin.py:188} INFO - [2025-11-19T01:41:57.285+0000] {dag.py:3089} INFO - Sync 1 DAGs
[2025-11-19T01:41:57.297+0000] {logging_mixin.py:188} INFO - [2025-11-19T01:41:57.297+0000] {dag.py:3947} INFO - Setting next_dagrun for etl_strava_activities to 2025-11-18 03:00:00+00:00, run_after=2025-11-19 03:00:00+00:00
[2025-11-19T01:41:57.304+0000] {processor.py:183} INFO - Processing /opt/airflow/dags/pipeline_strava_activities.py took 0.048 seconds
[2025-11-19T01:42:27.595+0000] {processor.py:161} INFO - Started process (PID=2727) to work on /opt/airflow/dags/pipeline_strava_activities.py
[2025-11-19T01:42:27.596+0000] {processor.py:830} INFO - Processing file /opt/airflow/dags/pipeline_strava_activities.py for tasks to queue
[2025-11-19T01:42:27.597+0000] {logging_mixin.py:188} INFO - [2025-11-19T01:42:27.597+0000] {dagbag.py:545} INFO - Filling up the DagBag from /opt/airflow/dags/pipeline_strava_activities.py
[2025-11-19T01:42:27.607+0000] {processor.py:840} INFO - DAG(s) 'etl_strava_activities' retrieved from /opt/airflow/dags/pipeline_strava_activities.py
[2025-11-19T01:42:27.625+0000] {logging_mixin.py:188} INFO - [2025-11-19T01:42:27.625+0000] {dag.py:3089} INFO - Sync 1 DAGs
[2025-11-19T01:42:27.641+0000] {logging_mixin.py:188} INFO - [2025-11-19T01:42:27.641+0000] {dag.py:3947} INFO - Setting next_dagrun for etl_strava_activities to 2025-11-18 03:00:00+00:00, run_after=2025-11-19 03:00:00+00:00
[2025-11-19T01:42:27.654+0000] {processor.py:183} INFO - Processing /opt/airflow/dags/pipeline_strava_activities.py took 0.063 seconds
[2025-11-19T01:42:57.850+0000] {processor.py:161} INFO - Started process (PID=2742) to work on /opt/airflow/dags/pipeline_strava_activities.py
[2025-11-19T01:42:57.851+0000] {processor.py:830} INFO - Processing file /opt/airflow/dags/pipeline_strava_activities.py for tasks to queue
[2025-11-19T01:42:57.852+0000] {logging_mixin.py:188} INFO - [2025-11-19T01:42:57.852+0000] {dagbag.py:545} INFO - Filling up the DagBag from /opt/airflow/dags/pipeline_strava_activities.py
[2025-11-19T01:42:57.856+0000] {processor.py:840} INFO - DAG(s) 'etl_strava_activities' retrieved from /opt/airflow/dags/pipeline_strava_activities.py
[2025-11-19T01:42:57.868+0000] {logging_mixin.py:188} INFO - [2025-11-19T01:42:57.868+0000] {dag.py:3089} INFO - Sync 1 DAGs
[2025-11-19T01:42:57.877+0000] {logging_mixin.py:188} INFO - [2025-11-19T01:42:57.877+0000] {dag.py:3947} INFO - Setting next_dagrun for etl_strava_activities to 2025-11-18 03:00:00+00:00, run_after=2025-11-19 03:00:00+00:00
[2025-11-19T01:42:57.884+0000] {processor.py:183} INFO - Processing /opt/airflow/dags/pipeline_strava_activities.py took 0.036 seconds
[2025-11-19T01:43:28.083+0000] {processor.py:161} INFO - Started process (PID=2757) to work on /opt/airflow/dags/pipeline_strava_activities.py
[2025-11-19T01:43:28.083+0000] {processor.py:830} INFO - Processing file /opt/airflow/dags/pipeline_strava_activities.py for tasks to queue
[2025-11-19T01:43:28.085+0000] {logging_mixin.py:188} INFO - [2025-11-19T01:43:28.085+0000] {dagbag.py:545} INFO - Filling up the DagBag from /opt/airflow/dags/pipeline_strava_activities.py
[2025-11-19T01:43:28.090+0000] {processor.py:840} INFO - DAG(s) 'etl_strava_activities' retrieved from /opt/airflow/dags/pipeline_strava_activities.py
[2025-11-19T01:43:28.103+0000] {logging_mixin.py:188} INFO - [2025-11-19T01:43:28.103+0000] {dag.py:3089} INFO - Sync 1 DAGs
[2025-11-19T01:43:28.112+0000] {logging_mixin.py:188} INFO - [2025-11-19T01:43:28.112+0000] {dag.py:3947} INFO - Setting next_dagrun for etl_strava_activities to 2025-11-18 03:00:00+00:00, run_after=2025-11-19 03:00:00+00:00
[2025-11-19T01:43:28.120+0000] {processor.py:183} INFO - Processing /opt/airflow/dags/pipeline_strava_activities.py took 0.042 seconds
[2025-11-19T01:43:58.338+0000] {processor.py:161} INFO - Started process (PID=2772) to work on /opt/airflow/dags/pipeline_strava_activities.py
[2025-11-19T01:43:58.339+0000] {processor.py:830} INFO - Processing file /opt/airflow/dags/pipeline_strava_activities.py for tasks to queue
[2025-11-19T01:43:58.341+0000] {logging_mixin.py:188} INFO - [2025-11-19T01:43:58.340+0000] {dagbag.py:545} INFO - Filling up the DagBag from /opt/airflow/dags/pipeline_strava_activities.py
[2025-11-19T01:43:58.348+0000] {processor.py:840} INFO - DAG(s) 'etl_strava_activities' retrieved from /opt/airflow/dags/pipeline_strava_activities.py
[2025-11-19T01:43:58.365+0000] {logging_mixin.py:188} INFO - [2025-11-19T01:43:58.365+0000] {dag.py:3089} INFO - Sync 1 DAGs
[2025-11-19T01:43:58.376+0000] {logging_mixin.py:188} INFO - [2025-11-19T01:43:58.376+0000] {dag.py:3947} INFO - Setting next_dagrun for etl_strava_activities to 2025-11-18 03:00:00+00:00, run_after=2025-11-19 03:00:00+00:00
[2025-11-19T01:43:58.384+0000] {processor.py:183} INFO - Processing /opt/airflow/dags/pipeline_strava_activities.py took 0.051 seconds
[2025-11-19T01:44:28.608+0000] {processor.py:161} INFO - Started process (PID=2787) to work on /opt/airflow/dags/pipeline_strava_activities.py
[2025-11-19T01:44:28.608+0000] {processor.py:830} INFO - Processing file /opt/airflow/dags/pipeline_strava_activities.py for tasks to queue
[2025-11-19T01:44:28.609+0000] {logging_mixin.py:188} INFO - [2025-11-19T01:44:28.609+0000] {dagbag.py:545} INFO - Filling up the DagBag from /opt/airflow/dags/pipeline_strava_activities.py
[2025-11-19T01:44:28.614+0000] {processor.py:840} INFO - DAG(s) 'etl_strava_activities' retrieved from /opt/airflow/dags/pipeline_strava_activities.py
[2025-11-19T01:44:28.627+0000] {logging_mixin.py:188} INFO - [2025-11-19T01:44:28.627+0000] {dag.py:3089} INFO - Sync 1 DAGs
[2025-11-19T01:44:28.637+0000] {logging_mixin.py:188} INFO - [2025-11-19T01:44:28.636+0000] {dag.py:3947} INFO - Setting next_dagrun for etl_strava_activities to 2025-11-18 03:00:00+00:00, run_after=2025-11-19 03:00:00+00:00
[2025-11-19T01:44:28.643+0000] {processor.py:183} INFO - Processing /opt/airflow/dags/pipeline_strava_activities.py took 0.040 seconds
[2025-11-19T01:44:58.833+0000] {processor.py:161} INFO - Started process (PID=2802) to work on /opt/airflow/dags/pipeline_strava_activities.py
[2025-11-19T01:44:58.834+0000] {processor.py:830} INFO - Processing file /opt/airflow/dags/pipeline_strava_activities.py for tasks to queue
[2025-11-19T01:44:58.835+0000] {logging_mixin.py:188} INFO - [2025-11-19T01:44:58.835+0000] {dagbag.py:545} INFO - Filling up the DagBag from /opt/airflow/dags/pipeline_strava_activities.py
[2025-11-19T01:44:58.846+0000] {processor.py:840} INFO - DAG(s) 'etl_strava_activities' retrieved from /opt/airflow/dags/pipeline_strava_activities.py
[2025-11-19T01:44:58.870+0000] {logging_mixin.py:188} INFO - [2025-11-19T01:44:58.870+0000] {dag.py:3089} INFO - Sync 1 DAGs
[2025-11-19T01:44:58.885+0000] {logging_mixin.py:188} INFO - [2025-11-19T01:44:58.885+0000] {dag.py:3947} INFO - Setting next_dagrun for etl_strava_activities to 2025-11-18 03:00:00+00:00, run_after=2025-11-19 03:00:00+00:00
[2025-11-19T01:44:58.893+0000] {processor.py:183} INFO - Processing /opt/airflow/dags/pipeline_strava_activities.py took 0.066 seconds
[2025-11-19T01:45:29.099+0000] {processor.py:161} INFO - Started process (PID=2817) to work on /opt/airflow/dags/pipeline_strava_activities.py
[2025-11-19T01:45:29.100+0000] {processor.py:830} INFO - Processing file /opt/airflow/dags/pipeline_strava_activities.py for tasks to queue
[2025-11-19T01:45:29.102+0000] {logging_mixin.py:188} INFO - [2025-11-19T01:45:29.101+0000] {dagbag.py:545} INFO - Filling up the DagBag from /opt/airflow/dags/pipeline_strava_activities.py
[2025-11-19T01:45:29.110+0000] {processor.py:840} INFO - DAG(s) 'etl_strava_activities' retrieved from /opt/airflow/dags/pipeline_strava_activities.py
[2025-11-19T01:45:29.128+0000] {logging_mixin.py:188} INFO - [2025-11-19T01:45:29.128+0000] {dag.py:3089} INFO - Sync 1 DAGs
[2025-11-19T01:45:29.140+0000] {logging_mixin.py:188} INFO - [2025-11-19T01:45:29.140+0000] {dag.py:3947} INFO - Setting next_dagrun for etl_strava_activities to 2025-11-18 03:00:00+00:00, run_after=2025-11-19 03:00:00+00:00
[2025-11-19T01:45:29.147+0000] {processor.py:183} INFO - Processing /opt/airflow/dags/pipeline_strava_activities.py took 0.052 seconds
[2025-11-19T01:45:59.529+0000] {processor.py:161} INFO - Started process (PID=2832) to work on /opt/airflow/dags/pipeline_strava_activities.py
[2025-11-19T01:45:59.530+0000] {processor.py:830} INFO - Processing file /opt/airflow/dags/pipeline_strava_activities.py for tasks to queue
[2025-11-19T01:45:59.533+0000] {logging_mixin.py:188} INFO - [2025-11-19T01:45:59.532+0000] {dagbag.py:545} INFO - Filling up the DagBag from /opt/airflow/dags/pipeline_strava_activities.py
[2025-11-19T01:45:59.547+0000] {processor.py:840} INFO - DAG(s) 'etl_strava_activities' retrieved from /opt/airflow/dags/pipeline_strava_activities.py
[2025-11-19T01:45:59.585+0000] {logging_mixin.py:188} INFO - [2025-11-19T01:45:59.585+0000] {dag.py:3089} INFO - Sync 1 DAGs
[2025-11-19T01:45:59.617+0000] {logging_mixin.py:188} INFO - [2025-11-19T01:45:59.617+0000] {dag.py:3947} INFO - Setting next_dagrun for etl_strava_activities to 2025-11-18 03:00:00+00:00, run_after=2025-11-19 03:00:00+00:00
[2025-11-19T01:45:59.634+0000] {processor.py:183} INFO - Processing /opt/airflow/dags/pipeline_strava_activities.py took 0.112 seconds
[2025-11-19T01:46:32.754+0000] {processor.py:161} INFO - Started process (PID=165) to work on /opt/airflow/dags/pipeline_strava_activities.py
[2025-11-19T01:46:32.755+0000] {processor.py:830} INFO - Processing file /opt/airflow/dags/pipeline_strava_activities.py for tasks to queue
[2025-11-19T01:46:32.758+0000] {logging_mixin.py:188} INFO - [2025-11-19T01:46:32.758+0000] {dagbag.py:545} INFO - Filling up the DagBag from /opt/airflow/dags/pipeline_strava_activities.py
[2025-11-19T01:46:32.782+0000] {processor.py:840} INFO - DAG(s) 'etl_strava_activities' retrieved from /opt/airflow/dags/pipeline_strava_activities.py
[2025-11-19T01:46:32.816+0000] {logging_mixin.py:188} INFO - [2025-11-19T01:46:32.816+0000] {dag.py:3089} INFO - Sync 1 DAGs
[2025-11-19T01:46:32.834+0000] {logging_mixin.py:188} INFO - [2025-11-19T01:46:32.834+0000] {dag.py:3947} INFO - Setting next_dagrun for etl_strava_activities to 2025-11-18 03:00:00+00:00, run_after=2025-11-19 03:00:00+00:00
[2025-11-19T01:46:32.848+0000] {processor.py:183} INFO - Processing /opt/airflow/dags/pipeline_strava_activities.py took 0.110 seconds
[2025-11-19T01:47:03.114+0000] {processor.py:161} INFO - Started process (PID=181) to work on /opt/airflow/dags/pipeline_strava_activities.py
[2025-11-19T01:47:03.115+0000] {processor.py:830} INFO - Processing file /opt/airflow/dags/pipeline_strava_activities.py for tasks to queue
[2025-11-19T01:47:03.117+0000] {logging_mixin.py:188} INFO - [2025-11-19T01:47:03.116+0000] {dagbag.py:545} INFO - Filling up the DagBag from /opt/airflow/dags/pipeline_strava_activities.py
[2025-11-19T01:47:03.127+0000] {processor.py:840} INFO - DAG(s) 'etl_strava_activities' retrieved from /opt/airflow/dags/pipeline_strava_activities.py
[2025-11-19T01:47:03.240+0000] {logging_mixin.py:188} INFO - [2025-11-19T01:47:03.240+0000] {dag.py:3089} INFO - Sync 1 DAGs
[2025-11-19T01:47:03.250+0000] {logging_mixin.py:188} INFO - [2025-11-19T01:47:03.250+0000] {dag.py:3947} INFO - Setting next_dagrun for etl_strava_activities to 2025-11-18 03:00:00+00:00, run_after=2025-11-19 03:00:00+00:00
[2025-11-19T01:47:03.257+0000] {processor.py:183} INFO - Processing /opt/airflow/dags/pipeline_strava_activities.py took 0.149 seconds
